model_name,Input_Name,status,rag_top1,rag_candidates,error_message,gt_standard_name,is_correct
qwen3.5:9b,180mm 샌더,error,클램프미터,"클램프미터, 고속절단기, 전동공구세트, 별렌치세트, 스패너세트",Expecting value: line 1 column 1 (char 0),샌더,False
qwen3.5:9b,LED 손전등,error,LED손전등,"LED손전등, LED투광기, LED작업등, 레이저수평기, 라돈측정기",Expecting value: line 1 column 1 (char 0),LED손전등,False
qwen3.5:9b,경랑몽키(8인치),error,옵셋렌치,"옵셋렌치, 앵글그라인더, 다이아고날플라이어, 플라이어렌치, 굽은노즈플라이어",Expecting value: line 1 column 1 (char 0),몽키렌치,False
qwen3.5:9b,고압세척기,error,고압세척기,"고압세척기, 타일컷터, 편구스패너, 와이어스트리퍼, 전선릴",Expecting value: line 1 column 1 (char 0),고압세척기,False
qwen3.5:9b,바이스플라이어,error,스냅링플라이어,"스냅링플라이어, 앵글그라인더, 다이아고날플라이어, 플라이어렌치, 옵셋렌치",Expecting value: line 1 column 1 (char 0),바이스그립플라이어,False
qwen3.5:9b,보쉬 pushdrive,error,SDS드릴비트,"SDS드릴비트, 고속절단기, 정밀드라이버세트, 철공용드릴비트, 목공용드릴비트",Expecting value: line 1 column 1 (char 0),전동드라이버,False
qwen3.5:9b,보쉬 수공구세트,error,목공줄,"목공줄, 공구세트, 기어렌치세트, 전동공구세트, 스패너세트",Expecting value: line 1 column 1 (char 0),공구세트,False
qwen3.5:9b,임팩트 진동드릴,error,임팩트드릴,"임팩트드릴, 만능렌치, 그립망치, 빠루망치, 납볼망치",Expecting value: line 1 column 1 (char 0),,
qwen3.5:9b,저소음 컴프레서,error,옵셋렌치,"옵셋렌치, 스냅링플라이어, 플라이어렌치, 굽은노즈플라이어, 충전해머드릴",Expecting value: line 1 column 1 (char 0),,
qwen3.5:9b,"전동드릴(무선, 보쉬)",error,전동드릴,"전동드릴, 전선릴, 편구스패너, 쇠지렛대, 충전해머드릴",Expecting value: line 1 column 1 (char 0),충전드릴,False
qwen3.5:9b,충전 드라이버/렌치,error,충전임팩트드라이버,"충전임팩트드라이버, 충전드릴, 배터리팩, 충전해머드릴, 드라이버세트",Expecting value: line 1 column 1 (char 0),,
qwen3.5:9b,충전 드라이버드릴,error,충전드릴,"충전드릴, 충전해머드릴, 충전임팩트드라이버, 드라이버세트, 전동드릴",Expecting value: line 1 column 1 (char 0),,
qwen3.5:9b,충전 멀티커터,error,충전임팩트드라이버,"충전임팩트드라이버, 배터리팩, 충전드릴, 전기인두, 멀티테스터",Expecting value: line 1 column 1 (char 0),,
qwen3.5:9b,(1)접톱,error,원형톱,"원형톱, 목공줄, 스패너세트, 쇠톱, T렌치세트",Expecting value: line 1 column 1 (char 0),접톱,False
qwen3.5:9b,(11)육각렌치,error,와이어스트리퍼,"와이어스트리퍼, 편구스패너, 볼렌치세트, 라쳇렌치세트, 전동타카",Expecting value: line 1 column 1 (char 0),,
qwen3.5:9b,(12)검전기,error,전기인두,"전기인두, 배터리팩, 충전임팩트드라이버, 충전드릴, 철공용드릴비트",Expecting value: line 1 column 1 (char 0),,
qwen3.5:9b,(13)망치,error,T렌치세트,"T렌치세트, 소켓렌치세트, 기어렌치세트, 스패너세트, 볼렌치세트",Expecting value: line 1 column 1 (char 0),망치,False
qwen3.5:9b,(14)커터칼,error,냉동라쳇렌치,"냉동라쳇렌치, 바이스그립플라이어, 버니어캘리퍼스, 앤드컷팅니퍼, 다이아고날플라이어",Expecting value: line 1 column 1 (char 0),,
qwen3.5:9b,(15)펜치,error,T렌치세트,"T렌치세트, 기어렌치세트, 스패너세트, 소켓렌치세트, 납볼망치",Expecting value: line 1 column 1 (char 0),펜치,False
qwen3.5:9b,(16)롱노우즈 플라이어(라디오펜치),error,소켓렌치세트,"소켓렌치세트, 전동공구세트, 볼렌치세트, 편구스패너, 와이어스트리퍼",Expecting value: line 1 column 1 (char 0),롱노즈플라이어,False
qwen3.5:9b,(17)스패너,error,와이어스트리퍼,"와이어스트리퍼, 편구스패너, 타일컷터, 양용드라이버, 전선릴",Expecting value: line 1 column 1 (char 0),,
qwen3.5:9b,(18)손전등,error,전동공구세트,"전동공구세트, 기어렌치세트, 공구세트, T렌치세트, 소켓렌치세트",Expecting value: line 1 column 1 (char 0),LED손전등,False
qwen3.5:9b,(19)소켓렌치 세트,error,기어렌치세트,"기어렌치세트, 육각렌치세트, 조합렌치세트, T렌치세트, 공구함세트",Expecting value: line 1 column 1 (char 0),,
qwen3.5:9b,(20)유선 전동드릴,error,전동공구세트,"전동공구세트, 드릴비트세트, 만능렌치, 스패너세트, 소켓렌치세트",Expecting value: line 1 column 1 (char 0),전동드릴,False
qwen3.5:9b,"(20, 55)드릴비트세트",error,공구함세트,"공구함세트, 드릴비트세트, 철공용드릴비트세트, 공구세트, 전동공구세트",Expecting value: line 1 column 1 (char 0),,
qwen3.5:9b,(22)수평계,error,조합렌치세트,"조합렌치세트, 직소기, T렌치세트, 기어렌치세트, 수평기",Expecting value: line 1 column 1 (char 0),,
qwen3.5:9b,(23)그라인더,error,라쳇렌치세트,"라쳇렌치세트, 볼렌치세트, 편구스패너, 소켓렌치세트, 와이어스트리퍼",Expecting value: line 1 column 1 (char 0),,
qwen3.5:9b,"(24, 25)스패너(200mm)",error,클램프미터,"클램프미터, 드릴비트세트, 전동공구세트, 공구세트, 고속절단기",Expecting value: line 1 column 1 (char 0),,
qwen3.5:9b,"(26, 27)스패너(300mm)",error,클램프미터,"클램프미터, 고속절단기, 전동공구세트, 스패너세트, 공구세트",Expecting value: line 1 column 1 (char 0),,
qwen3.5:9b,(28)납볼망치,error,납볼망치,"납볼망치, 소켓렌치세트, 만능렌치, 전지가위, 스패너세트",Expecting value: line 1 column 1 (char 0),납볼망치,False
qwen3.5:9b,(29)전지가위(소형),error,육각렌치세트,"육각렌치세트, 전동공구세트, 기어렌치세트, T렌치세트, 소켓렌치세트",Expecting value: line 1 column 1 (char 0),,
qwen3.5:9b,(3)만능렌치,error,만능렌치,"만능렌치, 조합렌치세트, T렌치세트, 스패너세트, 전동압착기",Expecting value: line 1 column 1 (char 0),,
qwen3.5:9b,(30)펀칭기,error,납볼망치,"납볼망치, 소켓렌치세트, 스패너세트, 만능렌치, 볼렌치세트",Expecting value: line 1 column 1 (char 0),,
qwen3.5:9b,(31)손타카 소형,error,소켓렌치세트,"소켓렌치세트, 스패너세트, 볼렌치세트, 기어렌치세트, T렌치세트",Expecting value: line 1 column 1 (char 0),,
qwen3.5:9b,(32)장도리,error,와이어스트리퍼,"와이어스트리퍼, 편구스패너, 전선릴, 타일컷터, 볼렌치세트",Expecting value: line 1 column 1 (char 0),장도리,False
qwen3.5:9b,(33)실리콘건,error,전동공구세트,"전동공구세트, 소켓렌치세트, 공구세트, 납볼망치, T렌치세트",Expecting value: line 1 column 1 (char 0),,
qwen3.5:9b,(34)글루건(소형),error,T렌치세트,"T렌치세트, 기어렌치세트, 소켓렌치세트, 비트세트, 공구함세트",Expecting value: line 1 column 1 (char 0),글루건,False
qwen3.5:9b,(35)정밀드라이버세트,error,정밀드라이버세트,"정밀드라이버세트, 전동공구세트, 공구함세트, 공구세트, 기어렌치세트",Expecting value: line 1 column 1 (char 0),,
qwen3.5:9b,(36) 유선햄머전동드릴(콘크리트용),error,철공용드릴비트,"철공용드릴비트, 목공용드릴비트, 콘크리트용드릴비트, 철공용드릴비트세트, 콘크리트드릴비트세트",Expecting value: line 1 column 1 (char 0),해머드릴,False
qwen3.5:9b,(37)드릴날 세트(콘크리트용),error,콘크리트드릴비트세트,"콘크리트드릴비트세트, 드릴비트세트, 전동공구세트, 공구세트, 철공용드릴비트",Expecting value: line 1 column 1 (char 0),콘크리트드릴비트세트,False
qwen3.5:9b,(39)마그네틱 줄자,error,소켓렌치세트,"소켓렌치세트, 볼렌치세트, 스패너세트, 타일컷터, 편구스패너",Expecting value: line 1 column 1 (char 0),줄자,False
qwen3.5:9b,(4)락킹 플라이어(바이스그립),error,볼렌치세트,"볼렌치세트, 소켓렌치세트, 편구스패너, 라쳇렌치세트, 와이어스트리퍼",Expecting value: line 1 column 1 (char 0),바이스그립플라이어,False
qwen3.5:9b,(40)철기리 세트,error,철공용드릴비트세트,"철공용드릴비트세트, 철공용드릴비트, 공구함세트, 공구세트, 철판가위",Expecting value: line 1 column 1 (char 0),철공용드릴비트세트,False
qwen3.5:9b,(41)조합렌치 세트,error,조합렌치세트,"조합렌치세트, 공구함세트, 기어렌치세트, T렌치세트, 육각렌치세트",Expecting value: line 1 column 1 (char 0),,
qwen3.5:9b,(42)양용드라이버,error,드라이버세트,"드라이버세트, 전동공구세트, 전동압착기, 전지가위, 만능렌치",Expecting value: line 1 column 1 (char 0),양용드라이버,False
qwen3.5:9b,(43)검전기,error,배터리팩,"배터리팩, 전기인두, 충전임팩트드라이버, 충전드릴, 고속절단기",Expecting value: line 1 column 1 (char 0),,
qwen3.5:9b,(44)육각렌치세트,error,육각렌치세트,"육각렌치세트, 기어렌치세트, 공구함세트, T렌치세트, 조합렌치세트",Expecting value: line 1 column 1 (char 0),,
qwen3.5:9b,(45)에어펌프(자전거 공기주입기),error,자전거펌프,"자전거펌프, 에어펌프, 철공용드릴비트, 목공용드릴비트, 고속절단기",Expecting value: line 1 column 1 (char 0),자전거펌프,False
qwen3.5:9b,(46)플라이어,error,볼렌치세트,"볼렌치세트, 편구스패너, 와이어스트리퍼, 전선릴, 다이스세트",Expecting value: line 1 column 1 (char 0),플라이어,False
qwen3.5:9b,(47)쇠톱,error,원형톱,"원형톱, 쇠톱, 목공줄, 스패너세트, 납볼망치",Expecting value: line 1 column 1 (char 0),,
qwen3.5:9b,(48)정밀드라이버세트,error,정밀드라이버세트,"정밀드라이버세트, 전동공구세트, 공구세트, 공구함세트, 기어렌치세트",Expecting value: line 1 column 1 (char 0),,
qwen3.5:9b,(49)유선전동드릴(상자),error,철공용드릴비트,"철공용드릴비트, 충전임팩트드라이버, 철공용드릴비트세트, 목공용드릴비트, 케이블컷터",Expecting value: line 1 column 1 (char 0),,
qwen3.5:9b,(5)니퍼,error,니퍼,"니퍼, 다이스세트, 글루건, 줄자, 장도리",Expecting value: line 1 column 1 (char 0),니퍼,False
qwen3.5:9b,(50)에어콤프레셔,error,옵셋렌치,"옵셋렌치, 충전해머드릴, 굽은노즈플라이어, 다이아고날플라이어, 앤드컷팅니퍼",Expecting value: line 1 column 1 (char 0),,
qwen3.5:9b,(51)에어타카,error,앤드컷팅니퍼,"앤드컷팅니퍼, 와이어스트리퍼, 옵셋렌치, 라쳇렌치세트, 전선릴",Expecting value: line 1 column 1 (char 0),,
qwen3.5:9b,(52)에어타카,error,전동타카,"전동타카, 토크렌치, 볼렌치세트, 편구스패너, 와이어스트리퍼",Expecting value: line 1 column 1 (char 0),,
qwen3.5:9b,(53)에어타카,error,전동타카,"전동타카, 토크렌치, 볼렌치세트, 건타카, 편구스패너",Expecting value: line 1 column 1 (char 0),,
qwen3.5:9b,(54)미니충전전동드릴,error,전동공구세트,"전동공구세트, 고속절단기, 충전드릴, 드릴비트세트, 만능렌치",Expecting value: line 1 column 1 (char 0),충전드릴,False
qwen3.5:9b,(56)바이스플라이어(5인치),error,소켓렌치세트,"소켓렌치세트, 스패너세트, 기어렌치세트, 만능렌치, 전동공구세트",Expecting value: line 1 column 1 (char 0),바이스그립플라이어,False
qwen3.5:9b,(57)레이저거리측정기,error,라돈측정기,"라돈측정기, 고속절단기, 육각렌치세트, SDS드릴비트, 별렌치세트",Expecting value: line 1 column 1 (char 0),레이저거리측정기,False
qwen3.5:9b,(58)해머 드릴비트세트,error,소켓렌치세트,"소켓렌치세트, 전동공구세트, 기어렌치세트, 스패너세트, T렌치세트",Expecting value: line 1 column 1 (char 0),,
qwen3.5:9b,(59)접톱 2,error,육각렌치세트,"육각렌치세트, 기어렌치세트, T렌치세트, 조합렌치세트, 육각렌치",Expecting value: line 1 column 1 (char 0),,
qwen3.5:9b,(6)줄자,error,소켓렌치세트,"소켓렌치세트, 기어렌치세트, 스패너세트, T렌치세트, 조합렌치세트",Expecting value: line 1 column 1 (char 0),,
qwen3.5:9b,(7)쇠톱,error,원형톱,"원형톱, 쇠톱, 목공줄, 스패너세트, 기어렌치세트",Expecting value: line 1 column 1 (char 0),쇠톱,False
qwen3.5:9b,(8)전선릴,error,볼렌치세트,"볼렌치세트, 편구스패너, 소켓렌치세트, 라쳇렌치세트, 와이어스트리퍼",Expecting value: line 1 column 1 (char 0),,
qwen3.5:9b,(9)핸드톱,error,원형톱,"원형톱, 목공줄, 기어렌치세트, T렌치세트, 손타카",Expecting value: line 1 column 1 (char 0),,
qwen3.5:9b,(불가),error,망치,"망치, 고무망치, 에어건, 그립망치, 빠루망치",Expecting value: line 1 column 1 (char 0),,
qwen3.5:9b,(불가)다카핀,error,고무망치,"고무망치, 그립망치, 빠루망치, 줄자, 돌망치",Expecting value: line 1 column 1 (char 0),,
qwen3.5:9b,(불가)소켓렌치세트,error,스패너세트,"스패너세트, 소켓렌치세트, 드릴비트세트, 그립망치, 기어렌치세트",Expecting value: line 1 column 1 (char 0),,
qwen3.5:9b,(불가)스크류 드라이버 비트세트,error,정밀드라이버세트,"정밀드라이버세트, 전동공구세트, 드릴비트세트, 공구세트, SDS드릴비트",Expecting value: line 1 column 1 (char 0),,
qwen3.5:9b,(불가)육각 기리세트,error,절단석,"절단석, 그립망치, 스패너세트, 목공줄, 드릴비트세트",Expecting value: line 1 column 1 (char 0),,
qwen3.5:9b,(불가)일자드라이버,error,그립망치,"그립망치, 임팩트드릴, 고무망치, 전동드릴, 빠루망치",Expecting value: line 1 column 1 (char 0),,
qwen3.5:9b,.몽키스패너200mm,error,클램프미터,"클램프미터, 소켓렌치세트, 전동공구세트, 스패너세트, 드릴비트세트",Expecting value: line 1 column 1 (char 0),몽키렌치,False
qwen3.5:9b,.몽키스패너300mm,error,클램프미터,"클램프미터, 고속절단기, 전동공구세트, 스패너세트, 소켓렌치세트",Expecting value: line 1 column 1 (char 0),몽키렌치,False
qwen3.5:9b,12P 3종 기리세트(육각씽크),error,전동공구세트,"전동공구세트, 정밀드라이버세트, 철공용드릴비트세트, 드릴비트세트, 공구세트",Expecting value: line 1 column 1 (char 0),드릴비트세트,False
qwen3.5:9b,12인치 몽키스패너,error,냉동라쳇렌치,"냉동라쳇렌치, 앤드컷팅니퍼, 다이아고날플라이어, 옵셋렌치, 스냅링플라이어",Expecting value: line 1 column 1 (char 0),몽키렌치,False
qwen3.5:9b,13RE,error,타카,"타카, 장도리, 공구함, 끌세트, 스패너",Expecting value: line 1 column 1 (char 0),해머드릴,False
qwen3.5:9b,18V 밧데리(디월트),error,전동공구세트,"전동공구세트, 정밀드라이버세트, 드릴비트세트, 공구세트, 고속절단기",Expecting value: line 1 column 1 (char 0),배터리팩,False
qwen3.5:9b,1단 사다리,error,사다리,"사다리, A형사다리, 편구스패너, 끌세트, 타일컷터",Expecting value: line 1 column 1 (char 0),,
qwen3.5:9b,250 세신 파이프렌치,error,드릴비트세트,"드릴비트세트, 전동공구세트, 기어렌치세트, 스패너세트, T렌치세트",Expecting value: line 1 column 1 (char 0),파이프렌치,False
qwen3.5:9b,2단 사다리,error,사다리,"사다리, A형사다리, 끌세트, 편구스패너, 다림추",Expecting value: line 1 column 1 (char 0),사다리,False
qwen3.5:9b,2단 스크래퍼,error,스패너세트,"스패너세트, 전동공구세트, 소켓렌치세트, 직각자, 임팩트드릴",Expecting value: line 1 column 1 (char 0),,
qwen3.5:9b,2단 양손가위(K-5100),error,전동공구세트,"전동공구세트, 정밀드라이버세트, 공구세트, 고속절단기, 강력니퍼",Expecting value: line 1 column 1 (char 0),,
qwen3.5:9b,2단사다리,error,A형사다리,"A형사다리, 사다리, 다림추, 수평기, 손타카",Expecting value: line 1 column 1 (char 0),사다리,False
qwen3.5:9b,3.6v 전동드라이버,error,정밀드라이버세트,"정밀드라이버세트, 전동공구세트, 드라이버세트, 고속절단기, 공구세트",Expecting value: line 1 column 1 (char 0),전동드라이버,False
qwen3.5:9b,300mm첼라,error,소켓렌치세트,"소켓렌치세트, 볼렌치세트, 편구스패너, 와이어스트리퍼, 스패너세트",Expecting value: line 1 column 1 (char 0),워터펌프플라이어,False
qwen3.5:9b,30M 작업닐선,error,클램프미터,"클램프미터, 고속절단기, 전동공구세트, 철공용드릴비트, 목공용드릴비트",Expecting value: line 1 column 1 (char 0),전선릴,False
qwen3.5:9b,30m 줄자,error,클램프미터,"클램프미터, 고속절단기, 전동공구세트, 스패너세트, 공구세트",Expecting value: line 1 column 1 (char 0),줄자,False
qwen3.5:9b,30m작업닐선,error,고속절단기,"고속절단기, 만능렌치, 전지가위, 임팩트드릴, 빠루망치",Expecting value: line 1 column 1 (char 0),,
qwen3.5:9b,3M줄자,error,소켓렌치세트,"소켓렌치세트, 전동공구세트, T렌치세트, 스패너세트, 기어렌치세트",Expecting value: line 1 column 1 (char 0),줄자,False
qwen3.5:9b,3공펀치,error,T렌치세트,"T렌치세트, 기어렌치세트, 스패너세트, 소켓렌치세트, 조합렌치세트",Expecting value: line 1 column 1 (char 0),,
qwen3.5:9b,3단 사다리,error,사다리,"사다리, A형사다리, 끌세트, 편구스패너, 다림추",Expecting value: line 1 column 1 (char 0),사다리,False
qwen3.5:9b,3단 사다리(접이식),error,사다리,"사다리, A형사다리, 끌세트, 편구스패너, 다림추",Expecting value: line 1 column 1 (char 0),사다리,False
qwen3.5:9b,3단매트,error,T렌치세트,"T렌치세트, 스패너세트, 기어렌치세트, 공구세트, 다림추",Expecting value: line 1 column 1 (char 0),,
qwen3.5:9b,3단사다리,error,A형사다리,"A형사다리, 사다리, 다림추, 수평기, 끌세트",Expecting value: line 1 column 1 (char 0),사다리,False
qwen3.5:9b,3단핸드카트,error,핸드카트,"핸드카트, 정밀드라이버세트, 드라이버세트, T핸드드라이버, 전동공구세트",Expecting value: line 1 column 1 (char 0),,
qwen3.5:9b,4구 코드릴,error,라쳇렌치세트,"라쳇렌치세트, 편구스패너, 전선릴, 와이어스트리퍼, 볼렌치세트",Expecting value: line 1 column 1 (char 0),전선릴,False
qwen3.5:9b,4단 A형사다리,error,A형사다리,"A형사다리, 사다리, 다림추, 수평기, 철판가위",Expecting value: line 1 column 1 (char 0),,
qwen3.5:9b,4단 사다리,error,사다리,"사다리, A형사다리, 끌세트, 편구스패너, 타일컷터",Expecting value: line 1 column 1 (char 0),사다리,False
qwen3.5:9b,4단 접이식 사다리,error,A형사다리,"A형사다리, 다림추, 끌세트, 수평기, 전동공구세트",Expecting value: line 1 column 1 (char 0),,
qwen3.5:9b,4단사다리,error,A형사다리,"A형사다리, 사다리, 다림추, 수평기, 끌세트",Expecting value: line 1 column 1 (char 0),사다리,False
qwen3.5:9b,4단접이식사다리(다목적용),error,A형사다리,"A형사다리, 다림추, 육각렌치세트, 조합렌치세트, 철판가위",Expecting value: line 1 column 1 (char 0),,
qwen3.5:9b,4방항 냉동라쳇,error,냉동라쳇렌치,"냉동라쳇렌치, 다이아고날플라이어, 옵셋렌치, 플라이어렌치, 앤드컷팅니퍼",Expecting value: line 1 column 1 (char 0),냉동라쳇렌치,False
qwen3.5:9b,4방향 냉동라쳇,error,냉동라쳇렌치,"냉동라쳇렌치, 옵셋렌치, 다이아고날플라이어, 플라이어렌치, 굽은노즈플라이어",Expecting value: line 1 column 1 (char 0),냉동라쳇렌치,False
qwen3.5:9b,4인용파라솔세트,error,소켓렌치세트,"소켓렌치세트, 기어렌치세트, 전동공구세트, T렌치세트, 스패너세트",Expecting value: line 1 column 1 (char 0),,
qwen3.5:9b,4인치 그라인더,error,바이스그립플라이어,"바이스그립플라이어, 냉동라쳇렌치, 다이아고날플라이어, 앵글그라인더, 버니어캘리퍼스",Expecting value: line 1 column 1 (char 0),앵글그라인더,False
qwen3.5:9b,4인치 절단석(A형),error,라쳇렌치세트,"라쳇렌치세트, 굽은노즈플라이어, 플라이어렌치, 옵셋렌치, 편구스패너",Expecting value: line 1 column 1 (char 0),,
qwen3.5:9b,50m 줄자,error,클램프미터,"클램프미터, 고속절단기, 전동공구세트, 수평기, 공구세트",Expecting value: line 1 column 1 (char 0),줄자,False
qwen3.5:9b,50m릴선(작업선),error,고속절단기,"고속절단기, 클램프미터, 전동압착기, 전동공구세트, 정밀드라이버세트",Expecting value: line 1 column 1 (char 0),전선릴,False
qwen3.5:9b,5단 사다리,error,사다리,"사다리, A형사다리, 다림추, 끌세트, 편구스패너",Expecting value: line 1 column 1 (char 0),사다리,False
qwen3.5:9b,6각 렌치,error,기어렌치세트,"기어렌치세트, 스패너세트, T렌치세트, 소켓렌치세트, 납볼망치",Expecting value: line 1 column 1 (char 0),육각렌치,False
qwen3.5:9b,6각 링고리 세트,error,기어렌치세트,"기어렌치세트, 육각렌치세트, T렌치세트, 공구함세트, 조합렌치세트",Expecting value: line 1 column 1 (char 0),,
qwen3.5:9b,6각렌치세트 1개,error,기어렌치세트,"기어렌치세트, 조합렌치세트, T렌치세트, 육각렌치세트, 전동공구세트",Expecting value: line 1 column 1 (char 0),,
qwen3.5:9b,6각렌치세트 9개,error,기어렌치세트,"기어렌치세트, 조합렌치세트, 소켓렌치세트, T렌치세트, 스패너세트",Expecting value: line 1 column 1 (char 0),육각렌치세트,False
qwen3.5:9b,6단 사다리,error,사다리,"사다리, A형사다리, 끌세트, 편구스패너, 다림추",Expecting value: line 1 column 1 (char 0),,
qwen3.5:9b,8인치 펜치,error,기어렌치세트,"기어렌치세트, 스패너세트, 공구세트, 전동공구세트, 소켓렌치세트",Expecting value: line 1 column 1 (char 0),펜치,False
qwen3.5:9b,8피스 플라이어세트,error,기어렌치세트,"기어렌치세트, 소켓렌치세트, 전동공구세트, 스패너세트, T렌치세트",Expecting value: line 1 column 1 (char 0),플라이어세트,False
qwen3.5:9b,?드펌프,error,에어펌프,"에어펌프, 고속절단기, 목공용드릴비트, 드릴비트세트, 철공용드릴비트",Expecting value: line 1 column 1 (char 0),,
qwen3.5:9b,?치,error,고무망치,"고무망치, 렌치, 에어건, 해머드릴, 전동드릴",Expecting value: line 1 column 1 (char 0),,
qwen3.5:9b,A형 4단 사다리,error,A형사다리,"A형사다리, 사다리, 다림추, 수평기, 전동공구세트",Expecting value: line 1 column 1 (char 0),A형사다리,False
qwen3.5:9b,A형 6단 사다리,error,A형사다리,"A형사다리, 사다리, 다림추, 수평기, 전동공구세트",Expecting value: line 1 column 1 (char 0),,
qwen3.5:9b,A형 사다리,error,A형사다리,"A형사다리, 사다리, 다림추, 수평기, 끌세트",Expecting value: line 1 column 1 (char 0),A형사다리,False
qwen3.5:9b,A형사다리(1.45M),error,클램프미터,"클램프미터, 고속절단기, 전동공구세트, A형사다리, 수평기",Expecting value: line 1 column 1 (char 0),A형사다리,False
qwen3.5:9b,BOMANN 전동드릴,error,전동드릴,"전동드릴, 양용드라이버, 와이어스트리퍼, 편구스패너, 타일컷터",Expecting value: line 1 column 1 (char 0),전동드릴,False
qwen3.5:9b,BOSCH GSB18V-21,error,SDS드릴비트,"SDS드릴비트, 전동공구세트, 정밀드라이버세트, 고속절단기, 별렌치세트",Expecting value: line 1 column 1 (char 0),충전해머드릴,False
qwen3.5:9b,BOSCH Professional 전동드라이브,error,바이스그립플라이어,"바이스그립플라이어, 버니어캘리퍼스, 앤드컷팅니퍼, 냉동라쳇렌치, 다이아고날플라이어",Expecting value: line 1 column 1 (char 0),전동드라이버,False
qwen3.5:9b,BOSCH 엑세서리 드릴 세트,error,전동공구세트,"전동공구세트, 공구세트, 드릴비트세트, 공구함세트, 목공용드릴비트",Expecting value: line 1 column 1 (char 0),드릴비트세트,False
qwen3.5:9b,BOSCH 전동드릴,error,전동드릴,"전동드릴, 편구스패너, 타일컷터, 와이어스트리퍼, 양용드라이버",Expecting value: line 1 column 1 (char 0),전동드릴,False
qwen3.5:9b,F 클램프,error,F클램프,"F클램프, 스패너세트, 스패너, 그립망치, 드릴비트",Expecting value: line 1 column 1 (char 0),F클램프,False
qwen3.5:9b,HSS쇠톱날,error,만능렌치,"만능렌치, 빠루망치, 그립망치, 돌망치, 납볼망치",Expecting value: line 1 column 1 (char 0),,
qwen3.5:9b,Kamaki 전지가위(굵은 가지용),error,강력니퍼,"강력니퍼, 건타카, 카운터싱크, 원형톱, 전동타카",Expecting value: line 1 column 1 (char 0),전지가위,False
qwen3.5:9b,Kamaki 전지가위(잔 가지용),error,건타카,"건타카, 에어타카, 전동타카, 카운터싱크, 전지가위",Expecting value: line 1 column 1 (char 0),전지가위,False
qwen3.5:9b,LCD전자 현미경,error,라돈측정기,"라돈측정기, LED작업등, LED손전등, 클램프미터, 육각렌치세트",Expecting value: line 1 column 1 (char 0),,
qwen3.5:9b,LED 랜턴,error,LED작업등,"LED작업등, LED손전등, LED투광기, 라돈측정기, 직각자",Expecting value: line 1 column 1 (char 0),LED손전등,False
qwen3.5:9b,LED 작업등,error,LED작업등,"LED작업등, LED손전등, LED투광기, 전기인두, 라돈측정기",Expecting value: line 1 column 1 (char 0),LED작업등,False
qwen3.5:9b,LED 투광기,error,LED투광기,"LED투광기, LED손전등, LED작업등, 레이저수평기, 적외선온도계",Expecting value: line 1 column 1 (char 0),LED투광기,False
qwen3.5:9b,LED 포토박스,error,LED투광기,"LED투광기, LED손전등, LED작업등, 라돈측정기, 레이저수평기",Expecting value: line 1 column 1 (char 0),,
qwen3.5:9b,LED등,error,LED손전등,"LED손전등, LED작업등, LED투광기, 라돈측정기, 전기인두",Expecting value: line 1 column 1 (char 0),,
qwen3.5:9b,LED랜턴,error,손타카,"손타카, 직각자, 글루건, 니퍼, 전지가위",Expecting value: line 1 column 1 (char 0),LED손전등,False
qwen3.5:9b,LED램프,error,LED투광기,"LED투광기, LED손전등, LED작업등, 레이저수평기, 라돈측정기",Expecting value: line 1 column 1 (char 0),,
qwen3.5:9b,LED작업등,error,LED작업등,"LED작업등, LED손전등, LED투광기, 라돈측정기, 육각렌치세트",Expecting value: line 1 column 1 (char 0),LED작업등,False
qwen3.5:9b,LED작업등(충전용),error,LED작업등,"LED작업등, LED손전등, LED투광기, 목공용드릴비트, 철공용드릴비트",Expecting value: line 1 column 1 (char 0),LED작업등,False
qwen3.5:9b,LED충전작업등,error,LED작업등,"LED작업등, LED손전등, 목공용드릴비트, 전동공구세트, 육각렌치세트",Expecting value: line 1 column 1 (char 0),LED작업등,False
qwen3.5:9b,LED후레쉬,error,LED작업등,"LED작업등, LED손전등, 직각자, 육각렌치, 만능렌치",Expecting value: line 1 column 1 (char 0),LED손전등,False
qwen3.5:9b,LS 사다리 3단,error,사다리,"사다리, 편구스패너, 라쳇렌치세트, 끌세트, 전동드라이버",Expecting value: line 1 column 1 (char 0),사다리,False
qwen3.5:9b,LS사다리,error,끌세트,"끌세트, 육각렌치, 편구스패너, 소켓렌치세트, 장도리",Expecting value: line 1 column 1 (char 0),사다리,False
qwen3.5:9b,LS사다리(1),error,소켓렌치세트,"소켓렌치세트, 끌세트, 볼렌치세트, 편구스패너, 스패너세트",Expecting value: line 1 column 1 (char 0),,
qwen3.5:9b,LS사다리(3단),error,끌세트,"끌세트, 소켓렌치세트, 스패너세트, 전동공구세트, 기어렌치세트",Expecting value: line 1 column 1 (char 0),사다리,False
qwen3.5:9b,L렌지세트,error,볼렌치세트,"볼렌치세트, 소켓렌치세트, 스패너세트, T렌치세트, 다이스세트",Expecting value: line 1 column 1 (char 0),육각렌치세트,False
qwen3.5:9b,L렌지셋트,error,와이어스트리퍼,"와이어스트리퍼, 편구스패너, 전선릴, 볼렌치세트, 타일컷터",Expecting value: line 1 column 1 (char 0),육각렌치세트,False
qwen3.5:9b,L렌치 세트,error,T렌치세트,"T렌치세트, 기어렌치세트, 공구함세트, 전동공구세트, 육각렌치세트",Expecting value: line 1 column 1 (char 0),육각렌치세트,False
qwen3.5:9b,L렌치세트,error,T렌치세트,"T렌치세트, 소켓렌치세트, 기어렌치세트, 스패너세트, 볼렌치세트",Expecting value: line 1 column 1 (char 0),육각렌치세트,False
qwen3.5:9b,L렌치세트(9pcs),error,조합렌치세트,"조합렌치세트, 클램프미터, 전동공구세트, 육각렌치세트, T렌치세트",Expecting value: line 1 column 1 (char 0),육각렌치세트,False
qwen3.5:9b,L형 랜치세트,error,T렌치세트,"T렌치세트, 기어렌치세트, 공구함세트, 육각렌치세트, 글루스틱",Expecting value: line 1 column 1 (char 0),,
qwen3.5:9b,L형 렌치세트,error,육각렌치세트,"육각렌치세트, 기어렌치세트, T렌치세트, 공구함세트, 전동공구세트",Expecting value: line 1 column 1 (char 0),육각렌치세트,False
qwen3.5:9b,L형 렌치세트,error,육각렌치세트,"육각렌치세트, 기어렌치세트, T렌치세트, 공구함세트, 전동공구세트",Expecting value: line 1 column 1 (char 0),육각렌치세트,False
qwen3.5:9b,L형 렌치세트(9pcs),error,육각렌치세트,"육각렌치세트, 전동공구세트, 조합렌치세트, 클램프미터, 정밀드라이버세트",Expecting value: line 1 column 1 (char 0),,
qwen3.5:9b,L형 렌치센트,error,편구스패너,"편구스패너, 볼렌치세트, 소켓렌치세트, 토크렌치, 와이어스트리퍼",Expecting value: line 1 column 1 (char 0),육각렌치세트,False
qwen3.5:9b,N플러스 보행보조차,error,충전해머드릴,"충전해머드릴, 와이어스트리퍼, 앤드컷팅니퍼, 전동드릴, 전선릴",Expecting value: line 1 column 1 (char 0),,
qwen3.5:9b,OS-265,error,SDS드릴비트,"SDS드릴비트, 실리콘건, 충전임팩트드라이버, 정밀드라이버세트, 배터리팩",Expecting value: line 1 column 1 (char 0),,
qwen3.5:9b,PIPE렌치,error,파이프렌치,"파이프렌치, 카운터싱크, 볼트컷터, 펜치, 장도리",Expecting value: line 1 column 1 (char 0),파이프렌치,False
qwen3.5:9b,PVC 카타,error,PVC컷터,"PVC컷터, 전동공구세트, 전동압착기, 공구함세트, SDS드릴비트",Expecting value: line 1 column 1 (char 0),,
qwen3.5:9b,PVC카타,error,PVC컷터,"PVC컷터, 건타카, 타카핀, 에어타카, 전동타카",Expecting value: line 1 column 1 (char 0),PVC컷터,False
qwen3.5:9b,PVC카터,error,PVC컷터,"PVC컷터, 목공용드릴비트, 충전임팩트드라이버, 철공용드릴비트, 고속절단기",Expecting value: line 1 column 1 (char 0),,
qwen3.5:9b,PVC커타,error,PVC컷터,"PVC컷터, SDS드릴비트, 전동공구세트, 공구함세트, 전동압착기",Expecting value: line 1 column 1 (char 0),PVC컷터,False
qwen3.5:9b,PVC타카,error,PVC컷터,"PVC컷터, 목공용드릴비트, SDS드릴비트, 공구함세트, 고속절단기",Expecting value: line 1 column 1 (char 0),,
qwen3.5:9b,SB 수평,error,수평기,"수평기, 센터펀치, SDS드릴비트, 직소기, 전동압착기",Expecting value: line 1 column 1 (char 0),수평기,False
qwen3.5:9b,SDS 기리,error,SDS드릴비트,"SDS드릴비트, 전지가위, 보안경, 전동압착기, 납볼망치",Expecting value: line 1 column 1 (char 0),SDS드릴비트,False
qwen3.5:9b,SDS 앙카드릴,error,SDS드릴비트,"SDS드릴비트, 임팩트드릴, 그립망치, 전지가위, 납볼망치",Expecting value: line 1 column 1 (char 0),,
qwen3.5:9b,SDS기리 (14×160),error,SDS드릴비트,"SDS드릴비트, 육각렌치세트, 전동공구세트, 기어렌치세트, 비트세트",Expecting value: line 1 column 1 (char 0),SDS드릴비트,False
qwen3.5:9b,SDS기리 (17×210),error,SDS드릴비트,"SDS드릴비트, 전동공구세트, 별렌치세트, 육각렌치세트, 기어렌치세트",Expecting value: line 1 column 1 (char 0),,
qwen3.5:9b,SDS척,error,SDS드릴비트,"SDS드릴비트, 전지가위, 전동압착기, 다이스세트, 수평기",Expecting value: line 1 column 1 (char 0),,
qwen3.5:9b,T렌치 세트,error,T렌치세트,"T렌치세트, 기어렌치세트, 육각렌치세트, 공구함세트, 스패너세트",Expecting value: line 1 column 1 (char 0),T렌치세트,False
qwen3.5:9b,T자,error,타카,"타카, 손타카, 장도리, 줄자, 스패너",Expecting value: line 1 column 1 (char 0),,
qwen3.5:9b,T핸드 드라이버,error,T핸드드라이버,"T핸드드라이버, 드라이버세트, 드라이버, 핸드카트, 정밀드라이버세트",Expecting value: line 1 column 1 (char 0),T핸드드라이버,False
qwen3.5:9b,T핸드드라이버,error,T핸드드라이버,"T핸드드라이버, 드라이버세트, 드라이버, 핸드카트, 정밀드라이버세트",Expecting value: line 1 column 1 (char 0),T핸드드라이버,False
qwen3.5:9b,T형 드라이버핸들,error,드라이버세트,"드라이버세트, 드라이버, 양용드라이버, 끌세트, 정밀드라이버세트",Expecting value: line 1 column 1 (char 0),,
qwen3.5:9b,USB몰래카메라탐지기,error,SDS드릴비트,"SDS드릴비트, 전자산업용니퍼, 충전임팩트드라이버, 정밀드라이버세트, 배터리팩",Expecting value: line 1 column 1 (char 0),,
qwen3.5:9b,VIP 공구세트 (20PCS),error,정밀드라이버세트,"정밀드라이버세트, 전동공구세트, 고속절단기, SDS드릴비트, 안전로프",Expecting value: line 1 column 1 (char 0),공구세트,False
qwen3.5:9b,X100Ti,error,전자산업용니퍼,"전자산업용니퍼, 비트세트, 정밀드라이버세트, 전동공구세트, 실리콘건",Expecting value: line 1 column 1 (char 0),,
qwen3.5:9b,[고장]그라인더,error,앤드컷팅니퍼,"앤드컷팅니퍼, 쇠지렛대, 와이어스트리퍼, 굽은노즈플라이어, 전동드라이버",Expecting value: line 1 column 1 (char 0),,
qwen3.5:9b,[보쉬]테이블쏘(10인치),error,테이블톱,"테이블톱, 고무망치, 편구스패너, 타일컷터, 쇠지렛대",Expecting value: line 1 column 1 (char 0),테이블톱,False
qwen3.5:9b,bosch,error,볼렌치,"볼렌치, 타카, 펜치, 장도리, 공구함",Expecting value: line 1 column 1 (char 0),,
qwen3.5:9b,bosch2(무선전동드릴),error,정밀드라이버세트,"정밀드라이버세트, 전동공구세트, 드라이버세트, 고속절단기, 철공용드릴비트",Expecting value: line 1 column 1 (char 0),충전드릴,False
qwen3.5:9b,bosch3(무선전동드릴),error,정밀드라이버세트,"정밀드라이버세트, 드라이버세트, 전동공구세트, 고속절단기, 철공용드릴비트",Expecting value: line 1 column 1 (char 0),충전드릴,False
qwen3.5:9b,led 작업등,error,전지가위,"전지가위, 전동압착기, 석고대패, 전동공구세트, 공구세트",Expecting value: line 1 column 1 (char 0),LED작업등,False
qwen3.5:9b,led손전등,error,공구세트,"공구세트, 송풍기, 드릴비트세트, 손타카, 직각자",Expecting value: line 1 column 1 (char 0),LED손전등,False
qwen3.5:9b,pvc파이프커터,error,PVC컷터,"PVC컷터, SDS드릴비트, 목공용드릴비트, 정밀드라이버세트, 전동공구세트",Expecting value: line 1 column 1 (char 0),PVC컷터,False
qwen3.5:9b,ttc 펜치(6인치),error,소켓렌치세트,"소켓렌치세트, 스패너세트, 만능렌치, 전동공구세트, 편구스패너",Expecting value: line 1 column 1 (char 0),펜치,False
qwen3.5:9b,usb 충전식 드라이버,error,충전임팩트드라이버,"충전임팩트드라이버, 배터리팩, 충전드릴, 드라이버세트, 철공용드릴비트",Expecting value: line 1 column 1 (char 0),전동드라이버,False
qwen3.5:9b,utp케이블타카,error,전동타카,"전동타카, 건타카, 육각렌치, 장도리, 빠루망치",Expecting value: line 1 column 1 (char 0),,
qwen3.5:9b,ㄷ자형 타카,error,플라이어,"플라이어, 굽은노즈플라이어, 라쳇렌치세트, 핀펀치, 플라이어렌치",Expecting value: line 1 column 1 (char 0),,
qwen3.5:9b,ㄷ형 타카핀,error,핀펀치,"핀펀치, 플라이어, 굽은노즈플라이어, 옵셋렌치, 플라이어렌치",Expecting value: line 1 column 1 (char 0),타카핀,False
qwen3.5:9b,가스 검지기,error,가스토치,"가스토치, 석고대패, 고속절단기, 공구세트, 철공용드릴비트",Expecting value: line 1 column 1 (char 0),,
qwen3.5:9b,가스 누설 측정기,error,가스토치,"가스토치, 고속절단기, 라돈측정기, 클램프미터, 전동공구세트",Expecting value: line 1 column 1 (char 0),,
qwen3.5:9b,가스검지기,error,가스토치,"가스토치, 고속절단기, 정밀드라이버세트, 석고대패, 라돈측정기",Expecting value: line 1 column 1 (char 0),,
qwen3.5:9b,가스탐지기,error,가스토치,"가스토치, 정밀드라이버세트, 라돈측정기, 고속절단기, 석고대패",Expecting value: line 1 column 1 (char 0),,
qwen3.5:9b,가스토치,error,가스토치,"가스토치, 빠루망치, 에어건, 그립망치, 돌망치",Expecting value: line 1 column 1 (char 0),가스토치,False
qwen3.5:9b,가스토치(휴대용) 1개,error,가스토치,"가스토치, 전동공구세트, 공구세트, 고속절단기, 드릴비트세트",Expecting value: line 1 column 1 (char 0),,
qwen3.5:9b,가열총(열풍기),error,드릴비트,"드릴비트, 볼트컷터, 송풍기, 가스토치, 석고대패",Expecting value: line 1 column 1 (char 0),열풍기,False
qwen3.5:9b,가위,error,스패너,"스패너, 손타카, 절단석, 전지가위, 돌망치",Expecting value: line 1 column 1 (char 0),,
qwen3.5:9b,가위(고지가위),error,그립망치,"그립망치, 납볼망치, 돌망치, 목공줄, 전지가위",Expecting value: line 1 column 1 (char 0),,
qwen3.5:9b,가위(다목적),error,다목적가위,"다목적가위, 전지가위, 납볼망치, 고지가위, 직각자",Expecting value: line 1 column 1 (char 0),,
qwen3.5:9b,가위(양손),error,손타카,"손타카, 목공줄, 절단석, 스패너세트, 납볼망치",Expecting value: line 1 column 1 (char 0),,
qwen3.5:9b,가위(양손_)대(자루),error,전동타카,"전동타카, 만능렌치, 빠루망치, 고무망치, 편구스패너",Expecting value: line 1 column 1 (char 0),,
qwen3.5:9b,가위류,error,그립망치,"그립망치, 돌망치, 장도리, 빠루망치, 만능렌치",Expecting value: line 1 column 1 (char 0),,
qwen3.5:9b,가정?차량용 공구세트,error,정밀드라이버세트,"정밀드라이버세트, 공구세트, 전동공구세트, 공구함세트, 목공용드릴비트",Expecting value: line 1 column 1 (char 0),,
qwen3.5:9b,가정사다리 3단,error,A형사다리,"A형사다리, 사다리, 다림추, 끌세트, 전지가위",Expecting value: line 1 column 1 (char 0),,
qwen3.5:9b,가정용 공구 세트,error,공구함세트,"공구함세트, 육각렌치세트, 공구세트, 전동공구세트, 기어렌치세트",Expecting value: line 1 column 1 (char 0),,
qwen3.5:9b,가정용 공구세트,error,공구함세트,"공구함세트, 공구세트, 전동공구세트, 육각렌치세트, 기어렌치세트",Expecting value: line 1 column 1 (char 0),공구세트,False
qwen3.5:9b,가정용 공구세트,error,공구함세트,"공구함세트, 공구세트, 전동공구세트, 육각렌치세트, 기어렌치세트",Expecting value: line 1 column 1 (char 0),공구세트,False
qwen3.5:9b,가정용 공구세트 #25PCS,error,정밀드라이버세트,"정밀드라이버세트, 전동공구세트, SDS드릴비트, 공구세트, 공구함세트",Expecting value: line 1 column 1 (char 0),,
qwen3.5:9b,"가정용 공구세트 (예약시 전화주세요 02-2241-5084) 2박3일 1,000원",error,냉동라쳇렌치,"냉동라쳇렌치, 버니어캘리퍼스, 앤드컷팅니퍼, 충전해머드릴, 다이아고날플라이어",Expecting value: line 1 column 1 (char 0),,
qwen3.5:9b,가정용 공구세트18pcs,error,고속절단기,"고속절단기, 공구함세트, 목공용드릴비트, 전동공구세트, 정밀드라이버세트",Expecting value: line 1 column 1 (char 0),,
qwen3.5:9b,가정용 공구세트20pcs,error,목공용드릴비트,"목공용드릴비트, 공구함세트, 철공용드릴비트세트, 정밀드라이버세트, 전동공구세트",Expecting value: line 1 column 1 (char 0),,
qwen3.5:9b,가정용 공구셋트 1개,error,소켓렌치세트,"소켓렌치세트, 전동공구세트, 스패너세트, 기어렌치세트, 전지가위",Expecting value: line 1 column 1 (char 0),,
qwen3.5:9b,가정용 기본공구세트,error,공구함세트,"공구함세트, 육각렌치세트, 정밀드라이버세트, 전동공구세트, 공구세트",Expecting value: line 1 column 1 (char 0),,
qwen3.5:9b,가정용 미니드릴 Set,error,공구함세트,"공구함세트, 정밀드라이버세트, 전동공구세트, 공구세트, 육각렌치세트",Expecting value: line 1 column 1 (char 0),충전드릴,False
qwen3.5:9b,가정용 사다,error,납볼망치,"납볼망치, 전지가위, 돌망치, 손타카, 공구함",Expecting value: line 1 column 1 (char 0),,
qwen3.5:9b,가정용 사다리,error,A형사다리,"A형사다리, 사다리, 다림추, 전지가위, 수평기",Expecting value: line 1 column 1 (char 0),사다리,False
qwen3.5:9b,가정용 소형 드릴,error,전선릴,"전선릴, 와이어스트리퍼, 편구스패너, 쇠지렛대, 타일컷터",Expecting value: line 1 column 1 (char 0),전동드릴,False
qwen3.5:9b,가정용 일반 2단사다리,error,A형사다리,"A형사다리, 사다리, 끌세트, 전동공구세트, 전지가위",Expecting value: line 1 column 1 (char 0),,
qwen3.5:9b,가정용 일반 3단사다리,error,A형사다리,"A형사다리, 사다리, 끌세트, 전동공구세트, 다림추",Expecting value: line 1 column 1 (char 0),,
qwen3.5:9b,가정용 절단기,error,그립망치,"그립망치, 절단석, 돌망치, 납볼망치, 전지가위",Expecting value: line 1 column 1 (char 0),,
qwen3.5:9b,가정용공구 세트,error,육각렌치세트,"육각렌치세트, 공구함세트, 고지가위, 조합렌치세트, 전동공구세트",Expecting value: line 1 column 1 (char 0),,
qwen3.5:9b,가정용공구세트,error,육각렌치세트,"육각렌치세트, 공구함세트, 고지가위, 전동공구세트, 공구세트",Expecting value: line 1 column 1 (char 0),,
qwen3.5:9b,가정용공구세트(18pcs),error,육각렌치세트,"육각렌치세트, SDS드릴비트, 정밀드라이버세트, 전동공구세트, 공구함세트",Expecting value: line 1 column 1 (char 0),공구세트,False
qwen3.5:9b,가정용공구세트(25pcs),error,육각렌치세트,"육각렌치세트, 공구함세트, 정밀드라이버세트, 전동공구세트, SDS드릴비트",Expecting value: line 1 column 1 (char 0),공구세트,False
qwen3.5:9b,가정용공구셋트,error,전지가위,"전지가위, 납볼망치, 기어렌치세트, 소켓렌치세트, 조합렌치세트",Expecting value: line 1 column 1 (char 0),,
qwen3.5:9b,가정용공구함세트,error,공구함세트,"공구함세트, 육각렌치세트, 공구세트, 조합렌치세트, 기어렌치세트",Expecting value: line 1 column 1 (char 0),,
qwen3.5:9b,가정용사다리,error,A형사다리,"A형사다리, 사다리, 다림추, 전지가위, 수평기",Expecting value: line 1 column 1 (char 0),,
qwen3.5:9b,가정용일반공구세트,error,육각렌치세트,"육각렌치세트, 공구함세트, 전동공구세트, 정밀드라이버세트, 조합렌치세트",Expecting value: line 1 column 1 (char 0),,
qwen3.5:9b,가정용전동공구세트,error,전동공구세트,"전동공구세트, 정밀드라이버세트, 육각렌치세트, 공구세트, 공구함세트",Expecting value: line 1 column 1 (char 0),,
qwen3.5:9b,각도조절 작업용 LED 조명,error,LED투광기,"LED투광기, LED손전등, LED작업등, 라돈측정기, 레이저수평기",Expecting value: line 1 column 1 (char 0),,
qwen3.5:9b,각도컷팅기(몰딩겸용),error,만능렌치,"만능렌치, 타일컷터, 스패너세트, 빠루망치, 그립망치",Expecting value: line 1 column 1 (char 0),,
qwen3.5:9b,각도톱,error,접톱,"접톱, 톱, 쇠톱, 원형톱, 전정톱",Expecting value: line 1 column 1 (char 0),,
qwen3.5:9b,각삽,error,T렌치세트,"T렌치세트, 기어렌치세트, 공구세트, 전지가위, 목공줄",Expecting value: line 1 column 1 (char 0),,
qwen3.5:9b,각삽(1),error,조합렌치세트,"조합렌치세트, T렌치세트, 기어렌치세트, 스패너세트, 소켓렌치세트",Expecting value: line 1 column 1 (char 0),,
qwen3.5:9b,갓다,error,렌치,"렌치, 플라이어, 고무망치, 전선릴, 플라이어렌치",Expecting value: line 1 column 1 (char 0),커터,False
qwen3.5:9b,강력 절단기,error,강력니퍼,"강력니퍼, 절단석, 전동압착기, 고속절단기, 드릴비트",Expecting value: line 1 column 1 (char 0),,
qwen3.5:9b,강력니퍼,error,강력니퍼,"강력니퍼, 만능렌치, 빠루망치, 전동압착기, 돌망치",Expecting value: line 1 column 1 (char 0),강력니퍼,False
qwen3.5:9b,강력절단기,error,고속절단기,"고속절단기, 전동압착기, 강력니퍼, 목공용드릴비트, 철공용드릴비트",Expecting value: line 1 column 1 (char 0),볼트컷터,False
qwen3.5:9b,강력절단기(45cm),error,철공용드릴비트,"철공용드릴비트, 클램프미터, 목공용드릴비트, 고속절단기, 철공용드릴비트세트",Expecting value: line 1 column 1 (char 0),볼트컷터,False
qwen3.5:9b,강력절단기45CM,error,고속절단기,"고속절단기, 철공용드릴비트, 클램프미터, 목공용드릴비트, 철공용드릴비트세트",Expecting value: line 1 column 1 (char 0),,
qwen3.5:9b,거리측정기,error,라돈측정기,"라돈측정기, 육각렌치, 육각렌치세트, 수평기, SDS드릴비트",Expecting value: line 1 column 1 (char 0),레이저거리측정기,False
qwen3.5:9b,거짓말탐지기,error,임팩트드릴,"임팩트드릴, 임팩트드라이버, 납볼망치, 직각자, 돌망치",Expecting value: line 1 column 1 (char 0),,
qwen3.5:9b,건 타카,error,만능렌치,"만능렌치, 빠루망치, 임팩트드릴, 에어건, 해머드릴",Expecting value: line 1 column 1 (char 0),,
qwen3.5:9b,건습식 청소기(집진형),error,스프링배관청소기,"스프링배관청소기, 목공용드릴비트, 고속절단기, 목공줄, 드릴비트세트",Expecting value: line 1 column 1 (char 0),,
qwen3.5:9b,건식다리미,error,그립망치,"그립망치, 모종삽, 육각렌치, 납볼망치, 빠루망치",Expecting value: line 1 column 1 (char 0),,
qwen3.5:9b,건타카,error,건타카,"건타카, 전동타카, 장도리, 타카, 돌망치",Expecting value: line 1 column 1 (char 0),건타카,False
qwen3.5:9b,건타카 AT-519 아펙스,error,전동공구세트,"전동공구세트, 편구스패너, 양용드라이버, 전동타카, 전지가위",Expecting value: line 1 column 1 (char 0),,
qwen3.5:9b,건타카(다기능),error,건타카,"건타카, 전지가위, 만능렌치, 납볼망치, T렌치세트",Expecting value: line 1 column 1 (char 0),,
qwen3.5:9b,건타카(다기능),error,건타카,"건타카, 전지가위, 만능렌치, 납볼망치, T렌치세트",Expecting value: line 1 column 1 (char 0),,
qwen3.5:9b,건타카(손타카),error,건타카,"건타카, 빠루망치, 전동타카, 만능렌치, 손타카",Expecting value: line 1 column 1 (char 0),,
qwen3.5:9b,건타카+타카핀,error,타카핀,"타카핀, 건타카, 전동타카, 타카, 몽키렌치",Expecting value: line 1 column 1 (char 0),,
qwen3.5:9b,건타카+핀,error,소켓렌치세트,"소켓렌치세트, 스패너세트, 전동타카, T렌치세트, 기어렌치세트",Expecting value: line 1 column 1 (char 0),,
qwen3.5:9b,건타카/타카핀 추가시 개당 500원 추가,error,충전해머드릴,"충전해머드릴, 라쳇렌치세트, 볼렌치세트, 소켓렌치세트, 편구스패너",Expecting value: line 1 column 1 (char 0),,
qwen3.5:9b,건타카핀,error,건타카,"건타카, 전동타카, 타카핀, 볼렌치, 육각렌치",Expecting value: line 1 column 1 (char 0),,
qwen3.5:9b,검전기,error,검전기,"검전기, 커터칼, 안전로프, 드릴비트, 공구세트",Expecting value: line 1 column 1 (char 0),검전기,False
qwen3.5:9b,검전드라이버,error,스패너,"스패너, 스패너세트, 끌세트, 목공줄, 양용드라이버",Expecting value: line 1 column 1 (char 0),검전기,False
qwen3.5:9b,겸용드라이버,error,빠루망치,"빠루망치, 만능렌치, 전지가위, 그립망치, 직각자",Expecting value: line 1 column 1 (char 0),양용드라이버,False
qwen3.5:9b,겸용드라이버(4150),error,드라이버세트,"드라이버세트, 정밀드라이버세트, 전동공구세트, 고속절단기, 소켓렌치세트",Expecting value: line 1 column 1 (char 0),,
qwen3.5:9b,겸용드라이버(6200),error,정밀드라이버세트,"정밀드라이버세트, 드라이버세트, 고속절단기, 전동공구세트, 공구세트",Expecting value: line 1 column 1 (char 0),,
qwen3.5:9b,겸용해머드릴(GBH5-38X),error,소켓렌치세트,"소켓렌치세트, 스패너세트, 전동공구세트, 드릴비트세트, 만능렌치",Expecting value: line 1 column 1 (char 0),해머드릴,False
qwen3.5:9b,경광등,error,라돈측정기,"라돈측정기, 직각자, 별렌치세트, 열화상카메라, 연마석",Expecting value: line 1 column 1 (char 0),,
qwen3.5:9b,경랑첼라(10인치),error,바이스그립플라이어,"바이스그립플라이어, 냉동라쳇렌치, 앵글그라인더, 다이아고날플라이어, 스냅링플라이어",Expecting value: line 1 column 1 (char 0),,
qwen3.5:9b,경랑첼라(12인치),error,냉동라쳇렌치,"냉동라쳇렌치, 다이아고날플라이어, 옵셋렌치, 플라이어렌치, 앤드컷팅니퍼",Expecting value: line 1 column 1 (char 0),,
qwen3.5:9b,경량 몽키,error,고무망치,"고무망치, 건타카, 편구스패너, 몽키렌치, 전동타카",Expecting value: line 1 column 1 (char 0),,
qwen3.5:9b,경량 몽키렌치,error,몽키렌치,"몽키렌치, 토크렌치, 전동타카, 와이어스트리퍼, 볼렌치세트",Expecting value: line 1 column 1 (char 0),몽키렌치,False
qwen3.5:9b,경량몽키,error,건타카,"건타카, 고무망치, 빠루망치, 전동타카, 만능렌치",Expecting value: line 1 column 1 (char 0),몽키렌치,False
qwen3.5:9b,경량몽키(10인치),error,냉동라쳇렌치,"냉동라쳇렌치, 옵셋렌치, 다이아고날플라이어, 바이스그립플라이어, 플라이어렌치",Expecting value: line 1 column 1 (char 0),,
qwen3.5:9b,경량몽키(8인치),error,몽키렌치,"몽키렌치, 전동타카, 토크렌치, 만능렌치, 소켓렌치세트",Expecting value: line 1 column 1 (char 0),,
qwen3.5:9b,경량몽키(칼라),error,전동타카,"전동타카, 건타카, 토크렌치, 몽키렌치, 고무망치",Expecting value: line 1 column 1 (char 0),,
qwen3.5:9b,경량몽키렌치,error,토크렌치,"토크렌치, 몽키렌치, 전동타카, 볼렌치세트, 와이어스트리퍼",Expecting value: line 1 column 1 (char 0),,
qwen3.5:9b,경량안전발판 3단,error,안전로프,"안전로프, 안전모, 정밀드라이버세트, 철공용드릴비트, 고속절단기",Expecting value: line 1 column 1 (char 0),,
qwen3.5:9b,계단용 수레,error,다림추,"다림추, A형사다리, 끌세트, 사다리, 수평기",Expecting value: line 1 column 1 (char 0),,
qwen3.5:9b,계양임팩드릴,error,해머드릴,"해머드릴, 임팩트드릴, 드릴비트, 목공줄, 만능렌치",Expecting value: line 1 column 1 (char 0),임팩트드릴,False
qwen3.5:9b,계양전동드릴,error,드릴비트,"드릴비트, 드릴비트세트, 전동공구세트, 목공줄, 임팩트드릴",Expecting value: line 1 column 1 (char 0),전동드릴,False
qwen3.5:9b,고글,error,장도리,"장도리, 돌망치, 손타카, 에어건, 빠루망치",Expecting value: line 1 column 1 (char 0),보안경,False
qwen3.5:9b,고글 (보안경),error,보안경,"보안경, 임팩트드릴, 직각자, 안전로프, 그립망치",Expecting value: line 1 column 1 (char 0),,
qwen3.5:9b,고글(보안경),error,보안경,"보안경, 안전로프, 임팩트드릴, 그립망치, 석고대패",Expecting value: line 1 column 1 (char 0),,
qwen3.5:9b,고급 드라이버7종세트,error,정밀드라이버세트,"정밀드라이버세트, 드라이버세트, 전동공구세트, 소켓렌치세트, 공구세트",Expecting value: line 1 column 1 (char 0),,
qwen3.5:9b,고무 망치(중) 1개,error,만능렌치,"만능렌치, 해머드릴, 고무망치, 임팩트드릴, 빠루망치",Expecting value: line 1 column 1 (char 0),,
qwen3.5:9b,고무 피복줄자(7.2M25),error,소켓렌치세트,"소켓렌치세트, 전동공구세트, 별렌치세트, 볼렌치세트, 스패너세트",Expecting value: line 1 column 1 (char 0),,
qwen3.5:9b,고무롤러,error,전선릴,"전선릴, 양용드라이버, 스크레퍼, 편구스패너, 전동드릴",Expecting value: line 1 column 1 (char 0),,
qwen3.5:9b,고무망치,error,고무망치,"고무망치, 전선릴, 빠루망치, 스크레퍼, 해머드릴",Expecting value: line 1 column 1 (char 0),고무망치,False
qwen3.5:9b,고무망치(검정),error,고무망치,"고무망치, 빠루망치, 그립망치, 타일컷터, 편구스패너",Expecting value: line 1 column 1 (char 0),,
qwen3.5:9b,고무압축기 1개,error,고압세척기,"고압세척기, 타일컷터, 만능렌치, 편구스패너, 스패너세트",Expecting value: line 1 column 1 (char 0),,
qwen3.5:9b,고무양용드라이버,error,양용드라이버,"양용드라이버, 와이어스트리퍼, 전동드릴, 편구스패너, 전동드라이버",Expecting value: line 1 column 1 (char 0),,
qwen3.5:9b,고무피복줄자,error,전선릴,"전선릴, 편구스패너, 쇠지렛대, 와이어스트리퍼, 굽은노즈플라이어",Expecting value: line 1 column 1 (char 0),줄자,False
qwen3.5:9b,고무피복줄자,error,전선릴,"전선릴, 편구스패너, 쇠지렛대, 와이어스트리퍼, 굽은노즈플라이어",Expecting value: line 1 column 1 (char 0),줄자,False
qwen3.5:9b,고무피복줄자(3),error,냉동라쳇렌치,"냉동라쳇렌치, 앤드컷팅니퍼, 버니어캘리퍼스, 바이스그립플라이어, 라쳇렌치세트",Expecting value: line 1 column 1 (char 0),,
qwen3.5:9b,고무피복줄자(5.5M),error,클램프미터,"클램프미터, 고속절단기, 전동공구세트, 목공용드릴비트, 정밀드라이버세트",Expecting value: line 1 column 1 (char 0),줄자,False
qwen3.5:9b,고무피복줄자(7.5M),error,클램프미터,"클램프미터, 전동공구세트, 고속절단기, 공구세트, 드릴비트세트",Expecting value: line 1 column 1 (char 0),,
qwen3.5:9b,고무호스,error,전선릴,"전선릴, 고무망치, 스크레퍼, 렌치, 편구스패너",Expecting value: line 1 column 1 (char 0),,
qwen3.5:9b,고속스팀해빙기,error,소켓렌치세트,"소켓렌치세트, 편구스패너, 끌세트, 만능렌치, 타일컷터",Expecting value: line 1 column 1 (char 0),,
qwen3.5:9b,고속절단기,error,고속절단기,"고속절단기, 전동압착기, 전동공구세트, 만능렌치, 공구세트",Expecting value: line 1 column 1 (char 0),고속절단기,False
qwen3.5:9b,고압 세척기,error,고압세척기,"고압세척기, 타일컷터, 편구스패너, 와이어스트리퍼, 전선릴",Expecting value: line 1 column 1 (char 0),고압세척기,False
qwen3.5:9b,"고압력 쌍발 발펌프(자동차,오토바이,자전거)",error,자전거펌프,"자전거펌프, 철공용드릴비트, 에어펌프, 고속절단기, 정밀드라이버세트",Expecting value: line 1 column 1 (char 0),,
qwen3.5:9b,고압세척기,error,고압세척기,"고압세척기, 타일컷터, 편구스패너, 와이어스트리퍼, 전선릴",Expecting value: line 1 column 1 (char 0),고압세척기,False
qwen3.5:9b,고압용세척기,error,고압세척기,"고압세척기, 전동압착기, 끌세트, 타일컷터, 스패너세트",Expecting value: line 1 column 1 (char 0),,
qwen3.5:9b,고전지가위,error,전지가위,"전지가위, 납볼망치, 직소기, 고지가위, 육각렌치",Expecting value: line 1 column 1 (char 0),,
qwen3.5:9b,고지가위,error,고지가위,"고지가위, 전지가위, 먹통, 목공줄, 돌망치",Expecting value: line 1 column 1 (char 0),고지가위,False
qwen3.5:9b,고지가위(5m),error,클램프미터,"클램프미터, 고지가위, 육각렌치세트, 공구함세트, 공구세트",Expecting value: line 1 column 1 (char 0),고지가위,False
qwen3.5:9b,고프로,error,돌망치,"돌망치, 스패너, 납볼망치, 장도리, 손타카",Expecting value: line 1 column 1 (char 0),,
qwen3.5:9b,곡선 전정톱,error,다림추,"다림추, 수평기, 육각렌치세트, 스패너세트, 원형톱",Expecting value: line 1 column 1 (char 0),,
qwen3.5:9b,곡선톱,error,수평기,"수평기, 스패너세트, 육각렌치, T렌치세트, 기어렌치세트",Expecting value: line 1 column 1 (char 0),,
qwen3.5:9b,공간살균기,error,절단석,"절단석, 전동압착기, 그립망치, 글루스틱, 수평기",Expecting value: line 1 column 1 (char 0),,
qwen3.5:9b,공구Box 1개,error,공구세트,"공구세트, 전동공구세트, 드릴비트세트, 공구함세트, 정밀드라이버세트",Expecting value: line 1 column 1 (char 0),,
qwen3.5:9b,공구가방세트(가정용) jaya,error,전동공구세트,"전동공구세트, 공구세트, 공구함세트, 기어렌치세트, 육각렌치세트",Expecting value: line 1 column 1 (char 0),,
qwen3.5:9b,공구가위,error,전지가위,"전지가위, 공구세트, 전동압착기, 전동공구세트, 수평기",Expecting value: line 1 column 1 (char 0),,
qwen3.5:9b,공구놀이세트,error,공구세트,"공구세트, 전동공구세트, 기어렌치세트, 스패너세트, T렌치세트",Expecting value: line 1 column 1 (char 0),,
qwen3.5:9b,공구박스,error,철판가위,"철판가위, 공구세트, 공구함세트, 드릴비트세트, 전동공구세트",Expecting value: line 1 column 1 (char 0),,
qwen3.5:9b,공구박스 1개,error,공구세트,"공구세트, 소켓렌치세트, 드릴비트세트, 전동공구세트, 스패너세트",Expecting value: line 1 column 1 (char 0),,
qwen3.5:9b,공구박스(대),error,충전해머드릴,"충전해머드릴, 쇠지렛대, 굽은노즈플라이어, 편구스패너, 전동드라이버",Expecting value: line 1 column 1 (char 0),,
qwen3.5:9b,공구세트,error,공구세트,"공구세트, 전동공구세트, 공구함세트, 기어렌치세트, T렌치세트",Expecting value: line 1 column 1 (char 0),공구세트,False
qwen3.5:9b,공구세트,error,공구세트,"공구세트, 전동공구세트, 공구함세트, 기어렌치세트, T렌치세트",Expecting value: line 1 column 1 (char 0),공구세트,False
qwen3.5:9b,공구세트,error,공구세트,"공구세트, 전동공구세트, 공구함세트, 기어렌치세트, T렌치세트",Expecting value: line 1 column 1 (char 0),공구세트,False
qwen3.5:9b,공구세트 (12pcs),error,클램프미터,"클램프미터, 고속절단기, 전동공구세트, 정밀드라이버세트, 목공용드릴비트",Expecting value: line 1 column 1 (char 0),,
qwen3.5:9b,공구세트 16pcs,error,고속절단기,"고속절단기, 전동공구세트, 전동압착기, 공구세트, 공구함세트",Expecting value: line 1 column 1 (char 0),,
qwen3.5:9b,공구세트 1개,error,공구세트,"공구세트, 전동공구세트, 기어렌치세트, 스패너세트, 드릴비트세트",Expecting value: line 1 column 1 (char 0),,
qwen3.5:9b,공구세트 1개(소켓 18개),error,전동공구세트,"전동공구세트, 공구함세트, 공구세트, 드릴비트세트, 기어렌치세트",Expecting value: line 1 column 1 (char 0),,
qwen3.5:9b,공구세트 25pcs,error,클램프미터,"클램프미터, 고속절단기, 전동공구세트, 공구함세트, 정밀드라이버세트",Expecting value: line 1 column 1 (char 0),,
qwen3.5:9b,공구세트 2개,error,공구세트,"공구세트, 전동공구세트, 드릴비트세트, 기어렌치세트, 스패너세트",Expecting value: line 1 column 1 (char 0),,
qwen3.5:9b,공구세트 3개,error,공구세트,"공구세트, 전동공구세트, 공구함세트, 기어렌치세트, 드릴비트세트",Expecting value: line 1 column 1 (char 0),,
qwen3.5:9b,공구세트(1),error,전동공구세트,"전동공구세트, 기어렌치세트, 공구세트, 소켓렌치세트, T렌치세트",Expecting value: line 1 column 1 (char 0),,
qwen3.5:9b,공구세트(12종),error,공구함세트,"공구함세트, 공구세트, 전동공구세트, 기어렌치세트, 육각렌치세트",Expecting value: line 1 column 1 (char 0),,
qwen3.5:9b,공구세트(JAYA JTS80),error,전동공구세트,"전동공구세트, 정밀드라이버세트, 공구세트, 소켓렌치세트, 기어렌치세트",Expecting value: line 1 column 1 (char 0),공구세트,False
qwen3.5:9b,공구세트(대),error,옵셋렌치,"옵셋렌치, 라쳇렌치세트, 굽은노즈플라이어, 플라이어렌치, 앤드컷팅니퍼",Expecting value: line 1 column 1 (char 0),,
qwen3.5:9b,공구세트(대)-139pcs,error,고속절단기,"고속절단기, 클램프미터, 전동공구세트, 공구세트, 정밀드라이버세트",Expecting value: line 1 column 1 (char 0),공구세트,False
qwen3.5:9b,공구세트(대)-HARDEN,error,쇠지렛대,"쇠지렛대, 와이어스트리퍼, 편구스패너, 라쳇렌치세트, 전선릴",Expecting value: line 1 column 1 (char 0),공구세트,False
qwen3.5:9b,공구세트(소),error,공구세트,"공구세트, 전동공구세트, 소켓렌치세트, 스패너세트, 기어렌치세트",Expecting value: line 1 column 1 (char 0),,
qwen3.5:9b,공구세트(소) JTS-14,error,전동공구세트,"전동공구세트, 철공용드릴비트세트, 철공용드릴비트, 정밀드라이버세트, 공구세트",Expecting value: line 1 column 1 (char 0),,
qwen3.5:9b,공구세트(중),error,공구세트,"공구세트, 전동공구세트, 공구함세트, 기어렌치세트, T렌치세트",Expecting value: line 1 column 1 (char 0),,
qwen3.5:9b,공구세트(중) JTS-20,error,전동공구세트,"전동공구세트, 철공용드릴비트세트, 정밀드라이버세트, 공구세트, 공구함세트",Expecting value: line 1 column 1 (char 0),,
qwen3.5:9b,공구세트3개,error,공구세트,"공구세트, 전동공구세트, 공구함세트, 드릴비트세트, 기어렌치세트",Expecting value: line 1 column 1 (char 0),,
qwen3.5:9b,공구셋트,error,소켓렌치세트,"소켓렌치세트, 스패너세트, 끌세트, 타일컷터, 편구스패너",Expecting value: line 1 column 1 (char 0),공구세트,False
qwen3.5:9b,공구셋트 1개,error,스패너세트,"스패너세트, 전동공구세트, 소켓렌치세트, 공구세트, 기어렌치세트",Expecting value: line 1 column 1 (char 0),,
qwen3.5:9b,공구셋트(16pcs)(1),error,조합렌치세트,"조합렌치세트, 클램프미터, 고속절단기, 전동압착기, 전동공구세트",Expecting value: line 1 column 1 (char 0),,
qwen3.5:9b,"공구셋트(18pcs,5개)",error,고속절단기,"고속절단기, 전동공구세트, 클램프미터, 조합렌치세트, 공구함세트",Expecting value: line 1 column 1 (char 0),,
qwen3.5:9b,공구셋트(25pcs)(1),error,클램프미터,"클램프미터, 고속절단기, 전동공구세트, 조합렌치세트, 전동압착기",Expecting value: line 1 column 1 (char 0),,
qwen3.5:9b,"공구셋트(25pcs,5개)",error,클램프미터,"클램프미터, 고속절단기, 전동공구세트, 공구함세트, 정밀드라이버세트",Expecting value: line 1 column 1 (char 0),,
qwen3.5:9b,공구셋트SMATO(16),error,전동공구세트,"전동공구세트, 소켓렌치세트, 공구세트, 공구함세트, 기어렌치세트",Expecting value: line 1 column 1 (char 0),공구세트,False
qwen3.5:9b,공구셋트SMATO(25),error,전동공구세트,"전동공구세트, 소켓렌치세트, 공구함세트, 공구세트, 기어렌치세트",Expecting value: line 1 column 1 (char 0),공구세트,False
qwen3.5:9b,공구주머니,error,공구세트,"공구세트, 목공줄, 드릴비트세트, 전지가위, 공구함세트",Expecting value: line 1 column 1 (char 0),,
qwen3.5:9b,공구통,error,전동압착기,"전동압착기, 전지가위, 공구함, 보안경, 전동공구세트",Expecting value: line 1 column 1 (char 0),,
qwen3.5:9b,공구함,error,공구함,"공구함, 납볼망치, 장도리, 돌망치, 전지가위",Expecting value: line 1 column 1 (char 0),,
qwen3.5:9b,공구함 키트 박스,error,공구함세트,"공구함세트, 드릴비트세트, 공구세트, 철판가위, 정밀드라이버세트",Expecting value: line 1 column 1 (char 0),,
qwen3.5:9b,공구함(내용물 미포함),error,공구함세트,"공구함세트, 직소기, 글루스틱, 고지가위, 공구세트",Expecting value: line 1 column 1 (char 0),,
qwen3.5:9b,공구함(특4호) 420x220x210,error,SDS드릴비트,"SDS드릴비트, 전동공구세트, 정밀드라이버세트, 별렌치세트, 공구세트",Expecting value: line 1 column 1 (char 0),,
qwen3.5:9b,공구함세트,error,공구함세트,"공구함세트, 공구세트, 기어렌치세트, T렌치세트, 전동공구세트",Expecting value: line 1 column 1 (char 0),,
qwen3.5:9b,공구함키트박스(디월트),error,소켓렌치세트,"소켓렌치세트, 정밀드라이버세트, 전자산업용니퍼, SDS드릴비트, 전동공구세트",Expecting value: line 1 column 1 (char 0),공구함,False
qwen3.5:9b,공기오염측정기,error,라돈측정기,"라돈측정기, 전동공구세트, 전동압착기, 가스토치, 에어타카",Expecting value: line 1 column 1 (char 0),,
qwen3.5:9b,공업용 청소기,error,스프링배관청소기,"스프링배관청소기, 목공용드릴비트, 철공용드릴비트, 고속절단기, 공구함세트",Expecting value: line 1 column 1 (char 0),,
qwen3.5:9b,공예용니퍼 1개,error,소켓렌치세트,"소켓렌치세트, 스패너세트, 만능렌치, 편구스패너, 전동공구세트",Expecting value: line 1 column 1 (char 0),,
qwen3.5:9b,공유 우산,error,에어타카,"에어타카, 조합렌치세트, 공구함, 전지가위, 직소기",Expecting value: line 1 column 1 (char 0),,
qwen3.5:9b,공유(양)우산,error,에어타카,"에어타카, 조합렌치세트, 공구함, 전지가위, 건타카",Expecting value: line 1 column 1 (char 0),,
qwen3.5:9b,공유우산,error,공구함,"공구함, 전지가위, 에어타카, 건타카, 센터펀치",Expecting value: line 1 column 1 (char 0),,
qwen3.5:9b,공유우산,error,공구함,"공구함, 전지가위, 에어타카, 건타카, 센터펀치",Expecting value: line 1 column 1 (char 0),,
qwen3.5:9b,관통기,error,돌망치,"돌망치, 그립망치, 전동압착기, 전지가위, 손타카",Expecting value: line 1 column 1 (char 0),,
qwen3.5:9b,광폭몽키스패너,error,냉동라쳇렌치,"냉동라쳇렌치, 다이아고날플라이어, 바이스그립플라이어, 앤드컷팅니퍼, 버니어캘리퍼스",Expecting value: line 1 column 1 (char 0),,
qwen3.5:9b,교자상,error,납볼망치,"납볼망치, 전지가위, 육각렌치, 직각자, 돌망치",Expecting value: line 1 column 1 (char 0),,
qwen3.5:9b,교체식 만능접톱,error,정밀드라이버세트,"정밀드라이버세트, 공구세트, 공구함세트, 드릴비트세트, 목공줄",Expecting value: line 1 column 1 (char 0),,
qwen3.5:9b,교환식톱,error,접톱,"접톱, 원형톱, 쇠톱, 목공줄, 전정톱",Expecting value: line 1 column 1 (char 0),,
qwen3.5:9b,구급Box 1개,error,전지가위,"전지가위, 보안경, 납볼망치, 센터펀치, 그립망치",Expecting value: line 1 column 1 (char 0),,
qwen3.5:9b,구두칼,error,커터칼,"커터칼, 절단석, 톱, 쇠톱, 목공줄",Expecting value: line 1 column 1 (char 0),,
qwen3.5:9b,구르마,error,건타카,"건타카, 타카, 장도리, 돌망치, 전동타카",Expecting value: line 1 column 1 (char 0),,
qwen3.5:9b,구리스주입기,error,전선릴,"전선릴, 와이어스트리퍼, 라쳇렌치세트, 편구스패너, 플라이어렌치",Expecting value: line 1 column 1 (char 0),,
qwen3.5:9b,구명조끼,error,그립망치,"그립망치, 목공줄, 스패너, 절단석, 돌망치",Expecting value: line 1 column 1 (char 0),,
qwen3.5:9b,구자말이공구 1개,error,편구스패너,"편구스패너, 와이어스트리퍼, 전선릴, 타일컷터, 전동드릴",Expecting value: line 1 column 1 (char 0),,
qwen3.5:9b,굽은 노즈,error,목공줄,"목공줄, 절단석, 모종삽, 스패너세트, 빠루망치",Expecting value: line 1 column 1 (char 0),,
qwen3.5:9b,굽은 노즈 플라이어,error,굽은노즈플라이어,"굽은노즈플라이어, 스냅링플라이어, 플라이어렌치, 다이아고날플라이어, 옵셋렌치",Expecting value: line 1 column 1 (char 0),굽은노즈플라이어,False
qwen3.5:9b,굽은 노즈플라이어,error,굽은노즈플라이어,"굽은노즈플라이어, 플라이어렌치, 스냅링플라이어, 옵셋렌치, 다이아고날플라이어",Expecting value: line 1 column 1 (char 0),,
qwen3.5:9b,굽은노즈플라이어,error,굽은노즈플라이어,"굽은노즈플라이어, 플라이어렌치, 옵셋렌치, 스냅링플라이어, 플라이어",Expecting value: line 1 column 1 (char 0),,
qwen3.5:9b,굽은롱노우즈,error,빠루망치,"빠루망치, 스패너세트, 만능렌치, 편구스패너, 소켓렌치세트",Expecting value: line 1 column 1 (char 0),,
qwen3.5:9b,권총인두,error,드릴비트,"드릴비트, 볼트컷터, 석고대패, 임팩트드릴, 절단석",Expecting value: line 1 column 1 (char 0),,
qwen3.5:9b,권총인두(60W),error,드릴비트,"드릴비트, 볼트컷터, 철공용드릴비트, 석고대패, 고속절단기",Expecting value: line 1 column 1 (char 0),전기인두,False
qwen3.5:9b,권총인두(납땜기),error,볼트컷터,"볼트컷터, 드릴비트세트, 드릴비트, 쇠지렛대, 임팩트드릴",Expecting value: line 1 column 1 (char 0),,
qwen3.5:9b,그늘막모기장,error,목공줄,"목공줄, 절단석, 공구세트, 스패너세트, 그립망치",Expecting value: line 1 column 1 (char 0),,
qwen3.5:9b,그라인다,error,굽은노즈플라이어,"굽은노즈플라이어, 옵셋렌치, 플라이어렌치, 전선릴, 스냅링플라이어",Expecting value: line 1 column 1 (char 0),앵글그라인더,False
qwen3.5:9b,그라인더,error,스냅링플라이어,"스냅링플라이어, 플라이어렌치, 다이아고날플라이어, 앵글그라인더, 옵셋렌치",Expecting value: line 1 column 1 (char 0),앵글그라인더,False
qwen3.5:9b,그라인더,error,스냅링플라이어,"스냅링플라이어, 플라이어렌치, 다이아고날플라이어, 앵글그라인더, 옵셋렌치",Expecting value: line 1 column 1 (char 0),앵글그라인더,False
qwen3.5:9b,그라인더 (ACT-100SN),error,조합렌치세트,"조합렌치세트, SDS드릴비트, 전지가위, 보안경, 석고대패",Expecting value: line 1 column 1 (char 0),,
qwen3.5:9b,그라인더 1개,error,편구스패너,"편구스패너, 전선릴, 와이어스트리퍼, 쇠지렛대, 굽은노즈플라이어",Expecting value: line 1 column 1 (char 0),,
qwen3.5:9b,그라인더 GWS6-100,error,전동공구세트,"전동공구세트, 소켓렌치세트, 공구세트, SDS드릴비트, 기어렌치세트",Expecting value: line 1 column 1 (char 0),,
qwen3.5:9b,그라인더 날,error,앤드컷팅니퍼,"앤드컷팅니퍼, 전선릴, 굽은노즈플라이어, 플라이어렌치, 와이어스트리퍼",Expecting value: line 1 column 1 (char 0),,
qwen3.5:9b,그라인더 날(3m),error,스패너세트,"스패너세트, 전동공구세트, 클램프미터, 기어렌치세트, 육각렌치세트",Expecting value: line 1 column 1 (char 0),,
qwen3.5:9b,그라인더 옵셋 (4인치),error,앵글그라인더,"앵글그라인더, 다이아고날플라이어, 냉동라쳇렌치, 바이스그립플라이어, 옵셋렌치",Expecting value: line 1 column 1 (char 0),,
qwen3.5:9b,그라인더 절단석 (4인치),error,다이아고날플라이어,"다이아고날플라이어, 냉동라쳇렌치, 앵글그라인더, 옵셋렌치, 스냅링플라이어",Expecting value: line 1 column 1 (char 0),,
qwen3.5:9b,그라인더 페퍼,error,바이스그립플라이어,"바이스그립플라이어, 다이아고날플라이어, 냉동라쳇렌치, 앵글그라인더, 스냅링플라이어",Expecting value: line 1 column 1 (char 0),,
qwen3.5:9b,"그라인더(100mm, 125mm)",error,클램프미터,"클램프미터, 고속절단기, 전동공구세트, 공구세트, 드릴비트세트",Expecting value: line 1 column 1 (char 0),,
qwen3.5:9b,그라인더(4″),error,편구스패너,"편구스패너, 소켓렌치세트, 스패너세트, 라쳇렌치세트, 굽은노즈플라이어",Expecting value: line 1 column 1 (char 0),,
qwen3.5:9b,그라인더(4인치 앵글),error,앵글그라인더,"앵글그라인더, 다이아고날플라이어, 스냅링플라이어, 옵셋렌치, 냉동라쳇렌치",Expecting value: line 1 column 1 (char 0),,
qwen3.5:9b,그라인더(보쉬),error,앵글그라인더,"앵글그라인더, 다이아고날플라이어, 옵셋렌치, 스냅링플라이어, 냉동라쳇렌치",Expecting value: line 1 column 1 (char 0),앵글그라인더,False
qwen3.5:9b,그라인더(유선),error,앵글그라인더,"앵글그라인더, 다이아고날플라이어, 냉동라쳇렌치, 바이스그립플라이어, 스냅링플라이어",Expecting value: line 1 column 1 (char 0),앵글그라인더,False
qwen3.5:9b,그라인더3개,error,편구스패너,"편구스패너, 라쳇렌치세트, 볼렌치세트, 전선릴, 쇠지렛대",Expecting value: line 1 column 1 (char 0),,
qwen3.5:9b,그라인더날,error,전선릴,"전선릴, 와이어스트리퍼, 전동드릴, 편구스패너, 타일컷터",Expecting value: line 1 column 1 (char 0),,
qwen3.5:9b,그라인딩 휠백마,error,끌세트,"끌세트, 스패너세트, 드릴비트세트, 편구스패너, 타일컷터",Expecting value: line 1 column 1 (char 0),,
qwen3.5:9b,그립망치,error,그립망치,"그립망치, 돌망치, 빠루망치, 납볼망치, 임팩트드릴",Expecting value: line 1 column 1 (char 0),그립망치,False
qwen3.5:9b,그립플라이어,error,스냅링플라이어,"스냅링플라이어, 다이아고날플라이어, 옵셋렌치, 굽은노즈플라이어, 플라이어렌치",Expecting value: line 1 column 1 (char 0),,
qwen3.5:9b,그립플라이어 4개,error,편구스패너,"편구스패너, 라쳇렌치세트, 볼렌치세트, 와이어스트리퍼, 소켓렌치세트",Expecting value: line 1 column 1 (char 0),,
qwen3.5:9b,글로건,error,전선릴,"전선릴, 전동드라이버, 플라이어렌치, 옵셋렌치, 스크레퍼",Expecting value: line 1 column 1 (char 0),글루건,False
qwen3.5:9b,글로건 심,error,고무망치,"고무망치, 전선릴, 해머드릴, 전동드릴, 스크레퍼",Expecting value: line 1 column 1 (char 0),,
qwen3.5:9b,글로건심,error,돌망치,"돌망치, 납볼망치, 그립망치, 빠루망치, 전지가위",Expecting value: line 1 column 1 (char 0),,
qwen3.5:9b,글루건,error,글루건,"글루건, 장도리, 니퍼, 줄자, 돌망치",Expecting value: line 1 column 1 (char 0),글루건,False
qwen3.5:9b,글루건,error,글루건,"글루건, 장도리, 니퍼, 줄자, 돌망치",Expecting value: line 1 column 1 (char 0),글루건,False
qwen3.5:9b,글루건 1개,error,만능렌치,"만능렌치, 스패너세트, 납볼망치, 그립망치, 빠루망치",Expecting value: line 1 column 1 (char 0),,
qwen3.5:9b,글루건 건,error,전선릴,"전선릴, 와이어스트리퍼, 쇠지렛대, 고무망치, 편구스패너",Expecting value: line 1 column 1 (char 0),,
qwen3.5:9b,글루건 심,error,그립망치,"그립망치, 절단석, 돌망치, 빠루망치, 먹통",Expecting value: line 1 column 1 (char 0),,
qwen3.5:9b,글루건 핫멜트,error,쇠지렛대,"쇠지렛대, 전선릴, 타일컷터, 와이어스트리퍼, 고무망치",Expecting value: line 1 column 1 (char 0),,
qwen3.5:9b,글루건&글루스틱,error,글루스틱,"글루스틱, T렌치세트, 기어렌치세트, 공구함세트, 소켓렌치세트",Expecting value: line 1 column 1 (char 0),글루건,False
qwen3.5:9b,글루건(&심),error,냉동라쳇렌치,"냉동라쳇렌치, 다이아고날플라이어, 앤드컷팅니퍼, 옵셋렌치, 스냅링플라이어",Expecting value: line 1 column 1 (char 0),글루건,False
qwen3.5:9b,글루건(20W)(RG-20),error,전동공구세트,"전동공구세트, 소켓렌치세트, T렌치세트, 기어렌치세트, 스패너세트",Expecting value: line 1 column 1 (char 0),글루건,False
qwen3.5:9b,글루건(80W),error,고속절단기,"고속절단기, 전동공구세트, 만능렌치, 강력니퍼, 공구세트",Expecting value: line 1 column 1 (char 0),글루건,False
qwen3.5:9b,글루건(AC-280A),error,SDS드릴비트,"SDS드릴비트, 고속절단기, 전동공구세트, 정밀드라이버세트, 공구함세트",Expecting value: line 1 column 1 (char 0),,
qwen3.5:9b,글루건(소모품포함),error,납볼망치,"납볼망치, 그립망치, 만능렌치, 전지가위, 소켓렌치세트",Expecting value: line 1 column 1 (char 0),,
qwen3.5:9b,글루건(심),error,앤드컷팅니퍼,"앤드컷팅니퍼, 냉동라쳇렌치, 버니어캘리퍼스, 옵셋렌치, 다이아고날플라이어",Expecting value: line 1 column 1 (char 0),,
qwen3.5:9b,글루건(전기인두본드접착제),error,전동공구세트,"전동공구세트, 소켓렌치세트, 스패너세트, 드릴비트세트, 공구세트",Expecting value: line 1 column 1 (char 0),,
qwen3.5:9b,글루건(플라스틱용기접지),error,타일컷터,"타일컷터, 편구스패너, 소켓렌치세트, 플라이어세트, 라쳇렌치세트",Expecting value: line 1 column 1 (char 0),,
qwen3.5:9b,글루건+막대본드,error,와이어스트리퍼,"와이어스트리퍼, 편구스패너, 라쳇렌치세트, 볼렌치세트, 전선릴",Expecting value: line 1 column 1 (char 0),,
qwen3.5:9b,"글루건, 핫멜트봉",error,쇠지렛대,"쇠지렛대, 해머드릴, 만능렌치, 고무망치, 타일컷터",Expecting value: line 1 column 1 (char 0),,
qwen3.5:9b,글루건/막대본드 추가시 개당 500원,error,충전해머드릴,"충전해머드릴, 와이어스트리퍼, 로터리해머드릴, 타일컷터, 라쳇렌치세트",Expecting value: line 1 column 1 (char 0),,
qwen3.5:9b,글루건알,error,와이어스트리퍼,"와이어스트리퍼, 전선릴, 고무망치, 스크레퍼, 편구스패너",Expecting value: line 1 column 1 (char 0),,
qwen3.5:9b,글루건총,error,드릴비트,"드릴비트, 볼트컷터, 절단석, 석고대패, 공구세트",Expecting value: line 1 column 1 (char 0),,
qwen3.5:9b,글루건펜,error,전지가위,"전지가위, 납볼망치, 카운터싱크, 목공줄, 돌망치",Expecting value: line 1 column 1 (char 0),,
qwen3.5:9b,글루스틱,error,글루스틱,"글루스틱, 모종삽, 스패너세트, T렌치세트, 소켓렌치세트",Expecting value: line 1 column 1 (char 0),글루스틱,False
qwen3.5:9b,금속용 절단석,error,철공용드릴비트,"철공용드릴비트, 철공용드릴비트세트, 철판가위, 목공용드릴비트, 공구함세트",Expecting value: line 1 column 1 (char 0),,
qwen3.5:9b,기계식드릴(1),error,목공용드릴비트,"목공용드릴비트, 철공용드릴비트, 드릴비트세트, 공구세트, 전동공구세트",Expecting value: line 1 column 1 (char 0),,
qwen3.5:9b,기리세트,error,장도리,"장도리, 볼렌치세트, 다이스세트, 스패너세트, 소켓렌치세트",Expecting value: line 1 column 1 (char 0),드릴비트세트,False
qwen3.5:9b,기리세트 1,error,소켓렌치세트,"소켓렌치세트, 볼렌치세트, 스패너세트, T렌치세트, 기어렌치세트",Expecting value: line 1 column 1 (char 0),,
qwen3.5:9b,기리세트 2,error,볼렌치세트,"볼렌치세트, 소켓렌치세트, T렌치세트, 스패너세트, 기어렌치세트",Expecting value: line 1 column 1 (char 0),,
qwen3.5:9b,기리세트(10p),error,기어렌치세트,"기어렌치세트, T렌치세트, 소켓렌치세트, 공구함세트, 육각렌치세트",Expecting value: line 1 column 1 (char 0),드릴비트세트,False
qwen3.5:9b,기리세트(계양용),error,기어렌치세트,"기어렌치세트, T렌치세트, 소켓렌치세트, 스패너세트, 볼렌치세트",Expecting value: line 1 column 1 (char 0),,
qwen3.5:9b,"기리세트(드라이버,해머)",error,앤드컷팅니퍼,"앤드컷팅니퍼, 냉동라쳇렌치, 다이아고날플라이어, 옵셋렌치, 버니어캘리퍼스",Expecting value: line 1 column 1 (char 0),,
qwen3.5:9b,기리셋,error,장도리,"장도리, 줄자, 납볼망치, 빠루망치, 편구스패너",Expecting value: line 1 column 1 (char 0),,
qwen3.5:9b,기리셋트,error,편구스패너,"편구스패너, 전선릴, 타일컷터, 스크레퍼, 와이어스트리퍼",Expecting value: line 1 column 1 (char 0),드릴비트세트,False
qwen3.5:9b,기리셋트 19PCS,error,SDS드릴비트,"SDS드릴비트, 고속절단기, 전동공구세트, 클램프미터, 정밀드라이버세트",Expecting value: line 1 column 1 (char 0),,
qwen3.5:9b,기리셋트(10),error,소켓렌치세트,"소켓렌치세트, 볼렌치세트, 스패너세트, T렌치세트, 기어렌치세트",Expecting value: line 1 column 1 (char 0),,
qwen3.5:9b,기리종합세트,error,소켓렌치세트,"소켓렌치세트, 볼렌치세트, 스패너세트, T렌치세트, 기어렌치세트",Expecting value: line 1 column 1 (char 0),,
qwen3.5:9b,기본철물종합세트,error,철공용드릴비트세트,"철공용드릴비트세트, 공구함세트, 철공용드릴비트, 공구세트, 육각렌치세트",Expecting value: line 1 column 1 (char 0),,
qwen3.5:9b,기아렌치 1세트,error,라쳇렌치세트,"라쳇렌치세트, 볼렌치세트, 편구스패너, 와이어스트리퍼, 소켓렌치세트",Expecting value: line 1 column 1 (char 0),,
qwen3.5:9b,기어라쳇 렌치세트(9종),error,냉동라쳇렌치,"냉동라쳇렌치, 다이아고날플라이어, 라쳇렌치세트, 바이스그립플라이어, 앵글그라인더",Expecting value: line 1 column 1 (char 0),,
qwen3.5:9b,기어라쳇렌치 세트,error,라쳇렌치세트,"라쳇렌치세트, 볼렌치세트, 편구스패너, 플라이어렌치, 와이어스트리퍼",Expecting value: line 1 column 1 (char 0),,
qwen3.5:9b,기어렌치세트,error,기어렌치세트,"기어렌치세트, T렌치세트, 스패너세트, 소켓렌치세트, 전동공구세트",Expecting value: line 1 column 1 (char 0),기어렌치세트,False
qwen3.5:9b,기타 일반공구,error,전동공구세트,"전동공구세트, 전지가위, 전동압착기, 육각렌치, 기어렌치세트",Expecting value: line 1 column 1 (char 0),,
qwen3.5:9b,길이조절 양손 전지가위,error,소켓렌치세트,"소켓렌치세트, 스패너세트, 끌세트, 기어렌치세트, 전지가위",Expecting value: line 1 column 1 (char 0),,
qwen3.5:9b,김장매트,error,고무망치,"고무망치, 전동타카, 전선릴, 양용드라이버, 편구스패너",Expecting value: line 1 column 1 (char 0),,
qwen3.5:9b,김장매트(대형),error,냉동라쳇렌치,"냉동라쳇렌치, 바이스그립플라이어, 앵글그라인더, 다이아고날플라이어, 버니어캘리퍼스",Expecting value: line 1 column 1 (char 0),,
qwen3.5:9b,김장매트(중형),error,냉동라쳇렌치,"냉동라쳇렌치, 바이스그립플라이어, 앵글그라인더, 다이아고날플라이어, 앤드컷팅니퍼",Expecting value: line 1 column 1 (char 0),,
qwen3.5:9b,김장용매트,error,납볼망치,"납볼망치, 전동타카, 만능렌치, 고무망치, 빠루망치",Expecting value: line 1 column 1 (char 0),,
qwen3.5:9b,꼼짝마,error,가스토치,"가스토치, 망치, 스패너, 도끼, 그립망치",Expecting value: line 1 column 1 (char 0),,
qwen3.5:9b,끌,error,스패너,"스패너, 도끼, 끌세트, 손타카, 전동드릴",Expecting value: line 1 column 1 (char 0),,
qwen3.5:9b,"끌(19,50mm)",error,클램프미터,"클램프미터, 철공용드릴비트, 고속절단기, 철공용드릴비트세트, 목공용드릴비트",Expecting value: line 1 column 1 (char 0),,
qwen3.5:9b,끌(19mm),error,클램프미터,"클램프미터, 고속절단기, 철공용드릴비트, 공구세트, 전동공구세트",Expecting value: line 1 column 1 (char 0),,
qwen3.5:9b,끌(22mm),error,클램프미터,"클램프미터, 철공용드릴비트, 고속절단기, 목공용드릴비트, 드릴비트세트",Expecting value: line 1 column 1 (char 0),,
qwen3.5:9b,끌(38mm),error,철공용드릴비트,"철공용드릴비트, 클램프미터, 고속절단기, 철공용드릴비트세트, 목공용드릴비트",Expecting value: line 1 column 1 (char 0),,
qwen3.5:9b,끌(50m),error,고속절단기,"고속절단기, 클램프미터, 정밀드라이버세트, 전동압착기, 다림추",Expecting value: line 1 column 1 (char 0),,
qwen3.5:9b,끌(50mm),error,클램프미터,"클램프미터, 고속절단기, 철공용드릴비트, 목공용드릴비트, 정밀드라이버세트",Expecting value: line 1 column 1 (char 0),,
qwen3.5:9b,끌(9m),error,고속절단기,"고속절단기, 클램프미터, 전동압착기, 철공용드릴비트, 끌세트",Expecting value: line 1 column 1 (char 0),,
qwen3.5:9b,끌세트,error,끌세트,"끌세트, 스패너세트, 소켓렌치세트, T렌치세트, 기어렌치세트",Expecting value: line 1 column 1 (char 0),끌세트,False
qwen3.5:9b,끌톱(알미늄 톱대),error,끌세트,"끌세트, 스패너세트, 타일컷터, 편구스패너, 쇠지렛대",Expecting value: line 1 column 1 (char 0),,
qwen3.5:9b,나리온 무선 충전 그라인더,error,충전해머드릴,"충전해머드릴, 냉동라쳇렌치, 다이아고날플라이어, 앤드컷팅니퍼, 옵셋렌치",Expecting value: line 1 column 1 (char 0),앵글그라인더,False
qwen3.5:9b,나무 빠루망치,error,육각렌치,"육각렌치, 원형톱, 목공줄, 납볼망치, 만능렌치",Expecting value: line 1 column 1 (char 0),,
qwen3.5:9b,나무기리 셋트 1개,error,스패너세트,"스패너세트, 기어렌치세트, 드릴비트세트, T렌치세트, 소켓렌치세트",Expecting value: line 1 column 1 (char 0),,
qwen3.5:9b,나무망치,error,스패너,"스패너, 커터, 빠루망치, 에어건, 장도리",Expecting value: line 1 column 1 (char 0),,
qwen3.5:9b,나무인두,error,편구스패너,"편구스패너, 장도리, 줄자, 육각렌치, 스크레퍼",Expecting value: line 1 column 1 (char 0),,
qwen3.5:9b,나무톱,error,쇠톱,"쇠톱, 원형톱, 톱, 접톱, 목공용접톱",Expecting value: line 1 column 1 (char 0),목공톱,False
qwen3.5:9b,나무톱 1개,error,쇠톱,"쇠톱, 원형톱, 목공줄, 스패너세트, 드릴비트세트",Expecting value: line 1 column 1 (char 0),,
qwen3.5:9b,나무톱(1),error,스패너세트,"스패너세트, 원형톱, 쇠톱, 끌세트, 소켓렌치세트",Expecting value: line 1 column 1 (char 0),,
qwen3.5:9b,나무톱(2),error,스패너세트,"스패너세트, 원형톱, 소켓렌치세트, T렌치세트, 기어렌치세트",Expecting value: line 1 column 1 (char 0),,
qwen3.5:9b,나사,error,장도리,"장도리, 에어건, 커터, 전동타카, 고무망치",Expecting value: line 1 column 1 (char 0),,
qwen3.5:9b,나사못세트,error,기어렌치세트,"기어렌치세트, 스패너세트, 전지가위, T렌치세트, 공구세트",Expecting value: line 1 column 1 (char 0),,
qwen3.5:9b,나사세트,error,다이스세트,"다이스세트, 소켓렌치세트, 볼렌치세트, 스패너세트, 장도리",Expecting value: line 1 column 1 (char 0),,
qwen3.5:9b,나사피스세트,error,소켓렌치세트,"소켓렌치세트, 볼렌치세트, 스패너세트, 다이스세트, 편구스패너",Expecting value: line 1 column 1 (char 0),,
qwen3.5:9b,낙엽 송풍기,error,모종삽,"모종삽, 육각렌치, 글루스틱, 스패너세트, 기어렌치세트",Expecting value: line 1 column 1 (char 0),,
qwen3.5:9b,날개페퍼(4″),error,전동공구세트,"전동공구세트, 스패너세트, 기어렌치세트, 공구세트, 드릴비트세트",Expecting value: line 1 column 1 (char 0),,
qwen3.5:9b,납,error,납볼망치,"납볼망치, 장도리, 절단석, 손타카, 돌망치",Expecting value: line 1 column 1 (char 0),,
qwen3.5:9b,납 인두,error,납볼망치,"납볼망치, 손타카, 절단석, 드릴비트, 임팩트드릴",Expecting value: line 1 column 1 (char 0),,
qwen3.5:9b,납 인두기& 흡입기 등,error,드릴비트세트,"드릴비트세트, 석고대패, 전지가위, 납볼망치, 공구세트",Expecting value: line 1 column 1 (char 0),,
qwen3.5:9b,납땜기,error,드릴비트세트,"드릴비트세트, 스패너세트, 타일컷터, 공구세트, 소켓렌치세트",Expecting value: line 1 column 1 (char 0),,
qwen3.5:9b,납볼 망치,error,고무망치,"고무망치, 전선릴, 쇠지렛대, 편구스패너, 전동드릴",Expecting value: line 1 column 1 (char 0),,
qwen3.5:9b,납볼망치,error,납볼망치,"납볼망치, 전지가위, 돌망치, 빠루망치, 그립망치",Expecting value: line 1 column 1 (char 0),,
qwen3.5:9b,낫,error,에어건,"에어건, 만능렌치, 해머드릴, 줄자, 빠루망치",Expecting value: line 1 column 1 (char 0),,
qwen3.5:9b,냉동라쳇,error,냉동라쳇렌치,"냉동라쳇렌치, 옵셋렌치, 다이아고날플라이어, 스냅링플라이어, 플라이어렌치",Expecting value: line 1 column 1 (char 0),,
qwen3.5:9b,네모삽,error,전선릴,"전선릴, 편구스패너, 고무망치, 타일컷터, 와이어스트리퍼",Expecting value: line 1 column 1 (char 0),,
qwen3.5:9b,네일헤머,error,전선릴,"전선릴, 와이어스트리퍼, 편구스패너, 전동드라이버, 타일컷터",Expecting value: line 1 column 1 (char 0),,
qwen3.5:9b,노기스,error,장도리,"장도리, 다이스세트, 커터, 돌망치, 타카",Expecting value: line 1 column 1 (char 0),버니어캘리퍼스,False
qwen3.5:9b,노루발못뽑이,error,타일컷터,"타일컷터, 고압세척기, 편구스패너, 끌세트, 해머드릴",Expecting value: line 1 column 1 (char 0),,
qwen3.5:9b,노루발장도리,error,스패너세트,"스패너세트, 끌세트, T렌치세트, 소켓렌치세트, 목공줄",Expecting value: line 1 column 1 (char 0),,
qwen3.5:9b,노즈 플라이어,error,스냅링플라이어,"스냅링플라이어, 다이아고날플라이어, 앵글그라인더, 옵셋렌치, 플라이어렌치",Expecting value: line 1 column 1 (char 0),,
qwen3.5:9b,농구공,error,타일컷터,"타일컷터, 스패너, 카운터싱크, 전선릴, 만능렌치",Expecting value: line 1 column 1 (char 0),,
qwen3.5:9b,눈금자,error,고무망치,"고무망치, 해머드릴, 그립망치, 빠루망치, 만능렌치",Expecting value: line 1 column 1 (char 0),,
qwen3.5:9b,뉴 경질 7~8인용 코펠,error,편구스패너,"편구스패너, 소켓렌치세트, 볼렌치세트, 라쳇렌치세트, 전동공구세트",Expecting value: line 1 column 1 (char 0),,
qwen3.5:9b,니퍼,error,니퍼,"니퍼, 줄자, 장도리, 돌망치, 글루건",Expecting value: line 1 column 1 (char 0),니퍼,False
qwen3.5:9b,니퍼,error,니퍼,"니퍼, 줄자, 장도리, 돌망치, 글루건",Expecting value: line 1 column 1 (char 0),니퍼,False
qwen3.5:9b,니퍼 (150mm),error,클램프미터,"클램프미터, 고속절단기, 강력니퍼, 공구세트, 철공용드릴비트",Expecting value: line 1 column 1 (char 0),니퍼,False
qwen3.5:9b,니퍼 1개,error,만능렌치,"만능렌치, 그립망치, 빠루망치, 임팩트드릴, 납볼망치",Expecting value: line 1 column 1 (char 0),,
qwen3.5:9b,니퍼 2개,error,손타카,"손타카, 그립망치, 목공줄, 만능렌치, 니퍼",Expecting value: line 1 column 1 (char 0),,
qwen3.5:9b,니퍼 5개,error,기어렌치세트,"기어렌치세트, 그립망치, 스패너세트, 만능렌치, T렌치세트",Expecting value: line 1 column 1 (char 0),,
qwen3.5:9b,니퍼 6,error,니퍼,"니퍼, 글루건, 다이스세트, 장도리, 손타카",Expecting value: line 1 column 1 (char 0),,
qwen3.5:9b,니퍼 6″,error,강력니퍼,"강력니퍼, 목공줄, 만능렌치, 스패너세트, 기어렌치세트",Expecting value: line 1 column 1 (char 0),,
qwen3.5:9b,니퍼 6인치,error,와이어스트리퍼,"와이어스트리퍼, 해머드릴, 전선릴, 편구스패너, 고무망치",Expecting value: line 1 column 1 (char 0),니퍼,False
qwen3.5:9b,니퍼 7,error,니퍼,"니퍼, 강력니퍼, 장도리, 건타카, 글루건",Expecting value: line 1 column 1 (char 0),,
qwen3.5:9b,니퍼 7'' 2개,error,만능렌치,"만능렌치, 스패너세트, 강력니퍼, 기어렌치세트, 목공줄",Expecting value: line 1 column 1 (char 0),,
qwen3.5:9b,니퍼(1),error,니퍼,"니퍼, 만능렌치, 다이스세트, 볼렌치세트, 장도리",Expecting value: line 1 column 1 (char 0),,
qwen3.5:9b,"니퍼(180mm,200mm)",error,클램프미터,"클램프미터, 고속절단기, 철공용드릴비트세트, 철공용드릴비트, 전동공구세트",Expecting value: line 1 column 1 (char 0),,
qwen3.5:9b,니퍼(2),error,니퍼,"니퍼, 강력니퍼, T렌치세트, 기어렌치세트, 직각자",Expecting value: line 1 column 1 (char 0),,
qwen3.5:9b,니퍼(6#),error,니퍼,"니퍼, 만능렌치, 그립망치, 납볼망치, 임팩트드릴",Expecting value: line 1 column 1 (char 0),,
qwen3.5:9b,니퍼(6'') 1개,error,만능렌치,"만능렌치, 그립망치, 스패너세트, 니퍼, 목공줄",Expecting value: line 1 column 1 (char 0),,
qwen3.5:9b,니퍼(6) 3개,error,기어렌치세트,"기어렌치세트, T렌치세트, 소켓렌치세트, 스패너세트, 니퍼",Expecting value: line 1 column 1 (char 0),,
qwen3.5:9b,니퍼(6″),error,강력니퍼,"강력니퍼, 만능렌치, 목공줄, 기어렌치세트, 니퍼",Expecting value: line 1 column 1 (char 0),,
qwen3.5:9b,니퍼(6인치),error,만능렌치,"만능렌치, 니퍼, 빠루망치, 고무망치, 그립망치",Expecting value: line 1 column 1 (char 0),니퍼,False
qwen3.5:9b,니퍼(7inch),error,클램프미터,"클램프미터, 드릴비트, 공구세트, 비트세트, 스패너세트",Expecting value: line 1 column 1 (char 0),,
qwen3.5:9b,니퍼(7인치),error,니퍼,"니퍼, 강력니퍼, 만능렌치, 스패너세트, 카운터싱크",Expecting value: line 1 column 1 (char 0),니퍼,False
qwen3.5:9b,니퍼(8인치),error,니퍼,"니퍼, 강력니퍼, 만능렌치, 스패너세트, 기어렌치세트",Expecting value: line 1 column 1 (char 0),니퍼,False
qwen3.5:9b,"니퍼, 펜치",error,니퍼,"니퍼, 펜치, 목공줄, 줄자, 손타카",Expecting value: line 1 column 1 (char 0),,
qwen3.5:9b,니퍼/펜치/플라이어,error,굽은노즈플라이어,"굽은노즈플라이어, 편구스패너, 옵셋렌치, 라쳇렌치세트, 쇠지렛대",Expecting value: line 1 column 1 (char 0),,
qwen3.5:9b,니퍼2706,error,니퍼,"니퍼, 강력니퍼, 소켓렌치세트, 양용드라이버, 전지가위",Expecting value: line 1 column 1 (char 0),,
qwen3.5:9b,니퍼2개,error,니퍼,"니퍼, 손타카, 목공줄, 만능렌치, 그립망치",Expecting value: line 1 column 1 (char 0),,
qwen3.5:9b,니퍼6＂,error,니퍼,"니퍼, 임팩트드릴, 그립망치, 만능렌치, 강력니퍼",Expecting value: line 1 column 1 (char 0),,
qwen3.5:9b,니퍼7＂,error,니퍼,"니퍼, 강력니퍼, 임팩트드릴, 만능렌치, 그립망치",Expecting value: line 1 column 1 (char 0),,
qwen3.5:9b,니퍼8인치,error,라쳇렌치세트,"라쳇렌치세트, 굽은노즈플라이어, 와이어스트리퍼, 편구스패너, 스크레퍼",Expecting value: line 1 column 1 (char 0),,
qwen3.5:9b,니퍼빅터,error,앤드컷팅니퍼,"앤드컷팅니퍼, 냉동라쳇렌치, 버니어캘리퍼스, 바이스그립플라이어, 다이아고날플라이어",Expecting value: line 1 column 1 (char 0),,
qwen3.5:9b,닌텐도 게임팩 JUST DANCE,error,송풍기,"송풍기, 해머드릴, 만능렌치, 열화상카메라, 스패너세트",Expecting value: line 1 column 1 (char 0),,
qwen3.5:9b,닌텐도 게임팩 동물의 숲,error,와이어스트리퍼,"와이어스트리퍼, 앤드컷팅니퍼, 편구스패너, 플라이어렌치, 굽은노즈플라이어",Expecting value: line 1 column 1 (char 0),,
qwen3.5:9b,닌텐도 게임팩 마리오와 소닉 2020 도쿄 올림픽,error,전동타카,"전동타카, 전동공구세트, 열화상카메라, 소켓렌치세트, 만능렌치",Expecting value: line 1 column 1 (char 0),,
qwen3.5:9b,닌텐도 게임팩 슈퍼마리오 U디럭스,error,앤드컷팅니퍼,"앤드컷팅니퍼, 냉동라쳇렌치, 버니어캘리퍼스, 옵셋렌치, 충전해머드릴",Expecting value: line 1 column 1 (char 0),,
qwen3.5:9b,닌텐도 게임팩 슈퍼마리오 디럭스8,error,충전해머드릴,"충전해머드릴, 앤드컷팅니퍼, 버니어캘리퍼스, 냉동라쳇렌치, 옵셋렌치",Expecting value: line 1 column 1 (char 0),,
qwen3.5:9b,닌텐도 게임팩 슈퍼마리오 파티,error,충전해머드릴,"충전해머드릴, 앤드컷팅니퍼, 열화상카메라, 와이어스트리퍼, 전선릴",Expecting value: line 1 column 1 (char 0),,
qwen3.5:9b,닌텐도 게임팩 테니스 에이스,error,앤드컷팅니퍼,"앤드컷팅니퍼, 냉동라쳇렌치, 버니어캘리퍼스, 바이스그립플라이어, 충전해머드릴",Expecting value: line 1 column 1 (char 0),,
qwen3.5:9b,닌텐도 게임팩 피파21,error,에어컴프레서,"에어컴프레서, 충전해머드릴, 소켓렌치세트, 편구스패너, 와이어스트리퍼",Expecting value: line 1 column 1 (char 0),,
qwen3.5:9b,닌텐도게임칩,error,드릴비트세트,"드릴비트세트, 에어컴프레서, 소켓렌치세트, 스패너세트, 공구세트",Expecting value: line 1 column 1 (char 0),,
qwen3.5:9b,닌텐도스위치,error,플라이어렌치,"플라이어렌치, 굽은노즈플라이어, 옵셋렌치, 전동드라이버, 라쳇렌치세트",Expecting value: line 1 column 1 (char 0),,
qwen3.5:9b,닐선,error,니퍼,"니퍼, 줄자, 렌치, 에어건, 고무망치",Expecting value: line 1 column 1 (char 0),,
qwen3.5:9b,다가네드라이버,error,전동드라이버,"전동드라이버, 양용드라이버, 편구스패너, 굽은노즈플라이어, 와이어스트리퍼",Expecting value: line 1 column 1 (char 0),,
qwen3.5:9b,다기능 안전건타카,error,안전모,"안전모, 안전로프, 보안경, 고속절단기, 전동압착기",Expecting value: line 1 column 1 (char 0),,
qwen3.5:9b,다기능 탐지기,error,육각렌치세트,"육각렌치세트, 전동압착기, 정밀드라이버세트, 조합렌치세트, 전동공구세트",Expecting value: line 1 column 1 (char 0),,
qwen3.5:9b,다기능실리콘건,error,실리콘건,"실리콘건, 전동공구세트, 공구함세트, 전자산업용니퍼, 정밀드라이버세트",Expecting value: line 1 column 1 (char 0),,
qwen3.5:9b,다기능안전건타카,error,안전모,"안전모, 안전로프, 보안경, 전동압착기, 전지가위",Expecting value: line 1 column 1 (char 0),,
qwen3.5:9b,다목적 가위,error,다목적가위,"다목적가위, 공구함, 전지가위, 납볼망치, 고지가위",Expecting value: line 1 column 1 (char 0),다목적가위,False
qwen3.5:9b,다목적 가위,error,다목적가위,"다목적가위, 공구함, 전지가위, 납볼망치, 고지가위",Expecting value: line 1 column 1 (char 0),다목적가위,False
qwen3.5:9b,다목적 가위 P-300,error,고속절단기,"고속절단기, 정밀드라이버세트, SDS드릴비트, 전동공구세트, 공구함세트",Expecting value: line 1 column 1 (char 0),,
qwen3.5:9b,다목적 가위(P-220),error,SDS드릴비트,"SDS드릴비트, 조합렌치세트, 공구함세트, 전동공구세트, 기어렌치세트",Expecting value: line 1 column 1 (char 0),,
qwen3.5:9b,다목적 공구세트,error,공구함세트,"공구함세트, 공구세트, 전동공구세트, 육각렌치세트, 정밀드라이버세트",Expecting value: line 1 column 1 (char 0),,
qwen3.5:9b,다목적 드릴비트 세트,error,공구함세트,"공구함세트, 육각렌치세트, 조합렌치세트, 비트세트, 기어렌치세트",Expecting value: line 1 column 1 (char 0),,
qwen3.5:9b,다목적 드릴비트(육각),error,기어렌치세트,"기어렌치세트, T렌치세트, 전지가위, 납볼망치, 공구세트",Expecting value: line 1 column 1 (char 0),,
qwen3.5:9b,다목적 드릴비트세트,error,공구함세트,"공구함세트, 육각렌치세트, 조합렌치세트, 기어렌치세트, 비트세트",Expecting value: line 1 column 1 (char 0),,
qwen3.5:9b,다목적 비트세트,error,비트세트,"비트세트, 공구함세트, 조합렌치세트, 육각렌치세트, T렌치세트",Expecting value: line 1 column 1 (char 0),,
qwen3.5:9b,다목적 전지가위(양손),error,다목적가위,"다목적가위, 전지가위, 납볼망치, 공구함, 고지가위",Expecting value: line 1 column 1 (char 0),,
qwen3.5:9b,다목적가위,error,다목적가위,"다목적가위, 공구함, 전지가위, 납볼망치, 고지가위",Expecting value: line 1 column 1 (char 0),다목적가위,False
qwen3.5:9b,다목적가위(190MM),error,클램프미터,"클램프미터, 전동공구세트, 공구함세트, 육각렌치세트, 공구세트",Expecting value: line 1 column 1 (char 0),,
qwen3.5:9b,다목적가위(190mm),error,클램프미터,"클램프미터, 전동공구세트, 공구세트, 철공용드릴비트, 고속절단기",Expecting value: line 1 column 1 (char 0),,
qwen3.5:9b,다목적가위(소),error,다목적가위,"다목적가위, 전지가위, 공구함, 납볼망치, 고지가위",Expecting value: line 1 column 1 (char 0),,
qwen3.5:9b,다목적드릴비트세트,error,공구함세트,"공구함세트, 육각렌치세트, 조합렌치세트, 기어렌치세트, 전동공구세트",Expecting value: line 1 column 1 (char 0),,
qwen3.5:9b,다목적드릴비트세트(100PCS),error,SDS드릴비트,"SDS드릴비트, 정밀드라이버세트, 전동공구세트, 철공용드릴비트세트, 비트세트",Expecting value: line 1 column 1 (char 0),,
qwen3.5:9b,다목적드릴비트세트(33PCS),error,SDS드릴비트,"SDS드릴비트, 철공용드릴비트세트, 정밀드라이버세트, 비트세트, 전동공구세트",Expecting value: line 1 column 1 (char 0),,
qwen3.5:9b,다목적드릴비트세트(33pcs),error,SDS드릴비트,"SDS드릴비트, 클램프미터, 철공용드릴비트세트, 공구함세트, 정밀드라이버세트",Expecting value: line 1 column 1 (char 0),,
qwen3.5:9b,다목적드릴비트세트(50PCS),error,SDS드릴비트,"SDS드릴비트, 정밀드라이버세트, 철공용드릴비트세트, 공구함세트, 전동공구세트",Expecting value: line 1 column 1 (char 0),,
qwen3.5:9b,다목적드릴비트세트(TIN-338),error,비트세트,"비트세트, 철공용드릴비트세트, 공구함세트, SDS드릴비트, 정밀드라이버세트",Expecting value: line 1 column 1 (char 0),,
qwen3.5:9b,다용도 공구세트,error,공구세트,"공구세트, 전동공구세트, 공구함세트, 정밀드라이버세트, 드릴비트세트",Expecting value: line 1 column 1 (char 0),,
qwen3.5:9b,다용도 매직렌치,error,앤드컷팅니퍼,"앤드컷팅니퍼, 충전해머드릴, 옵셋렌치, 전선릴, 와이어스트리퍼",Expecting value: line 1 column 1 (char 0),,
qwen3.5:9b,다용도 미니 조명,error,육각렌치세트,"육각렌치세트, 정밀드라이버세트, 고속절단기, 별렌치세트, 라돈측정기",Expecting value: line 1 column 1 (char 0),,
qwen3.5:9b,다용도 전지가위,error,전지가위,"전지가위, 납볼망치, 만능렌치, 소켓렌치세트, 스패너세트",Expecting value: line 1 column 1 (char 0),,
qwen3.5:9b,다용도 톱,error,톱,"톱, 쇠톱, 원형톱, 접톱, 목공줄",Expecting value: line 1 column 1 (char 0),,
qwen3.5:9b,다용도가위,error,전지가위,"전지가위, 납볼망치, 만능렌치, 빠루망치, 직각자",Expecting value: line 1 column 1 (char 0),,
qwen3.5:9b,다용도톱,error,쇠톱,"쇠톱, 접톱, 톱, 원형톱, 전정톱",Expecting value: line 1 column 1 (char 0),,
qwen3.5:9b,다운트랜스 2개,error,편구스패너,"편구스패너, 타일컷터, 스패너세트, 만능렌치, 줄자",Expecting value: line 1 column 1 (char 0),,
qwen3.5:9b,다이아타입 플라이어,error,플라이어렌치,"플라이어렌치, 굽은노즈플라이어, 다이아고날플라이어, 플라이어, 스냅링플라이어",Expecting value: line 1 column 1 (char 0),다이아고날플라이어,False
qwen3.5:9b,단렌치,error,고무망치,"고무망치, 렌치, 빠루망치, 전선릴, 장도리",Expecting value: line 1 column 1 (char 0),,
qwen3.5:9b,단면톱,error,접톱,"접톱, 쇠톱, 원형톱, 톱, 절단석",Expecting value: line 1 column 1 (char 0),,
qwen3.5:9b,단용드라이버(6인치),error,정밀드라이버세트,"정밀드라이버세트, 전동공구세트, 고속절단기, 드라이버세트, 공구세트",Expecting value: line 1 column 1 (char 0),,
qwen3.5:9b,단일지향 미니마이크,error,편구스패너,"편구스패너, 와이어스트리퍼, 타일컷터, 양용드라이버, 고무망치",Expecting value: line 1 column 1 (char 0),,
qwen3.5:9b,대각커팅니퍼,error,앤드컷팅니퍼,"앤드컷팅니퍼, 버니어캘리퍼스, 냉동라쳇렌치, 바이스그립플라이어, 와이어스트리퍼",Expecting value: line 1 column 1 (char 0),,
qwen3.5:9b,대드라이버,error,양용드라이버,"양용드라이버, 커터, 장도리, 전동드릴, 납볼망치",Expecting value: line 1 column 1 (char 0),,
qwen3.5:9b,대여용 장바구니 캐리어,error,냉동라쳇렌치,"냉동라쳇렌치, 바이스그립플라이어, 다이아고날플라이어, 앵글그라인더, 버니어캘리퍼스",Expecting value: line 1 column 1 (char 0),,
qwen3.5:9b,대일손타카(8mm),error,클램프미터,"클램프미터, 전동공구세트, 공구세트, 드릴비트세트, 고속절단기",Expecting value: line 1 column 1 (char 0),,
qwen3.5:9b,대진스프링청소기,error,스프링배관청소기,"스프링배관청소기, 전지가위, 납볼망치, 타일컷터, 육각렌치",Expecting value: line 1 column 1 (char 0),,
qwen3.5:9b,대차,error,전지가위,"전지가위, 스패너, 줄자, 에어건, 손타카",Expecting value: line 1 column 1 (char 0),,
qwen3.5:9b,대차(P),error,전지가위,"전지가위, 납볼망치, 전동공구세트, 전동압착기, 만능렌치",Expecting value: line 1 column 1 (char 0),,
qwen3.5:9b,대타카(CT-64),error,SDS드릴비트,"SDS드릴비트, 고속절단기, 정밀드라이버세트, 전동공구세트, 공구함세트",Expecting value: line 1 column 1 (char 0),,
qwen3.5:9b,대톱,error,타카,"타카, 돌망치, 장도리, 건타카, 모종삽",Expecting value: line 1 column 1 (char 0),,
qwen3.5:9b,대패,error,대패,"대패, 돌망치, 석고대패, 납볼망치, 공구함",Expecting value: line 1 column 1 (char 0),대패,False
qwen3.5:9b,대형고무대야 2,error,굽은노즈플라이어,"굽은노즈플라이어, 전선릴, 쇠지렛대, 옵셋렌치, 편구스패너",Expecting value: line 1 column 1 (char 0),,
qwen3.5:9b,대형줄자(50m),error,클램프미터,"클램프미터, 고속절단기, 전동공구세트, 육각렌치세트, 수평기",Expecting value: line 1 column 1 (char 0),,
qwen3.5:9b,더블디40,error,소켓렌치세트,"소켓렌치세트, 타일컷터, 볼렌치세트, 스패너세트, 끌세트",Expecting value: line 1 column 1 (char 0),,
qwen3.5:9b,덤벨 세트,error,기어렌치세트,"기어렌치세트, T렌치세트, 스패너세트, 조합렌치세트, 공구함세트",Expecting value: line 1 column 1 (char 0),,
qwen3.5:9b,데크트럭,error,드라이버세트,"드라이버세트, 드라이버, 핸드카트, 정밀드라이버세트, 공구세트",Expecting value: line 1 column 1 (char 0),,
qwen3.5:9b,데크트럭(대차),error,드라이버세트,"드라이버세트, 드라이버, T핸드드라이버, 핸드카트, 정밀드라이버세트",Expecting value: line 1 column 1 (char 0),,
qwen3.5:9b,도끼,error,도끼,"도끼, 손타카, 스패너, 빠루망치, 커터",Expecting value: line 1 column 1 (char 0),도끼,False
qwen3.5:9b,도배 사다리,error,사다리,"사다리, A형사다리, 편구스패너, 육각렌치, 끌세트",Expecting value: line 1 column 1 (char 0),,
qwen3.5:9b,도배사다리,error,수평기,"수평기, 육각렌치, 다림추, 전지가위, 만능렌치",Expecting value: line 1 column 1 (char 0),,
qwen3.5:9b,"도스키 톱날, 톱대(300)",error,드릴비트세트,"드릴비트세트, 스패너세트, 목공줄, 기어렌치세트, 소켓렌치세트",Expecting value: line 1 column 1 (char 0),,
qwen3.5:9b,도청카메라탐지기,error,라돈측정기,"라돈측정기, SDS드릴비트, 전자산업용니퍼, 정밀드라이버세트, 육각렌치세트",Expecting value: line 1 column 1 (char 0),,
qwen3.5:9b,도청카메라탐지기세트,error,정밀드라이버세트,"정밀드라이버세트, 육각렌치세트, SDS드릴비트, 전동공구세트, 라돈측정기",Expecting value: line 1 column 1 (char 0),,
qwen3.5:9b,돌 망치,error,타일컷터,"타일컷터, 절단석, 편구스패너, 만능렌치, 고무망치",Expecting value: line 1 column 1 (char 0),,
qwen3.5:9b,돌망치,error,돌망치,"돌망치, 그립망치, 납볼망치, 빠루망치, 장도리",Expecting value: line 1 column 1 (char 0),돌망치,False
qwen3.5:9b,돌망치,error,돌망치,"돌망치, 그립망치, 납볼망치, 빠루망치, 장도리",Expecting value: line 1 column 1 (char 0),돌망치,False
qwen3.5:9b,돌망치 0.9kg,error,클램프미터,"클램프미터, 고속절단기, 직소기, 강력니퍼, 공구세트",Expecting value: line 1 column 1 (char 0),,
qwen3.5:9b,돌망치(고무자루),error,전동타카,"전동타카, 고무망치, 와이어스트리퍼, 전선릴, 토크렌치",Expecting value: line 1 column 1 (char 0),,
qwen3.5:9b,돌망치(중 사이즈),error,스패너세트,"스패너세트, 기어렌치세트, 소켓렌치세트, 전동공구세트, 공구세트",Expecting value: line 1 column 1 (char 0),,
qwen3.5:9b,동력예취기,error,전동압착기,"전동압착기, 전지가위, 석고대패, 납볼망치, 강력니퍼",Expecting value: line 1 column 1 (char 0),,
qwen3.5:9b,동커팅기,error,타일컷터,"타일컷터, 만능렌치, 카운터싱크, 납볼망치, 소켓렌치세트",Expecting value: line 1 column 1 (char 0),,
qwen3.5:9b,동파이프 커터,error,드릴비트세트,"드릴비트세트, 끌세트, 드릴비트, 볼트컷터, 목공줄",Expecting value: line 1 column 1 (char 0),,
qwen3.5:9b,드라이버,error,드라이버,"드라이버, 드라이버세트, T핸드드라이버, 양용드라이버, 핸드카트",Expecting value: line 1 column 1 (char 0),드라이버,False
qwen3.5:9b,드라이버 (투명양용),error,드라이버세트,"드라이버세트, 드라이버, T핸드드라이버, 정밀드라이버세트, 핸드카트",Expecting value: line 1 column 1 (char 0),,
qwen3.5:9b,드라이버 2개,error,드라이버세트,"드라이버세트, 드라이버, 양용드라이버, 끌세트, 전동드릴",Expecting value: line 1 column 1 (char 0),,
qwen3.5:9b,드라이버 3개,error,드라이버세트,"드라이버세트, 드라이버, 정밀드라이버세트, T핸드드라이버, 끌세트",Expecting value: line 1 column 1 (char 0),,
qwen3.5:9b,드라이버 5개,error,드라이버세트,"드라이버세트, 드라이버, 정밀드라이버세트, 전동공구세트, 양용드라이버",Expecting value: line 1 column 1 (char 0),,
qwen3.5:9b,드라이버 8종세트,error,드라이버세트,"드라이버세트, 정밀드라이버세트, 전동공구세트, 공구세트, 기어렌치세트",Expecting value: line 1 column 1 (char 0),,
qwen3.5:9b,"드라이버 대(2), 중(1)",error,드라이버세트,"드라이버세트, 드라이버, 정밀드라이버세트, 전동공구세트, 조합렌치세트",Expecting value: line 1 column 1 (char 0),,
qwen3.5:9b,드라이버 드릴,error,드라이버,"드라이버, 드라이버세트, 충전해머드릴, 전동드라이버, 양용드라이버",Expecting value: line 1 column 1 (char 0),,
qwen3.5:9b,드라이버 드릴 비트,error,드라이버세트,"드라이버세트, 드라이버, 정밀드라이버세트, T핸드드라이버, 핸드카트",Expecting value: line 1 column 1 (char 0),,
qwen3.5:9b,드라이버 비트,error,드라이버세트,"드라이버세트, 드라이버, 양용드라이버, 끌세트, 커터",Expecting value: line 1 column 1 (char 0),,
qwen3.5:9b,드라이버 비트 세트,error,드라이버세트,"드라이버세트, 정밀드라이버세트, 드라이버, 전동공구세트, T핸드드라이버",Expecting value: line 1 column 1 (char 0),,
qwen3.5:9b,드라이버 비트 세트(37PCS),error,드라이버세트,"드라이버세트, 정밀드라이버세트, SDS드릴비트, 충전임팩트드라이버, 고속절단기",Expecting value: line 1 column 1 (char 0),,
qwen3.5:9b,드라이버 비트 토션비트 110mm,error,전동공구세트,"전동공구세트, 드라이버세트, 고속절단기, 정밀드라이버세트, 클램프미터",Expecting value: line 1 column 1 (char 0),,
qwen3.5:9b,"드라이버 비트(대,중,소)",error,드라이버세트,"드라이버세트, 드라이버, 충전해머드릴, 로터리해머드릴, 양용드라이버",Expecting value: line 1 column 1 (char 0),,
qwen3.5:9b,드라이버 비트세트,error,드라이버세트,"드라이버세트, 정밀드라이버세트, 드라이버, 전동공구세트, 공구세트",Expecting value: line 1 column 1 (char 0),,
qwen3.5:9b,드라이버 세트,error,드라이버세트,"드라이버세트, 드라이버, 정밀드라이버세트, T핸드드라이버, 핸드카트",Expecting value: line 1 column 1 (char 0),,
qwen3.5:9b,드라이버 수공구세트,error,드라이버세트,"드라이버세트, 정밀드라이버세트, 전동공구세트, 공구세트, 목공용드릴비트",Expecting value: line 1 column 1 (char 0),,
qwen3.5:9b,드라이버 십자 단용 8+,error,드라이버세트,"드라이버세트, 정밀드라이버세트, 드라이버, 전동공구세트, T핸드드라이버",Expecting value: line 1 column 1 (char 0),,
qwen3.5:9b,드라이버 양용,error,전동드라이버,"전동드라이버, 충전해머드릴, 양용드라이버, 드라이버, 드라이버세트",Expecting value: line 1 column 1 (char 0),,
qwen3.5:9b,"드라이버(-,+)",error,드라이버세트,"드라이버세트, 드라이버, 정밀드라이버세트, T핸드드라이버, 끌세트",Expecting value: line 1 column 1 (char 0),,
qwen3.5:9b,드라이버(-자),error,드라이버세트,"드라이버세트, 드라이버, 양용드라이버, 충전해머드릴, 전동드라이버",Expecting value: line 1 column 1 (char 0),,
qwen3.5:9b,드라이버(2),error,드라이버세트,"드라이버세트, 드라이버, 정밀드라이버세트, 전동공구세트, 끌세트",Expecting value: line 1 column 1 (char 0),,
qwen3.5:9b,드라이버(2150mm),error,드라이버세트,"드라이버세트, 정밀드라이버세트, 클램프미터, 고속절단기, 드라이버",Expecting value: line 1 column 1 (char 0),,
qwen3.5:9b,드라이버(4),error,드라이버세트,"드라이버세트, 드라이버, 정밀드라이버세트, T핸드드라이버, 핸드카트",Expecting value: line 1 column 1 (char 0),,
qwen3.5:9b,드라이버(대),error,냉동라쳇렌치,"냉동라쳇렌치, 앤드컷팅니퍼, 다이아고날플라이어, 앵글그라인더, 버니어캘리퍼스",Expecting value: line 1 column 1 (char 0),,
qwen3.5:9b,드라이버(소),error,드라이버세트,"드라이버세트, 드라이버, 양용드라이버, 충전해머드릴, 전동드릴",Expecting value: line 1 column 1 (char 0),,
qwen3.5:9b,드라이버(십자),error,드라이버세트,"드라이버세트, 드라이버, T핸드드라이버, 핸드카트, 정밀드라이버세트",Expecting value: line 1 column 1 (char 0),,
qwen3.5:9b,"드라이버(십자, 일자 겸용)",error,드라이버세트,"드라이버세트, 드라이버, 로터리해머드릴, 양용드라이버, T핸드드라이버",Expecting value: line 1 column 1 (char 0),,
qwen3.5:9b,드라이버(양용),error,드라이버세트,"드라이버세트, 드라이버, T핸드드라이버, 핸드카트, 정밀드라이버세트",Expecting value: line 1 column 1 (char 0),,
qwen3.5:9b,드라이버(양용) 3개,error,드라이버세트,"드라이버세트, 드라이버, 정밀드라이버세트, T핸드드라이버, 핸드카트",Expecting value: line 1 column 1 (char 0),,
qwen3.5:9b,드라이버(일자),error,드라이버,"드라이버, 드라이버세트, 충전해머드릴, 전동드라이버, 양용드라이버",Expecting value: line 1 column 1 (char 0),,
qwen3.5:9b,"드라이버(일자3,십자1)",error,드라이버세트,"드라이버세트, 드라이버, 정밀드라이버세트, T핸드드라이버, 핸드카트",Expecting value: line 1 column 1 (char 0),,
qwen3.5:9b,드라이버(중),error,드라이버세트,"드라이버세트, 드라이버, T핸드드라이버, 핸드카트, 정밀드라이버세트",Expecting value: line 1 column 1 (char 0),,
qwen3.5:9b,드라이버(충전),error,드라이버세트,"드라이버세트, 드라이버, T핸드드라이버, 정밀드라이버세트, 핸드카트",Expecting value: line 1 column 1 (char 0),,
qwen3.5:9b,드라이버6인치,error,드라이버세트,"드라이버세트, 드라이버, 전동드라이버, 충전해머드릴, 양용드라이버",Expecting value: line 1 column 1 (char 0),,
qwen3.5:9b,드라이버8인치,error,드라이버세트,"드라이버세트, 전동드라이버, 드라이버, 양용드라이버, 라쳇렌치세트",Expecting value: line 1 column 1 (char 0),,
qwen3.5:9b,드라이버드릴,error,드라이버,"드라이버, 드라이버세트, 전동드릴, 양용드라이버, 해머드릴",Expecting value: line 1 column 1 (char 0),,
qwen3.5:9b,드라이버드릴(2),error,양용드라이버,"양용드라이버, 충전해머드릴, 편구스패너, 와이어스트리퍼, 전동드릴",Expecting value: line 1 column 1 (char 0),,
qwen3.5:9b,드라이버라체트,error,전동드라이버,"전동드라이버, 플라이어렌치, 라쳇렌치세트, 다이아고날플라이어, 굽은노즈플라이어",Expecting value: line 1 column 1 (char 0),,
qwen3.5:9b,드라이버류,error,드라이버,"드라이버, 드라이버세트, 양용드라이버, T핸드드라이버, 커터",Expecting value: line 1 column 1 (char 0),,
qwen3.5:9b,드라이버비트,error,드라이버,"드라이버, 드라이버세트, T핸드드라이버, 핸드카트, 양용드라이버",Expecting value: line 1 column 1 (char 0),,
qwen3.5:9b,드라이버비트 1세트,error,드라이버세트,"드라이버세트, 드라이버, 양용드라이버, 끌세트, 소켓렌치세트",Expecting value: line 1 column 1 (char 0),,
qwen3.5:9b,드라이버비트5P,error,드라이버세트,"드라이버세트, 드라이버, 정밀드라이버세트, T핸드드라이버, 핸드카트",Expecting value: line 1 column 1 (char 0),,
qwen3.5:9b,드라이버비트날,error,드라이버세트,"드라이버세트, 드라이버, 양용드라이버, 타일컷터, 전동드릴",Expecting value: line 1 column 1 (char 0),,
qwen3.5:9b,드라이버비트세트 33pcs,error,드라이버세트,"드라이버세트, 정밀드라이버세트, 고속절단기, 충전임팩트드라이버, SDS드릴비트",Expecting value: line 1 column 1 (char 0),,
qwen3.5:9b,드라이버세트,error,드라이버세트,"드라이버세트, 드라이버, 정밀드라이버세트, T핸드드라이버, 끌세트",Expecting value: line 1 column 1 (char 0),드라이버세트,False
qwen3.5:9b,드라이버세트 10pcs,error,드라이버세트,"드라이버세트, 드라이버, 정밀드라이버세트, T핸드드라이버, 고속절단기",Expecting value: line 1 column 1 (char 0),,
qwen3.5:9b,드라이버세트(6PCS),error,드라이버세트,"드라이버세트, 정밀드라이버세트, 드라이버, 고속절단기, T핸드드라이버",Expecting value: line 1 column 1 (char 0),,
qwen3.5:9b,드라이버세트라체트,error,드라이버세트,"드라이버세트, 드라이버, 양용드라이버, 전동드라이버, 와이어스트리퍼",Expecting value: line 1 column 1 (char 0),,
qwen3.5:9b,드라이버세트라체트 14WAY,error,드라이버세트,"드라이버세트, 드라이버, 로터리해머드릴, 양용드라이버, T핸드드라이버",Expecting value: line 1 column 1 (char 0),,
qwen3.5:9b,드라이버양용,error,드라이버세트,"드라이버세트, 전동드라이버, 드라이버, 충전해머드릴, 양용드라이버",Expecting value: line 1 column 1 (char 0),,
qwen3.5:9b,드라이버충전드릴(4개),error,충전해머드릴,"충전해머드릴, 편구스패너, 드라이버세트, 라쳇렌치세트, 로터리해머드릴",Expecting value: line 1 column 1 (char 0),,
qwen3.5:9b,드라이버툴세트,error,드라이버세트,"드라이버세트, 정밀드라이버세트, 드라이버, T핸드드라이버, 전동공구세트",Expecting value: line 1 column 1 (char 0),,
qwen3.5:9b,드라이브,error,커터,"커터, 전동드릴, 스크레퍼, 타일컷터, 끌세트",Expecting value: line 1 column 1 (char 0),,
qwen3.5:9b,드라이브비트세트,error,SDS드릴비트,"SDS드릴비트, 비트세트, 전동공구세트, 공구함세트, 정밀드라이버세트",Expecting value: line 1 column 1 (char 0),,
qwen3.5:9b,드릴,error,드릴비트,"드릴비트, 에어건, 전동드릴, 빠루망치, 해머드릴",Expecting value: line 1 column 1 (char 0),전동드릴,False
qwen3.5:9b,드릴 날 세트,error,소켓렌치세트,"소켓렌치세트, 스패너세트, 편구스패너, 끌세트, 타일컷터",Expecting value: line 1 column 1 (char 0),,
qwen3.5:9b,드릴 비트,error,드릴비트,"드릴비트, 드릴비트세트, 철공용드릴비트, 목공용드릴비트, 볼트컷터",Expecting value: line 1 column 1 (char 0),,
qwen3.5:9b,드릴 비트세트,error,드릴비트세트,"드릴비트세트, 목공용드릴비트, 드릴비트, 공구세트, 철공용드릴비트",Expecting value: line 1 column 1 (char 0),,
qwen3.5:9b,드릴(무선),error,편구스패너,"편구스패너, 스패너세트, 끌세트, 스크레퍼, 쇠지렛대",Expecting value: line 1 column 1 (char 0),충전드릴,False
qwen3.5:9b,"드릴(무선14,4V)",error,철공용드릴비트,"철공용드릴비트, 목공용드릴비트, 드릴비트세트, 철공용드릴비트세트, 고속절단기",Expecting value: line 1 column 1 (char 0),,
qwen3.5:9b,드릴(유선),error,드릴비트세트,"드릴비트세트, 드릴비트, 끌세트, 목공용드릴비트, 목공줄",Expecting value: line 1 column 1 (char 0),전동드릴,False
qwen3.5:9b,드릴(충전),error,드릴비트세트,"드릴비트세트, 드릴비트, 목공줄, 절단석, 목공용드릴비트",Expecting value: line 1 column 1 (char 0),,
qwen3.5:9b,드릴공구,error,드릴비트,"드릴비트, 드릴비트세트, 목공줄, 목공용드릴비트, 공구세트",Expecting value: line 1 column 1 (char 0),,
qwen3.5:9b,드릴기리세트,error,드릴비트세트,"드릴비트세트, 드릴비트, 끌세트, 공구세트, 스패너세트",Expecting value: line 1 column 1 (char 0),,
qwen3.5:9b,드릴날 및 드라이버비트 생활공구피스세트,error,정밀드라이버세트,"정밀드라이버세트, 목공용드릴비트, 드라이버세트, 전동공구세트, 드릴비트세트",Expecting value: line 1 column 1 (char 0),,
qwen3.5:9b,드릴날세트,error,드릴비트세트,"드릴비트세트, 드릴비트, 끌세트, 공구세트, 스패너세트",Expecting value: line 1 column 1 (char 0),,
qwen3.5:9b,드릴날세트(SCORE),error,드릴비트세트,"드릴비트세트, 목공용드릴비트, 철공용드릴비트, 공구세트, 철공용드릴비트세트",Expecting value: line 1 column 1 (char 0),,
qwen3.5:9b,드릴머신 1개,error,해머드릴,"해머드릴, 만능렌치, 임팩트드릴, 빠루망치, 드릴비트",Expecting value: line 1 column 1 (char 0),,
qwen3.5:9b,드릴비트,error,드릴비트,"드릴비트, 드릴비트세트, 절단석, 목공줄, 스패너",Expecting value: line 1 column 1 (char 0),,
qwen3.5:9b,드릴비트 1개,error,드릴비트,"드릴비트, 드릴비트세트, 목공줄, 공구세트, 절단석",Expecting value: line 1 column 1 (char 0),,
qwen3.5:9b,드릴비트 세트,error,드릴비트세트,"드릴비트세트, 공구세트, 공구함세트, 전동공구세트, 기어렌치세트",Expecting value: line 1 column 1 (char 0),드릴비트세트,False
qwen3.5:9b,드릴비트 세트(대)(50pcs),error,고속절단기,"고속절단기, 철공용드릴비트세트, 철공용드릴비트, 목공용드릴비트, 클램프미터",Expecting value: line 1 column 1 (char 0),,
qwen3.5:9b,드릴비트 세트(중)(33pcs),error,클램프미터,"클램프미터, 철공용드릴비트세트, 고속절단기, 철공용드릴비트, 목공용드릴비트",Expecting value: line 1 column 1 (char 0),,
qwen3.5:9b,드릴비트 파우치 세트,error,드릴비트세트,"드릴비트세트, 목공용드릴비트, 공구세트, 전동공구세트, 공구함세트",Expecting value: line 1 column 1 (char 0),,
qwen3.5:9b,드릴비트(box),error,드릴비트세트,"드릴비트세트, 드릴비트, 공구세트, 소켓렌치세트, 전동공구세트",Expecting value: line 1 column 1 (char 0),,
qwen3.5:9b,드릴비트(기리세트),error,드릴비트세트,"드릴비트세트, 스패너세트, 공구세트, 끌세트, 전동공구세트",Expecting value: line 1 column 1 (char 0),,
qwen3.5:9b,드릴비트세트,error,드릴비트세트,"드릴비트세트, 공구세트, 스패너세트, 드릴비트, 끌세트",Expecting value: line 1 column 1 (char 0),드릴비트세트,False
qwen3.5:9b,드릴비트세트,error,드릴비트세트,"드릴비트세트, 공구세트, 스패너세트, 드릴비트, 끌세트",Expecting value: line 1 column 1 (char 0),드릴비트세트,False
qwen3.5:9b,드릴비트세트다목적,error,드릴비트세트,"드릴비트세트, 공구세트, 공구함세트, 전동공구세트, 기어렌치세트",Expecting value: line 1 column 1 (char 0),,
qwen3.5:9b,드릴비트셋3개,error,드릴비트세트,"드릴비트세트, 공구세트, 전동공구세트, 드릴비트, 스패너세트",Expecting value: line 1 column 1 (char 0),,
qwen3.5:9b,드릴비트셋트 2개,error,드릴비트세트,"드릴비트세트, 드릴비트, 공구세트, 전동공구세트, 목공용드릴비트",Expecting value: line 1 column 1 (char 0),,
qwen3.5:9b,드릴세트,error,드릴비트세트,"드릴비트세트, 드릴비트, 공구세트, 목공줄, 볼트컷터",Expecting value: line 1 column 1 (char 0),,
qwen3.5:9b,드릴세트 13pcs,error,철공용드릴비트,"철공용드릴비트, 클램프미터, 목공용드릴비트, 철공용드릴비트세트, 고속절단기",Expecting value: line 1 column 1 (char 0),,
qwen3.5:9b,드릴세트 2개,error,드릴비트세트,"드릴비트세트, 드릴비트, 공구세트, 목공줄, 목공용드릴비트",Expecting value: line 1 column 1 (char 0),,
qwen3.5:9b,드릴용 드라이버,error,드릴비트세트,"드릴비트세트, 드릴비트, 드라이버세트, 목공용드릴비트, 철공용드릴비트",Expecting value: line 1 column 1 (char 0),,
qwen3.5:9b,드릴용 양용 드라이버,error,드릴비트세트,"드릴비트세트, 드라이버세트, 드릴비트, 목공용드릴비트, 철공용드릴비트",Expecting value: line 1 column 1 (char 0),,
qwen3.5:9b,드릴촉,error,전동드릴,"전동드릴, 드릴비트, 스패너, 손타카, 임팩트드릴",Expecting value: line 1 column 1 (char 0),,
qwen3.5:9b,드릴프레스(13MM),error,철공용드릴비트,"철공용드릴비트, 클램프미터, 고속절단기, 목공용드릴비트, 철공용드릴비트세트",Expecting value: line 1 column 1 (char 0),,
qwen3.5:9b,등대기톱 1개,error,스패너세트,"스패너세트, 원형톱, 목공줄, 모종삽, 절단석",Expecting value: line 1 column 1 (char 0),,
qwen3.5:9b,등대긴톱(목공톱),error,원형톱,"원형톱, 쇠톱, 접톱, 목공줄, 스패너세트",Expecting value: line 1 column 1 (char 0),,
qwen3.5:9b,등산스틱,error,육각렌치,"육각렌치, 수평기, 모종삽, 글루스틱, 스패너세트",Expecting value: line 1 column 1 (char 0),,
qwen3.5:9b,등산용 아이젠 대,error,냉동라쳇렌치,"냉동라쳇렌치, 다이아고날플라이어, 앤드컷팅니퍼, 옵셋렌치, 버니어캘리퍼스",Expecting value: line 1 column 1 (char 0),,
qwen3.5:9b,등산용 아이젠 소,error,쇠지렛대,"쇠지렛대, 편구스패너, 타일컷터, 와이어스트리퍼, 전동드릴",Expecting value: line 1 column 1 (char 0),,
qwen3.5:9b,등산용 아이젠 중,error,육각렌치,"육각렌치, 타일컷터, 편구스패너, 와이어스트리퍼, 양용드라이버",Expecting value: line 1 column 1 (char 0),,
qwen3.5:9b,디럭스 공구세트,error,소켓렌치세트,"소켓렌치세트, 전동공구세트, 공구세트, 끌세트, 스패너세트",Expecting value: line 1 column 1 (char 0),,
qwen3.5:9b,디스크 그라인다4,error,소켓렌치세트,"소켓렌치세트, 라쳇렌치세트, 스패너세트, 볼렌치세트, 편구스패너",Expecting value: line 1 column 1 (char 0),,
qwen3.5:9b,디스크 그라인더,error,버니어캘리퍼스,"버니어캘리퍼스, 다이아고날플라이어, 냉동라쳇렌치, 바이스그립플라이어, 앵글그라인더",Expecting value: line 1 column 1 (char 0),앵글그라인더,False
qwen3.5:9b,디스크그라인더,error,다이아고날플라이어,"다이아고날플라이어, 버니어캘리퍼스, 플라이어렌치, 옵셋렌치, 굽은노즈플라이어",Expecting value: line 1 column 1 (char 0),,
qwen3.5:9b,디스크샌더페파(100방),error,소켓렌치세트,"소켓렌치세트, 전동공구세트, 스패너세트, SDS드릴비트, 고속절단기",Expecting value: line 1 column 1 (char 0),,
qwen3.5:9b,디스크샌더페파(240방),error,SDS드릴비트,"SDS드릴비트, 전동공구세트, 육각렌치세트, 고속절단기, 정밀드라이버세트",Expecting value: line 1 column 1 (char 0),,
qwen3.5:9b,디월트,error,장도리,"장도리, 공구함, 돌망치, 다이스세트, 납볼망치",Expecting value: line 1 column 1 (char 0),,
qwen3.5:9b,디월트 DCD709L2,error,SDS드릴비트,"SDS드릴비트, 전동공구세트, 정밀드라이버세트, 소켓렌치세트, 별렌치세트",Expecting value: line 1 column 1 (char 0),충전드릴,False
qwen3.5:9b,디월트 공구함세트,error,공구함세트,"공구함세트, 기어렌치세트, T렌치세트, 소켓렌치세트, 공구세트",Expecting value: line 1 column 1 (char 0),공구함세트,False
qwen3.5:9b,디월트 전동드릴(전화 문의),error,충전드릴,"충전드릴, 전동공구세트, 전지가위, SDS드릴비트, 드릴비트세트",Expecting value: line 1 column 1 (char 0),전동드릴,False
qwen3.5:9b,디월트 타카,error,전동타카,"전동타카, 토크렌치, 전선릴, 타일컷터, 편구스패너",Expecting value: line 1 column 1 (char 0),건타카,False
qwen3.5:9b,디지메틱켈퍼 1개,error,와이어스트리퍼,"와이어스트리퍼, 편구스패너, 타일컷터, 전선릴, 쇠지렛대",Expecting value: line 1 column 1 (char 0),,
qwen3.5:9b,디지털 멀티미터,error,디지털수평기,"디지털수평기, 전자산업용니퍼, 클램프미터, 멀티테스터, SDS드릴비트",Expecting value: line 1 column 1 (char 0),,
qwen3.5:9b,디지털멀티메타,error,디지털수평기,"디지털수평기, 전자산업용니퍼, SDS드릴비트, 에어컴프레서, 전동공구세트",Expecting value: line 1 column 1 (char 0),,
qwen3.5:9b,디지털소음계,error,디지털수평기,"디지털수평기, 전자산업용니퍼, SDS드릴비트, 에어컴프레서, 전동압착기",Expecting value: line 1 column 1 (char 0),,
qwen3.5:9b,디지털염도계,error,디지털수평기,"디지털수평기, 전자산업용니퍼, SDS드릴비트, 에어컴프레서, 전동공구세트",Expecting value: line 1 column 1 (char 0),,
qwen3.5:9b,디지털클램프,error,디지털수평기,"디지털수평기, 전자산업용니퍼, SDS드릴비트, 에어컴프레서, 클램프미터",Expecting value: line 1 column 1 (char 0),,
qwen3.5:9b,디지털테스터기,error,디지털수평기,"디지털수평기, 전자산업용니퍼, SDS드릴비트, 에어컴프레서, 보안경",Expecting value: line 1 column 1 (char 0),,
qwen3.5:9b,땜납,error,쇠지렛대,"쇠지렛대, 편구스패너, 스크레퍼, 플라이어, 끌세트",Expecting value: line 1 column 1 (char 0),,
qwen3.5:9b,라돈기,error,장도리,"장도리, 돌망치, 글루스틱, 모종삽, 직각자",Expecting value: line 1 column 1 (char 0),,
qwen3.5:9b,라돈측정기,error,라돈측정기,"라돈측정기, 별렌치세트, 육각렌치세트, 육각렌치, 직각자",Expecting value: line 1 column 1 (char 0),라돈측정기,False
qwen3.5:9b,라디오 펜치,error,송풍기,"송풍기, 보안경, 전동공구세트, 전지가위, SDS드릴비트",Expecting value: line 1 column 1 (char 0),,
qwen3.5:9b,라디오펜지,error,소켓렌치세트,"소켓렌치세트, 전동드릴, 에어컴프레서, 송풍기, 편구스패너",Expecting value: line 1 column 1 (char 0),,
qwen3.5:9b,라디오펜찌,error,전동공구세트,"전동공구세트, 송풍기, 소켓렌치세트, 전지가위, 보안경",Expecting value: line 1 column 1 (char 0),,
qwen3.5:9b,라디오펜치,error,송풍기,"송풍기, 전동공구세트, 보안경, 소켓렌치세트, 전지가위",Expecting value: line 1 column 1 (char 0),,
qwen3.5:9b,라디오펜치(6#),error,전동공구세트,"전동공구세트, 소켓렌치세트, 기어렌치세트, SDS드릴비트, 스패너세트",Expecting value: line 1 column 1 (char 0),,
qwen3.5:9b,라인칼라드라이버 4개,error,라쳇렌치세트,"라쳇렌치세트, 편구스패너, 굽은노즈플라이어, 와이어스트리퍼, 볼렌치세트",Expecting value: line 1 column 1 (char 0),,
qwen3.5:9b,라챗핸들(3/8인치),error,소켓렌치세트,"소켓렌치세트, 스패너세트, 기어렌치세트, T렌치세트, 볼렌치세트",Expecting value: line 1 column 1 (char 0),,
qwen3.5:9b,라체트,error,장도리,"장도리, 다이스세트, 돌망치, 볼렌치, 타카",Expecting value: line 1 column 1 (char 0),,
qwen3.5:9b,라체트드라이버,error,카운터싱크,"카운터싱크, 육각렌치, 스패너세트, 볼렌치세트, 소켓렌치세트",Expecting value: line 1 column 1 (char 0),,
qwen3.5:9b,라쳇 렌치 소켓 세트,error,라쳇렌치세트,"라쳇렌치세트, 다이아고날플라이어, 플라이어렌치, 옵셋렌치, 굽은노즈플라이어",Expecting value: line 1 column 1 (char 0),,
qwen3.5:9b,라쳇드라이버 세트,error,소켓렌치세트,"소켓렌치세트, 볼렌치세트, 라쳇렌치세트, 편구스패너, 스패너세트",Expecting value: line 1 column 1 (char 0),,
qwen3.5:9b,라쳇드라이버세트,error,소켓렌치세트,"소켓렌치세트, 볼렌치세트, 편구스패너, 스패너세트, 라쳇렌치세트",Expecting value: line 1 column 1 (char 0),,
qwen3.5:9b,라쳇렌치,error,플라이어렌치,"플라이어렌치, 옵셋렌치, 다이아고날플라이어, 스냅링플라이어, 앵글그라인더",Expecting value: line 1 column 1 (char 0),,
qwen3.5:9b,라쳇세트3개,error,소켓렌치세트,"소켓렌치세트, 스패너세트, T렌치세트, 기어렌치세트, 볼렌치세트",Expecting value: line 1 column 1 (char 0),,
qwen3.5:9b,라쳇소켓세트,error,라쳇렌치세트,"라쳇렌치세트, 편구스패너, 볼렌치세트, 소켓렌치세트, 스크레퍼",Expecting value: line 1 column 1 (char 0),,
qwen3.5:9b,라쳇핸들 1개,error,편구스패너,"편구스패너, 와이어스트리퍼, 전선릴, 타일컷터, 쇠지렛대",Expecting value: line 1 column 1 (char 0),,
qwen3.5:9b,"라쳇핸들(6,35mm)",error,소켓렌치세트,"소켓렌치세트, 전동공구세트, 스패너세트, 별렌치세트, 드릴비트세트",Expecting value: line 1 column 1 (char 0),,
qwen3.5:9b,라쳇핸들(6.35mm),error,전동공구세트,"전동공구세트, 클램프미터, 소켓렌치세트, 스패너세트, 드릴비트세트",Expecting value: line 1 column 1 (char 0),,
qwen3.5:9b,락킹 플라이어,error,다이아고날플라이어,"다이아고날플라이어, 스냅링플라이어, 앵글그라인더, 플라이어렌치, 옵셋렌치",Expecting value: line 1 column 1 (char 0),바이스그립플라이어,False
qwen3.5:9b,락킹플라이어,error,스냅링플라이어,"스냅링플라이어, 다이아고날플라이어, 옵셋렌치, 앵글그라인더, 플라이어렌치",Expecting value: line 1 column 1 (char 0),,
qwen3.5:9b,락킹플라이어,error,스냅링플라이어,"스냅링플라이어, 다이아고날플라이어, 옵셋렌치, 앵글그라인더, 플라이어렌치",Expecting value: line 1 column 1 (char 0),,
qwen3.5:9b,락킹플라이어 롱노우즈형,error,롱노즈플라이어,"롱노즈플라이어, 바이스그립플라이어, 냉동라쳇렌치, 앵글그라인더, 다이아고날플라이어",Expecting value: line 1 column 1 (char 0),,
qwen3.5:9b,래칫스크루드라이버세트,error,소켓렌치세트,"소켓렌치세트, 스패너세트, 전동공구세트, 기어렌치세트, T렌치세트",Expecting value: line 1 column 1 (char 0),,
qwen3.5:9b,랜턴,error,렌치,"렌치, 샌더, 커터, 스크레퍼, 전선릴",Expecting value: line 1 column 1 (char 0),LED손전등,False
qwen3.5:9b,랜턴(충전식),error,커터,"커터, 양용드라이버, 장도리, 스크레퍼, 줄자",Expecting value: line 1 column 1 (char 0),,
qwen3.5:9b,랜턴(충전용),error,커터,"커터, 장도리, 샌더, 렌치, 스크레퍼",Expecting value: line 1 column 1 (char 0),,
qwen3.5:9b,러그 캠핑릴선 초슬림 4구 접지 코드릴 연장작업선,error,로터리해머드릴,"로터리해머드릴, 소켓렌치세트, 타일컷터, 편구스패너, 스패너세트",Expecting value: line 1 column 1 (char 0),,
qwen3.5:9b,러비더비(종치기),error,고무망치,"고무망치, 와이어스트리퍼, 전선릴, 양용드라이버, 전동드릴",Expecting value: line 1 column 1 (char 0),,
qwen3.5:9b,레녹스 쇠톱대 12,error,편구스패너,"편구스패너, 와이어스트리퍼, 쇠지렛대, 앤드컷팅니퍼, 라쳇렌치세트",Expecting value: line 1 column 1 (char 0),,
qwen3.5:9b,레이저 거리 측정기,error,레이저거리측정기,"레이저거리측정기, 레이저수평기, 라돈측정기, 적외선온도계, 고속절단기",Expecting value: line 1 column 1 (char 0),,
qwen3.5:9b,레이저 거리측정기,error,레이저거리측정기,"레이저거리측정기, 레이저수평기, 라돈측정기, 적외선온도계, 별렌치세트",Expecting value: line 1 column 1 (char 0),,
qwen3.5:9b,레이저 레벨기,error,레이저수평기,"레이저수평기, 레이저거리측정기, 라돈측정기, 별렌치세트, 볼트컷터",Expecting value: line 1 column 1 (char 0),,
qwen3.5:9b,레이저 범위 측정기,error,레이저거리측정기,"레이저거리측정기, 레이저수평기, 라돈측정기, 클램프미터, 적외선온도계",Expecting value: line 1 column 1 (char 0),,
qwen3.5:9b,레이저 수평계,error,레이저수평기,"레이저수평기, 레이저거리측정기, 라돈측정기, 별렌치세트, 고속절단기",Expecting value: line 1 column 1 (char 0),,
qwen3.5:9b,레이저 줄자,error,레이저수평기,"레이저수평기, 열화상카메라, 볼트컷터, 별렌치세트, 볼렌치세트",Expecting value: line 1 column 1 (char 0),,
qwen3.5:9b,레이저 측정기,error,레이저거리측정기,"레이저거리측정기, 레이저수평기, 라돈측정기, 클램프미터, 적외선온도계",Expecting value: line 1 column 1 (char 0),,
qwen3.5:9b,레이저거리측정기,error,레이저거리측정기,"레이저거리측정기, 레이저수평기, 라돈측정기, 적외선온도계, 별렌치세트",Expecting value: line 1 column 1 (char 0),,
qwen3.5:9b,"레이저레벨기(수평기),삼각대",error,별렌치세트,"별렌치세트, 소켓렌치세트, 스패너세트, 전동공구세트, 볼렌치세트",Expecting value: line 1 column 1 (char 0),,
qwen3.5:9b,레이저줄자,error,레이저수평기,"레이저수평기, 열화상카메라, 별렌치세트, 볼트컷터, 소켓렌치세트",Expecting value: line 1 column 1 (char 0),,
qwen3.5:9b,레이저측정기,error,레이저거리측정기,"레이저거리측정기, 레이저수평기, 라돈측정기, 별렌치세트, 적외선온도계",Expecting value: line 1 column 1 (char 0),,
qwen3.5:9b,레이져거리측정기,error,레이저거리측정기,"레이저거리측정기, 라돈측정기, 레이저수평기, 별렌치세트, 육각렌치세트",Expecting value: line 1 column 1 (char 0),,
qwen3.5:9b,레이져거리측정기,error,레이저거리측정기,"레이저거리측정기, 라돈측정기, 레이저수평기, 별렌치세트, 육각렌치세트",Expecting value: line 1 column 1 (char 0),,
qwen3.5:9b,레져용 구명조끼,error,기어렌치세트,"기어렌치세트, 목공줄, 스패너세트, T렌치세트, 전지가위",Expecting value: line 1 column 1 (char 0),,
qwen3.5:9b,렌찌(set) 링타입(일제),error,T렌치세트,"T렌치세트, 기어렌치세트, 소켓렌치세트, 스패너세트, 전동공구세트",Expecting value: line 1 column 1 (char 0),,
qwen3.5:9b,렌치,error,렌치,"렌치, 스크레퍼, 고무망치, 전선릴, 플라이어",Expecting value: line 1 column 1 (char 0),,
qwen3.5:9b,렌치 SET,error,T렌치세트,"T렌치세트, 기어렌치세트, 스패너세트, 끌세트, 소켓렌치세트",Expecting value: line 1 column 1 (char 0),,
qwen3.5:9b,렌치 세트 접육각 21171,error,기어렌치세트,"기어렌치세트, 전동공구세트, T렌치세트, 소켓렌치세트, 조합렌치세트",Expecting value: line 1 column 1 (char 0),,
qwen3.5:9b,렌치 세트 접육각 21172,error,전동공구세트,"전동공구세트, 별렌치세트, 기어렌치세트, 소켓렌치세트, T렌치세트",Expecting value: line 1 column 1 (char 0),,
qwen3.5:9b,렌치(41mm),error,클램프미터,"클램프미터, 고속절단기, 전동공구세트, 공구세트, 별렌치세트",Expecting value: line 1 column 1 (char 0),,
qwen3.5:9b,렌치(44mm),error,클램프미터,"클램프미터, 고속절단기, 전동공구세트, 공구세트, 강력니퍼",Expecting value: line 1 column 1 (char 0),,
qwen3.5:9b,렌치류,error,장도리,"장도리, 모종삽, 빠루망치, 육각렌치, 커터",Expecting value: line 1 column 1 (char 0),,
qwen3.5:9b,렌치세트,error,소켓렌치세트,"소켓렌치세트, 스패너세트, 끌세트, T렌치세트, 기어렌치세트",Expecting value: line 1 column 1 (char 0),,
qwen3.5:9b,렌턴,error,렌치,"렌치, 커터, 샌더, 장도리, 펜치",Expecting value: line 1 column 1 (char 0),,
qwen3.5:9b,렝가고대,error,옵셋렌치,"옵셋렌치, 플라이어렌치, 굽은노즈플라이어, 전선릴, 플라이어",Expecting value: line 1 column 1 (char 0),,
qwen3.5:9b,로겐드라이버,error,와이어스트리퍼,"와이어스트리퍼, 양용드라이버, 편구스패너, 토크렌치, 타일컷터",Expecting value: line 1 column 1 (char 0),,
qwen3.5:9b,"로보스타(10#,12#)",error,소켓렌치세트,"소켓렌치세트, 볼렌치세트, 기어렌치세트, 스패너세트, T렌치세트",Expecting value: line 1 column 1 (char 0),,
qwen3.5:9b,로보스터 워터펌프 플라이어,error,워터펌프플라이어,"워터펌프플라이어, 충전해머드릴, 굽은노즈플라이어, 옵셋렌치, 플라이어렌치",Expecting value: line 1 column 1 (char 0),,
qwen3.5:9b,로보스터 첼라 플라이어,error,냉동라쳇렌치,"냉동라쳇렌치, 다이아고날플라이어, 바이스그립플라이어, 스냅링플라이어, 앵글그라인더",Expecting value: line 1 column 1 (char 0),,
qwen3.5:9b,로브스터 첼라,error,앤드컷팅니퍼,"앤드컷팅니퍼, 다이아고날플라이어, 냉동라쳇렌치, 옵셋렌치, 플라이어렌치",Expecting value: line 1 column 1 (char 0),,
qwen3.5:9b,로브스터첼라,error,와이어스트리퍼,"와이어스트리퍼, 앤드컷팅니퍼, 전선릴, 편구스패너, 라쳇렌치세트",Expecting value: line 1 column 1 (char 0),,
qwen3.5:9b,로킹 프라이어,error,다이아고날플라이어,"다이아고날플라이어, 옵셋렌치, 스냅링플라이어, 앤드컷팅니퍼, 플라이어렌치",Expecting value: line 1 column 1 (char 0),,
qwen3.5:9b,로터리 햄머(스탠리),error,굽은노즈플라이어,"굽은노즈플라이어, 플라이어렌치, 다이아고날플라이어, 스냅링플라이어, 옵셋렌치",Expecting value: line 1 column 1 (char 0),,
qwen3.5:9b,로터리해머,error,로터리해머드릴,"로터리해머드릴, 굽은노즈플라이어, 스냅링플라이어, 다이아고날플라이어, 플라이어렌치",Expecting value: line 1 column 1 (char 0),,
qwen3.5:9b,로터리햄머드릴,error,타일컷터,"타일컷터, 로터리해머드릴, 해머드릴, 쇠지렛대, 와이어스트리퍼",Expecting value: line 1 column 1 (char 0),,
qwen3.5:9b,롱 노우즈,error,롱노즈플라이어,"롱노즈플라이어, 굽은노즈플라이어, 플라이어렌치, 전동드라이버, 라쳇렌치세트",Expecting value: line 1 column 1 (char 0),,
qwen3.5:9b,롱 노우즈 플라이어,error,앵글그라인더,"앵글그라인더, 바이스그립플라이어, 다이아고날플라이어, 냉동라쳇렌치, 롱노즈플라이어",Expecting value: line 1 column 1 (char 0),,
qwen3.5:9b,롱 노즈,error,원형톱,"원형톱, 목공줄, T렌치세트, 육각렌치, 빠루망치",Expecting value: line 1 column 1 (char 0),,
qwen3.5:9b,롱 로우즈 1개,error,스패너세트,"스패너세트, 기어렌치세트, T렌치세트, 소켓렌치세트, 만능렌치",Expecting value: line 1 column 1 (char 0),,
qwen3.5:9b,롱L볼렌치셋트,error,라쳇렌치세트,"라쳇렌치세트, 롱노즈플라이어, 볼렌치세트, 소켓렌치세트, 편구스패너",Expecting value: line 1 column 1 (char 0),,
qwen3.5:9b,롱노우즈,error,롱노즈플라이어,"롱노즈플라이어, 양용드라이버, 토크렌치, 렌치, 굽은노즈플라이어",Expecting value: line 1 column 1 (char 0),,
qwen3.5:9b,롱노우즈 1개,error,스패너세트,"스패너세트, 만능렌치, 빠루망치, 소켓렌치세트, 편구스패너",Expecting value: line 1 column 1 (char 0),,
qwen3.5:9b,롱노우즈 바이스 플라이어,error,롱노즈플라이어,"롱노즈플라이어, 바이스그립플라이어, 앵글그라인더, 냉동라쳇렌치, 다이아고날플라이어",Expecting value: line 1 column 1 (char 0),,
qwen3.5:9b,롱노우즈 프라이어,error,롱노즈플라이어,"롱노즈플라이어, 다이아고날플라이어, 옵셋렌치, 스냅링플라이어, 플라이어렌치",Expecting value: line 1 column 1 (char 0),,
qwen3.5:9b,롱노우즈 플라이어,error,롱노즈플라이어,"롱노즈플라이어, 앵글그라인더, 다이아고날플라이어, 냉동라쳇렌치, 바이스그립플라이어",Expecting value: line 1 column 1 (char 0),,
qwen3.5:9b,롱노우즈 플라이어(6인치),error,롱노즈플라이어,"롱노즈플라이어, 굽은노즈플라이어, 옵셋렌치, 다이아고날플라이어, 플라이어렌치",Expecting value: line 1 column 1 (char 0),,
qwen3.5:9b,롱노우즈라디오펜치,error,양용드라이버,"양용드라이버, 와이어스트리퍼, 편구스패너, 소켓렌치세트, 전동드릴",Expecting value: line 1 column 1 (char 0),,
qwen3.5:9b,롱노우즈플라이어,error,롱노즈플라이어,"롱노즈플라이어, 앵글그라인더, 다이아고날플라이어, 냉동라쳇렌치, 바이스그립플라이어",Expecting value: line 1 column 1 (char 0),,
qwen3.5:9b,롱노우즈플라이어 1개,error,롱노즈플라이어,"롱노즈플라이어, 굽은노즈플라이어, 라쳇렌치세트, 플라이어렌치, 옵셋렌치",Expecting value: line 1 column 1 (char 0),,
qwen3.5:9b,롱노우즈플라이어 8'' 2개,error,편구스패너,"편구스패너, 소켓렌치세트, 라쳇렌치세트, 스패너세트, 볼렌치세트",Expecting value: line 1 column 1 (char 0),,
qwen3.5:9b,롱노즈,error,빠루망치,"빠루망치, 육각렌치, 장도리, 카운터싱크, 강력니퍼",Expecting value: line 1 column 1 (char 0),롱노즈플라이어,False
qwen3.5:9b,롱노즈 6,error,소켓렌치세트,"소켓렌치세트, 기어렌치세트, 강력니퍼, T렌치세트, 스패너세트",Expecting value: line 1 column 1 (char 0),,
qwen3.5:9b,롱노즈 6인치,error,소켓렌치세트,"소켓렌치세트, 스패너세트, 기어렌치세트, 전동공구세트, T렌치세트",Expecting value: line 1 column 1 (char 0),,
qwen3.5:9b,롱노즈 플라이어,error,롱노즈플라이어,"롱노즈플라이어, 다이아고날플라이어, 앵글그라인더, 플라이어렌치, 굽은노즈플라이어",Expecting value: line 1 column 1 (char 0),,
qwen3.5:9b,롱노즈 플라이어(150mm),error,클램프미터,"클램프미터, 고속절단기, 전동공구세트, 철공용드릴비트, 공구세트",Expecting value: line 1 column 1 (char 0),,
qwen3.5:9b,롱노즈6',error,소켓렌치세트,"소켓렌치세트, 스패너세트, 별렌치세트, 기어렌치세트, 강력니퍼",Expecting value: line 1 column 1 (char 0),,
qwen3.5:9b,롱노즈플라이어,error,롱노즈플라이어,"롱노즈플라이어, 다이아고날플라이어, 앵글그라인더, 스냅링플라이어, 옵셋렌치",Expecting value: line 1 column 1 (char 0),,
qwen3.5:9b,롱로우즈,error,빠루망치,"빠루망치, 장도리, 편구스패너, 육각렌치, 고무망치",Expecting value: line 1 column 1 (char 0),롱노즈플라이어,False
qwen3.5:9b,롱로우즈 2개,error,기어렌치세트,"기어렌치세트, 스패너세트, T렌치세트, 목공줄, 만능렌치",Expecting value: line 1 column 1 (char 0),,
qwen3.5:9b,롱로우즈 6″,error,소켓렌치세트,"소켓렌치세트, 편구스패너, 스패너세트, 볼렌치세트, 라쳇렌치세트",Expecting value: line 1 column 1 (char 0),,
qwen3.5:9b,롱로우즈 곡선 45도 11인치(TL),error,고속절단기,"고속절단기, 클램프미터, 육각렌치세트, 라돈측정기, 전동공구세트",Expecting value: line 1 column 1 (char 0),,
qwen3.5:9b,롱로우즈(6인치),error,스패너세트,"스패너세트, 소켓렌치세트, 만능렌치, 기어렌치세트, 빠루망치",Expecting value: line 1 column 1 (char 0),,
qwen3.5:9b,롱로우즈(8' 펜치),error,기어렌치세트,"기어렌치세트, 스패너세트, 전동공구세트, T렌치세트, 소켓렌치세트",Expecting value: line 1 column 1 (char 0),,
qwen3.5:9b,롱로우즈6,error,소켓렌치세트,"소켓렌치세트, 스패너세트, 기어렌치세트, T렌치세트, 볼렌치세트",Expecting value: line 1 column 1 (char 0),,
qwen3.5:9b,롱로우즈플라이어 4개,error,라쳇렌치세트,"라쳇렌치세트, 굽은노즈플라이어, 플라이어렌치, 옵셋렌치, 편구스패너",Expecting value: line 1 column 1 (char 0),,
qwen3.5:9b,롱로즈,error,빠루망치,"빠루망치, 장도리, 육각렌치, 다이스세트, 강력니퍼",Expecting value: line 1 column 1 (char 0),롱노즈플라이어,False
qwen3.5:9b,롱로즈 1개,error,스패너세트,"스패너세트, 소켓렌치세트, 기어렌치세트, T렌치세트, 만능렌치",Expecting value: line 1 column 1 (char 0),,
qwen3.5:9b,롱로즈 2개,error,기어렌치세트,"기어렌치세트, 스패너세트, T렌치세트, 소켓렌치세트, 만능렌치",Expecting value: line 1 column 1 (char 0),,
qwen3.5:9b,롱로즈 플라이어 1개,error,편구스패너,"편구스패너, 소켓렌치세트, 스패너세트, 플라이어세트, 볼렌치세트",Expecting value: line 1 column 1 (char 0),,
qwen3.5:9b,롱로즈 플라이어 2개,error,편구스패너,"편구스패너, 스패너세트, 소켓렌치세트, 볼렌치세트, 플라이어세트",Expecting value: line 1 column 1 (char 0),,
qwen3.5:9b,롱로즈(1),error,소켓렌치세트,"소켓렌치세트, 볼렌치세트, 스패너세트, T렌치세트, 기어렌치세트",Expecting value: line 1 column 1 (char 0),,
qwen3.5:9b,롱로즈(2),error,소켓렌치세트,"소켓렌치세트, 볼렌치세트, T렌치세트, 기어렌치세트, 스패너세트",Expecting value: line 1 column 1 (char 0),,
qwen3.5:9b,롱로즈(6″),error,스패너세트,"스패너세트, 기어렌치세트, 소켓렌치세트, 전동공구세트, T렌치세트",Expecting value: line 1 column 1 (char 0),,
qwen3.5:9b,롱별렌치세트(T10~T40),error,전동공구세트,"전동공구세트, 정밀드라이버세트, T렌치세트, 고속절단기, 철공용드릴비트세트",Expecting value: line 1 column 1 (char 0),,
qwen3.5:9b,롱볼렌치세트,error,기어렌치세트,"기어렌치세트, T렌치세트, 전동공구세트, 육각렌치세트, 소켓렌치세트",Expecting value: line 1 column 1 (char 0),,
qwen3.5:9b,롱볼렌치세트(9pcs),error,고속절단기,"고속절단기, 육각렌치세트, 전동공구세트, 클램프미터, 기어렌치세트",Expecting value: line 1 column 1 (char 0),,
qwen3.5:9b,롱볼렌치셋트(육각렌치),error,전동공구세트,"전동공구세트, 육각렌치세트, 기어렌치세트, T렌치세트, 소켓렌치세트",Expecting value: line 1 column 1 (char 0),,
qwen3.5:9b,루미큐브,error,플라이어,"플라이어, 플라이어렌치, 렌치, 라쳇렌치세트, 스크레퍼",Expecting value: line 1 column 1 (char 0),,
qwen3.5:9b,루핑루이,error,플라이어렌치,"플라이어렌치, 플라이어, 옵셋렌치, 전선릴, 굽은노즈플라이어",Expecting value: line 1 column 1 (char 0),,
qwen3.5:9b,룩스패드43 203스탠드,error,전동공구세트,"전동공구세트, 정밀드라이버세트, SDS드릴비트, 공구세트, 소켓렌치세트",Expecting value: line 1 column 1 (char 0),,
qwen3.5:9b,리드선,error,니퍼,"니퍼, 글루건, 장도리, 줄자, 돌망치",Expecting value: line 1 column 1 (char 0),,
qwen3.5:9b,리베터,error,돌망치,"돌망치, 장도리, 줄자, 빠루망치, 카운터싱크",Expecting value: line 1 column 1 (char 0),,
qwen3.5:9b,리베트건,error,글루건,"글루건, 돌망치, 줄자, 니퍼, 장도리",Expecting value: line 1 column 1 (char 0),,
qwen3.5:9b,리벳건,error,렌치,"렌치, 플라이어, 핀펀치, 전선릴, 스크레퍼",Expecting value: line 1 column 1 (char 0),,
qwen3.5:9b,리벳트건,error,장도리,"장도리, 커터, 고무망치, 빠루망치, 편구스패너",Expecting value: line 1 column 1 (char 0),,
qwen3.5:9b,리튬이온 밧데리,error,충전해머드릴,"충전해머드릴, 끌세트, 고압세척기, 드릴비트세트, 충전드릴",Expecting value: line 1 column 1 (char 0),,
qwen3.5:9b,리튬이온 배터리 충전기,error,배터리팩,"배터리팩, 충전임팩트드라이버, 충전드릴, 전기인두, 충전해머드릴",Expecting value: line 1 column 1 (char 0),,
qwen3.5:9b,리튬충전드릴 1개,error,충전드릴,"충전드릴, 고속절단기, 전동공구세트, 드릴비트세트, 공구세트",Expecting value: line 1 column 1 (char 0),,
qwen3.5:9b,리튬헤머드릴,error,충전해머드릴,"충전해머드릴, 타일컷터, 해머드릴, 고압세척기, 에어컴프레서",Expecting value: line 1 column 1 (char 0),,
qwen3.5:9b,릴 선,error,다이아고날플라이어,"다이아고날플라이어, 옵셋렌치, 냉동라쳇렌치, 앵글그라인더, 플라이어렌치",Expecting value: line 1 column 1 (char 0),,
qwen3.5:9b,릴 전선(50m),error,고속절단기,"고속절단기, 클램프미터, 전동공구세트, 철공용드릴비트, 목공용드릴비트",Expecting value: line 1 column 1 (char 0),,
qwen3.5:9b,릴선,error,렌치,"렌치, 전선릴, 장도리, 스크레퍼, 다이스세트",Expecting value: line 1 column 1 (char 0),,
qwen3.5:9b,"릴선 1,530M",error,클램프미터,"클램프미터, 고속절단기, 전동공구세트, 만능렌치, 별렌치세트",Expecting value: line 1 column 1 (char 0),,
qwen3.5:9b,릴선 1개,error,편구스패너,"편구스패너, 만능렌치, 전선릴, 스크레퍼, 장도리",Expecting value: line 1 column 1 (char 0),,
qwen3.5:9b,릴선(28M),error,클램프미터,"클램프미터, 고속절단기, SDS드릴비트, 전동공구세트, T렌치세트",Expecting value: line 1 column 1 (char 0),,
qwen3.5:9b,릴선(30M),error,고속절단기,"고속절단기, 클램프미터, 빠루망치, 만능렌치, 전지가위",Expecting value: line 1 column 1 (char 0),,
qwen3.5:9b,릴선(45M),error,고속절단기,"고속절단기, 클램프미터, 전동공구세트, 강력니퍼, 전동압착기",Expecting value: line 1 column 1 (char 0),,
qwen3.5:9b,릴선(48M),error,클램프미터,"클램프미터, 고속절단기, 전동공구세트, 공구세트, 전동압착기",Expecting value: line 1 column 1 (char 0),,
qwen3.5:9b,릴선(50M),error,고속절단기,"고속절단기, 클램프미터, 전동공구세트, 공구세트, 전동압착기",Expecting value: line 1 column 1 (char 0),,
qwen3.5:9b,릴전선,error,전선릴,"전선릴, 스크레퍼, 플라이어, 굽은노즈플라이어, 렌치",Expecting value: line 1 column 1 (char 0),,
qwen3.5:9b,릴전선(50mm),error,클램프미터,"클램프미터, 철공용드릴비트, 고속절단기, 전동공구세트, 목공용드릴비트",Expecting value: line 1 column 1 (char 0),,
qwen3.5:9b,릴호스,error,플라이어,"플라이어, 렌치, 전선릴, 스크레퍼, 플라이어렌치",Expecting value: line 1 column 1 (char 0),,
qwen3.5:9b,릴호스(20M),error,클램프미터,"클램프미터, 고속절단기, 전동공구세트, SDS드릴비트, 공구세트",Expecting value: line 1 column 1 (char 0),,
qwen3.5:9b,링 육각렌치,error,육각렌치,"육각렌치, 편구스패너, 카운터싱크, 소켓렌치세트, 볼렌치세트",Expecting value: line 1 column 1 (char 0),,
qwen3.5:9b,링고리렌치,error,옵셋렌치,"옵셋렌치, 플라이어렌치, 다이아고날플라이어, 스냅링플라이어, 굽은노즈플라이어",Expecting value: line 1 column 1 (char 0),,
qwen3.5:9b,링고리세트,error,라쳇렌치세트,"라쳇렌치세트, 편구스패너, 핀펀치, 볼렌치세트, 굽은노즈플라이어",Expecting value: line 1 column 1 (char 0),,
qwen3.5:9b,링고리셋트,error,플라이어렌치,"플라이어렌치, 굽은노즈플라이어, 옵셋렌치, 라쳇렌치세트, 전동드라이버",Expecting value: line 1 column 1 (char 0),,
qwen3.5:9b,마끼다 충전해머드릴(무선),error,충전해머드릴,"충전해머드릴, 충전드릴, 전동드릴, 타일컷터, 양용드라이버",Expecting value: line 1 column 1 (char 0),충전해머드릴,False
qwen3.5:9b,마끼다 해머드릴(유선),error,냉동라쳇렌치,"냉동라쳇렌치, 다이아고날플라이어, 앵글그라인더, 옵셋렌치, 스냅링플라이어",Expecting value: line 1 column 1 (char 0),해머드릴,False
qwen3.5:9b,마끼타 송풍기,error,전동타카,"전동타카, 편구스패너, 만능렌치, 타일컷터, 건타카",Expecting value: line 1 column 1 (char 0),,
qwen3.5:9b,마모된 피스 제거용 비트세트,error,피스제거용비트,"피스제거용비트, 비트세트, 공구함세트, 드릴비트세트, 소켓렌치세트",Expecting value: line 1 column 1 (char 0),,
qwen3.5:9b,마모된 피스제거용 비트,error,피스제거용비트,"피스제거용비트, 비트세트, 드릴비트세트, 공구함세트, 스패너세트",Expecting value: line 1 column 1 (char 0),피스제거용비트,False
qwen3.5:9b,마사지 매트,error,전선릴,"전선릴, 편구스패너, 커터, 스크레퍼, 와이어스트리퍼",Expecting value: line 1 column 1 (char 0),,
qwen3.5:9b,마사지건,error,옵셋렌치,"옵셋렌치, 굽은노즈플라이어, 전선릴, 플라이어렌치, 스냅링플라이어",Expecting value: line 1 column 1 (char 0),,
qwen3.5:9b,마스크 1박스,error,방진마스크,"방진마스크, 직각자, 목공줄, 그립망치, 모종삽",Expecting value: line 1 column 1 (char 0),,
qwen3.5:9b,막대본드,error,편구스패너,"편구스패너, 타일컷터, 고무망치, 전선릴, 빠루망치",Expecting value: line 1 column 1 (char 0),,
qwen3.5:9b,막삽,error,해머드릴,"해머드릴, 그립망치, 임팩트드릴, 빠루망치, 에어건",Expecting value: line 1 column 1 (char 0),,
qwen3.5:9b,막삽(2),error,라쳇렌치세트,"라쳇렌치세트, 옵셋렌치, 앤드컷팅니퍼, 버니어캘리퍼스, 플라이어렌치",Expecting value: line 1 column 1 (char 0),,
qwen3.5:9b,막줄자,error,해머드릴,"해머드릴, 전동드릴, 전선릴, 고무망치, 쇠지렛대",Expecting value: line 1 column 1 (char 0),,
qwen3.5:9b,"막줄자(5,5M)",error,클램프미터,"클램프미터, 고속절단기, 전동공구세트, 육각렌치세트, 목공용드릴비트",Expecting value: line 1 column 1 (char 0),,
qwen3.5:9b,만능 렌치,error,만능렌치,"만능렌치, 직각자, 납볼망치, 빠루망치, 전지가위",Expecting value: line 1 column 1 (char 0),,
qwen3.5:9b,만능관통기,error,그립망치,"그립망치, 돌망치, 절단석, 고압세척기, 먹통",Expecting value: line 1 column 1 (char 0),,
qwen3.5:9b,만능드라이버핸들,error,양용드라이버,"양용드라이버, 전동드릴, 만능렌치, 해머드릴, 타일컷터",Expecting value: line 1 column 1 (char 0),,
qwen3.5:9b,만능랜지,error,만능렌치,"만능렌치, 전지가위, 직각자, 스패너세트, 납볼망치",Expecting value: line 1 column 1 (char 0),,
qwen3.5:9b,만능렌지,error,전선릴,"전선릴, 만능렌치, 열화상카메라, 편구스패너, 해머드릴",Expecting value: line 1 column 1 (char 0),,
qwen3.5:9b,만능렌치,error,만능렌치,"만능렌치, 빠루망치, 납볼망치, 임팩트드릴, 그립망치",Expecting value: line 1 column 1 (char 0),만능렌치,False
qwen3.5:9b,만능작업대,error,만능렌치,"만능렌치, 전지가위, 납볼망치, 빠루망치, 임팩트드릴",Expecting value: line 1 column 1 (char 0),,
qwen3.5:9b,만능지렛대,error,만능렌치,"만능렌치, 타일컷터, 전선릴, 편구스패너, 와이어스트리퍼",Expecting value: line 1 column 1 (char 0),,
qwen3.5:9b,만능톱,error,쇠톱,"쇠톱, 원형톱, 접톱, 절단석, 전정톱",Expecting value: line 1 column 1 (char 0),,
qwen3.5:9b,만능톱 실톱용 톱날,error,쇠톱,"쇠톱, 원형톱, 접톱, 절단석, 목공줄",Expecting value: line 1 column 1 (char 0),,
qwen3.5:9b,만능톱 패키지,error,스패너세트,"스패너세트, 드릴비트세트, 끌세트, 소켓렌치세트, 타일컷터",Expecting value: line 1 column 1 (char 0),,
qwen3.5:9b,망원경,error,라돈측정기,"라돈측정기, 레이저거리측정기, 레이저수평기, 별렌치세트, 클램프미터",Expecting value: line 1 column 1 (char 0),,
qwen3.5:9b,망치,error,망치,"망치, 고무망치, 에어건, 렌치, 스크레퍼",Expecting value: line 1 column 1 (char 0),망치,False
qwen3.5:9b,망치 1개,error,그립망치,"그립망치, 빠루망치, 만능렌치, 에어건, 임팩트드릴",Expecting value: line 1 column 1 (char 0),,
qwen3.5:9b,망치 대,error,망치,"망치, 고무망치, 에어건, 해머드릴, 렌치",Expecting value: line 1 column 1 (char 0),,
qwen3.5:9b,"망치 대,중,소",error,망치,"망치, 고무망치, 에어건, 해머드릴, 그립망치",Expecting value: line 1 column 1 (char 0),,
qwen3.5:9b,망치 빠루,error,고무망치,"고무망치, 해머드릴, 망치, 빠루망치, 전동드릴",Expecting value: line 1 column 1 (char 0),,
qwen3.5:9b,망치 소,error,고무망치,"고무망치, 망치, 에어건, 커터, 빠루망치",Expecting value: line 1 column 1 (char 0),,
qwen3.5:9b,망치 장도리,error,전선릴,"전선릴, 플라이어렌치, 굽은노즈플라이어, 와이어스트리퍼, 라쳇렌치세트",Expecting value: line 1 column 1 (char 0),,
qwen3.5:9b,망치 중,error,그립망치,"그립망치, 임팩트드릴, 빠루망치, 고무망치, 만능렌치",Expecting value: line 1 column 1 (char 0),,
qwen3.5:9b,망치(2),error,볼렌치세트,"볼렌치세트, 소켓렌치세트, 스패너세트, 만능렌치, T렌치세트",Expecting value: line 1 column 1 (char 0),,
qwen3.5:9b,망치(中),error,전동타카,"전동타카, 건타카, 니퍼, 타카핀, 강력니퍼",Expecting value: line 1 column 1 (char 0),,
qwen3.5:9b,"망치(노루발o,x)",error,전동타카,"전동타카, 스패너세트, 소켓렌치세트, 만능렌치, 전동공구세트",Expecting value: line 1 column 1 (char 0),,
qwen3.5:9b,망치(대),error,냉동라쳇렌치,"냉동라쳇렌치, 옵셋렌치, 플라이어렌치, 앤드컷팅니퍼, 다이아고날플라이어",Expecting value: line 1 column 1 (char 0),,
qwen3.5:9b,"망치(대, 중, 소)",error,옵셋렌치,"옵셋렌치, 냉동라쳇렌치, 플라이어렌치, 굽은노즈플라이어, 다이아고날플라이어",Expecting value: line 1 column 1 (char 0),,
qwen3.5:9b,"망치(대,소)",error,옵셋렌치,"옵셋렌치, 냉동라쳇렌치, 앤드컷팅니퍼, 플라이어렌치, 다이아고날플라이어",Expecting value: line 1 column 1 (char 0),,
qwen3.5:9b,망치(소),error,전동타카,"전동타카, 건타카, 양용드라이버, 고무망치, 강력니퍼",Expecting value: line 1 column 1 (char 0),,
qwen3.5:9b,망치(중),error,전동타카,"전동타카, 고무망치, 건타카, 빠루망치, 만능렌치",Expecting value: line 1 column 1 (char 0),,
qwen3.5:9b,망치(중형) 2개,error,스패너세트,"스패너세트, 기어렌치세트, T렌치세트, 만능렌치, 목공줄",Expecting value: line 1 column 1 (char 0),,
qwen3.5:9b,망치(함마) 중형,error,전동타카,"전동타카, 빠루망치, 건타카, 만능렌치, 강력니퍼",Expecting value: line 1 column 1 (char 0),,
qwen3.5:9b,"망치, 고무망치",error,고무망치,"고무망치, 망치, 해머드릴, 전선릴, 전동드릴",Expecting value: line 1 column 1 (char 0),,
qwen3.5:9b,"망치,장도리",error,망치,"망치, 고무망치, 전선릴, 옵셋렌치, 스냅링플라이어",Expecting value: line 1 column 1 (char 0),,
qwen3.5:9b,망치/함마/장도리,error,옵셋렌치,"옵셋렌치, 충전해머드릴, 앤드컷팅니퍼, 굽은노즈플라이어, 쇠지렛대",Expecting value: line 1 column 1 (char 0),망치,False
qwen3.5:9b,망치고데기,error,굽은노즈플라이어,"굽은노즈플라이어, 스냅링플라이어, 옵셋렌치, 충전해머드릴, 쇠지렛대",Expecting value: line 1 column 1 (char 0),,
qwen3.5:9b,망치빠루,error,고무망치,"고무망치, 망치, 빠루망치, 전동드릴, 해머드릴",Expecting value: line 1 column 1 (char 0),,
qwen3.5:9b,망치빠루(도규),error,전선릴,"전선릴, 전동드릴, 충전해머드릴, 굽은노즈플라이어, 고무망치",Expecting value: line 1 column 1 (char 0),,
qwen3.5:9b,망치펜치,error,전동타카,"전동타카, 토크렌치, 편구스패너, 스크레퍼, 납볼망치",Expecting value: line 1 column 1 (char 0),,
qwen3.5:9b,매직락 KMC-34 5.5M,error,고속절단기,"고속절단기, 클램프미터, 정밀드라이버세트, SDS드릴비트, 전동공구세트",Expecting value: line 1 column 1 (char 0),,
qwen3.5:9b,매직렌치,error,전선릴,"전선릴, 전동드라이버, 플라이어렌치, 옵셋렌치, 굽은노즈플라이어",Expecting value: line 1 column 1 (char 0),만능렌치,False
qwen3.5:9b,매직만능렌치,error,만능렌치,"만능렌치, 빠루망치, 해머드릴, 타일컷터, 전동드릴",Expecting value: line 1 column 1 (char 0),,
qwen3.5:9b,매트,error,커터,"커터, 손타카, 니퍼, 펜치, 스패너",Expecting value: line 1 column 1 (char 0),,
qwen3.5:9b,매트리스 살균기,error,글루스틱,"글루스틱, 모종삽, 먹통, 목공줄, 고지가위",Expecting value: line 1 column 1 (char 0),,
qwen3.5:9b,맥그립 화이바줄자,error,냉동라쳇렌치,"냉동라쳇렌치, 바이스그립플라이어, 앤드컷팅니퍼, 버니어캘리퍼스, 다이아고날플라이어",Expecting value: line 1 column 1 (char 0),,
qwen3.5:9b,맥그립줄자(5.5m),error,클램프미터,"클램프미터, 고속절단기, 목공용드릴비트, 육각렌치세트, 전동공구세트",Expecting value: line 1 column 1 (char 0),,
qwen3.5:9b,맥그립줄자(7.5m),error,클램프미터,"클램프미터, 고속절단기, 목공용드릴비트, 전동공구세트, 공구세트",Expecting value: line 1 column 1 (char 0),,
qwen3.5:9b,멀티 재봉틀,error,목공용접톱,"목공용접톱, 철공용드릴비트세트, 목공용드릴비트, 공구함세트, 드릴비트세트",Expecting value: line 1 column 1 (char 0),,
qwen3.5:9b,멀티고기불판,error,고지가위,"고지가위, 목공줄, 피스제거용비트, 공구세트, 전동공구세트",Expecting value: line 1 column 1 (char 0),,
qwen3.5:9b,멀티공구세트,error,전동공구세트,"전동공구세트, 조합렌치세트, 멀티테스터, 공구세트, 공구함세트",Expecting value: line 1 column 1 (char 0),,
qwen3.5:9b,멀티손타카,error,멀티테스터,"멀티테스터, 전동공구세트, 조합렌치세트, 전동압착기, T렌치세트",Expecting value: line 1 column 1 (char 0),,
qwen3.5:9b,멀티카터,error,전동공구세트,"전동공구세트, 정밀드라이버세트, 멀티테스터, 공구세트, 전동압착기",Expecting value: line 1 column 1 (char 0),,
qwen3.5:9b,멀티커터,error,멀티테스터,"멀티테스터, 정밀드라이버세트, 전동공구세트, 공구세트, 조합렌치세트",Expecting value: line 1 column 1 (char 0),,
qwen3.5:9b,멀티커터날(스매시),error,전동공구세트,"전동공구세트, 소켓렌치세트, 고속절단기, 스패너세트, 멀티테스터",Expecting value: line 1 column 1 (char 0),,
qwen3.5:9b,멀티타카,error,멀티테스터,"멀티테스터, 조합렌치세트, 전동압착기, 전동공구세트, T렌치세트",Expecting value: line 1 column 1 (char 0),,
qwen3.5:9b,멀티탭,error,탭세트,"탭세트, 멀티테스터, 다림추, 정밀드라이버세트, T렌치세트",Expecting value: line 1 column 1 (char 0),,
qwen3.5:9b,멀티테스터,error,멀티테스터,"멀티테스터, 전동압착기, 조합렌치세트, 전동공구세트, T렌치세트",Expecting value: line 1 column 1 (char 0),멀티테스터,False
qwen3.5:9b,멍키렌치,error,고무망치,"고무망치, 렌치, 스크레퍼, 전선릴, 쇠지렛대",Expecting value: line 1 column 1 (char 0),,
qwen3.5:9b,멍키스패너,error,굽은노즈플라이어,"굽은노즈플라이어, 플라이어, 플라이어렌치, 스냅링플라이어, 옵셋렌치",Expecting value: line 1 column 1 (char 0),,
qwen3.5:9b,메가테스터기,error,만능렌치,"만능렌치, 납볼망치, 그립망치, 타일컷터, 전동압착기",Expecting value: line 1 column 1 (char 0),,
qwen3.5:9b,메리 네지러,error,냉동라쳇렌치,"냉동라쳇렌치, 앤드컷팅니퍼, 다이아고날플라이어, 버니어캘리퍼스, 옵셋렌치",Expecting value: line 1 column 1 (char 0),,
qwen3.5:9b,메타보 직소,error,전지가위,"전지가위, 납볼망치, 전동압착기, 전동공구세트, 센터펀치",Expecting value: line 1 column 1 (char 0),,
qwen3.5:9b,면줄자,error,만능렌치,"만능렌치, 빠루망치, 그립망치, 납볼망치, 임팩트드릴",Expecting value: line 1 column 1 (char 0),,
qwen3.5:9b,"면줄자(30,50M)",error,클램프미터,"클램프미터, 육각렌치세트, 고속절단기, SDS드릴비트, 전동공구세트",Expecting value: line 1 column 1 (char 0),,
qwen3.5:9b,면줄자(50M),error,클램프미터,"클램프미터, 육각렌치세트, SDS드릴비트, 고속절단기, 전동공구세트",Expecting value: line 1 column 1 (char 0),,
qwen3.5:9b,모두의마블,error,만능렌치,"만능렌치, 해머드릴, 전선릴, 고무망치, 전동드릴",Expecting value: line 1 column 1 (char 0),,
qwen3.5:9b,모종삽,error,모종삽,"모종삽, 장도리, 스패너세트, 글루스틱, 편구스패너",Expecting value: line 1 column 1 (char 0),모종삽,False
qwen3.5:9b,모종삽(소형),error,소켓렌치세트,"소켓렌치세트, 스패너세트, 기어렌치세트, T렌치세트, 모종삽",Expecting value: line 1 column 1 (char 0),,
qwen3.5:9b,목고용쇠톱,error,쇠톱,"쇠톱, 원형톱, 접톱, 목공줄, 절단석",Expecting value: line 1 column 1 (char 0),,
qwen3.5:9b,목공 고무망치,error,목공줄,"목공줄, 고무망치, 빠루망치, 만능렌치, 타일컷터",Expecting value: line 1 column 1 (char 0),,
qwen3.5:9b,목공 드릴비트,error,목공용드릴비트,"목공용드릴비트, 목공줄, 드릴비트세트, 철공용드릴비트, 드릴비트",Expecting value: line 1 column 1 (char 0),,
qwen3.5:9b,목공 삼각자,error,목공줄,"목공줄, 스패너세트, 기어렌치세트, T렌치세트, 소켓렌치세트",Expecting value: line 1 column 1 (char 0),,
qwen3.5:9b,목공 톱날(대중소),error,쇠톱,"쇠톱, 원형톱, 목공줄, 목공톱, 접톱",Expecting value: line 1 column 1 (char 0),,
qwen3.5:9b,목공기리,error,목공줄,"목공줄, 그립망치, 돌망치, 송풍기, 에어타카",Expecting value: line 1 column 1 (char 0),,
qwen3.5:9b,목공본드 1개,error,목공줄,"목공줄, 만능렌치, 드릴비트, 그립망치, 빠루망치",Expecting value: line 1 column 1 (char 0),,
qwen3.5:9b,목공쇠톱,error,쇠톱,"쇠톱, 원형톱, 접톱, 목공줄, 목공용접톱",Expecting value: line 1 column 1 (char 0),,
qwen3.5:9b,목공용 끌,error,목공용드릴비트,"목공용드릴비트, 목공줄, 드릴비트세트, 철공용드릴비트, 끌세트",Expecting value: line 1 column 1 (char 0),,
qwen3.5:9b,목공용 쇠톱,error,목공용접톱,"목공용접톱, 쇠톱, 원형톱, 접톱, 목공용드릴비트",Expecting value: line 1 column 1 (char 0),,
qwen3.5:9b,"목공용 쇠톱(전정톱, 곡선)",error,목공용접톱,"목공용접톱, 쇠톱, 원형톱, 전정톱, 접톱",Expecting value: line 1 column 1 (char 0),,
qwen3.5:9b,"목공용 쇠톱(전정톱, 직선)",error,목공용접톱,"목공용접톱, 쇠톱, 전정톱, 원형톱, 접톱",Expecting value: line 1 column 1 (char 0),,
qwen3.5:9b,목공용 외날톱,error,원형톱,"원형톱, 쇠톱, 접톱, 목공용접톱, 목공줄",Expecting value: line 1 column 1 (char 0),,
qwen3.5:9b,목공용 접톱,error,목공용접톱,"목공용접톱, 접톱, 쇠톱, 원형톱, 목공줄",Expecting value: line 1 column 1 (char 0),목공용접톱,False
qwen3.5:9b,목공용 톱,error,목공용접톱,"목공용접톱, 톱, 쇠톱, 접톱, 원형톱",Expecting value: line 1 column 1 (char 0),,
qwen3.5:9b,목공용 톱(소),error,목공용접톱,"목공용접톱, 목공용드릴비트, 쇠톱, 원형톱, 목공줄",Expecting value: line 1 column 1 (char 0),,
qwen3.5:9b,목공용 톱(톱자루+날),error,목공용접톱,"목공용접톱, 쇠톱, 원형톱, 목공줄, 드릴비트세트",Expecting value: line 1 column 1 (char 0),,
qwen3.5:9b,목공용 홀쑈,error,쇠지렛대,"쇠지렛대, 타일컷터, 편구스패너, 와이어스트리퍼, 전선릴",Expecting value: line 1 column 1 (char 0),,
qwen3.5:9b,목공용접톱,error,목공용접톱,"목공용접톱, 원형톱, 쇠톱, 목공줄, 목공용드릴비트",Expecting value: line 1 column 1 (char 0),,
qwen3.5:9b,목공용톱,error,쇠톱,"쇠톱, 목공용접톱, 원형톱, 접톱, 목공톱",Expecting value: line 1 column 1 (char 0),,
qwen3.5:9b,목공용톱 자루,error,목공용접톱,"목공용접톱, 원형톱, 목공용드릴비트, 쇠톱, 목공줄",Expecting value: line 1 column 1 (char 0),,
qwen3.5:9b,목공용톱(265MM),error,클램프미터,"클램프미터, 목공용드릴비트, 목공용접톱, 철공용드릴비트세트, 철공용드릴비트",Expecting value: line 1 column 1 (char 0),,
qwen3.5:9b,목공용톱(5개),error,원형톱,"원형톱, 쇠톱, 기어렌치세트, 목공줄, 목공용접톱",Expecting value: line 1 column 1 (char 0),,
qwen3.5:9b,목공용톱대,error,원형톱,"원형톱, 목공줄, 쇠톱, 모종삽, 스패너세트",Expecting value: line 1 column 1 (char 0),,
qwen3.5:9b,목공줄,error,목공줄,"목공줄, 절단석, 그립망치, 드릴비트, 빠루망치",Expecting value: line 1 column 1 (char 0),목공줄,False
qwen3.5:9b,목공줄 5380,error,전동공구세트,"전동공구세트, 목공용드릴비트, 공구세트, 고속절단기, 기어렌치세트",Expecting value: line 1 column 1 (char 0),,
qwen3.5:9b,목공줄(200mm),error,클램프미터,"클램프미터, 목공용드릴비트, 철공용드릴비트, 드릴비트세트, 철공용드릴비트세트",Expecting value: line 1 column 1 (char 0),,
qwen3.5:9b,목공클램프 4개,error,전동공구세트,"전동공구세트, 목공용드릴비트, 드릴비트세트, 기어렌치세트, 스패너세트",Expecting value: line 1 column 1 (char 0),,
qwen3.5:9b,목공톱,error,목공톱,"목공톱, 쇠톱, 원형톱, 왕복톱(레시프로쏘), 목공줄",Expecting value: line 1 column 1 (char 0),,
qwen3.5:9b,목공톱 1개,error,원형톱,"원형톱, 목공줄, 목공톱, 쇠톱, 모종삽",Expecting value: line 1 column 1 (char 0),,
qwen3.5:9b,목공형쇠톱,error,목공용접톱,"목공용접톱, 쇠톱, 원형톱, 목공줄, 접톱",Expecting value: line 1 column 1 (char 0),,
qwen3.5:9b,목공형쇠톱(전정톱),error,쇠톱,"쇠톱, 원형톱, 목공용접톱, 접톱, 전정톱",Expecting value: line 1 column 1 (char 0),,
qwen3.5:9b,목발,error,접톱,"접톱, 쇠톱, 모종삽, 먹통, 커터",Expecting value: line 1 column 1 (char 0),,
qwen3.5:9b,목발 보행보조기,error,전지가위,"전지가위, 목공줄, 육각렌치, 육각렌치세트, 직각자",Expecting value: line 1 column 1 (char 0),,
qwen3.5:9b,목발(대/중/소),error,고무망치,"고무망치, 해머드릴, 양용드라이버, 쇠지렛대, 앤드컷팅니퍼",Expecting value: line 1 column 1 (char 0),,
qwen3.5:9b,목재 톱,error,목공용접톱,"목공용접톱, 톱, 목공용드릴비트, 쇠톱, 커터칼",Expecting value: line 1 column 1 (char 0),,
qwen3.5:9b,목재용 직소날,error,목공용드릴비트,"목공용드릴비트, 목공용접톱, 목공줄, 철판가위, 고지가위",Expecting value: line 1 column 1 (char 0),,
qwen3.5:9b,목재톱,error,목공용접톱,"목공용접톱, 톱, 쇠톱, 접톱, 커터칼",Expecting value: line 1 column 1 (char 0),,
qwen3.5:9b,목톱,error,접톱,"접톱, 쇠톱, 원형톱, 목공톱, 목공줄",Expecting value: line 1 column 1 (char 0),,
qwen3.5:9b,몰딩빠루,error,빠루망치,"빠루망치, 만능렌치, 전동드릴, 해머드릴, 임팩트드릴",Expecting value: line 1 column 1 (char 0),,
qwen3.5:9b,못,error,고무망치,"고무망치, 해머드릴, 에어건, 그립망치, 임팩트드릴",Expecting value: line 1 column 1 (char 0),,
qwen3.5:9b,몽키,error,렌치,"렌치, 고무망치, 에어건, 커터, 스크레퍼",Expecting value: line 1 column 1 (char 0),몽키렌치,False
qwen3.5:9b,몽키 06“,error,전선릴,"전선릴, 와이어스트리퍼, 편구스패너, 스크레퍼, 전동드릴",Expecting value: line 1 column 1 (char 0),,
qwen3.5:9b,몽키 08“,error,옵셋렌치,"옵셋렌치, 전선릴, 전동드라이버, 와이어스트리퍼, 편구스패너",Expecting value: line 1 column 1 (char 0),,
qwen3.5:9b,몽키 10,error,고무망치,"고무망치, 편구스패너, 만능렌치, 타일컷터, 양용드라이버",Expecting value: line 1 column 1 (char 0),,
qwen3.5:9b,몽키 10',error,고무망치,"고무망치, 편구스패너, 와이어스트리퍼, 쇠지렛대, 타일컷터",Expecting value: line 1 column 1 (char 0),,
qwen3.5:9b,몽키 10“,error,고무망치,"고무망치, 편구스패너, 와이어스트리퍼, 전동드릴, 타일컷터",Expecting value: line 1 column 1 (char 0),,
qwen3.5:9b,몽키 10인치,error,고무망치,"고무망치, 편구스패너, 만능렌치, 몽키렌치, 해머드릴",Expecting value: line 1 column 1 (char 0),몽키렌치,False
qwen3.5:9b,몽키 10＂,error,옵셋렌치,"옵셋렌치, 굽은노즈플라이어, 플라이어렌치, 쇠지렛대, 스냅링플라이어",Expecting value: line 1 column 1 (char 0),,
qwen3.5:9b,몽키 12,error,편구스패너,"편구스패너, 양용드라이버, 카운터싱크, 만능렌치, 장도리",Expecting value: line 1 column 1 (char 0),,
qwen3.5:9b,몽키 12“,error,편구스패너,"편구스패너, 고무망치, 스크레퍼, 쇠지렛대, 전선릴",Expecting value: line 1 column 1 (char 0),,
qwen3.5:9b,몽키 12인치,error,편구스패너,"편구스패너, 고무망치, 몽키렌치, 만능렌치, 양용드라이버",Expecting value: line 1 column 1 (char 0),몽키렌치,False
qwen3.5:9b,몽키 6',error,편구스패너,"편구스패너, 고무망치, 해머드릴, 쇠지렛대, 만능렌치",Expecting value: line 1 column 1 (char 0),,
qwen3.5:9b,몽키 8',error,편구스패너,"편구스패너, 고무망치, 만능렌치, 스크레퍼, 쇠지렛대",Expecting value: line 1 column 1 (char 0),,
qwen3.5:9b,몽키 8인치,error,편구스패너,"편구스패너, 고무망치, 몽키렌치, 만능렌치, 스크레퍼",Expecting value: line 1 column 1 (char 0),몽키렌치,False
qwen3.5:9b,몽키 8＂,error,편구스패너,"편구스패너, 옵셋렌치, 굽은노즈플라이어, 라쳇렌치세트, 쇠지렛대",Expecting value: line 1 column 1 (char 0),,
qwen3.5:9b,몽키 大,error,고무망치,"고무망치, 전선릴, 렌치, 몽키렌치, 해머드릴",Expecting value: line 1 column 1 (char 0),,
qwen3.5:9b,몽키 小,error,고무망치,"고무망치, 해머드릴, 렌치, 줄자, 에어건",Expecting value: line 1 column 1 (char 0),,
qwen3.5:9b,몽키 스패너,error,편구스패너,"편구스패너, 쇠지렛대, 스크레퍼, 굽은노즈플라이어, 전선릴",Expecting value: line 1 column 1 (char 0),,
qwen3.5:9b,몽키 스패너,error,편구스패너,"편구스패너, 쇠지렛대, 스크레퍼, 굽은노즈플라이어, 전선릴",Expecting value: line 1 column 1 (char 0),,
qwen3.5:9b,몽키 스패너 10',error,굽은노즈플라이어,"굽은노즈플라이어, 옵셋렌치, 플라이어렌치, 쇠지렛대, 앤드컷팅니퍼",Expecting value: line 1 column 1 (char 0),,
qwen3.5:9b,몽키 스패너 10inch,error,편구스패너,"편구스패너, 스패너세트, 타일컷터, 굽은노즈플라이어, 쇠지렛대",Expecting value: line 1 column 1 (char 0),,
qwen3.5:9b,몽키 스패너 10인치,error,편구스패너,"편구스패너, 굽은노즈플라이어, 쇠지렛대, 와이어스트리퍼, 옵셋렌치",Expecting value: line 1 column 1 (char 0),,
qwen3.5:9b,몽키 스패너 12inch,error,편구스패너,"편구스패너, 굽은노즈플라이어, 쇠지렛대, 스패너세트, 만능렌치",Expecting value: line 1 column 1 (char 0),,
qwen3.5:9b,몽키 스패너 12인치,error,굽은노즈플라이어,"굽은노즈플라이어, 편구스패너, 옵셋렌치, 쇠지렛대, 플라이어렌치",Expecting value: line 1 column 1 (char 0),,
qwen3.5:9b,몽키 스패너 1개,error,편구스패너,"편구스패너, 만능렌치, 스패너세트, 해머드릴, 타일컷터",Expecting value: line 1 column 1 (char 0),,
qwen3.5:9b,몽키 스패너 8,error,편구스패너,"편구스패너, 소켓렌치세트, 스패너세트, 볼렌치세트, 양용드라이버",Expecting value: line 1 column 1 (char 0),,
qwen3.5:9b,몽키 스패너 8inch,error,편구스패너,"편구스패너, 스패너세트, 만능렌치, 소켓렌치세트, 굽은노즈플라이어",Expecting value: line 1 column 1 (char 0),,
qwen3.5:9b,몽키 스패너 8개,error,스패너세트,"스패너세트, 소켓렌치세트, 만능렌치, 편구스패너, 기어렌치세트",Expecting value: line 1 column 1 (char 0),,
qwen3.5:9b,몽키 스패너10,error,편구스패너,"편구스패너, 와이어스트리퍼, 타일컷터, 쇠지렛대, 소켓렌치세트",Expecting value: line 1 column 1 (char 0),,
qwen3.5:9b,몽키 스패너10',error,다이아고날플라이어,"다이아고날플라이어, 옵셋렌치, 냉동라쳇렌치, 스냅링플라이어, 앤드컷팅니퍼",Expecting value: line 1 column 1 (char 0),,
qwen3.5:9b,몽키 스패너8,error,편구스패너,"편구스패너, 소켓렌치세트, 양용드라이버, 볼렌치세트, 쇠지렛대",Expecting value: line 1 column 1 (char 0),,
qwen3.5:9b,몽키 스페너,error,편구스패너,"편구스패너, 쇠지렛대, 스크레퍼, 고무망치, 전선릴",Expecting value: line 1 column 1 (char 0),,
qwen3.5:9b,"몽키 이레가 8″,10″,12″ /스페인",error,볼렌치세트,"볼렌치세트, 전동타카, 라쳇렌치세트, 편구스패너, 소켓렌치세트",Expecting value: line 1 column 1 (char 0),,
qwen3.5:9b,몽키(10,error,편구스패너,"편구스패너, 볼렌치세트, 고무망치, 몽키렌치, 와이어스트리퍼",Expecting value: line 1 column 1 (char 0),,
qwen3.5:9b,몽키(10'') 1개,error,만능렌치,"만능렌치, 소켓렌치세트, 편구스패너, 스패너세트, 볼렌치세트",Expecting value: line 1 column 1 (char 0),,
qwen3.5:9b,몽키(10) 1개,error,소켓렌치세트,"소켓렌치세트, 만능렌치, 볼렌치세트, 스패너세트, 편구스패너",Expecting value: line 1 column 1 (char 0),,
qwen3.5:9b,몽키(10″),error,편구스패너,"편구스패너, 볼렌치세트, 소켓렌치세트, 만능렌치, 고무망치",Expecting value: line 1 column 1 (char 0),,
qwen3.5:9b,몽키(10인치),error,옵셋렌치,"옵셋렌치, 다이아고날플라이어, 냉동라쳇렌치, 앵글그라인더, 스냅링플라이어",Expecting value: line 1 column 1 (char 0),,
qwen3.5:9b,몽키(12'') 1개,error,만능렌치,"만능렌치, 스패너세트, 소켓렌치세트, 편구스패너, 그립망치",Expecting value: line 1 column 1 (char 0),,
qwen3.5:9b,몽키(12) 1개,error,소켓렌치세트,"소켓렌치세트, 만능렌치, 스패너세트, 기어렌치세트, 볼렌치세트",Expecting value: line 1 column 1 (char 0),,
qwen3.5:9b,몽키(12인치),error,고무망치,"고무망치, 편구스패너, 몽키렌치, 만능렌치, 스크레퍼",Expecting value: line 1 column 1 (char 0),,
qwen3.5:9b,몽키(12인치) 1개,error,만능렌치,"만능렌치, 편구스패너, 스패너세트, 소켓렌치세트, 빠루망치",Expecting value: line 1 column 1 (char 0),,
qwen3.5:9b,몽키(2),error,볼렌치세트,"볼렌치세트, 소켓렌치세트, 편구스패너, 만능렌치, 스패너세트",Expecting value: line 1 column 1 (char 0),,
qwen3.5:9b,몽키(8,error,볼렌치세트,"볼렌치세트, 전동타카, 장도리, 편구스패너, 소켓렌치세트",Expecting value: line 1 column 1 (char 0),,
qwen3.5:9b,몽키(8'') 1개,error,만능렌치,"만능렌치, 스패너세트, 기어렌치세트, 그립망치, 원형톱",Expecting value: line 1 column 1 (char 0),,
qwen3.5:9b,몽키(8인치),error,몽키렌치,"몽키렌치, 편구스패너, 고무망치, 쇠지렛대, 만능렌치",Expecting value: line 1 column 1 (char 0),,
qwen3.5:9b,몽키(8인치) 1개,error,만능렌치,"만능렌치, 스패너세트, 기어렌치세트, 소켓렌치세트, 목공줄",Expecting value: line 1 column 1 (char 0),,
qwen3.5:9b,몽키(대),error,옵셋렌치,"옵셋렌치, 스냅링플라이어, 다이아고날플라이어, 냉동라쳇렌치, 플라이어렌치",Expecting value: line 1 column 1 (char 0),,
qwen3.5:9b,몽키(중),error,고무망치,"고무망치, 몽키렌치, 전선릴, 전동타카, 양용드라이버",Expecting value: line 1 column 1 (char 0),,
qwen3.5:9b,"몽키,렌치,스패너",error,옵셋렌치,"옵셋렌치, 굽은노즈플라이어, 라쳇렌치세트, 플라이어렌치, 편구스패너",Expecting value: line 1 column 1 (char 0),,
qwen3.5:9b,"몽키/광폭(34mm,39mm)",error,클램프미터,"클램프미터, 라돈측정기, 고속절단기, 별렌치세트, 전동공구세트",Expecting value: line 1 column 1 (char 0),,
qwen3.5:9b,몽키/렌치/스패너,error,옵셋렌치,"옵셋렌치, 굽은노즈플라이어, 플라이어렌치, 쇠지렛대, 라쳇렌치세트",Expecting value: line 1 column 1 (char 0),,
qwen3.5:9b,몽키2개,error,원형톱,"원형톱, 왕복톱(레시프로쏘), 직각자, 줄자, 모종삽",Expecting value: line 1 column 1 (char 0),,
qwen3.5:9b,몽키8,error,소켓렌치세트,"소켓렌치세트, 볼렌치세트, 편구스패너, 전동타카, 장도리",Expecting value: line 1 column 1 (char 0),,
qwen3.5:9b,몽키렌치,error,몽키렌치,"몽키렌치, 토크렌치, 핀펀치, 전선릴, 렌치",Expecting value: line 1 column 1 (char 0),몽키렌치,False
qwen3.5:9b,몽키렌치 (10),error,몽키렌치,"몽키렌치, 볼렌치세트, 토크렌치, 와이어스트리퍼, 라쳇렌치세트",Expecting value: line 1 column 1 (char 0),,
qwen3.5:9b,몽키렌치 (8),error,볼렌치세트,"볼렌치세트, 몽키렌치, 토크렌치, 소켓렌치세트, 라쳇렌치세트",Expecting value: line 1 column 1 (char 0),,
qwen3.5:9b,몽키렌치(25cm),error,클램프미터,"클램프미터, 기어렌치세트, T렌치세트, 소켓렌치세트, 스패너세트",Expecting value: line 1 column 1 (char 0),,
qwen3.5:9b,몽키렌치(30cm),error,스패너세트,"스패너세트, 클램프미터, 소켓렌치세트, T렌치세트, 기어렌치세트",Expecting value: line 1 column 1 (char 0),,
qwen3.5:9b,몽키렌치15'' 1개,error,편구스패너,"편구스패너, 볼렌치세트, 와이어스트리퍼, 라쳇렌치세트, 소켓렌치세트",Expecting value: line 1 column 1 (char 0),,
qwen3.5:9b,몽키스패너,error,플라이어렌치,"플라이어렌치, 굽은노즈플라이어, 전동드라이버, 옵셋렌치, 스냅링플라이어",Expecting value: line 1 column 1 (char 0),몽키렌치,False
qwen3.5:9b,몽키스패너 10,error,와이어스트리퍼,"와이어스트리퍼, 라쳇렌치세트, 편구스패너, 전동드라이버, 볼렌치세트",Expecting value: line 1 column 1 (char 0),,
qwen3.5:9b,몽키스패너 10',error,냉동라쳇렌치,"냉동라쳇렌치, 다이아고날플라이어, 바이스그립플라이어, 앵글그라인더, 앤드컷팅니퍼",Expecting value: line 1 column 1 (char 0),,
qwen3.5:9b,몽키스패너 12인치,error,냉동라쳇렌치,"냉동라쳇렌치, 다이아고날플라이어, 옵셋렌치, 스냅링플라이어, 앤드컷팅니퍼",Expecting value: line 1 column 1 (char 0),,
qwen3.5:9b,몽키스패너 1개,error,편구스패너,"편구스패너, 전선릴, 와이어스트리퍼, 스크레퍼, 쇠지렛대",Expecting value: line 1 column 1 (char 0),,
qwen3.5:9b,몽키스패너 200(8),error,소켓렌치세트,"소켓렌치세트, 볼렌치세트, 스패너세트, 편구스패너, 라쳇렌치세트",Expecting value: line 1 column 1 (char 0),,
qwen3.5:9b,몽키스패너 250(10),error,라쳇렌치세트,"라쳇렌치세트, 볼렌치세트, 와이어스트리퍼, 편구스패너, 소켓렌치세트",Expecting value: line 1 column 1 (char 0),,
qwen3.5:9b,몽키스패너 2개,error,편구스패너,"편구스패너, 전선릴, 와이어스트리퍼, 스크레퍼, 쇠지렛대",Expecting value: line 1 column 1 (char 0),,
qwen3.5:9b,몽키스패너 8,error,편구스패너,"편구스패너, 라쳇렌치세트, 볼렌치세트, 와이어스트리퍼, 소켓렌치세트",Expecting value: line 1 column 1 (char 0),,
qwen3.5:9b,몽키스패너 8',error,냉동라쳇렌치,"냉동라쳇렌치, 다이아고날플라이어, 앤드컷팅니퍼, 옵셋렌치, 버니어캘리퍼스",Expecting value: line 1 column 1 (char 0),,
qwen3.5:9b,몽키스패너 대,error,옵셋렌치,"옵셋렌치, 굽은노즈플라이어, 플라이어렌치, 전동드라이버, 다이아고날플라이어",Expecting value: line 1 column 1 (char 0),,
qwen3.5:9b,"몽키스패너 대,중,소",error,옵셋렌치,"옵셋렌치, 굽은노즈플라이어, 전선릴, 몽키렌치, 앤드컷팅니퍼",Expecting value: line 1 column 1 (char 0),,
qwen3.5:9b,몽키스패너 소,error,쇠지렛대,"쇠지렛대, 굽은노즈플라이어, 플라이어렌치, 옵셋렌치, 전동드라이버",Expecting value: line 1 column 1 (char 0),,
qwen3.5:9b,몽키스패너 와이드(10인치),error,바이스그립플라이어,"바이스그립플라이어, 냉동라쳇렌치, 앵글그라인더, 다이아고날플라이어, 롱노즈플라이어",Expecting value: line 1 column 1 (char 0),,
qwen3.5:9b,몽키스패너 와이드(12인치),error,냉동라쳇렌치,"냉동라쳇렌치, 다이아고날플라이어, 바이스그립플라이어, 앤드컷팅니퍼, 앵글그라인더",Expecting value: line 1 column 1 (char 0),,
qwen3.5:9b,몽키스패너 중,error,전선릴,"전선릴, 편구스패너, 와이어스트리퍼, 스크레퍼, 굽은노즈플라이어",Expecting value: line 1 column 1 (char 0),,
qwen3.5:9b,"몽키스패너 중,소",error,전동드릴,"전동드릴, 해머드릴, 고무망치, 전선릴, 편구스패너",Expecting value: line 1 column 1 (char 0),,
qwen3.5:9b,"몽키스패너(10#,12#)",error,볼렌치세트,"볼렌치세트, 소켓렌치세트, 편구스패너, 와이어스트리퍼, 라쳇렌치세트",Expecting value: line 1 column 1 (char 0),,
qwen3.5:9b,"몽키스패너(10,12#)",error,볼렌치세트,"볼렌치세트, 라쳇렌치세트, 편구스패너, 와이어스트리퍼, 소켓렌치세트",Expecting value: line 1 column 1 (char 0),,
qwen3.5:9b,몽키스패너(10인치),error,바이스그립플라이어,"바이스그립플라이어, 냉동라쳇렌치, 앵글그라인더, 다이아고날플라이어, 스냅링플라이어",Expecting value: line 1 column 1 (char 0),,
qwen3.5:9b,몽키스패너(12#),error,와이어스트리퍼,"와이어스트리퍼, 편구스패너, 볼렌치세트, 라쳇렌치세트, 토크렌치",Expecting value: line 1 column 1 (char 0),,
qwen3.5:9b,몽키스패너(12인치),error,냉동라쳇렌치,"냉동라쳇렌치, 다이아고날플라이어, 옵셋렌치, 앤드컷팅니퍼, 앵글그라인더",Expecting value: line 1 column 1 (char 0),,
qwen3.5:9b,몽키스패너(12인치) 1개,error,편구스패너,"편구스패너, 라쳇렌치세트, 굽은노즈플라이어, 와이어스트리퍼, 볼렌치세트",Expecting value: line 1 column 1 (char 0),,
qwen3.5:9b,몽키스패너(14인치) 1개,error,편구스패너,"편구스패너, 스패너세트, 소켓렌치세트, 만능렌치, 볼렌치세트",Expecting value: line 1 column 1 (char 0),,
qwen3.5:9b,몽키스패너(150mm),error,볼트컷터,"볼트컷터, 클램프미터, 소켓렌치세트, 전동공구세트, 고속절단기",Expecting value: line 1 column 1 (char 0),,
qwen3.5:9b,몽키스패너(15인치),error,옵셋렌치,"옵셋렌치, 앤드컷팅니퍼, 굽은노즈플라이어, 쇠지렛대, 라쳇렌치세트",Expecting value: line 1 column 1 (char 0),,
qwen3.5:9b,몽키스패너(2),error,라쳇렌치세트,"라쳇렌치세트, 앤드컷팅니퍼, 냉동라쳇렌치, 바이스그립플라이어, 옵셋렌치",Expecting value: line 1 column 1 (char 0),,
qwen3.5:9b,몽키스패너(200mm),error,소켓렌치세트,"소켓렌치세트, 스패너세트, 편구스패너, 볼렌치세트, 볼트컷터",Expecting value: line 1 column 1 (char 0),,
qwen3.5:9b,몽키스패너(250mm 세신),error,클램프미터,"클램프미터, 전동공구세트, 고속절단기, 공구세트, 별렌치세트",Expecting value: line 1 column 1 (char 0),몽키렌치,False
qwen3.5:9b,몽키스패너(250mm),error,클램프미터,"클램프미터, 전동공구세트, 고속절단기, 스패너세트, 소켓렌치세트",Expecting value: line 1 column 1 (char 0),,
qwen3.5:9b,몽키스패너(260mm),error,클램프미터,"클램프미터, 전동공구세트, 고속절단기, 스패너세트, 소켓렌치세트",Expecting value: line 1 column 1 (char 0),,
qwen3.5:9b,몽키스패너(300mm),error,편구스패너,"편구스패너, 소켓렌치세트, 스패너세트, 볼트컷터, 볼렌치세트",Expecting value: line 1 column 1 (char 0),,
qwen3.5:9b,몽키스패너(308mm),error,편구스패너,"편구스패너, 와이어스트리퍼, 라쳇렌치세트, 볼렌치세트, 소켓렌치세트",Expecting value: line 1 column 1 (char 0),,
qwen3.5:9b,몽키스패너(375mm),error,별렌치세트,"별렌치세트, 소켓렌치세트, 볼렌치세트, 전동공구세트, 스패너세트",Expecting value: line 1 column 1 (char 0),,
qwen3.5:9b,몽키스패너(450mm),error,클램프미터,"클램프미터, 고속절단기, 전동공구세트, 별렌치세트, 공구세트",Expecting value: line 1 column 1 (char 0),,
qwen3.5:9b,몽키스패너(8),error,볼렌치세트,"볼렌치세트, 편구스패너, 라쳇렌치세트, 소켓렌치세트, 와이어스트리퍼",Expecting value: line 1 column 1 (char 0),,
qwen3.5:9b,몽키스패너(8인치),error,냉동라쳇렌치,"냉동라쳇렌치, 앵글그라인더, 다이아고날플라이어, 옵셋렌치, 스냅링플라이어",Expecting value: line 1 column 1 (char 0),,
qwen3.5:9b,몽키스패너(8인치) 1개,error,편구스패너,"편구스패너, 스패너세트, 소켓렌치세트, 볼렌치세트, 만능렌치",Expecting value: line 1 column 1 (char 0),,
qwen3.5:9b,몽키스패너(8인치/10인치),error,옵셋렌치,"옵셋렌치, 라쳇렌치세트, 굽은노즈플라이어, 플라이어렌치, 냉동라쳇렌치",Expecting value: line 1 column 1 (char 0),,
qwen3.5:9b,몽키스패너(대),error,냉동라쳇렌치,"냉동라쳇렌치, 다이아고날플라이어, 앵글그라인더, 앤드컷팅니퍼, 옵셋렌치",Expecting value: line 1 column 1 (char 0),,
qwen3.5:9b,"몽키스패너(대,중,소)",error,냉동라쳇렌치,"냉동라쳇렌치, 앤드컷팅니퍼, 옵셋렌치, 다이아고날플라이어, 버니어캘리퍼스",Expecting value: line 1 column 1 (char 0),,
qwen3.5:9b,"몽키스패너(대,중,소) 1개",error,편구스패너,"편구스패너, 와이어스트리퍼, 전선릴, 해머드릴, 볼렌치세트",Expecting value: line 1 column 1 (char 0),,
qwen3.5:9b,몽키스패너(소),error,플라이어렌치,"플라이어렌치, 옵셋렌치, 전동드라이버, 앤드컷팅니퍼, 굽은노즈플라이어",Expecting value: line 1 column 1 (char 0),,
qwen3.5:9b,몽키스패너(중),error,냉동라쳇렌치,"냉동라쳇렌치, 앤드컷팅니퍼, 옵셋렌치, 플라이어렌치, 다이아고날플라이어",Expecting value: line 1 column 1 (char 0),,
qwen3.5:9b,몽키스패너10',error,냉동라쳇렌치,"냉동라쳇렌치, 바이스그립플라이어, 앵글그라인더, 다이아고날플라이어, 버니어캘리퍼스",Expecting value: line 1 column 1 (char 0),,
qwen3.5:9b,몽키스패너10인치,error,옵셋렌치,"옵셋렌치, 다이아고날플라이어, 냉동라쳇렌치, 스냅링플라이어, 플라이어렌치",Expecting value: line 1 column 1 (char 0),,
qwen3.5:9b,몽키스패너10인치 1개,error,와이어스트리퍼,"와이어스트리퍼, 편구스패너, 충전해머드릴, 전선릴, 쇠지렛대",Expecting value: line 1 column 1 (char 0),,
qwen3.5:9b,몽키스패너12인치,error,냉동라쳇렌치,"냉동라쳇렌치, 다이아고날플라이어, 앵글그라인더, 옵셋렌치, 스냅링플라이어",Expecting value: line 1 column 1 (char 0),,
qwen3.5:9b,몽키스패너6인치 1개,error,편구스패너,"편구스패너, 와이어스트리퍼, 전선릴, 굽은노즈플라이어, 볼렌치세트",Expecting value: line 1 column 1 (char 0),,
qwen3.5:9b,몽키스패너8',error,바이스그립플라이어,"바이스그립플라이어, 냉동라쳇렌치, 앵글그라인더, 다이아고날플라이어, 스냅링플라이어",Expecting value: line 1 column 1 (char 0),,
qwen3.5:9b,몽키스패너8인치,error,옵셋렌치,"옵셋렌치, 굽은노즈플라이어, 플라이어렌치, 다이아고날플라이어, 스냅링플라이어",Expecting value: line 1 column 1 (char 0),,
qwen3.5:9b,몽키스패너8인치 1개,error,편구스패너,"편구스패너, 와이어스트리퍼, 전선릴, 볼렌치세트, 라쳇렌치세트",Expecting value: line 1 column 1 (char 0),,
qwen3.5:9b,몽키스패터,error,플라이어렌치,"플라이어렌치, 굽은노즈플라이어, 전동드라이버, 옵셋렌치, 앤드컷팅니퍼",Expecting value: line 1 column 1 (char 0),,
qwen3.5:9b,몽키스페너,error,플라이어렌치,"플라이어렌치, 굽은노즈플라이어, 전동드라이버, 라쳇렌치세트, 옵셋렌치",Expecting value: line 1 column 1 (char 0),,
qwen3.5:9b,몽키스페너(250mm),error,클램프미터,"클램프미터, 고속절단기, 전동공구세트, 공구세트, 드릴비트세트",Expecting value: line 1 column 1 (char 0),,
qwen3.5:9b,몽키스페너(300mm),error,고속절단기,"고속절단기, 클램프미터, 전동공구세트, 강력니퍼, 공구세트",Expecting value: line 1 column 1 (char 0),,
qwen3.5:9b,몽키스페너(대),error,냉동라쳇렌치,"냉동라쳇렌치, 바이스그립플라이어, 앵글그라인더, 다이아고날플라이어, 옵셋렌치",Expecting value: line 1 column 1 (char 0),,
qwen3.5:9b,무선 광택기,error,전동공구세트,"전동공구세트, 송풍기, 에어컴프레서, 소켓렌치세트, 전동압착기",Expecting value: line 1 column 1 (char 0),,
qwen3.5:9b,무선 드라이버,error,드라이버세트,"드라이버세트, 드라이버, 양용드라이버, 전동드릴, T핸드드라이버",Expecting value: line 1 column 1 (char 0),,
qwen3.5:9b,무선 전동 드라이버,error,충전해머드릴,"충전해머드릴, 양용드라이버, 전동드릴, 전동드라이버, 로터리해머드릴",Expecting value: line 1 column 1 (char 0),,
qwen3.5:9b,무선 전동글루건,error,전동드릴,"전동드릴, 소켓렌치세트, 편구스패너, 와이어스트리퍼, 전동공구세트",Expecting value: line 1 column 1 (char 0),,
qwen3.5:9b,무선 전동드라이버,error,전동드릴,"전동드릴, 양용드라이버, 충전해머드릴, 전동드라이버, 와이어스트리퍼",Expecting value: line 1 column 1 (char 0),,
qwen3.5:9b,무선 전동드릴,error,전동드릴,"전동드릴, 전동공구세트, 임팩트드릴, 전지가위, 만능렌치",Expecting value: line 1 column 1 (char 0),,
qwen3.5:9b,무선 컷쏘,error,전동드릴,"전동드릴, 전선릴, 스크레퍼, 편구스패너, 타일컷터",Expecting value: line 1 column 1 (char 0),,
qwen3.5:9b,무선/레이저 거리측정기,error,라돈측정기,"라돈측정기, 전동공구세트, 고속절단기, SDS드릴비트, 정밀드라이버세트",Expecting value: line 1 column 1 (char 0),,
qwen3.5:9b,무선/전동드릴(드라이버),error,전동공구세트,"전동공구세트, 충전드릴, 충전해머드릴, 전자산업용니퍼, 정밀드라이버세트",Expecting value: line 1 column 1 (char 0),,
qwen3.5:9b,무선/전동타카,error,충전해머드릴,"충전해머드릴, 전동드릴, 전동공구세트, 양용드라이버, 에어컴프레서",Expecting value: line 1 column 1 (char 0),,
qwen3.5:9b,무선그라인더,error,다이아고날플라이어,"다이아고날플라이어, 스냅링플라이어, 앵글그라인더, 옵셋렌치, 냉동라쳇렌치",Expecting value: line 1 column 1 (char 0),,
qwen3.5:9b,무선글루건,error,만능렌치,"만능렌치, 소켓렌치세트, 전지가위, 송풍기, 전동공구세트",Expecting value: line 1 column 1 (char 0),,
qwen3.5:9b,무선드라이버드릴,error,충전해머드릴,"충전해머드릴, 전동드릴, 해머드릴, 양용드라이버, 로터리해머드릴",Expecting value: line 1 column 1 (char 0),,
qwen3.5:9b,무선드릴,error,임팩트드릴,"임팩트드릴, 전지가위, 만능렌치, 전동드릴, 드릴비트",Expecting value: line 1 column 1 (char 0),충전드릴,False
qwen3.5:9b,무선드릴(충전식),error,철공용드릴비트,"철공용드릴비트, 목공용드릴비트, 전동공구세트, 드릴비트세트, 고속절단기",Expecting value: line 1 column 1 (char 0),,
qwen3.5:9b,무선소형전기톱세트(고장),error,전동공구세트,"전동공구세트, 전자산업용니퍼, 정밀드라이버세트, 철공용드릴비트, 드릴비트세트",Expecting value: line 1 column 1 (char 0),,
qwen3.5:9b,무선안마기,error,전동드릴,"전동드릴, 타일컷터, 편구스패너, 소켓렌치세트, 와이어스트리퍼",Expecting value: line 1 column 1 (char 0),,
qwen3.5:9b,무선예초기,error,전동공구세트,"전동공구세트, 소켓렌치세트, 임팩트드릴, 전지가위, 전동드릴",Expecting value: line 1 column 1 (char 0),,
qwen3.5:9b,무선전동 드라이버,error,드라이버세트,"드라이버세트, 충전해머드릴, 전동드릴, 양용드라이버, 드라이버",Expecting value: line 1 column 1 (char 0),,
qwen3.5:9b,무선전동드라이버,error,전동드릴,"전동드릴, 충전해머드릴, 양용드라이버, 전동드라이버, 와이어스트리퍼",Expecting value: line 1 column 1 (char 0),,
qwen3.5:9b,무선전동드릴,error,전동드릴,"전동드릴, 임팩트드릴, 전지가위, 전동공구세트, 만능렌치",Expecting value: line 1 column 1 (char 0),충전드릴,False
qwen3.5:9b,무선진공청소기,error,스프링배관청소기,"스프링배관청소기, 고속절단기, 전동공구세트, 전자산업용니퍼, 전동압착기",Expecting value: line 1 column 1 (char 0),,
qwen3.5:9b,무선충전글루건,error,편구스패너,"편구스패너, 소켓렌치세트, 만능렌치, 와이어스트리퍼, 전동드릴",Expecting value: line 1 column 1 (char 0),,
qwen3.5:9b,무선충전드릴,error,임팩트드릴,"임팩트드릴, 전동드릴, 만능렌치, 전동공구세트, 전지가위",Expecting value: line 1 column 1 (char 0),,
qwen3.5:9b,무선컷소,error,전지가위,"전지가위, 만능렌치, 전동공구세트, 전동압착기, 임팩트드릴",Expecting value: line 1 column 1 (char 0),,
qwen3.5:9b,무소음 콤프레샤,error,옵셋렌치,"옵셋렌치, 플라이어렌치, 스냅링플라이어, 다이아고날플라이어, 냉동라쳇렌치",Expecting value: line 1 column 1 (char 0),,
qwen3.5:9b,무소음 콤프레셔,error,스냅링플라이어,"스냅링플라이어, 다이아고날플라이어, 옵셋렌치, 플라이어렌치, 앵글그라인더",Expecting value: line 1 column 1 (char 0),,
qwen3.5:9b,무소음콤프레샤,error,와이어스트리퍼,"와이어스트리퍼, 플라이어렌치, 전선릴, 옵셋렌치, 굽은노즈플라이어",Expecting value: line 1 column 1 (char 0),,
qwen3.5:9b,"무소음콤프레샤(1,5)",error,소켓렌치세트,"소켓렌치세트, 볼렌치세트, 스패너세트, 기어렌치세트, T렌치세트",Expecting value: line 1 column 1 (char 0),,
qwen3.5:9b,무진동중망치,error,전동압착기,"전동압착기, 석고대패, 강력니퍼, 그립망치, 고속절단기",Expecting value: line 1 column 1 (char 0),,
qwen3.5:9b,물조리개,error,목공줄,"목공줄, 기어렌치세트, 원형톱, 육각렌치, 스패너",Expecting value: line 1 column 1 (char 0),,
qwen3.5:9b,물호수,error,에어타카,"에어타카, 수평기, 육각렌치, 전지가위, 워터펌프플라이어",Expecting value: line 1 column 1 (char 0),,
qwen3.5:9b,물호스,error,장도리,"장도리, 돌망치, 타카, 다이스세트, 커터",Expecting value: line 1 column 1 (char 0),,
qwen3.5:9b,물호스20M,error,전동공구세트,"전동공구세트, SDS드릴비트, 소켓렌치세트, 클램프미터, 공구세트",Expecting value: line 1 column 1 (char 0),,
qwen3.5:9b,미니 공구세트,error,공구세트,"공구세트, 기어렌치세트, 소켓렌치세트, 스패너세트, 전동공구세트",Expecting value: line 1 column 1 (char 0),,
qwen3.5:9b,미니 드라이버 세트,error,드라이버세트,"드라이버세트, 정밀드라이버세트, 드라이버, 핸드카트, 전동공구세트",Expecting value: line 1 column 1 (char 0),,
qwen3.5:9b,미니 무선전동드라이버,error,충전해머드릴,"충전해머드릴, 양용드라이버, 전동드릴, 에어컴프레서, 로터리해머드릴",Expecting value: line 1 column 1 (char 0),,
qwen3.5:9b,미니 손대패,error,절단석,"절단석, 그립망치, 직소기, 손타카, 전동압착기",Expecting value: line 1 column 1 (char 0),,
qwen3.5:9b,미니 옥집게,error,다이아고날플라이어,"다이아고날플라이어, 냉동라쳇렌치, 스냅링플라이어, 옵셋렌치, 앵글그라인더",Expecting value: line 1 column 1 (char 0),,
qwen3.5:9b,미니 전동드릴,error,드릴비트세트,"드릴비트세트, 전동공구세트, 드릴비트, 공구세트, 고속절단기",Expecting value: line 1 column 1 (char 0),,
qwen3.5:9b,미니 컷소,error,직소기,"직소기, 스패너세트, T렌치세트, 빠루망치, 기어렌치세트",Expecting value: line 1 column 1 (char 0),,
qwen3.5:9b,미니 탈수기,error,고속절단기,"고속절단기, 목공용드릴비트, 직소기, 드릴비트세트, 공구세트",Expecting value: line 1 column 1 (char 0),,
qwen3.5:9b,미니 톱,error,원형톱,"원형톱, 쇠톱, 스패너세트, 목공줄, 드릴비트세트",Expecting value: line 1 column 1 (char 0),,
qwen3.5:9b,미니그라인더,error,앵글그라인더,"앵글그라인더, 스냅링플라이어, 다이아고날플라이어, 플라이어렌치, 옵셋렌치",Expecting value: line 1 column 1 (char 0),,
qwen3.5:9b,미니그라인더,error,앵글그라인더,"앵글그라인더, 스냅링플라이어, 다이아고날플라이어, 플라이어렌치, 옵셋렌치",Expecting value: line 1 column 1 (char 0),,
qwen3.5:9b,미니노즈플라이어,error,다이아고날플라이어,"다이아고날플라이어, 스냅링플라이어, 옵셋렌치, 플라이어렌치, 굽은노즈플라이어",Expecting value: line 1 column 1 (char 0),,
qwen3.5:9b,미니당구대,error,목공줄,"목공줄, 빠루망치, 스패너세트, 드릴비트, 소켓렌치세트",Expecting value: line 1 column 1 (char 0),,
qwen3.5:9b,미니드릴,error,절단석,"절단석, 드릴비트, 목공줄, 스패너, 직소기",Expecting value: line 1 column 1 (char 0),,
qwen3.5:9b,미니몽키,error,원형톱,"원형톱, 에어건, 줄자, 커터, 건타카",Expecting value: line 1 column 1 (char 0),,
qwen3.5:9b,미니무선전동드릴,error,목공용드릴비트,"목공용드릴비트, 전동공구세트, 철공용드릴비트, 정밀드라이버세트, 드릴비트세트",Expecting value: line 1 column 1 (char 0),,
qwen3.5:9b,미니빔프로젝터,error,소켓렌치세트,"소켓렌치세트, 볼렌치세트, 라쳇렌치세트, 에어컴프레서, 플라이어세트",Expecting value: line 1 column 1 (char 0),,
qwen3.5:9b,미니빠루,error,빠루망치,"빠루망치, 줄자, 장도리, 만능렌치, 그립망치",Expecting value: line 1 column 1 (char 0),,
qwen3.5:9b,미니손전등,error,드릴비트세트,"드릴비트세트, 공구세트, 직소기, 전동공구세트, 클램프미터",Expecting value: line 1 column 1 (char 0),,
qwen3.5:9b,미니수평,error,수평기,"수평기, 다림추, 직소기, 육각렌치세트, 스패너세트",Expecting value: line 1 column 1 (char 0),,
qwen3.5:9b,"미니스패너세트(10,12,13,14,17,19mm)",error,클램프미터,"클램프미터, 전동공구세트, 기어렌치세트, 공구세트, T렌치세트",Expecting value: line 1 column 1 (char 0),,
qwen3.5:9b,미니예초기,error,빠루망치,"빠루망치, 소켓렌치세트, 육각렌치, 그립망치, 스패너세트",Expecting value: line 1 column 1 (char 0),,
qwen3.5:9b,미니전동드라이버,error,양용드라이버,"양용드라이버, 전동공구세트, 핸드카트, 드라이버세트, 끌세트",Expecting value: line 1 column 1 (char 0),,
qwen3.5:9b,미니전동드라이버드릴,error,정밀드라이버세트,"정밀드라이버세트, 드라이버세트, 전동공구세트, T핸드드라이버, 고속절단기",Expecting value: line 1 column 1 (char 0),전동드라이버,False
qwen3.5:9b,미니전동드릴,error,전동공구세트,"전동공구세트, 정밀드라이버세트, 목공용드릴비트, 드릴비트세트, 고속절단기",Expecting value: line 1 column 1 (char 0),,
qwen3.5:9b,미러리스카메라,error,와이어스트리퍼,"와이어스트리퍼, 라쳇렌치세트, 전선릴, 스크레퍼, 플라이어렌치",Expecting value: line 1 column 1 (char 0),,
qwen3.5:9b,미세먼지측정기,error,고속절단기,"고속절단기, 스프링배관청소기, 라돈측정기, 가스토치, 에어타카",Expecting value: line 1 column 1 (char 0),,
qwen3.5:9b,미장손,error,손타카,"손타카, 절단석, 그립망치, 목공줄, 만능렌치",Expecting value: line 1 column 1 (char 0),,
qwen3.5:9b,밀워키 M12 BID,error,정밀드라이버세트,"정밀드라이버세트, 드라이버세트, 공구세트, 철공용드릴비트, 전동공구세트",Expecting value: line 1 column 1 (char 0),충전임팩트드라이버,False
qwen3.5:9b,밀워키 M12V CID,error,PVC컷터,"PVC컷터, 충전임팩트드라이버, SDS드릴비트, 철공용드릴비트, 전동공구세트",Expecting value: line 1 column 1 (char 0),,
qwen3.5:9b,밀워키 래치 렌치세트,error,옵셋렌치,"옵셋렌치, 플라이어렌치, 라쳇렌치세트, 냉동라쳇렌치, 다이아고날플라이어",Expecting value: line 1 column 1 (char 0),라쳇렌치세트,False
qwen3.5:9b,밀워키 충전해머드릴 M12V CPD,error,고속절단기,"고속절단기, 충전드릴, 충전임팩트드라이버, 정밀드라이버세트, 드라이버세트",Expecting value: line 1 column 1 (char 0),충전해머드릴,False
qwen3.5:9b,밀차(대형),error,끌세트,"끌세트, 스패너세트, 편구스패너, 소켓렌치세트, 타일컷터",Expecting value: line 1 column 1 (char 0),,
qwen3.5:9b,바둑/장기,error,타일컷터,"타일컷터, 편구스패너, 쇠지렛대, 고무망치, 전선릴",Expecting value: line 1 column 1 (char 0),,
qwen3.5:9b,바둑판+바둑알+장기알세트,error,소켓렌치세트,"소켓렌치세트, 스패너세트, 기어렌치세트, T렌치세트, 전동공구세트",Expecting value: line 1 column 1 (char 0),,
qwen3.5:9b,바둑판세트,error,공구세트,"공구세트, 기어렌치세트, 공구함세트, T렌치세트, 스패너세트",Expecting value: line 1 column 1 (char 0),,
qwen3.5:9b,바리깡,error,에어건,"에어건, 빠루망치, 고무망치, 줄자, 커터",Expecting value: line 1 column 1 (char 0),,
qwen3.5:9b,바이스,error,장도리,"장도리, 타카, 돌망치, 샌더, 펜치",Expecting value: line 1 column 1 (char 0),,
qwen3.5:9b,바이스 그립,error,와이어스트리퍼,"와이어스트리퍼, 타일컷터, 편구스패너, 볼렌치세트, 전선릴",Expecting value: line 1 column 1 (char 0),,
qwen3.5:9b,바이스 그립(12인치),error,소켓렌치세트,"소켓렌치세트, 볼렌치세트, 스패너세트, 만능렌치, 편구스패너",Expecting value: line 1 column 1 (char 0),,
qwen3.5:9b,바이스 플라이어,error,앵글그라인더,"앵글그라인더, 다이아고날플라이어, 바이스그립플라이어, 스냅링플라이어, 냉동라쳇렌치",Expecting value: line 1 column 1 (char 0),바이스그립플라이어,False
qwen3.5:9b,바이스 플라이어 10,error,플라이어렌치,"플라이어렌치, 라쳇렌치세트, 전동드라이버, 굽은노즈플라이어, 옵셋렌치",Expecting value: line 1 column 1 (char 0),,
qwen3.5:9b,바이스 플라이어 1개,error,다이아고날플라이어,"다이아고날플라이어, 스냅링플라이어, 옵셋렌치, 굽은노즈플라이어, 플라이어렌치",Expecting value: line 1 column 1 (char 0),,
qwen3.5:9b,바이스 플라이어(락킹 플라이어),error,다이아고날플라이어,"다이아고날플라이어, 냉동라쳇렌치, 바이스그립플라이어, 앵글그라인더, 스냅링플라이어",Expecting value: line 1 column 1 (char 0),,
qwen3.5:9b,바이스 플라이어8',error,앵글그라인더,"앵글그라인더, 바이스그립플라이어, 냉동라쳇렌치, 다이아고날플라이어, 스냅링플라이어",Expecting value: line 1 column 1 (char 0),,
qwen3.5:9b,바이스 플레이어,error,전동드라이버,"전동드라이버, 플라이어렌치, 옵셋렌치, 굽은노즈플라이어, 앤드컷팅니퍼",Expecting value: line 1 column 1 (char 0),,
qwen3.5:9b,바이스/클램프,error,송풍기,"송풍기, 목공줄, 스패너세트, 기어렌치세트, 소켓렌치세트",Expecting value: line 1 column 1 (char 0),,
qwen3.5:9b,바이스그립,error,와이어스트리퍼,"와이어스트리퍼, 토크렌치, 전선릴, 편구스패너, 볼렌치세트",Expecting value: line 1 column 1 (char 0),바이스그립플라이어,False
qwen3.5:9b,바이스그립(10인치),error,바이스그립플라이어,"바이스그립플라이어, 냉동라쳇렌치, 다이아고날플라이어, 버니어캘리퍼스, 앵글그라인더",Expecting value: line 1 column 1 (char 0),,
qwen3.5:9b,바이스그립플라이어,error,바이스그립플라이어,"바이스그립플라이어, 냉동라쳇렌치, 다이아고날플라이어, 앵글그라인더, 스냅링플라이어",Expecting value: line 1 column 1 (char 0),,
qwen3.5:9b,바이스크립,error,돌망치,"돌망치, 납볼망치, 전지가위, 장도리, 그립망치",Expecting value: line 1 column 1 (char 0),,
qwen3.5:9b,바이스크립(10WR),error,전동공구세트,"전동공구세트, 소켓렌치세트, 스패너세트, 기어렌치세트, T렌치세트",Expecting value: line 1 column 1 (char 0),,
qwen3.5:9b,바이스크립(125mm),error,클램프미터,"클램프미터, 고속절단기, 전동공구세트, 공구세트, 철공용드릴비트",Expecting value: line 1 column 1 (char 0),,
qwen3.5:9b,바이스클립,error,카운터싱크,"카운터싱크, 볼렌치세트, 다이스세트, 장도리, 볼렌치",Expecting value: line 1 column 1 (char 0),,
qwen3.5:9b,바이스프라이어,error,스냅링플라이어,"스냅링플라이어, 플라이어렌치, 플라이어, 굽은노즈플라이어, 옵셋렌치",Expecting value: line 1 column 1 (char 0),,
qwen3.5:9b,바이스플라이야 10WR(USA),error,전동공구세트,"전동공구세트, 전동압착기, 공구세트, 끌세트, 전지가위",Expecting value: line 1 column 1 (char 0),,
qwen3.5:9b,바이스플라이어,error,스냅링플라이어,"스냅링플라이어, 앵글그라인더, 다이아고날플라이어, 플라이어렌치, 옵셋렌치",Expecting value: line 1 column 1 (char 0),바이스그립플라이어,False
qwen3.5:9b,바이스플라이어,error,스냅링플라이어,"스냅링플라이어, 앵글그라인더, 다이아고날플라이어, 플라이어렌치, 옵셋렌치",Expecting value: line 1 column 1 (char 0),바이스그립플라이어,False
qwen3.5:9b,바이스플라이어 1개,error,굽은노즈플라이어,"굽은노즈플라이어, 플라이어렌치, 스냅링플라이어, 옵셋렌치, 다이아고날플라이어",Expecting value: line 1 column 1 (char 0),,
qwen3.5:9b,바이스플라이어(10″),error,라쳇렌치세트,"라쳇렌치세트, 옵셋렌치, 굽은노즈플라이어, 다이아고날플라이어, 플라이어렌치",Expecting value: line 1 column 1 (char 0),,
qwen3.5:9b,바이스플라이어(10인치),error,바이스그립플라이어,"바이스그립플라이어, 앵글그라인더, 다이아고날플라이어, 냉동라쳇렌치, 스냅링플라이어",Expecting value: line 1 column 1 (char 0),바이스그립플라이어,False
qwen3.5:9b,바이스플라이어(250mm),error,클램프미터,"클램프미터, 고속절단기, 전동공구세트, 드릴비트세트, 공구세트",Expecting value: line 1 column 1 (char 0),,
qwen3.5:9b,바이스플라이어(5WR),error,전동공구세트,"전동공구세트, 소켓렌치세트, 스패너세트, 양용드라이버, 끌세트",Expecting value: line 1 column 1 (char 0),,
qwen3.5:9b,"바이스플라이어(SM-W10R, 10",error,전동공구세트,"전동공구세트, 소켓렌치세트, 조합렌치세트, 정밀드라이버세트, 전자산업용니퍼",Expecting value: line 1 column 1 (char 0),,
qwen3.5:9b,바이스플라이어(락킹플라이어),error,다이아고날플라이어,"다이아고날플라이어, 앵글그라인더, 스냅링플라이어, 냉동라쳇렌치, 바이스그립플라이어",Expecting value: line 1 column 1 (char 0),,
qwen3.5:9b,바이스플라이어(락킹플라이어)10',error,바이스그립플라이어,"바이스그립플라이어, 냉동라쳇렌치, 다이아고날플라이어, 앵글그라인더, 앤드컷팅니퍼",Expecting value: line 1 column 1 (char 0),,
qwen3.5:9b,바이스플레아(10인치),error,바이스그립플라이어,"바이스그립플라이어, 냉동라쳇렌치, 다이아고날플라이어, 앵글그라인더, 버니어캘리퍼스",Expecting value: line 1 column 1 (char 0),,
qwen3.5:9b,박스렌치세트,error,소켓렌치세트,"소켓렌치세트, 기어렌치세트, T렌치세트, 스패너세트, 공구세트",Expecting value: line 1 column 1 (char 0),,
qwen3.5:9b,반려동물 이동장,error,목공톱,"목공톱, 왕복톱(레시프로쏘), 원형톱, 목공줄, 그립망치",Expecting value: line 1 column 1 (char 0),,
qwen3.5:9b,발 펌프,error,에어펌프,"에어펌프, 드릴비트세트, 다림추, 철공용드릴비트, 드릴비트",Expecting value: line 1 column 1 (char 0),,
qwen3.5:9b,발펌프,error,에어펌프,"에어펌프, 철공용드릴비트, 목공용드릴비트, 드릴비트세트, 클램프미터",Expecting value: line 1 column 1 (char 0),,
qwen3.5:9b,발펌프,error,에어펌프,"에어펌프, 철공용드릴비트, 목공용드릴비트, 드릴비트세트, 클램프미터",Expecting value: line 1 column 1 (char 0),,
qwen3.5:9b,발펌프(쌍발) SM-FP7-스마토,error,철공용드릴비트,"철공용드릴비트, 철공용드릴비트세트, 목공용드릴비트, 정밀드라이버세트, 고속절단기",Expecting value: line 1 column 1 (char 0),,
qwen3.5:9b,발펌프(외발),error,에어펌프,"에어펌프, 철공용드릴비트, 목공용드릴비트, 고속절단기, 드릴비트세트",Expecting value: line 1 column 1 (char 0),,
qwen3.5:9b,밧데리 충전기,error,충전임팩트드라이버,"충전임팩트드라이버, 배터리팩, 충전드릴, 케이블컷터, 전기인두",Expecting value: line 1 column 1 (char 0),,
qwen3.5:9b,방구석 방송세트,error,전동공구세트,"전동공구세트, 소켓렌치세트, 기어렌치세트, T렌치세트, SDS드릴비트",Expecting value: line 1 column 1 (char 0),,
qwen3.5:9b,방구석라이브세트,error,소켓렌치세트,"소켓렌치세트, 스패너세트, 기어렌치세트, T렌치세트, 전동공구세트",Expecting value: line 1 column 1 (char 0),,
qwen3.5:9b,방수돗자리,error,고지가위,"고지가위, 먹통, 전지가위, 목공줄, 수평기",Expecting value: line 1 column 1 (char 0),,
qwen3.5:9b,방역기,error,전지가위,"전지가위, 납볼망치, 직각자, 돌망치, 장도리",Expecting value: line 1 column 1 (char 0),,
qwen3.5:9b,방역분무기,error,공구세트,"공구세트, 전동공구세트, 전동압착기, 보안경, 전지가위",Expecting value: line 1 column 1 (char 0),,
qwen3.5:9b,방역소독기,error,석고대패,"석고대패, 그립망치, 돌망치, 납볼망치, 전동압착기",Expecting value: line 1 column 1 (char 0),,
qwen3.5:9b,방역소독기 (무선),error,석고대패,"석고대패, 전동압착기, 그립망치, 돌망치, 납볼망치",Expecting value: line 1 column 1 (char 0),,
qwen3.5:9b,방역소독기 (유선),error,석고대패,"석고대패, 전동압착기, 그립망치, 에어타카, 전지가위",Expecting value: line 1 column 1 (char 0),,
qwen3.5:9b,방우형 전선릴 KXGBP-13(1.0530M),error,고속절단기,"고속절단기, SDS드릴비트, 클램프미터, 전동공구세트, 정밀드라이버세트",Expecting value: line 1 column 1 (char 0),,
qwen3.5:9b,방울집게,error,냉동라쳇렌치,"냉동라쳇렌치, 앤드컷팅니퍼, 버니어캘리퍼스, 다이아고날플라이어, 옵셋렌치",Expecting value: line 1 column 1 (char 0),,
qwen3.5:9b,방청윤활유,error,만능렌치,"만능렌치, 직각자, 송풍기, 그립망치, 납볼망치",Expecting value: line 1 column 1 (char 0),,
qwen3.5:9b,배관커터,error,타일컷터,"타일컷터, 와이어스트리퍼, 편구스패너, 양용드라이버, 볼렌치세트",Expecting value: line 1 column 1 (char 0),,
qwen3.5:9b,배드민턴 세트,error,T렌치세트,"T렌치세트, 기어렌치세트, 소켓렌치세트, 볼렌치세트, 스패너세트",Expecting value: line 1 column 1 (char 0),,
qwen3.5:9b,배수구 청소기,error,스프링배관청소기,"스프링배관청소기, 목공줄, 목공용드릴비트, 드릴비트세트, 전동압착기",Expecting value: line 1 column 1 (char 0),,
qwen3.5:9b,배수펌프,error,에어펌프,"에어펌프, 목공용드릴비트, 철공용드릴비트, 철판가위, 클램프미터",Expecting value: line 1 column 1 (char 0),,
qwen3.5:9b,배터리충전기,error,배터리팩,"배터리팩, 충전임팩트드라이버, 전기인두, 충전드릴, 고속절단기",Expecting value: line 1 column 1 (char 0),,
qwen3.5:9b,백마,error,장도리,"장도리, 에어건, 빠루망치, 돌망치, 줄자",Expecting value: line 1 column 1 (char 0),,
qwen3.5:9b,백마접톱,error,원형톱,"원형톱, 목공용접톱, 쇠톱, 접톱, 목공줄",Expecting value: line 1 column 1 (char 0),,
qwen3.5:9b,백터스트리퍼,error,와이어스트리퍼,"와이어스트리퍼, 편구스패너, 타일컷터, 스크레퍼, 전선릴",Expecting value: line 1 column 1 (char 0),와이어스트리퍼,False
qwen3.5:9b,범위측정기,error,라돈측정기,"라돈측정기, 수평기, 육각렌치, 직각자, 육각렌치세트",Expecting value: line 1 column 1 (char 0),,
qwen3.5:9b,베셀드라이버,error,양용드라이버,"양용드라이버, 와이어스트리퍼, 카운터싱크, 편구스패너, 볼렌치세트",Expecting value: line 1 column 1 (char 0),,
qwen3.5:9b,벡터 스트리퍼,error,플라이어렌치,"플라이어렌치, 굽은노즈플라이어, 전동드라이버, 스냅링플라이어, 다이아고날플라이어",Expecting value: line 1 column 1 (char 0),,
qwen3.5:9b,벤치,error,다림추,"다림추, 수평기, 탭세트, 테이블톱, 육각렌치",Expecting value: line 1 column 1 (char 0),,
qwen3.5:9b,벤트노즈플라이어,error,앵글그라인더,"앵글그라인더, 바이스그립플라이어, 다이아고날플라이어, 스냅링플라이어, 냉동라쳇렌치",Expecting value: line 1 column 1 (char 0),,
qwen3.5:9b,변기 관통기,error,먹통,"먹통, 목공줄, 전지가위, 그립망치, 스프링배관청소기",Expecting value: line 1 column 1 (char 0),,
qwen3.5:9b,별렌치,error,장도리,"장도리, 빠루망치, 만능렌치, 고무망치, 육각렌치",Expecting value: line 1 column 1 (char 0),,
qwen3.5:9b,별렌치 (접이식),error,별렌치세트,"별렌치세트, 소켓렌치세트, 스패너세트, 만능렌치, 기어렌치세트",Expecting value: line 1 column 1 (char 0),,
qwen3.5:9b,별렌치 세트,error,별렌치세트,"별렌치세트, 기어렌치세트, 육각렌치세트, 전동공구세트, T렌치세트",Expecting value: line 1 column 1 (char 0),,
qwen3.5:9b,별렌치세트,error,별렌치세트,"별렌치세트, 소켓렌치세트, 기어렌치세트, 스패너세트, 전동공구세트",Expecting value: line 1 column 1 (char 0),별렌치세트,False
qwen3.5:9b,별렌치세트(접이식),error,별렌치세트,"별렌치세트, 육각렌치세트, 기어렌치세트, 전동공구세트, 라돈측정기",Expecting value: line 1 column 1 (char 0),,
qwen3.5:9b,보급형 드릴날세트,error,드릴비트세트,"드릴비트세트, 공구세트, 전동공구세트, 목공용드릴비트, 공구함세트",Expecting value: line 1 column 1 (char 0),,
qwen3.5:9b,보드게임 (할리갈리외 16종),error,편구스패너,"편구스패너, 소켓렌치세트, 스패너세트, 볼렌치세트, 타일컷터",Expecting value: line 1 column 1 (char 0),,
qwen3.5:9b,보드게임 강아지똥,error,해머드릴,"해머드릴, 커터, 전동드릴, 쇠지렛대, 타일컷터",Expecting value: line 1 column 1 (char 0),,
qwen3.5:9b,보드게임 다빈치코드,error,소켓렌치세트,"소켓렌치세트, 스패너세트, 편구스패너, 볼렌치세트, 타일컷터",Expecting value: line 1 column 1 (char 0),,
qwen3.5:9b,보드게임 사보타지,error,스냅링플라이어,"스냅링플라이어, 앤드컷팅니퍼, 다이아고날플라이어, 굽은노즈플라이어, 플라이어렌치",Expecting value: line 1 column 1 (char 0),,
qwen3.5:9b,보드게임 상어 아일랜드,error,다이아고날플라이어,"다이아고날플라이어, 스냅링플라이어, 플라이어렌치, 앤드컷팅니퍼, 냉동라쳇렌치",Expecting value: line 1 column 1 (char 0),,
qwen3.5:9b,보드게임 우노,error,편구스패너,"편구스패너, 쇠지렛대, 전선릴, 타일컷터, 전동드릴",Expecting value: line 1 column 1 (char 0),,
qwen3.5:9b,보드게임 젝스님트,error,앤드컷팅니퍼,"앤드컷팅니퍼, 냉동라쳇렌치, 충전해머드릴, 플라이어렌치, 다이아고날플라이어",Expecting value: line 1 column 1 (char 0),,
qwen3.5:9b,보드게임 클루,error,스패너,"스패너, 만능렌치, 편구스패너, 타일컷터, 빠루망치",Expecting value: line 1 column 1 (char 0),,
qwen3.5:9b,보드게임 텀블링 몽키,error,편구스패너,"편구스패너, 타일컷터, 쇠지렛대, 충전해머드릴, 양용드라이버",Expecting value: line 1 column 1 (char 0),,
qwen3.5:9b,보드게임 할리갈리,error,다이아고날플라이어,"다이아고날플라이어, 냉동라쳇렌치, 스냅링플라이어, 앤드컷팅니퍼, 플라이어렌치",Expecting value: line 1 column 1 (char 0),,
qwen3.5:9b,보드게임 흔들흔들 해적선,error,로터리해머드릴,"로터리해머드릴, 충전해머드릴, 타일컷터, 편구스패너, 쇠지렛대",Expecting value: line 1 column 1 (char 0),,
qwen3.5:9b,보쉬,error,에어건,"에어건, 커터, 스패너, 타카, 먹통",Expecting value: line 1 column 1 (char 0),,
qwen3.5:9b,보쉬 13RE,error,빠루망치,"빠루망치, 만능렌치, 전동타카, 카운터싱크, 타카",Expecting value: line 1 column 1 (char 0),해머드릴,False
qwen3.5:9b,보쉬 GLM 40 거리측정기,error,라돈측정기,"라돈측정기, 고속절단기, SDS드릴비트, 클램프미터, 전동압착기",Expecting value: line 1 column 1 (char 0),레이저거리측정기,False
qwen3.5:9b,보쉬 advanced impact 1800,error,전동압착기,"전동압착기, 고속절단기, 전동공구세트, 라돈측정기, SDS드릴비트",Expecting value: line 1 column 1 (char 0),,
qwen3.5:9b,보쉬 거리측정기,error,라돈측정기,"라돈측정기, 육각렌치, 육각렌치세트, 수평기, 만능렌치",Expecting value: line 1 column 1 (char 0),레이저거리측정기,False
qwen3.5:9b,보쉬 그라인더(타일절단용),error,다이아고날플라이어,"다이아고날플라이어, 냉동라쳇렌치, 스냅링플라이어, 앵글그라인더, 앤드컷팅니퍼",Expecting value: line 1 column 1 (char 0),,
qwen3.5:9b,보쉬 다목적 드릴비트세트,error,드릴비트세트,"드릴비트세트, 공구함세트, 기어렌치세트, 전동공구세트, 공구세트",Expecting value: line 1 column 1 (char 0),,
qwen3.5:9b,보쉬 무선그라인더,error,냉동라쳇렌치,"냉동라쳇렌치, 앤드컷팅니퍼, 다이아고날플라이어, 옵셋렌치, 스냅링플라이어",Expecting value: line 1 column 1 (char 0),앵글그라인더,False
qwen3.5:9b,보쉬 비트 세트,error,비트세트,"비트세트, T렌치세트, 기어렌치세트, 스패너세트, 공구함세트",Expecting value: line 1 column 1 (char 0),,
qwen3.5:9b,보쉬 비트세트(100PCS),error,비트세트,"비트세트, SDS드릴비트, 정밀드라이버세트, 고속절단기, 전동공구세트",Expecting value: line 1 column 1 (char 0),비트세트,False
qwen3.5:9b,보쉬 수공구,error,빠루망치,"빠루망치, 그립망치, 만능렌치, 목공줄, 돌망치",Expecting value: line 1 column 1 (char 0),,
qwen3.5:9b,보쉬 수공구세트,error,목공줄,"목공줄, 공구세트, 기어렌치세트, 전동공구세트, 스패너세트",Expecting value: line 1 column 1 (char 0),공구세트,False
qwen3.5:9b,보쉬 스패너 세트,error,스패너세트,"스패너세트, 소켓렌치세트, 기어렌치세트, T렌치세트, 전동공구세트",Expecting value: line 1 column 1 (char 0),스패너세트,False
qwen3.5:9b,보쉬 열풍기,error,열풍기,"열풍기, 송풍기, 육각렌치, 만능렌치, 가스토치",Expecting value: line 1 column 1 (char 0),열풍기,False
qwen3.5:9b,보쉬 일반 드릴,error,전지가위,"전지가위, 목공줄, 빠루망치, 납볼망치, 임팩트드릴",Expecting value: line 1 column 1 (char 0),전동드릴,False
qwen3.5:9b,보쉬 임팩드릴,error,해머드릴,"해머드릴, 충전해머드릴, 전동드릴, 전선릴, 와이어스트리퍼",Expecting value: line 1 column 1 (char 0),,
qwen3.5:9b,보쉬 전기그라인더,error,충전해머드릴,"충전해머드릴, 편구스패너, 전동드릴, 와이어스트리퍼, 타일컷터",Expecting value: line 1 column 1 (char 0),,
qwen3.5:9b,보쉬 전기해머드릴 13RE,error,전동공구세트,"전동공구세트, 고속절단기, 충전드릴, 만능렌치, 끌세트",Expecting value: line 1 column 1 (char 0),,
qwen3.5:9b,보쉬 전동  드릴,error,전동드릴,"전동드릴, 해머드릴, 전선릴, 편구스패너, 고무망치",Expecting value: line 1 column 1 (char 0),,
qwen3.5:9b,보쉬 전동 그라인더,error,바이스그립플라이어,"바이스그립플라이어, 냉동라쳇렌치, 앵글그라인더, 다이아고날플라이어, 스냅링플라이어",Expecting value: line 1 column 1 (char 0),,
qwen3.5:9b,보쉬 전동 드라이버,error,냉동라쳇렌치,"냉동라쳇렌치, 전동드라이버, 앤드컷팅니퍼, 다이아고날플라이어, 충전해머드릴",Expecting value: line 1 column 1 (char 0),전동드라이버,False
qwen3.5:9b,보쉬 전동공구세트,error,전동공구세트,"전동공구세트, 공구세트, 기어렌치세트, 스패너세트, 소켓렌치세트",Expecting value: line 1 column 1 (char 0),전동공구세트,False
qwen3.5:9b,보쉬 전동그라인더,error,냉동라쳇렌치,"냉동라쳇렌치, 바이스그립플라이어, 다이아고날플라이어, 앵글그라인더, 버니어캘리퍼스",Expecting value: line 1 column 1 (char 0),앵글그라인더,False
qwen3.5:9b,보쉬 전동드릴세트,error,전동공구세트,"전동공구세트, 드릴비트세트, 목공용드릴비트, 공구세트, 고속절단기",Expecting value: line 1 column 1 (char 0),,
qwen3.5:9b,보쉬 충전 임팩트 드릴/드라이버,error,충전임팩트드라이버,"충전임팩트드라이버, 충전드릴, 배터리팩, 목공용드릴비트, 고속절단기",Expecting value: line 1 column 1 (char 0),충전임팩트드라이버,False
qwen3.5:9b,보쉬 충전 전동드릴,error,충전드릴,"충전드릴, 충전해머드릴, 고속절단기, 충전임팩트드라이버, 임팩트드릴",Expecting value: line 1 column 1 (char 0),충전드릴,False
qwen3.5:9b,보쉬 충전 해머드릴,error,충전해머드릴,"충전해머드릴, 해머드릴, 와이어스트리퍼, 전동드릴, 전선릴",Expecting value: line 1 column 1 (char 0),,
qwen3.5:9b,보쉬 충전드릴,error,충전드릴,"충전드릴, 충전해머드릴, 해머드릴, 임팩트드릴, 전동드릴",Expecting value: line 1 column 1 (char 0),충전드릴,False
qwen3.5:9b,보쉬 충전해머,error,충전해머드릴,"충전해머드릴, 옵셋렌치, 스냅링플라이어, 다이아고날플라이어, 앤드컷팅니퍼",Expecting value: line 1 column 1 (char 0),,
qwen3.5:9b,보쉬 충전해머드릴,error,충전해머드릴,"충전해머드릴, 앤드컷팅니퍼, 옵셋렌치, 버니어캘리퍼스, 굽은노즈플라이어",Expecting value: line 1 column 1 (char 0),충전해머드릴,False
qwen3.5:9b,보쉬 충전해머드릴(무선),error,충전해머드릴,"충전해머드릴, 충전드릴, 타일컷터, 전동드릴, 와이어스트리퍼",Expecting value: line 1 column 1 (char 0),충전해머드릴,False
qwen3.5:9b,보쉬 해머드릴,error,충전해머드릴,"충전해머드릴, 해머드릴, 전선릴, 앤드컷팅니퍼, 와이어스트리퍼",Expecting value: line 1 column 1 (char 0),해머드릴,False
qwen3.5:9b,보쉬 해머드릴(유선),error,냉동라쳇렌치,"냉동라쳇렌치, 옵셋렌치, 다이아고날플라이어, 앤드컷팅니퍼, 버니어캘리퍼스",Expecting value: line 1 column 1 (char 0),해머드릴,False
qwen3.5:9b,보쉬(100PCS),error,고속절단기,"고속절단기, SDS드릴비트, 클램프미터, 전동공구세트, 정밀드라이버세트",Expecting value: line 1 column 1 (char 0),,
qwen3.5:9b,보쉬)해머드릴,error,옵셋렌치,"옵셋렌치, 스냅링플라이어, 다이아고날플라이어, 굽은노즈플라이어, 앤드컷팅니퍼",Expecting value: line 1 column 1 (char 0),,
qwen3.5:9b,보쉬공구세트,error,기어렌치세트,"기어렌치세트, 공구세트, 전동공구세트, 스패너세트, T렌치세트",Expecting value: line 1 column 1 (char 0),,
qwen3.5:9b,보쉬드릴비트세트,error,스패너세트,"스패너세트, 소켓렌치세트, 기어렌치세트, 드릴비트세트, T렌치세트",Expecting value: line 1 column 1 (char 0),,
qwen3.5:9b,보쉬멀티기리세트,error,소켓렌치세트,"소켓렌치세트, 볼렌치세트, 스패너세트, 편구스패너, 기어렌치세트",Expecting value: line 1 column 1 (char 0),드릴비트세트,False
qwen3.5:9b,보쉬수공구세트,error,전동공구세트,"전동공구세트, 공구세트, 기어렌치세트, 공구함세트, T렌치세트",Expecting value: line 1 column 1 (char 0),,
qwen3.5:9b,보쉬수공구세트,error,전동공구세트,"전동공구세트, 공구세트, 기어렌치세트, 공구함세트, T렌치세트",Expecting value: line 1 column 1 (char 0),,
qwen3.5:9b,보쉬전기드릴,error,충전드릴,"충전드릴, 해머드릴, 만능렌치, 전동드릴, 임팩트드릴",Expecting value: line 1 column 1 (char 0),,
qwen3.5:9b,보쉬전동공구,error,만능렌치,"만능렌치, 전동타카, 편구스패너, 빠루망치, 육각렌치",Expecting value: line 1 column 1 (char 0),,
qwen3.5:9b,보쉬전동드릴,error,해머드릴,"해머드릴, 전동드릴, 전선릴, 충전해머드릴, 고무망치",Expecting value: line 1 column 1 (char 0),전동드릴,False
qwen3.5:9b,보쉬진동드릴,error,충전해머드릴,"충전해머드릴, 전선릴, 해머드릴, 앤드컷팅니퍼, 와이어스트리퍼",Expecting value: line 1 column 1 (char 0),,
qwen3.5:9b,보쉬충전드릴,error,해머드릴,"해머드릴, 임팩트드릴, 그립망치, 빠루망치, 만능렌치",Expecting value: line 1 column 1 (char 0),충전드릴,False
qwen3.5:9b,보쉬충전드릴 1개,error,해머드릴,"해머드릴, 임팩트드릴, 목공줄, 그립망치, 만능렌치",Expecting value: line 1 column 1 (char 0),,
qwen3.5:9b,보쉬해머드릴,error,충전해머드릴,"충전해머드릴, 해머드릴, 전선릴, 옵셋렌치, 굽은노즈플라이어",Expecting value: line 1 column 1 (char 0),해머드릴,False
qwen3.5:9b,보안경,error,보안경,"보안경, 전지가위, 납볼망치, 안전로프, 임팩트드릴",Expecting value: line 1 column 1 (char 0),보안경,False
qwen3.5:9b,보안경(고글),error,보안경,"보안경, 임팩트드릴, 전동드릴, 납볼망치, 충전해머드릴",Expecting value: line 1 column 1 (char 0),,
qwen3.5:9b,보안경(물안경 타입),error,보안경,"보안경, 안전로프, SDS드릴비트, 전동공구세트, 정밀드라이버세트",Expecting value: line 1 column 1 (char 0),,
qwen3.5:9b,보행 보조기,error,전지가위,"전지가위, T핸드드라이버, 핸드카트, 안전로프, 전동압착기",Expecting value: line 1 column 1 (char 0),,
qwen3.5:9b,보행보조기,error,전지가위,"전지가위, T핸드드라이버, 안전로프, 핸드카트, 에어타카",Expecting value: line 1 column 1 (char 0),,
qwen3.5:9b,보호안경,error,안전모,"안전모, 안전로프, 보안경, 전동압착기, 안전장갑",Expecting value: line 1 column 1 (char 0),,
qwen3.5:9b,보호안경 1개,error,보안경,"보안경, 안전로프, 직각자, 전동압착기, 정밀드라이버세트",Expecting value: line 1 column 1 (char 0),,
qwen3.5:9b,보호안경 투명,error,안전모,"안전모, 보안경, 안전로프, 방진마스크, 라돈측정기",Expecting value: line 1 column 1 (char 0),,
qwen3.5:9b,복사기(팩스),error,SDS드릴비트,"SDS드릴비트, 전지가위, 전동공구세트, 공구세트, 소켓렌치세트",Expecting value: line 1 column 1 (char 0),,
qwen3.5:9b,복쉬수공구세트,error,기어렌치세트,"기어렌치세트, 전동공구세트, 공구세트, 스패너세트, T렌치세트",Expecting value: line 1 column 1 (char 0),,
qwen3.5:9b,복스,error,플라이어,"플라이어, 렌치, 전선릴, 스크레퍼, 편구스패너",Expecting value: line 1 column 1 (char 0),,
qwen3.5:9b,복스 (10개 1세트),error,바이스그립플라이어,"바이스그립플라이어, 냉동라쳇렌치, 버니어캘리퍼스, 다이아고날플라이어, 앤드컷팅니퍼",Expecting value: line 1 column 1 (char 0),,
qwen3.5:9b,복스 1세트,error,라쳇렌치세트,"라쳇렌치세트, 앤드컷팅니퍼, 와이어스트리퍼, 버니어캘리퍼스, 전동드라이버",Expecting value: line 1 column 1 (char 0),,
qwen3.5:9b,복스 공구세트(46p),error,전동공구세트,"전동공구세트, 고속절단기, 공구세트, 철공용드릴비트, 드릴비트세트",Expecting value: line 1 column 1 (char 0),,
qwen3.5:9b,복스 세트,error,스패너세트,"스패너세트, 소켓렌치세트, 끌세트, T렌치세트, 기어렌치세트",Expecting value: line 1 column 1 (char 0),,
qwen3.5:9b,복스 세트 1개,error,기어렌치세트,"기어렌치세트, 스패너세트, T렌치세트, 소켓렌치세트, 조합렌치세트",Expecting value: line 1 column 1 (char 0),,
qwen3.5:9b,복스SET 1/2-17pcs(TL-SS11),error,SDS드릴비트,"SDS드릴비트, 고속절단기, 전동공구세트, 전동압착기, 강력니퍼",Expecting value: line 1 column 1 (char 0),,
qwen3.5:9b,복스Set(15EA) 1개,error,소켓렌치세트,"소켓렌치세트, 전동공구세트, T렌치세트, 기어렌치세트, 조합렌치세트",Expecting value: line 1 column 1 (char 0),,
qwen3.5:9b,복스렌치,error,다이아고날플라이어,"다이아고날플라이어, 플라이어렌치, 옵셋렌치, 냉동라쳇렌치, 스냅링플라이어",Expecting value: line 1 column 1 (char 0),,
qwen3.5:9b,복스렌치세트,error,라쳇렌치세트,"라쳇렌치세트, 플라이어렌치, 굽은노즈플라이어, 옵셋렌치, 와이어스트리퍼",Expecting value: line 1 column 1 (char 0),,
qwen3.5:9b,복스세트,error,편구스패너,"편구스패너, 와이어스트리퍼, 전선릴, 타일컷터, 볼렌치세트",Expecting value: line 1 column 1 (char 0),소켓렌치세트,False
qwen3.5:9b,복스세트 1개,error,편구스패너,"편구스패너, 볼렌치세트, 소켓렌치세트, 스패너세트, 타일컷터",Expecting value: line 1 column 1 (char 0),,
qwen3.5:9b,복스세트(17pcs),error,클램프미터,"클램프미터, 고속절단기, 센터펀치, 조합렌치세트, T렌치세트",Expecting value: line 1 column 1 (char 0),,
qwen3.5:9b,복스세트(20pcs),error,클램프미터,"클램프미터, 직소기, 공구함세트, 육각렌치세트, 전동공구세트",Expecting value: line 1 column 1 (char 0),,
qwen3.5:9b,복스세트(소켓렌치세트),error,소켓렌치세트,"소켓렌치세트, 스패너세트, 볼렌치세트, 편구스패너, 기어렌치세트",Expecting value: line 1 column 1 (char 0),,
qwen3.5:9b,복스세트(앵글),error,편구스패너,"편구스패너, 볼렌치세트, 소켓렌치세트, 스패너세트, 라쳇렌치세트",Expecting value: line 1 column 1 (char 0),,
qwen3.5:9b,복스셋,error,와이어스트리퍼,"와이어스트리퍼, 전선릴, 편구스패너, 타일컷터, 스크레퍼",Expecting value: line 1 column 1 (char 0),,
qwen3.5:9b,복스셋트,error,굽은노즈플라이어,"굽은노즈플라이어, 플라이어렌치, 라쳇렌치세트, 전동드라이버, 전선릴",Expecting value: line 1 column 1 (char 0),,
qwen3.5:9b,복스셋트(대),error,냉동라쳇렌치,"냉동라쳇렌치, 바이스그립플라이어, 앵글그라인더, 다이아고날플라이어, 스냅링플라이어",Expecting value: line 1 column 1 (char 0),,
qwen3.5:9b,복스소켓렌치세트(20pcs),error,클램프미터,"클램프미터, 육각렌치세트, 전동공구세트, 정밀드라이버세트, 고속절단기",Expecting value: line 1 column 1 (char 0),,
qwen3.5:9b,본드,error,커터,"커터, 에어건, 장도리, 줄자, 샌더",Expecting value: line 1 column 1 (char 0),,
qwen3.5:9b,볼L렌치 세트,error,기어렌치세트,"기어렌치세트, T렌치세트, 볼렌치세트, 소켓렌치세트, 스패너세트",Expecting value: line 1 column 1 (char 0),,
qwen3.5:9b,볼드 커터,error,다이아고날플라이어,"다이아고날플라이어, 앤드컷팅니퍼, 플라이어렌치, 굽은노즈플라이어, 스냅링플라이어",Expecting value: line 1 column 1 (char 0),,
qwen3.5:9b,볼렌지세트,error,볼렌치세트,"볼렌치세트, 소켓렌치세트, 다이스세트, 편구스패너, 스패너세트",Expecting value: line 1 column 1 (char 0),,
qwen3.5:9b,볼렌치,error,볼렌치,"볼렌치, 토크렌치, 장도리, 볼렌치세트, 전동타카",Expecting value: line 1 column 1 (char 0),볼렌치,False
qwen3.5:9b,볼렌치 세트,error,기어렌치세트,"기어렌치세트, T렌치세트, 볼렌치세트, 소켓렌치세트, 스패너세트",Expecting value: line 1 column 1 (char 0),,
qwen3.5:9b,볼렌치 육각,error,볼렌치,"볼렌치, 육각렌치, 볼렌치세트, 수평기, 전동타카",Expecting value: line 1 column 1 (char 0),,
qwen3.5:9b,볼렌치세트,error,볼렌치세트,"볼렌치세트, 소켓렌치세트, 편구스패너, 스패너세트, 라쳇렌치세트",Expecting value: line 1 column 1 (char 0),볼렌치세트,False
qwen3.5:9b,볼렌치세트 1개,error,소켓렌치세트,"소켓렌치세트, 스패너세트, 볼렌치세트, 기어렌치세트, T렌치세트",Expecting value: line 1 column 1 (char 0),,
qwen3.5:9b,볼렌치세트(8피스),error,볼렌치세트,"볼렌치세트, 소켓렌치세트, 라쳇렌치세트, 스패너세트, 편구스패너",Expecting value: line 1 column 1 (char 0),,
qwen3.5:9b,볼렌치세트(9피스),error,소켓렌치세트,"소켓렌치세트, 볼렌치세트, 스패너세트, 라쳇렌치세트, 편구스패너",Expecting value: line 1 column 1 (char 0),,
qwen3.5:9b,볼렌치셋,error,와이어스트리퍼,"와이어스트리퍼, 볼렌치세트, 편구스패너, 전선릴, 타일컷터",Expecting value: line 1 column 1 (char 0),,
qwen3.5:9b,볼렌치셋트,error,라쳇렌치세트,"라쳇렌치세트, 와이어스트리퍼, 볼렌치세트, 편구스패너, 전선릴",Expecting value: line 1 column 1 (char 0),,
qwen3.5:9b,볼렌치셋트1개,error,소켓렌치세트,"소켓렌치세트, 볼렌치세트, 편구스패너, 스패너세트, 타일컷터",Expecting value: line 1 column 1 (char 0),,
qwen3.5:9b,볼망치,error,장도리,"장도리, 고무망치, 빠루망치, 만능렌치, 전선릴",Expecting value: line 1 column 1 (char 0),,
qwen3.5:9b,볼트 리무버 세트,error,전동공구세트,"전동공구세트, 소켓렌치세트, 볼트컷터, 끌세트, 스패너세트",Expecting value: line 1 column 1 (char 0),,
qwen3.5:9b,볼트 컷터,error,볼트컷터,"볼트컷터, 드릴비트세트, 드릴비트, 공구세트, 절단석",Expecting value: line 1 column 1 (char 0),,
qwen3.5:9b,볼트갓다,error,전선릴,"전선릴, 편구스패너, 쇠지렛대, 와이어스트리퍼, 굽은노즈플라이어",Expecting value: line 1 column 1 (char 0),,
qwen3.5:9b,볼트갓타,error,건타카,"건타카, 육각렌치, 전동타카, 장도리, 줄자",Expecting value: line 1 column 1 (char 0),,
qwen3.5:9b,볼트리무버,error,육각렌치,"육각렌치, 줄자, 전지가위, 카운터싱크, 돌망치",Expecting value: line 1 column 1 (char 0),,
qwen3.5:9b,볼트리무버 세트,error,기어렌치세트,"기어렌치세트, 전동공구세트, T렌치세트, 공구세트, 스패너세트",Expecting value: line 1 column 1 (char 0),,
qwen3.5:9b,볼트리무버세트,error,기어렌치세트,"기어렌치세트, 전동공구세트, 공구세트, 스패너세트, T렌치세트",Expecting value: line 1 column 1 (char 0),,
qwen3.5:9b,볼트카타,error,건타카,"건타카, 볼렌치, 타카, 육각렌치, 장도리",Expecting value: line 1 column 1 (char 0),볼트컷터,False
qwen3.5:9b,볼트캇다,error,옵셋렌치,"옵셋렌치, 플라이어렌치, 스냅링플라이어, 굽은노즈플라이어, 다이아고날플라이어",Expecting value: line 1 column 1 (char 0),,
qwen3.5:9b,볼트캇타,error,전동타카,"전동타카, 카운터싱크, 빠루망치, 편구스패너, 볼트컷터",Expecting value: line 1 column 1 (char 0),,
qwen3.5:9b,볼트캇타(절단기) 18',error,냉동라쳇렌치,"냉동라쳇렌치, 바이스그립플라이어, 앤드컷팅니퍼, 다이아고날플라이어, 버니어캘리퍼스",Expecting value: line 1 column 1 (char 0),,
qwen3.5:9b,볼트캇터(18인치),error,편구스패너,"편구스패너, 와이어스트리퍼, 타일컷터, 라쳇렌치세트, 볼렌치세트",Expecting value: line 1 column 1 (char 0),,
qwen3.5:9b,볼트커터,error,볼트컷터,"볼트컷터, 편구스패너, 타일컷터, 볼렌치세트, 와이어스트리퍼",Expecting value: line 1 column 1 (char 0),볼트컷터,False
qwen3.5:9b,볼트커터 14,error,볼트컷터,"볼트컷터, 끌세트, 소켓렌치세트, 볼렌치세트, 편구스패너",Expecting value: line 1 column 1 (char 0),,
qwen3.5:9b,볼트커터 18인치,error,볼트컷터,"볼트컷터, 소켓렌치세트, 전동공구세트, 스패너세트, 볼렌치세트",Expecting value: line 1 column 1 (char 0),,
qwen3.5:9b,볼트커터(12인치),error,드릴비트세트,"드릴비트세트, 볼트컷터, 전동공구세트, 소켓렌치세트, 공구세트",Expecting value: line 1 column 1 (char 0),,
qwen3.5:9b,볼트컷터,error,볼트컷터,"볼트컷터, 스패너, 드릴비트, 스패너세트, 끌세트",Expecting value: line 1 column 1 (char 0),볼트컷터,False
qwen3.5:9b,볼트컷터 연질용,error,목공용드릴비트,"목공용드릴비트, 드릴비트세트, 볼트컷터, 공구세트, 철공용드릴비트",Expecting value: line 1 column 1 (char 0),,
qwen3.5:9b,볼트컷트,error,볼트컷터,"볼트컷터, 스패너, 드릴비트, 카운터싱크, 돌망치",Expecting value: line 1 column 1 (char 0),,
qwen3.5:9b,볼트클리퍼,error,와이어스트리퍼,"와이어스트리퍼, 편구스패너, 타일컷터, 전선릴, 스크레퍼",Expecting value: line 1 column 1 (char 0),,
qwen3.5:9b,부루마블,error,장도리,"장도리, 전동타카, 빠루망치, 돌망치, 건타카",Expecting value: line 1 column 1 (char 0),,
qwen3.5:9b,부탄가스 히타,error,가스토치,"가스토치, 석고대패, 절단석, 볼트컷터, 강력니퍼",Expecting value: line 1 column 1 (char 0),,
qwen3.5:9b,부탄가스 히터,error,가스토치,"가스토치, 적외선온도계, 고속절단기, 석고대패, 철공용드릴비트",Expecting value: line 1 column 1 (char 0),,
qwen3.5:9b,부탄가스토치,error,가스토치,"가스토치, 석고대패, 절단석, 돌망치, 건타카",Expecting value: line 1 column 1 (char 0),,
qwen3.5:9b,부탄가스히타,error,가스토치,"가스토치, 절단석, 석고대패, 그립망치, 돌망치",Expecting value: line 1 column 1 (char 0),,
qwen3.5:9b,부탄가스히터,error,가스토치,"가스토치, 석고대패, 볼트컷터, 철공용드릴비트, 공구세트",Expecting value: line 1 column 1 (char 0),,
qwen3.5:9b,부탄가스히트,error,가스토치,"가스토치, 석고대패, 절단석, 강력니퍼, 볼트컷터",Expecting value: line 1 column 1 (char 0),,
qwen3.5:9b,분사호수,error,전지가위,"전지가위, 전동압착기, 에어타카, 수평기, 육각렌치",Expecting value: line 1 column 1 (char 0),,
qwen3.5:9b,분사호스,error,전지가위,"전지가위, 납볼망치, 소켓렌치세트, 만능렌치, 장도리",Expecting value: line 1 column 1 (char 0),,
qwen3.5:9b,분재가위,error,공구함세트,"공구함세트, 직소기, 공구세트, 육각렌치세트, 글루스틱",Expecting value: line 1 column 1 (char 0),,
qwen3.5:9b,불법촬영감지카메라,error,SDS드릴비트,"SDS드릴비트, 보안경, 전자산업용니퍼, 임팩트드라이버, 임팩트드릴",Expecting value: line 1 column 1 (char 0),,
qwen3.5:9b,불법카메라 감지기기,error,보안경,"보안경, SDS드릴비트, 전자산업용니퍼, 안전로프, 임팩트드라이버",Expecting value: line 1 column 1 (char 0),,
qwen3.5:9b,"블록 장난감(해달별, 헬로키티 각 1개)",error,드릴비트세트,"드릴비트세트, 전동공구세트, 기어렌치세트, 스패너세트, 공구세트",Expecting value: line 1 column 1 (char 0),,
qwen3.5:9b,블루그라나이트(6MM),error,클램프미터,"클램프미터, 별렌치세트, 전동공구세트, 소켓렌치세트, 육각렌치세트",Expecting value: line 1 column 1 (char 0),,
qwen3.5:9b,블루투스 마이크,error,양용드라이버,"양용드라이버, 와이어스트리퍼, 편구스패너, 전선릴, 앤드컷팅니퍼",Expecting value: line 1 column 1 (char 0),,
qwen3.5:9b,블루투스 스피커,error,편구스패너,"편구스패너, 볼렌치세트, 타일컷터, 양용드라이버, 소켓렌치세트",Expecting value: line 1 column 1 (char 0),,
qwen3.5:9b,블루투스마이크,error,편구스패너,"편구스패너, 볼렌치세트, 와이어스트리퍼, 스크레퍼, 양용드라이버",Expecting value: line 1 column 1 (char 0),,
qwen3.5:9b,블루투스스피커,error,편구스패너,"편구스패너, 볼렌치세트, 소켓렌치세트, 와이어스트리퍼, 타일컷터",Expecting value: line 1 column 1 (char 0),,
qwen3.5:9b,비트,error,비트세트,"비트세트, 직소기, 타카, 직각자, 장도리",Expecting value: line 1 column 1 (char 0),,
qwen3.5:9b,비트 20개,error,비트세트,"비트세트, 직소기, SDS드릴비트, T렌치세트, 드릴비트세트",Expecting value: line 1 column 1 (char 0),,
qwen3.5:9b,비트 6개,error,비트세트,"비트세트, T렌치세트, 기어렌치세트, 조합렌치세트, 스패너세트",Expecting value: line 1 column 1 (char 0),,
qwen3.5:9b,비트 SDS PLUS 세트,error,SDS드릴비트,"SDS드릴비트, 비트세트, 조합렌치세트, 정밀드라이버세트, 육각렌치세트",Expecting value: line 1 column 1 (char 0),,
qwen3.5:9b,비트 SDS PLUS세트,error,SDS드릴비트,"SDS드릴비트, 비트세트, 정밀드라이버세트, 조합렌치세트, 전동공구세트",Expecting value: line 1 column 1 (char 0),,
qwen3.5:9b,비트 세트,error,비트세트,"비트세트, T렌치세트, 공구함세트, 조합렌치세트, SDS드릴비트",Expecting value: line 1 column 1 (char 0),,
qwen3.5:9b,비트(20pcs)+연결소켓,error,비트세트,"비트세트, SDS드릴비트, 클램프미터, 고속절단기, 정밀드라이버세트",Expecting value: line 1 column 1 (char 0),,
qwen3.5:9b,비트세트,error,비트세트,"비트세트, T렌치세트, 기어렌치세트, 스패너세트, 공구함세트",Expecting value: line 1 column 1 (char 0),비트세트,False
qwen3.5:9b,비트세트,error,비트세트,"비트세트, T렌치세트, 기어렌치세트, 스패너세트, 공구함세트",Expecting value: line 1 column 1 (char 0),비트세트,False
qwen3.5:9b,비트세트(기리세트),error,비트세트,"비트세트, T렌치세트, 기어렌치세트, 스패너세트, 소켓렌치세트",Expecting value: line 1 column 1 (char 0),,
qwen3.5:9b,비트셋,error,비트세트,"비트세트, T렌치세트, 스패너세트, 드릴비트세트, 직각자",Expecting value: line 1 column 1 (char 0),,
qwen3.5:9b,비트셋트 1개,error,비트세트,"비트세트, T렌치세트, 스패너세트, 드릴비트세트, 기어렌치세트",Expecting value: line 1 column 1 (char 0),,
qwen3.5:9b,비트홀더,error,다이아고날플라이어,"다이아고날플라이어, 스냅링플라이어, 플라이어렌치, 옵셋렌치, 굽은노즈플라이어",Expecting value: line 1 column 1 (char 0),,
qwen3.5:9b,빔 프로젝트,error,육각렌치세트,"육각렌치세트, 라돈측정기, 콘크리트드릴비트세트, 공구함세트, 직소기",Expecting value: line 1 column 1 (char 0),,
qwen3.5:9b,빔스크린,error,라돈측정기,"라돈측정기, 육각렌치세트, 별렌치세트, 탭세트, SDS드릴비트",Expecting value: line 1 column 1 (char 0),,
qwen3.5:9b,빔스크린80인치,error,라돈측정기,"라돈측정기, 별렌치세트, 육각렌치세트, 전동공구세트, 정밀드라이버세트",Expecting value: line 1 column 1 (char 0),,
qwen3.5:9b,빔프로젝터,error,육각렌치세트,"육각렌치세트, 라돈측정기, 레이저수평기, 공구함세트, 별렌치세트",Expecting value: line 1 column 1 (char 0),,
qwen3.5:9b,빔프로젝트,error,육각렌치세트,"육각렌치세트, 라돈측정기, 레이저수평기, 공구함세트, 직소기",Expecting value: line 1 column 1 (char 0),,
qwen3.5:9b,빔프로젝트 스크린,error,라돈측정기,"라돈측정기, 육각렌치세트, 레이저수평기, 별렌치세트, SDS드릴비트",Expecting value: line 1 column 1 (char 0),,
qwen3.5:9b,빠루,error,빠루망치,"빠루망치, 만능렌치, 고속절단기, 도끼, 스패너",Expecting value: line 1 column 1 (char 0),쇠지렛대,False
qwen3.5:9b,빠루 망치,error,빠루망치,"빠루망치, 고무망치, 만능렌치, 해머드릴, 전동드릴",Expecting value: line 1 column 1 (char 0),,
qwen3.5:9b,빠루(600mm),error,고속절단기,"고속절단기, 클램프미터, 철공용드릴비트, 정밀드라이버세트, 전동공구세트",Expecting value: line 1 column 1 (char 0),,
qwen3.5:9b,빠루(600mm),error,고속절단기,"고속절단기, 클램프미터, 철공용드릴비트, 정밀드라이버세트, 전동공구세트",Expecting value: line 1 column 1 (char 0),,
qwen3.5:9b,빠루(90cm),error,고속절단기,"고속절단기, 클램프미터, 전동압착기, 정밀드라이버세트, 전동공구세트",Expecting value: line 1 column 1 (char 0),,
qwen3.5:9b,빠루(쇠지렛대),error,굽은노즈플라이어,"굽은노즈플라이어, 옵셋렌치, 쇠지렛대, 전선릴, 플라이어렌치",Expecting value: line 1 column 1 (char 0),,
qwen3.5:9b,빠루(스마토),error,전동타카,"전동타카, 건타카, 고무망치, 빠루망치, 전선릴",Expecting value: line 1 column 1 (char 0),,
qwen3.5:9b,빠루망치,error,빠루망치,"빠루망치, 만능렌치, 그립망치, 납볼망치, 돌망치",Expecting value: line 1 column 1 (char 0),빠루망치,False
qwen3.5:9b,빠루망치,error,빠루망치,"빠루망치, 만능렌치, 그립망치, 납볼망치, 돌망치",Expecting value: line 1 column 1 (char 0),빠루망치,False
qwen3.5:9b,빠루망치 (중),error,빠루망치,"빠루망치, 만능렌치, 그립망치, 임팩트드릴, 납볼망치",Expecting value: line 1 column 1 (char 0),,
qwen3.5:9b,빠루망치 1개,error,만능렌치,"만능렌치, 빠루망치, 납볼망치, 그립망치, 임팩트드릴",Expecting value: line 1 column 1 (char 0),,
qwen3.5:9b,빠루망치 2개,error,만능렌치,"만능렌치, 빠루망치, 그립망치, 목공줄, 손타카",Expecting value: line 1 column 1 (char 0),,
qwen3.5:9b,빠루망치(1),error,볼렌치세트,"볼렌치세트, 만능렌치, 소켓렌치세트, 빠루망치, 편구스패너",Expecting value: line 1 column 1 (char 0),,
qwen3.5:9b,빠루망치(450MM),error,클램프미터,"클램프미터, 고속절단기, 전동공구세트, 정밀드라이버세트, 라돈측정기",Expecting value: line 1 column 1 (char 0),,
qwen3.5:9b,빠루망치(대),error,냉동라쳇렌치,"냉동라쳇렌치, 옵셋렌치, 앤드컷팅니퍼, 다이아고날플라이어, 플라이어렌치",Expecting value: line 1 column 1 (char 0),,
qwen3.5:9b,빠루망치(중),error,빠루망치,"빠루망치, 만능렌치, 그립망치, 임팩트드릴, 납볼망치",Expecting value: line 1 column 1 (char 0),,
qwen3.5:9b,빠루망치(중) 1개,error,만능렌치,"만능렌치, 빠루망치, 그립망치, 전동공구세트, 직각자",Expecting value: line 1 column 1 (char 0),,
qwen3.5:9b,빠루망치/냉가망치,error,고무망치,"고무망치, 만능렌치, 타일컷터, 빠루망치, 전선릴",Expecting value: line 1 column 1 (char 0),,
qwen3.5:9b,빨강 사각바구니 2,error,스패너세트,"스패너세트, 소켓렌치세트, 편구스패너, 볼렌치세트, 기어렌치세트",Expecting value: line 1 column 1 (char 0),,
qwen3.5:9b,뺀지 크레인,error,스냅링플라이어,"스냅링플라이어, 굽은노즈플라이어, 옵셋렌치, 다이아고날플라이어, 앤드컷팅니퍼",Expecting value: line 1 column 1 (char 0),,
qwen3.5:9b,뺀찌,error,쇠지렛대,"쇠지렛대, 고무망치, 전선릴, 스크레퍼, 렌치",Expecting value: line 1 column 1 (char 0),펜치,False
qwen3.5:9b,뺀찌(2508P),error,소켓렌치세트,"소켓렌치세트, 스패너세트, 전동공구세트, 기어렌치세트, T렌치세트",Expecting value: line 1 column 1 (char 0),,
qwen3.5:9b,뺀찌9',error,쇠지렛대,"쇠지렛대, 굽은노즈플라이어, 옵셋렌치, 전선릴, 편구스패너",Expecting value: line 1 column 1 (char 0),,
qwen3.5:9b,뺀치,error,망치,"망치, 고무망치, 전선릴, 렌치, 해머드릴",Expecting value: line 1 column 1 (char 0),펜치,False
qwen3.5:9b,뺀치 8인치,error,굽은노즈플라이어,"굽은노즈플라이어, 옵셋렌치, 라쳇렌치세트, 쇠지렛대, 플라이어렌치",Expecting value: line 1 column 1 (char 0),,
qwen3.5:9b,사각 캐리어,error,와이어스트리퍼,"와이어스트리퍼, 전선릴, 타일컷터, 편구스패너, 쇠지렛대",Expecting value: line 1 column 1 (char 0),,
qwen3.5:9b,사각드라이버,error,양용드라이버,"양용드라이버, 편구스패너, 타일컷터, 스패너, 카운터싱크",Expecting value: line 1 column 1 (char 0),,
qwen3.5:9b,사각샌더,error,플라이어렌치,"플라이어렌치, 전동드라이버, 굽은노즈플라이어, 옵셋렌치, 다이아고날플라이어",Expecting value: line 1 column 1 (char 0),,
qwen3.5:9b,사각캐리어,error,타일컷터,"타일컷터, 편구스패너, 와이어스트리퍼, 전선릴, 스크레퍼",Expecting value: line 1 column 1 (char 0),,
qwen3.5:9b,사다리,error,사다리,"사다리, A형사다리, 전동드라이버, 굽은노즈플라이어, 플라이어",Expecting value: line 1 column 1 (char 0),사다리,False
qwen3.5:9b,사다리,error,사다리,"사다리, A형사다리, 전동드라이버, 굽은노즈플라이어, 플라이어",Expecting value: line 1 column 1 (char 0),사다리,False
qwen3.5:9b,사다리 1개,error,A형사다리,"A형사다리, 사다리, 다림추, 수평기, 끌세트",Expecting value: line 1 column 1 (char 0),,
qwen3.5:9b,사다리 2개,error,A형사다리,"A형사다리, 사다리, 다림추, 수평기, 끌세트",Expecting value: line 1 column 1 (char 0),,
qwen3.5:9b,사다리 A형 4단,error,A형사다리,"A형사다리, 사다리, 다림추, 수평기, 끌세트",Expecting value: line 1 column 1 (char 0),,
qwen3.5:9b,사다리 LS 5단,error,A형사다리,"A형사다리, 전동공구세트, 끌세트, 소켓렌치세트, 기어렌치세트",Expecting value: line 1 column 1 (char 0),,
qwen3.5:9b,사다리 Ls 7단,error,전동공구세트,"전동공구세트, 끌세트, 기어렌치세트, 소켓렌치세트, 공구세트",Expecting value: line 1 column 1 (char 0),,
qwen3.5:9b,사다리 광폭4단,error,A형사다리,"A형사다리, 사다리, 끌세트, 편구스패너, 스패너세트",Expecting value: line 1 column 1 (char 0),,
qwen3.5:9b,사다리(24단),error,A형사다리,"A형사다리, 사다리, 다림추, 수평기, 끌세트",Expecting value: line 1 column 1 (char 0),,
qwen3.5:9b,사다리(2단),error,A형사다리,"A형사다리, 사다리, 다림추, 수평기, 끌세트",Expecting value: line 1 column 1 (char 0),,
qwen3.5:9b,사다리(3단),error,A형사다리,"A형사다리, 사다리, 다림추, 끌세트, 수평기",Expecting value: line 1 column 1 (char 0),,
qwen3.5:9b,사다리(3단/5단),error,A형사다리,"A형사다리, 사다리, 다림추, 철판가위, 수평기",Expecting value: line 1 column 1 (char 0),,
qwen3.5:9b,사다리(4*5단),error,냉동라쳇렌치,"냉동라쳇렌치, 앵글그라인더, 다이아고날플라이어, 옵셋렌치, 플라이어렌치",Expecting value: line 1 column 1 (char 0),,
qwen3.5:9b,"사다리(4,5단)",error,A형사다리,"A형사다리, 사다리, 다림추, 수평기, 철판가위",Expecting value: line 1 column 1 (char 0),,
qwen3.5:9b,사다리(4단),error,사다리,"사다리, 라쳇렌치세트, 굽은노즈플라이어, 플라이어렌치, 전동드라이버",Expecting value: line 1 column 1 (char 0),,
qwen3.5:9b,사다리(5단),error,A형사다리,"A형사다리, 사다리, 다림추, 철판가위, 수평기",Expecting value: line 1 column 1 (char 0),,
qwen3.5:9b,사다리(6단),error,A형사다리,"A형사다리, 사다리, 다림추, 끌세트, 수평기",Expecting value: line 1 column 1 (char 0),,
qwen3.5:9b,사다리(A형 4단),error,사다리,"사다리, A형사다리, 다림추, 끌세트, 편구스패너",Expecting value: line 1 column 1 (char 0),,
qwen3.5:9b,사다리(小),error,사다리,"사다리, A형사다리, 끌세트, 다림추, 편구스패너",Expecting value: line 1 column 1 (char 0),,
qwen3.5:9b,사다리(광폭2단),error,A형사다리,"A형사다리, 사다리, 다림추, 수평기, 끌세트",Expecting value: line 1 column 1 (char 0),,
qwen3.5:9b,사다리(광폭4단),error,A형사다리,"A형사다리, 사다리, 다림추, 수평기, 끌세트",Expecting value: line 1 column 1 (char 0),,
qwen3.5:9b,사다리(길이조절),error,A형사다리,"A형사다리, 사다리, 다림추, 끌세트, 수평기",Expecting value: line 1 column 1 (char 0),,
qwen3.5:9b,"사다리(다기능, LS형) LS-5",error,전동공구세트,"전동공구세트, 정밀드라이버세트, 조합렌치세트, 기어렌치세트, SDS드릴비트",Expecting value: line 1 column 1 (char 0),,
qwen3.5:9b,사다리(접이식),error,A형사다리,"A형사다리, 사다리, 다림추, 끌세트, 수평기",Expecting value: line 1 column 1 (char 0),,
qwen3.5:9b,사다리-3단,error,사다리,"사다리, A형사다리, 다림추, 끌세트, 편구스패너",Expecting value: line 1 column 1 (char 0),,
qwen3.5:9b,사다리3단,error,사다리,"사다리, A형사다리, 끌세트, 편구스패너, 다림추",Expecting value: line 1 column 1 (char 0),,
qwen3.5:9b,사다리4단,error,사다리,"사다리, A형사다리, 편구스패너, 끌세트, 타일컷터",Expecting value: line 1 column 1 (char 0),,
qwen3.5:9b,사다리5단,error,사다리,"사다리, A형사다리, 편구스패너, 끌세트, 타일컷터",Expecting value: line 1 column 1 (char 0),,
qwen3.5:9b,사다리A형,error,A형사다리,"A형사다리, 사다리, 다림추, 수평기, 끌세트",Expecting value: line 1 column 1 (char 0),,
qwen3.5:9b,사다리A형 4단,error,A형사다리,"A형사다리, 사다리, 다림추, 끌세트, 수평기",Expecting value: line 1 column 1 (char 0),,
qwen3.5:9b,사다리류,error,사다리,"사다리, A형사다리, 다림추, 끌세트, 편구스패너",Expecting value: line 1 column 1 (char 0),,
qwen3.5:9b,사이드커팅니퍼,error,와이어스트리퍼,"와이어스트리퍼, 앤드컷팅니퍼, 충전해머드릴, 전동드라이버, 타일컷터",Expecting value: line 1 column 1 (char 0),,
qwen3.5:9b,사포그라인더,error,냉동라쳇렌치,"냉동라쳇렌치, 바이스그립플라이어, 앵글그라인더, 다이아고날플라이어, 스냅링플라이어",Expecting value: line 1 column 1 (char 0),,
qwen3.5:9b,산업용 청소기,error,스프링배관청소기,"스프링배관청소기, 목공용드릴비트, 철공용드릴비트, 전자산업용니퍼, 공구함세트",Expecting value: line 1 column 1 (char 0),,
qwen3.5:9b,삼각각도자,error,스패너세트,"스패너세트, 기어렌치세트, 육각렌치, T렌치세트, 소켓렌치세트",Expecting value: line 1 column 1 (char 0),,
qwen3.5:9b,삼각대,error,스패너세트,"스패너세트, T렌치세트, 수평기, 기어렌치세트, 장도리",Expecting value: line 1 column 1 (char 0),,
qwen3.5:9b,삼각대 셀카봉,error,스패너세트,"스패너세트, 플라이어세트, 소켓렌치세트, 기어렌치세트, T렌치세트",Expecting value: line 1 column 1 (char 0),,
qwen3.5:9b,삼각대 스크린,error,육각렌치세트,"육각렌치세트, 별렌치세트, 라돈측정기, 정밀드라이버세트, 전동공구세트",Expecting value: line 1 column 1 (char 0),,
qwen3.5:9b,삼각삽,error,스패너세트,"스패너세트, 편구스패너, 장도리, 모종삽, 육각렌치",Expecting value: line 1 column 1 (char 0),,
qwen3.5:9b,삼각자,error,수평기,"수평기, 플라이어세트, T렌치세트, 기어렌치세트, 스패너세트",Expecting value: line 1 column 1 (char 0),,
qwen3.5:9b,삼각자 1개,error,T렌치세트,"T렌치세트, 기어렌치세트, 스패너세트, 조합렌치세트, 플라이어세트",Expecting value: line 1 column 1 (char 0),,
qwen3.5:9b,삽,error,장도리,"장도리, 돌망치, 모종삽, 타카, 에어건",Expecting value: line 1 column 1 (char 0),,
qwen3.5:9b,삽3개,error,기어렌치세트,"기어렌치세트, T렌치세트, 스패너세트, 조합렌치세트, 공구세트",Expecting value: line 1 column 1 (char 0),,
qwen3.5:9b,삽류,error,모종삽,"모종삽, 에어건, 장도리, 빠루망치, 그립망치",Expecting value: line 1 column 1 (char 0),,
qwen3.5:9b,상어아일랜드,error,장도리,"장도리, 타카, 육각렌치, 건타카, 펜치",Expecting value: line 1 column 1 (char 0),,
qwen3.5:9b,샌다,error,샌더,"샌더, 렌치, 장도리, 타카, 건타카",Expecting value: line 1 column 1 (char 0),,
qwen3.5:9b,샌다(페파용),error,건타카,"건타카, 전동타카, 샌더, 니퍼, 장도리",Expecting value: line 1 column 1 (char 0),,
qwen3.5:9b,샌더,error,샌더,"샌더, 커터, 렌치, 장도리, 스크레퍼",Expecting value: line 1 column 1 (char 0),,
qwen3.5:9b,샌더(페파용),error,앤드컷팅니퍼,"앤드컷팅니퍼, 전동드라이버, 플라이어렌치, 버니어캘리퍼스, 와이어스트리퍼",Expecting value: line 1 column 1 (char 0),,
qwen3.5:9b,샌더기,error,전동타카,"전동타카, 토크렌치, 렌치, 장도리, 고무망치",Expecting value: line 1 column 1 (char 0),샌더,False
qwen3.5:9b,샌더기(B05031),error,볼렌치세트,"볼렌치세트, 소켓렌치세트, SDS드릴비트, 전동공구세트, 별렌치세트",Expecting value: line 1 column 1 (char 0),,
qwen3.5:9b,샌더기(전동사포기),error,전동타카,"전동타카, 양용드라이버, 고무망치, 타일컷터, 전동드릴",Expecting value: line 1 column 1 (char 0),,
qwen3.5:9b,샌딩기,error,커터,"커터, 장도리, 카운터싱크, 샌더, 고무망치",Expecting value: line 1 column 1 (char 0),,
qwen3.5:9b,샌딩기3개,error,피스제거용비트,"피스제거용비트, 고지가위, 먹통, 목공줄, 스패너세트",Expecting value: line 1 column 1 (char 0),,
qwen3.5:9b,샌딩패드 1개,error,드릴비트세트,"드릴비트세트, 목공줄, 드릴비트, 목공용드릴비트, 절단석",Expecting value: line 1 column 1 (char 0),,
qwen3.5:9b,샌딩페이퍼,error,납볼망치,"납볼망치, 임팩트드릴, 전지가위, 공구함, 보안경",Expecting value: line 1 column 1 (char 0),,
qwen3.5:9b,생활공구세트,error,전지가위,"전지가위, 육각렌치세트, 고지가위, 기어렌치세트, 전동공구세트",Expecting value: line 1 column 1 (char 0),,
qwen3.5:9b,생활공구세트A,error,전지가위,"전지가위, 납볼망치, 육각렌치, 전동타카, 소켓렌치세트",Expecting value: line 1 column 1 (char 0),,
qwen3.5:9b,생활공구세트B,error,전지가위,"전지가위, 납볼망치, 소켓렌치세트, 만능렌치, 기어렌치세트",Expecting value: line 1 column 1 (char 0),,
qwen3.5:9b,생활용 공구셋트,error,전지가위,"전지가위, 전동압착기, 전동공구세트, 납볼망치, 기어렌치세트",Expecting value: line 1 column 1 (char 0),,
qwen3.5:9b,서까래자,error,전선릴,"전선릴, 옵셋렌치, 굽은노즈플라이어, 충전해머드릴, 앤드컷팅니퍼",Expecting value: line 1 column 1 (char 0),,
qwen3.5:9b,석재드릴비트세트,error,철공용드릴비트세트,"철공용드릴비트세트, 공구함세트, 드릴비트세트, 목공용드릴비트, 철공용드릴비트",Expecting value: line 1 column 1 (char 0),,
qwen3.5:9b,석재용드릴비트,error,목공용드릴비트,"목공용드릴비트, 공구함세트, 철공용드릴비트, 철공용드릴비트세트, 드릴비트세트",Expecting value: line 1 column 1 (char 0),,
qwen3.5:9b,세라믹인두,error,전동드라이버,"전동드라이버, 플라이어렌치, 쇠지렛대, 굽은노즈플라이어, 전선릴",Expecting value: line 1 column 1 (char 0),,
qwen3.5:9b,세신 가정용 공구 세트,error,공구함세트,"공구함세트, 전동공구세트, 육각렌치세트, 조합렌치세트, 공구세트",Expecting value: line 1 column 1 (char 0),공구세트,False
qwen3.5:9b,세신 몽키 스패너 10,error,라쳇렌치세트,"라쳇렌치세트, 와이어스트리퍼, 편구스패너, 굽은노즈플라이어, 플라이어렌치",Expecting value: line 1 column 1 (char 0),몽키렌치,False
qwen3.5:9b,세신 몽키 스패너 12,error,냉동라쳇렌치,"냉동라쳇렌치, 다이아고날플라이어, 앤드컷팅니퍼, 옵셋렌치, 플라이어렌치",Expecting value: line 1 column 1 (char 0),몽키렌치,False
qwen3.5:9b,세신 몽키 스패너 8,error,라쳇렌치세트,"라쳇렌치세트, 편구스패너, 굽은노즈플라이어, 와이어스트리퍼, 플라이어렌치",Expecting value: line 1 column 1 (char 0),몽키렌치,False
qwen3.5:9b,세신공구세트,error,전동공구세트,"전동공구세트, 공구세트, 기어렌치세트, T렌치세트, 공구함세트",Expecting value: line 1 column 1 (char 0),공구세트,False
qwen3.5:9b,세신몽키,error,전동타카,"전동타카, 고무망치, 건타카, 토크렌치, 몽키렌치",Expecting value: line 1 column 1 (char 0),몽키렌치,False
qwen3.5:9b,세신몽키,error,전동타카,"전동타카, 고무망치, 건타카, 토크렌치, 몽키렌치",Expecting value: line 1 column 1 (char 0),몽키렌치,False
qwen3.5:9b,세신파이프렌치,error,편구스패너,"편구스패너, 볼렌치세트, 소켓렌치세트, 와이어스트리퍼, 라쳇렌치세트",Expecting value: line 1 column 1 (char 0),파이프렌치,False
qwen3.5:9b,세신펜치8인치 1개,error,소켓렌치세트,"소켓렌치세트, 스패너세트, 볼렌치세트, 기어렌치세트, 만능렌치",Expecting value: line 1 column 1 (char 0),,
qwen3.5:9b,센더,error,렌치,"렌치, 스크레퍼, 전선릴, 플라이어, 커터",Expecting value: line 1 column 1 (char 0),,
qwen3.5:9b,센더기,error,스크레퍼,"스크레퍼, 편구스패너, 전선릴, 장도리, 끌세트",Expecting value: line 1 column 1 (char 0),,
qwen3.5:9b,소음계,error,송풍기,"송풍기, 전동압착기, 에어컴프레서, 만능렌치, 그립망치",Expecting value: line 1 column 1 (char 0),,
qwen3.5:9b,소켓,error,스패너,"스패너, 손타카, 돌망치, 장도리, 에어건",Expecting value: line 1 column 1 (char 0),,
qwen3.5:9b,소켓 12개,error,기어렌치세트,"기어렌치세트, 스패너세트, 소켓렌치세트, 공구세트, T렌치세트",Expecting value: line 1 column 1 (char 0),,
qwen3.5:9b,소켓 렌치,error,플라이어렌치,"플라이어렌치, 옵셋렌치, 스냅링플라이어, 굽은노즈플라이어, 다이아고날플라이어",Expecting value: line 1 column 1 (char 0),,
qwen3.5:9b,소켓 렌치 세트,error,기어렌치세트,"기어렌치세트, T렌치세트, 소켓렌치세트, 스패너세트, 공구함세트",Expecting value: line 1 column 1 (char 0),,
qwen3.5:9b,소켓 복스 세트,error,소켓렌치세트,"소켓렌치세트, 기어렌치세트, 스패너세트, T렌치세트, 전동공구세트",Expecting value: line 1 column 1 (char 0),,
qwen3.5:9b,소켓&비트세트,error,공구함세트,"공구함세트, 드릴비트세트, 기어렌치세트, T렌치세트, 공구세트",Expecting value: line 1 column 1 (char 0),,
qwen3.5:9b,소켓(7종),error,기어렌치세트,"기어렌치세트, 조합렌치세트, T렌치세트, 공구함세트, 소켓렌치세트",Expecting value: line 1 column 1 (char 0),,
qwen3.5:9b,소켓드라이버,error,양용드라이버,"양용드라이버, 편구스패너, 타일컷터, 와이어스트리퍼, 커터",Expecting value: line 1 column 1 (char 0),,
qwen3.5:9b,소켓런치(북스세트),error,소켓렌치세트,"소켓렌치세트, 스패너세트, 볼렌치세트, 편구스패너, 타일컷터",Expecting value: line 1 column 1 (char 0),,
qwen3.5:9b,소켓렌치,error,플라이어렌치,"플라이어렌치, 옵셋렌치, 굽은노즈플라이어, 라쳇렌치세트, 스냅링플라이어",Expecting value: line 1 column 1 (char 0),,
qwen3.5:9b,소켓렌치 set,error,소켓렌치세트,"소켓렌치세트, 기어렌치세트, T렌치세트, 스패너세트, 전동공구세트",Expecting value: line 1 column 1 (char 0),,
qwen3.5:9b,소켓렌치 세트,error,기어렌치세트,"기어렌치세트, T렌치세트, 소켓렌치세트, 스패너세트, 전동공구세트",Expecting value: line 1 column 1 (char 0),,
qwen3.5:9b,소켓렌치 연결봉,error,전동공구세트,"전동공구세트, 드릴비트세트, 정밀드라이버세트, 소켓렌치세트, 전동압착기",Expecting value: line 1 column 1 (char 0),,
qwen3.5:9b,소켓렌치(9pcs),error,클램프미터,"클램프미터, 고속절단기, 전동압착기, 강력니퍼, 전동공구세트",Expecting value: line 1 column 1 (char 0),,
qwen3.5:9b,소켓렌치(복스세트),error,소켓렌치세트,"소켓렌치세트, 스패너세트, 볼렌치세트, 편구스패너, 기어렌치세트",Expecting value: line 1 column 1 (char 0),,
qwen3.5:9b,소켓렌치세트,error,소켓렌치세트,"소켓렌치세트, 스패너세트, 기어렌치세트, T렌치세트, 볼렌치세트",Expecting value: line 1 column 1 (char 0),소켓렌치세트,False
qwen3.5:9b,소켓렌치세트(16PCS),error,클램프미터,"클램프미터, SDS드릴비트, 정밀드라이버세트, 전동공구세트, 고속절단기",Expecting value: line 1 column 1 (char 0),,
qwen3.5:9b,소켓렌치세트(SMATO),error,소켓렌치세트,"소켓렌치세트, 공구함세트, 전동공구세트, 기어렌치세트, T렌치세트",Expecting value: line 1 column 1 (char 0),소켓렌치세트,False
qwen3.5:9b,소켓렌치세트복스세트 16pcs,error,조합렌치세트,"조합렌치세트, 공구함세트, 육각렌치세트, 전동공구세트, 클램프미터",Expecting value: line 1 column 1 (char 0),,
qwen3.5:9b,소켓세트,error,T렌치세트,"T렌치세트, 기어렌치세트, 스패너세트, 소켓렌치세트, 공구세트",Expecting value: line 1 column 1 (char 0),,
qwen3.5:9b,소켓셋트 1개,error,소켓렌치세트,"소켓렌치세트, 스패너세트, 편구스패너, 타일컷터, 볼렌치세트",Expecting value: line 1 column 1 (char 0),,
qwen3.5:9b,소타카,error,건타카,"건타카, 타카, 장도리, 전동타카, 에어타카",Expecting value: line 1 column 1 (char 0),,
qwen3.5:9b,소타카핀,error,건타카,"건타카, 타카핀, 전동타카, 볼렌치, 토크렌치",Expecting value: line 1 column 1 (char 0),,
qwen3.5:9b,소통기,error,전자산업용니퍼,"전자산업용니퍼, 전동압착기, 보안경, 전지가위, 에어컴프레서",Expecting value: line 1 column 1 (char 0),,
qwen3.5:9b,소프트그립 플라이어,error,다이아고날플라이어,"다이아고날플라이어, 플라이어렌치, 옵셋렌치, 굽은노즈플라이어, 스냅링플라이어",Expecting value: line 1 column 1 (char 0),,
qwen3.5:9b,소프트그립플라이어,error,다이아고날플라이어,"다이아고날플라이어, 옵셋렌치, 스냅링플라이어, 바이스그립플라이어, 냉동라쳇렌치",Expecting value: line 1 column 1 (char 0),,
qwen3.5:9b,소형 니퍼,error,타일컷터,"타일컷터, 와이어스트리퍼, 편구스패너, 볼렌치세트, 고무망치",Expecting value: line 1 column 1 (char 0),,
qwen3.5:9b,소형 무선 전동 드라이버 세트,error,정밀드라이버세트,"정밀드라이버세트, T핸드드라이버, 드라이버세트, 전동공구세트, 고속절단기",Expecting value: line 1 column 1 (char 0),,
qwen3.5:9b,소형 무선마이크,error,전동공구세트,"전동공구세트, 소켓렌치세트, 정밀드라이버세트, 전자산업용니퍼, 고속절단기",Expecting value: line 1 column 1 (char 0),,
qwen3.5:9b,소형 유선 전동드릴,error,전동공구세트,"전동공구세트, 드릴비트세트, 고속절단기, 정밀드라이버세트, 전동압착기",Expecting value: line 1 column 1 (char 0),,
qwen3.5:9b,소형 전동 드라이버,error,드라이버세트,"드라이버세트, 드라이버, 양용드라이버, 정밀드라이버세트, 로터리해머드릴",Expecting value: line 1 column 1 (char 0),,
qwen3.5:9b,소형 플라이어,error,플라이어렌치,"플라이어렌치, 굽은노즈플라이어, 플라이어, 라쳇렌치세트, 스냅링플라이어",Expecting value: line 1 column 1 (char 0),,
qwen3.5:9b,손 전지가위,error,손타카,"손타카, 전지가위, 납볼망치, 목공줄, 만능렌치",Expecting value: line 1 column 1 (char 0),,
qwen3.5:9b,손 타카,error,손타카,"손타카, 목공줄, 절단석, 직각자, 드릴비트",Expecting value: line 1 column 1 (char 0),,
qwen3.5:9b,손 톱,error,톱,"톱, 전정톱, 쇠톱, 접톱, 커터칼",Expecting value: line 1 column 1 (char 0),,
qwen3.5:9b,손 톱날,error,쇠톱,"쇠톱, 손타카, 접톱, 절단석, 전정톱",Expecting value: line 1 column 1 (char 0),,
qwen3.5:9b,손대패,error,그립망치,"그립망치, 석고대패, 돌망치, 절단석, 납볼망치",Expecting value: line 1 column 1 (char 0),,
qwen3.5:9b,손도끼,error,손타카,"손타카, 절단석, 드릴비트, 다림추, 목공줄",Expecting value: line 1 column 1 (char 0),,
qwen3.5:9b,손목가드 자석밴드,error,전동드라이버,"전동드라이버, 굽은노즈플라이어, 앤드컷팅니퍼, 쇠지렛대, 라쳇렌치세트",Expecting value: line 1 column 1 (char 0),,
qwen3.5:9b,손보호기 팡팡,error,보안경,"보안경, 손타카, 목공줄, 전지가위, 드릴비트",Expecting value: line 1 column 1 (char 0),,
qwen3.5:9b,손보호기팡팡,error,보안경,"보안경, 손타카, 전동압착기, 목공줄, 절단석",Expecting value: line 1 column 1 (char 0),,
qwen3.5:9b,손수레,error,건타카,"건타카, 전동타카, 장도리, 돌망치, 니퍼",Expecting value: line 1 column 1 (char 0),,
qwen3.5:9b,손전등,error,LED손전등,"LED손전등, LED투광기, LED작업등, 레이저수평기, 라돈측정기",Expecting value: line 1 column 1 (char 0),,
qwen3.5:9b,손전등,error,LED손전등,"LED손전등, LED투광기, LED작업등, 레이저수평기, 라돈측정기",Expecting value: line 1 column 1 (char 0),,
qwen3.5:9b,손타카,error,손타카,"손타카, 돌망치, 빠루망치, 스패너, 납볼망치",Expecting value: line 1 column 1 (char 0),손타카,False
qwen3.5:9b,손타카,error,손타카,"손타카, 돌망치, 빠루망치, 스패너, 납볼망치",Expecting value: line 1 column 1 (char 0),손타카,False
qwen3.5:9b,손타카 (핀제공),error,전동타카,"전동타카, 토크렌치, 건타카, 와이어스트리퍼, 전선릴",Expecting value: line 1 column 1 (char 0),,
qwen3.5:9b,손타카 AT-916 (건타카R33),error,전동공구세트,"전동공구세트, 정밀드라이버세트, 드라이버세트, 고속절단기, 안전로프",Expecting value: line 1 column 1 (char 0),,
qwen3.5:9b,손타카 핀,error,편구스패너,"편구스패너, 전선릴, 핀펀치, 쇠지렛대, 타일컷터",Expecting value: line 1 column 1 (char 0),,
qwen3.5:9b,손타카(&심),error,손타카,"손타카, 빠루망치, 만능렌치, 그립망치, 돌망치",Expecting value: line 1 column 1 (char 0),,
qwen3.5:9b,손타카(&핀),error,손타카,"손타카, 스패너세트, 만능렌치, 빠루망치, 끌세트",Expecting value: line 1 column 1 (char 0),,
qwen3.5:9b,손타카(4-10)(R13),error,소켓렌치세트,"소켓렌치세트, 볼렌치세트, 조합렌치세트, 기어렌치세트, 스패너세트",Expecting value: line 1 column 1 (char 0),,
qwen3.5:9b,손타ка(디월트),error,타일컷터,"타일컷터, 편구스패너, 전선릴, 와이어스트리퍼, 전동드릴",Expecting value: line 1 column 1 (char 0),,
qwen3.5:9b,손타카(침포함),error,손타카,"손타카, 드릴비트, 목공줄, 그립망치, 절단석",Expecting value: line 1 column 1 (char 0),,
qwen3.5:9b,손타카+핀,error,스패너세트,"스패너세트, 소켓렌치세트, 끌세트, 드릴비트세트, 목공줄",Expecting value: line 1 column 1 (char 0),,
qwen3.5:9b,손타카건,error,손타카,"손타카, 커터, 장도리, 빠루망치, 돌망치",Expecting value: line 1 column 1 (char 0),,
qwen3.5:9b,손타카핀,error,건타카,"건타카, 전동타카, 타카핀, 돌망치, 장도리",Expecting value: line 1 column 1 (char 0),,
qwen3.5:9b,손톱,error,전정톱,"전정톱, 쇠톱, 톱, 접톱, 원형톱",Expecting value: line 1 column 1 (char 0),,
qwen3.5:9b,송곳,error,전지가위,"전지가위, 육각렌치, 수평기, 스패너, 장도리",Expecting value: line 1 column 1 (char 0),,
qwen3.5:9b,송풍기,error,송풍기,"송풍기, 만능렌치, 스패너, 목공줄, 손타카",Expecting value: line 1 column 1 (char 0),송풍기,False
qwen3.5:9b,송풍기 밧데리,error,목공용드릴비트,"목공용드릴비트, 드릴비트세트, 철공용드릴비트, 다림추, 클램프미터",Expecting value: line 1 column 1 (char 0),,
qwen3.5:9b,송풍기(작업후청소기),error,스프링배관청소기,"스프링배관청소기, 목공용드릴비트, 고속절단기, 철공용드릴비트, 철판가위",Expecting value: line 1 column 1 (char 0),,
qwen3.5:9b,송풍기(작업후청소용),error,스프링배관청소기,"스프링배관청소기, 목공용드릴비트, 철공용드릴비트, 고속절단기, 철판가위",Expecting value: line 1 column 1 (char 0),,
qwen3.5:9b,쇠 절단기,error,절단석,"절단석, 목공줄, 드릴비트, 드릴비트세트, 커터칼",Expecting value: line 1 column 1 (char 0),,
qwen3.5:9b,쇠 톱,error,톱,"톱, 쇠톱, 접톱, 원형톱, 커터칼",Expecting value: line 1 column 1 (char 0),,
qwen3.5:9b,쇠기리,error,스패너,"스패너, 목공줄, 커터, 돌망치, 장도리",Expecting value: line 1 column 1 (char 0),,
qwen3.5:9b,쇠기리세트(목재),error,목공용접톱,"목공용접톱, 목공용드릴비트, 철공용드릴비트세트, 공구함세트, 드릴비트세트",Expecting value: line 1 column 1 (char 0),,
qwen3.5:9b,쇠기리세트(목재용),error,목공용드릴비트,"목공용드릴비트, 목공용접톱, 철공용드릴비트세트, 공구함세트, 드릴비트세트",Expecting value: line 1 column 1 (char 0),,
qwen3.5:9b,쇠기리세트(석재),error,공구함세트,"공구함세트, 공구세트, 드릴비트세트, 기어렌치세트, 전동공구세트",Expecting value: line 1 column 1 (char 0),,
qwen3.5:9b,쇠기리세트(석재용),error,공구함세트,"공구함세트, 드릴비트세트, 철공용드릴비트세트, 공구세트, 목공용드릴비트",Expecting value: line 1 column 1 (char 0),,
qwen3.5:9b,쇠기리세트(철재),error,공구함세트,"공구함세트, 공구세트, 드릴비트세트, 기어렌치세트, 전동공구세트",Expecting value: line 1 column 1 (char 0),,
qwen3.5:9b,쇠기리세트(철재용),error,철공용드릴비트세트,"철공용드릴비트세트, 공구함세트, 목공용드릴비트, 드릴비트세트, 공구세트",Expecting value: line 1 column 1 (char 0),,
qwen3.5:9b,쇠줄톱,error,쇠톱,"쇠톱, 접톱, 원형톱, 목공줄, 절단석",Expecting value: line 1 column 1 (char 0),,
qwen3.5:9b,쇠지렛대,error,쇠지렛대,"쇠지렛대, 전선릴, 편구스패너, 굽은노즈플라이어, 타일컷터",Expecting value: line 1 column 1 (char 0),,
qwen3.5:9b,쇠지렛대,error,쇠지렛대,"쇠지렛대, 전선릴, 편구스패너, 굽은노즈플라이어, 타일컷터",Expecting value: line 1 column 1 (char 0),,
qwen3.5:9b,쇠지렛대(빠루),error,냉동라쳇렌치,"냉동라쳇렌치, 앤드컷팅니퍼, 다이아고날플라이어, 옵셋렌치, 스냅링플라이어",Expecting value: line 1 column 1 (char 0),,
qwen3.5:9b,쇠지렛대/빠루,error,쇠지렛대,"쇠지렛대, 충전해머드릴, 앤드컷팅니퍼, 옵셋렌치, 굽은노즈플라이어",Expecting value: line 1 column 1 (char 0),,
qwen3.5:9b,쇠톱,error,쇠톱,"쇠톱, 원형톱, 접톱, 목공줄, 절단석",Expecting value: line 1 column 1 (char 0),쇠톱,False
qwen3.5:9b,쇠톱 (12인치),error,쇠톱,"쇠톱, 원형톱, 목공줄, 스패너세트, 접톱",Expecting value: line 1 column 1 (char 0),,
qwen3.5:9b,쇠톱 1개,error,쇠톱,"쇠톱, 원형톱, 목공줄, 절단석, 스패너세트",Expecting value: line 1 column 1 (char 0),,
qwen3.5:9b,쇠톱 대 1개,error,원형톱,"원형톱, 쇠톱, 목공줄, 절단석, 스패너세트",Expecting value: line 1 column 1 (char 0),,
qwen3.5:9b,쇠톱(1),error,스패너세트,"스패너세트, 원형톱, 소켓렌치세트, 쇠톱, T렌치세트",Expecting value: line 1 column 1 (char 0),,
qwen3.5:9b,쇠톱(2),error,스패너세트,"스패너세트, T렌치세트, 원형톱, 소켓렌치세트, 기어렌치세트",Expecting value: line 1 column 1 (char 0),,
qwen3.5:9b,쇠톱(날),error,쇠톱,"쇠톱, 원형톱, 목공줄, 접톱, 절단석",Expecting value: line 1 column 1 (char 0),,
qwen3.5:9b,쇠톱(대),error,굽은노즈플라이어,"굽은노즈플라이어, 옵셋렌치, 플라이어렌치, 스냅링플라이어, 다이아고날플라이어",Expecting value: line 1 column 1 (char 0),,
qwen3.5:9b,쇠톱(줄톱),error,쇠톱,"쇠톱, 원형톱, 접톱, 목공줄, 목공톱",Expecting value: line 1 column 1 (char 0),,
qwen3.5:9b,쇠톱2개,error,원형톱,"원형톱, 쇠톱, 목공줄, 절단석, 손타카",Expecting value: line 1 column 1 (char 0),,
qwen3.5:9b,쇠톱날,error,타일컷터,"타일컷터, 그립망치, 빠루망치, 돌망치, 절단석",Expecting value: line 1 column 1 (char 0),,
qwen3.5:9b,쇠톱날 (12인치),error,스패너세트,"스패너세트, 타일컷터, 소켓렌치세트, 만능렌치, 편구스패너",Expecting value: line 1 column 1 (char 0),,
qwen3.5:9b,쇠톱대,error,모종삽,"모종삽, 편구스패너, 타일컷터, 쇠톱, 원형톱",Expecting value: line 1 column 1 (char 0),쇠톱,False
qwen3.5:9b,쇠톱대(2),error,볼렌치세트,"볼렌치세트, 편구스패너, 라쳇렌치세트, 소켓렌치세트, 타일컷터",Expecting value: line 1 column 1 (char 0),,
qwen3.5:9b,숏노즈,error,편구스패너,"편구스패너, 고무망치, 쇠지렛대, 전선릴, 스크레퍼",Expecting value: line 1 column 1 (char 0),,
qwen3.5:9b,수공구 세트,error,공구함세트,"공구함세트, 공구세트, 기어렌치세트, 전동공구세트, 육각렌치세트",Expecting value: line 1 column 1 (char 0),,
qwen3.5:9b,수공구세트,error,공구함세트,"공구함세트, 공구세트, 전동공구세트, 기어렌치세트, 드릴비트세트",Expecting value: line 1 column 1 (char 0),,
qwen3.5:9b,수공구세트①,error,기어렌치세트,"기어렌치세트, 전동공구세트, 소켓렌치세트, 공구세트, T렌치세트",Expecting value: line 1 column 1 (char 0),,
qwen3.5:9b,수공구세트②,error,전동공구세트,"전동공구세트, 공구함세트, 공구세트, 기어렌치세트, T렌치세트",Expecting value: line 1 column 1 (char 0),,
qwen3.5:9b,수동드라이버,error,양용드라이버,"양용드라이버, 편구스패너, 전동드릴, 커터, 타일컷터",Expecting value: line 1 column 1 (char 0),,
qwen3.5:9b,"수동드라이버(대,소)",error,앤드컷팅니퍼,"앤드컷팅니퍼, 충전해머드릴, 전동드라이버, 옵셋렌치, 양용드라이버",Expecting value: line 1 column 1 (char 0),,
qwen3.5:9b,수동방역소독기,error,전동압착기,"전동압착기, 그립망치, 석고대패, 돌망치, 전지가위",Expecting value: line 1 column 1 (char 0),,
qwen3.5:9b,수동식 휠체어,error,T핸드드라이버,"T핸드드라이버, 핸드카트, 드라이버세트, 다림추, 드라이버",Expecting value: line 1 column 1 (char 0),,
qwen3.5:9b,"수동줄자(5,5m)",error,클램프미터,"클램프미터, 고속절단기, 전동공구세트, 목공용드릴비트, 육각렌치세트",Expecting value: line 1 column 1 (char 0),,
qwen3.5:9b,수동호수 18m,error,클램프미터,"클램프미터, 고속절단기, 철판가위, 전동공구세트, 철공용드릴비트",Expecting value: line 1 column 1 (char 0),,
qwen3.5:9b,수동휠체어,error,T핸드드라이버,"T핸드드라이버, 핸드카트, 드라이버세트, 드라이버, 고압세척기",Expecting value: line 1 column 1 (char 0),,
qwen3.5:9b,수목 전지가위,error,목공용드릴비트,"목공용드릴비트, 목공줄, 고지가위, 전지가위, 철판가위",Expecting value: line 1 column 1 (char 0),,
qwen3.5:9b,수블럭,error,절단석,"절단석, 수평기, 손타카, 스패너, 목공줄",Expecting value: line 1 column 1 (char 0),,
qwen3.5:9b,수블럭(숫자놀이블럭),error,만능렌치,"만능렌치, 스패너세트, 소켓렌치세트, 기어렌치세트, 납볼망치",Expecting value: line 1 column 1 (char 0),,
qwen3.5:9b,수전 코일줄,error,전선릴,"전선릴, 충전해머드릴, 굽은노즈플라이어, 와이어스트리퍼, 전동드라이버",Expecting value: line 1 column 1 (char 0),,
qwen3.5:9b,수중펌프,error,에어펌프,"에어펌프, 목공용드릴비트, 클램프미터, 스프링배관청소기, 철공용드릴비트",Expecting value: line 1 column 1 (char 0),,
qwen3.5:9b,수평,error,수평기,"수평기, 다림추, 스패너, 육각렌치, 손타카",Expecting value: line 1 column 1 (char 0),,
qwen3.5:9b,수평계,error,수평기,"수평기, 육각렌치, 다림추, 전지가위, 스패너세트",Expecting value: line 1 column 1 (char 0),수평기,False
qwen3.5:9b,수평계 & 레벨기,error,수평기,"수평기, 전동압착기, 전지가위, 조합렌치세트, 전동공구세트",Expecting value: line 1 column 1 (char 0),,
qwen3.5:9b,수평계(수평자),error,수평기,"수평기, 스패너세트, 기어렌치세트, T렌치세트, 소켓렌치세트",Expecting value: line 1 column 1 (char 0),,
qwen3.5:9b,수평기,error,수평기,"수평기, 육각렌치, 스패너, 다림추, 전지가위",Expecting value: line 1 column 1 (char 0),수평기,False
qwen3.5:9b,수평기 1개,error,스패너세트,"스패너세트, 수평기, 만능렌치, 기어렌치세트, T렌치세트",Expecting value: line 1 column 1 (char 0),,
qwen3.5:9b,수평기300,error,수평기,"수평기, 전동공구세트, 기어렌치세트, 공구세트, 스패너세트",Expecting value: line 1 column 1 (char 0),,
qwen3.5:9b,수평대,error,수평기,"수평기, 육각렌치, 스패너, 만능렌치, 장도리",Expecting value: line 1 column 1 (char 0),수평기,False
qwen3.5:9b,수평대(450mm),error,클램프미터,"클램프미터, 고속절단기, 전동공구세트, 공구세트, 수평기",Expecting value: line 1 column 1 (char 0),수평기,False
qwen3.5:9b,수평대(600),error,수평기,"수평기, 클램프미터, 육각렌치세트, 전동공구세트, 기어렌치세트",Expecting value: line 1 column 1 (char 0),,
qwen3.5:9b,수평대(디월트),error,냉동라쳇렌치,"냉동라쳇렌치, 앤드컷팅니퍼, 바이스그립플라이어, 다이아고날플라이어, 버니어캘리퍼스",Expecting value: line 1 column 1 (char 0),수평기,False
qwen3.5:9b,수평자,error,장도리,"장도리, 줄자, 돌망치, 직각자, 빠루망치",Expecting value: line 1 column 1 (char 0),수평기,False
qwen3.5:9b,수평자,error,장도리,"장도리, 줄자, 돌망치, 직각자, 빠루망치",Expecting value: line 1 column 1 (char 0),수평기,False
qwen3.5:9b,수평자 1개,error,만능렌치,"만능렌치, 스패너세트, 납볼망치, 빠루망치, 직각자",Expecting value: line 1 column 1 (char 0),,
qwen3.5:9b,수평자(60CM),error,클램프미터,"클램프미터, 고속절단기, 육각렌치세트, 전동공구세트, 수평기",Expecting value: line 1 column 1 (char 0),,
qwen3.5:9b,수평자3개,error,스패너세트,"스패너세트, 기어렌치세트, T렌치세트, 소켓렌치세트, 납볼망치",Expecting value: line 1 column 1 (char 0),,
qwen3.5:9b,수평측정기,error,라돈측정기,"라돈측정기, 수평기, 육각렌치세트, 육각렌치, 별렌치세트",Expecting value: line 1 column 1 (char 0),,
qwen3.5:9b,숫돌,error,장도리,"장도리, 모종삽, 커터, 스패너, 돌망치",Expecting value: line 1 column 1 (char 0),,
qwen3.5:9b,숯돌,error,목공줄,"목공줄, 타일컷터, 에어건, 커터, 카운터싱크",Expecting value: line 1 column 1 (char 0),,
qwen3.5:9b,스냅링플라이어세트,error,라쳇렌치세트,"라쳇렌치세트, 플라이어렌치, 굽은노즈플라이어, 다이아고날플라이어, 스냅링플라이어",Expecting value: line 1 column 1 (char 0),,
qwen3.5:9b,스마토 공구세트,error,전동공구세트,"전동공구세트, 공구세트, 공구함세트, 기어렌치세트, 드릴비트세트",Expecting value: line 1 column 1 (char 0),,
qwen3.5:9b,스마토 알루미늄 공구가방,error,전동공구세트,"전동공구세트, 공구세트, 철공용드릴비트, 공구함세트, 철공용드릴비트세트",Expecting value: line 1 column 1 (char 0),,
qwen3.5:9b,스마트 라돈감지기,error,열화상카메라,"열화상카메라, 육각렌치세트, 기어렌치세트, 직각자, 소켓렌치세트",Expecting value: line 1 column 1 (char 0),,
qwen3.5:9b,스마트 렌치세트,error,정밀드라이버세트,"정밀드라이버세트, 육각렌치세트, 기어렌치세트, 전동공구세트, T렌치세트",Expecting value: line 1 column 1 (char 0),,
qwen3.5:9b,스마트 양구스패너 세트,error,정밀드라이버세트,"정밀드라이버세트, 육각렌치세트, 전동공구세트, 기어렌치세트, 공구함세트",Expecting value: line 1 column 1 (char 0),,
qwen3.5:9b,스매쉬 3종 원형톱날,error,소켓렌치세트,"소켓렌치세트, 스패너세트, 편구스패너, 볼렌치세트, 타일컷터",Expecting value: line 1 column 1 (char 0),,
qwen3.5:9b,스위스 밀리터리  수공구세트,error,전동공구세트,"전동공구세트, 공구세트, 공구함세트, 기어렌치세트, 육각렌치세트",Expecting value: line 1 column 1 (char 0),,
qwen3.5:9b,스위스 밀리터리 공구,error,소켓렌치세트,"소켓렌치세트, 전동공구세트, 볼렌치세트, 육각렌치, 편구스패너",Expecting value: line 1 column 1 (char 0),,
qwen3.5:9b,스위스 밀리터리 미니드라이버,error,와이어스트리퍼,"와이어스트리퍼, 라쳇렌치세트, 전동드라이버, 양용드라이버, 굽은노즈플라이어",Expecting value: line 1 column 1 (char 0),,
qwen3.5:9b,스위스 밀리터리 전동공구세트,error,전동공구세트,"전동공구세트, 공구세트, 소켓렌치세트, 기어렌치세트, T렌치세트",Expecting value: line 1 column 1 (char 0),,
qwen3.5:9b,스위스 밀리터리 전동드릴 세트,error,철공용드릴비트,"철공용드릴비트, 전동공구세트, 철공용드릴비트세트, 정밀드라이버세트, 공구세트",Expecting value: line 1 column 1 (char 0),,
qwen3.5:9b,스위스밀리터리  수공구세트,error,전동공구세트,"전동공구세트, 목공용드릴비트, 공구세트, 고속절단기, 철공용드릴비트",Expecting value: line 1 column 1 (char 0),,
qwen3.5:9b,스위스밀리터리 공구세트 (전동드릴포함),error,철공용드릴비트,"철공용드릴비트, 철공용드릴비트세트, 정밀드라이버세트, 목공용드릴비트, 전동공구세트",Expecting value: line 1 column 1 (char 0),,
qwen3.5:9b,스위스밀리터리 미니 드라이버 8p,error,드라이버세트,"드라이버세트, 정밀드라이버세트, T핸드드라이버, 드라이버, 고속절단기",Expecting value: line 1 column 1 (char 0),,
qwen3.5:9b,스위스밀리터리 수공구세트,error,전동공구세트,"전동공구세트, 목공용드릴비트, 공구세트, 고속절단기, 철공용드릴비트",Expecting value: line 1 column 1 (char 0),,
qwen3.5:9b,스위스밀리터리 수공구세트,error,전동공구세트,"전동공구세트, 목공용드릴비트, 공구세트, 고속절단기, 철공용드릴비트",Expecting value: line 1 column 1 (char 0),,
qwen3.5:9b,스컬킹,error,스패너,"스패너, 돌망치, 커터, 빠루망치, 손타카",Expecting value: line 1 column 1 (char 0),,
qwen3.5:9b,스크래퍼,error,스크레퍼,"스크레퍼, 편구스패너, 전선릴, 쇠지렛대, 와이어스트리퍼",Expecting value: line 1 column 1 (char 0),스크레퍼,False
qwen3.5:9b,스크래퍼(헤라),error,냉동라쳇렌치,"냉동라쳇렌치, 바이스그립플라이어, 앵글그라인더, 다이아고날플라이어, 버니어캘리퍼스",Expecting value: line 1 column 1 (char 0),,
qwen3.5:9b,스크레이퍼,error,스크레퍼,"스크레퍼, 굽은노즈플라이어, 플라이어렌치, 전동드라이버, 옵셋렌치",Expecting value: line 1 column 1 (char 0),,
qwen3.5:9b,스크레퍼,error,스크레퍼,"스크레퍼, 편구스패너, 전선릴, 와이어스트리퍼, 고무망치",Expecting value: line 1 column 1 (char 0),,
qwen3.5:9b,스크루드라이버,error,스크레퍼,"스크레퍼, 양용드라이버, 소켓렌치세트, 스패너세트, 편구스패너",Expecting value: line 1 column 1 (char 0),,
qwen3.5:9b,스크류 드라이버 비트,error,정밀드라이버세트,"정밀드라이버세트, 전동공구세트, SDS드릴비트, 에어컴프레서, 공구세트",Expecting value: line 1 column 1 (char 0),,
qwen3.5:9b,스크류 전동 드라이버,error,양용드라이버,"양용드라이버, 충전해머드릴, 전동드라이버, 드라이버세트, 전동드릴",Expecting value: line 1 column 1 (char 0),전동드라이버,False
qwen3.5:9b,"스크류 전동 드라이버 (예약시 전화주세요 02-2241-5084) 2박3일 1,000원",error,충전해머드릴,"충전해머드릴, 냉동라쳇렌치, 앤드컷팅니퍼, 버니어캘리퍼스, 다이아고날플라이어",Expecting value: line 1 column 1 (char 0),,
qwen3.5:9b,스크류드라이버 비트세트,error,비트세트,"비트세트, SDS드릴비트, 정밀드라이버세트, 육각렌치세트, 전동공구세트",Expecting value: line 1 column 1 (char 0),,
qwen3.5:9b,스크류드라이버세트,error,정밀드라이버세트,"정밀드라이버세트, 육각렌치세트, 전동공구세트, 공구세트, 기어렌치세트",Expecting value: line 1 column 1 (char 0),,
qwen3.5:9b,스크류비트 세트,error,육각렌치세트,"육각렌치세트, SDS드릴비트, 공구함세트, 비트세트, 탭세트",Expecting value: line 1 column 1 (char 0),,
qwen3.5:9b,스크류세트,error,육각렌치세트,"육각렌치세트, 탭세트, 공구함세트, 공구세트, 기어렌치세트",Expecting value: line 1 column 1 (char 0),,
qwen3.5:9b,스크린,error,탭세트,"탭세트, 라돈측정기, SDS드릴비트, 육각렌치세트, 디지털수평기",Expecting value: line 1 column 1 (char 0),,
qwen3.5:9b,스킬 함마드릴,error,드릴비트,"드릴비트, 목공줄, 만능렌치, 빠루망치, 절단석",Expecting value: line 1 column 1 (char 0),해머드릴,False
qwen3.5:9b,스태플,error,돌망치,"돌망치, 장도리, 전지가위, 타카, 스패너",Expecting value: line 1 column 1 (char 0),,
qwen3.5:9b,스탠리 수공구세트,error,소켓렌치세트,"소켓렌치세트, 스패너세트, 볼렌치세트, 전동공구세트, 기어렌치세트",Expecting value: line 1 column 1 (char 0),,
qwen3.5:9b,스탠리 전기임팩트드릴,error,충전해머드릴,"충전해머드릴, 끌세트, 전동공구세트, 소켓렌치세트, 에어컴프레서",Expecting value: line 1 column 1 (char 0),,
qwen3.5:9b,스탠리 해머드릴,error,앤드컷팅니퍼,"앤드컷팅니퍼, 버니어캘리퍼스, 냉동라쳇렌치, 충전해머드릴, 다이아고날플라이어",Expecting value: line 1 column 1 (char 0),,
qwen3.5:9b,스탠리10종 라쳇드라이버,error,바이스그립플라이어,"바이스그립플라이어, 냉동라쳇렌치, 다이아고날플라이어, 앵글그라인더, 버니어캘리퍼스",Expecting value: line 1 column 1 (char 0),,
qwen3.5:9b,스탠리충전드릴,error,타일컷터,"타일컷터, 만능렌치, 임팩트드릴, 스패너세트, 목공줄",Expecting value: line 1 column 1 (char 0),,
qwen3.5:9b,스테이플러 리무버,error,전동드라이버,"전동드라이버, 굽은노즈플라이어, 플라이어렌치, 옵셋렌치, 편구스패너",Expecting value: line 1 column 1 (char 0),,
qwen3.5:9b,"스테플러건(타카), 심(8box)",error,소켓렌치세트,"소켓렌치세트, 기어렌치세트, T렌치세트, 스패너세트, 전동공구세트",Expecting value: line 1 column 1 (char 0),,
qwen3.5:9b,스텐 헤라 3',error,냉동라쳇렌치,"냉동라쳇렌치, 다이아고날플라이어, 옵셋렌치, 앤드컷팅니퍼, 스냅링플라이어",Expecting value: line 1 column 1 (char 0),,
qwen3.5:9b,스텐 헤라 5',error,냉동라쳇렌치,"냉동라쳇렌치, 옵셋렌치, 앤드컷팅니퍼, 다이아고날플라이어, 버니어캘리퍼스",Expecting value: line 1 column 1 (char 0),,
qwen3.5:9b,스텐기리,error,장도리,"장도리, 돌망치, 빠루망치, 카운터싱크, 납볼망치",Expecting value: line 1 column 1 (char 0),,
qwen3.5:9b,스텐기리 세트 1개,error,기어렌치세트,"기어렌치세트, 스패너세트, T렌치세트, 소켓렌치세트, 전동공구세트",Expecting value: line 1 column 1 (char 0),,
qwen3.5:9b,스텐리 드라이버세트(6PCS),error,정밀드라이버세트,"정밀드라이버세트, 드라이버세트, 고속절단기, 전동공구세트, 목공용드릴비트",Expecting value: line 1 column 1 (char 0),,
qwen3.5:9b,스텐파이프 커터,error,드릴비트세트,"드릴비트세트, 목공용드릴비트, 철공용드릴비트, 전동공구세트, 공구세트",Expecting value: line 1 column 1 (char 0),,
qwen3.5:9b,스텐헤라,error,토크렌치,"토크렌치, 전동타카, 전선릴, 스크레퍼, 고무망치",Expecting value: line 1 column 1 (char 0),,
qwen3.5:9b,스텐헤라 3,error,볼렌치세트,"볼렌치세트, 전동타카, 소켓렌치세트, 건타카, 기어렌치세트",Expecting value: line 1 column 1 (char 0),,
qwen3.5:9b,스텐헤라 5,error,전동타카,"전동타카, 소켓렌치세트, 볼렌치세트, 기어렌치세트, 건타카",Expecting value: line 1 column 1 (char 0),,
qwen3.5:9b,스텐헤라(경화형),error,냉동라쳇렌치,"냉동라쳇렌치, 다이아고날플라이어, 바이스그립플라이어, 옵셋렌치, 플라이어렌치",Expecting value: line 1 column 1 (char 0),,
qwen3.5:9b,스텐헤라3,error,소켓렌치세트,"소켓렌치세트, 볼렌치세트, 기어렌치세트, T렌치세트, 스패너세트",Expecting value: line 1 column 1 (char 0),,
qwen3.5:9b,스텐헤라5,error,전동타카,"전동타카, 소켓렌치세트, 볼렌치세트, 기어렌치세트, 건타카",Expecting value: line 1 column 1 (char 0),,
qwen3.5:9b,스텝 드릴 비트,error,비트세트,"비트세트, 다림추, 드릴비트세트, 드릴비트, 전동공구세트",Expecting value: line 1 column 1 (char 0),,
qwen3.5:9b,스텝퍼,error,다림추,"다림추, 끌세트, 스패너, 스패너세트, 손타카",Expecting value: line 1 column 1 (char 0),,
qwen3.5:9b,스토브,error,스패너,"스패너, 돌망치, 빠루망치, 그립망치, 장도리",Expecting value: line 1 column 1 (char 0),,
qwen3.5:9b,스트류비트세트,error,스패너세트,"스패너세트, 기어렌치세트, T렌치세트, 소켓렌치세트, 드릴비트세트",Expecting value: line 1 column 1 (char 0),,
qwen3.5:9b,스트리퍼,error,장도리,"장도리, 스패너, 전지가위, 커터, 육각렌치",Expecting value: line 1 column 1 (char 0),와이어스트리퍼,False
qwen3.5:9b,스트립퍼,error,편구스패너,"편구스패너, 스크레퍼, 와이어스트리퍼, 전선릴, 굽은노즈플라이어",Expecting value: line 1 column 1 (char 0),,
qwen3.5:9b,스팀 청소기,error,스프링배관청소기,"스프링배관청소기, 목공줄, 전동압착기, 타일컷터, 스패너",Expecting value: line 1 column 1 (char 0),,
qwen3.5:9b,스팀 청소기 1개,error,타일컷터,"타일컷터, 해머드릴, 만능렌치, 목공줄, 편구스패너",Expecting value: line 1 column 1 (char 0),,
qwen3.5:9b,스팀 해빙기,error,전선릴,"전선릴, 쇠지렛대, 편구스패너, 와이어스트리퍼, 타일컷터",Expecting value: line 1 column 1 (char 0),,
qwen3.5:9b,스팀다리미,error,플라이어렌치,"플라이어렌치, 굽은노즈플라이어, 옵셋렌치, 전선릴, 플라이어",Expecting value: line 1 column 1 (char 0),,
qwen3.5:9b,스팀해빙기,error,플라이어렌치,"플라이어렌치, 스냅링플라이어, 다이아고날플라이어, 굽은노즈플라이어, 옵셋렌치",Expecting value: line 1 column 1 (char 0),,
qwen3.5:9b,스패너,error,스패너,"스패너, 커터, 손타카, 빠루망치, 장도리",Expecting value: line 1 column 1 (char 0),스패너,False
qwen3.5:9b,스패너,error,스패너,"스패너, 커터, 손타카, 빠루망치, 장도리",Expecting value: line 1 column 1 (char 0),스패너,False
qwen3.5:9b,스패너 12개),error,다이아고날플라이어,"다이아고날플라이어, 스냅링플라이어, 앵글그라인더, 옵셋렌치, 플라이어렌치",Expecting value: line 1 column 1 (char 0),,
qwen3.5:9b,스패너 세트,error,기어렌치세트,"기어렌치세트, 스패너세트, T렌치세트, 공구세트, 공구함세트",Expecting value: line 1 column 1 (char 0),,
qwen3.5:9b,스패너 세트 1개,error,스패너세트,"스패너세트, 기어렌치세트, T렌치세트, 전동공구세트, 공구세트",Expecting value: line 1 column 1 (char 0),,
qwen3.5:9b,스패너(100mm),error,클램프미터,"클램프미터, 고속절단기, 전동공구세트, 공구세트, 목공용드릴비트",Expecting value: line 1 column 1 (char 0),,
qwen3.5:9b,스패너(200mm),error,클램프미터,"클램프미터, 고속절단기, 드릴비트세트, 철공용드릴비트, 전동공구세트",Expecting value: line 1 column 1 (char 0),스패너,False
qwen3.5:9b,스패너(250mm),error,클램프미터,"클램프미터, 고속절단기, 철공용드릴비트, 전동공구세트, 목공용드릴비트",Expecting value: line 1 column 1 (char 0),,
qwen3.5:9b,스패너(300mm),error,클램프미터,"클램프미터, 고속절단기, 전동공구세트, 드릴비트세트, 드릴비트",Expecting value: line 1 column 1 (char 0),스패너,False
qwen3.5:9b,스패너(3종),error,스패너세트,"스패너세트, 기어렌치세트, T렌치세트, 소켓렌치세트, 전동공구세트",Expecting value: line 1 column 1 (char 0),,
qwen3.5:9b,스패너(450mm),error,클램프미터,"클램프미터, 고속절단기, 철공용드릴비트, 전동공구세트, 목공용드릴비트",Expecting value: line 1 column 1 (char 0),,
qwen3.5:9b,스패너(610mm),error,클램프미터,"클램프미터, 고속절단기, 전동공구세트, 별렌치세트, 공구세트",Expecting value: line 1 column 1 (char 0),,
qwen3.5:9b,스패너(크기별),error,스패너세트,"스패너세트, 기어렌치세트, 전동공구세트, 소켓렌치세트, 공구세트",Expecting value: line 1 column 1 (char 0),,
qwen3.5:9b,스패너세트,error,스패너세트,"스패너세트, 소켓렌치세트, 기어렌치세트, T렌치세트, 끌세트",Expecting value: line 1 column 1 (char 0),스패너세트,False
qwen3.5:9b,스패너세트(14P),error,전동공구세트,"전동공구세트, 클램프미터, 기어렌치세트, 스패너세트, T렌치세트",Expecting value: line 1 column 1 (char 0),,
qwen3.5:9b,스패너세트(14p),error,클램프미터,"클램프미터, 전동공구세트, 고속절단기, 스패너세트, T렌치세트",Expecting value: line 1 column 1 (char 0),,
qwen3.5:9b,스패너세트(6P),error,전동공구세트,"전동공구세트, 육각렌치세트, 공구세트, 기어렌치세트, 스패너세트",Expecting value: line 1 column 1 (char 0),,
qwen3.5:9b,스패너세트/6PCS,error,전동공구세트,"전동공구세트, 정밀드라이버세트, 스패너세트, 기어렌치세트, 공구세트",Expecting value: line 1 column 1 (char 0),,
qwen3.5:9b,스패너셋,error,스패너세트,"스패너세트, 스패너, 소켓렌치세트, 만능렌치, 끌세트",Expecting value: line 1 column 1 (char 0),,
qwen3.5:9b,스패너셋트,error,편구스패너,"편구스패너, 타일컷터, 스패너세트, 볼렌치세트, 전선릴",Expecting value: line 1 column 1 (char 0),,
qwen3.5:9b,스패너셋트(10-21) 1개,error,소켓렌치세트,"소켓렌치세트, 볼렌치세트, 편구스패너, 스패너세트, 와이어스트리퍼",Expecting value: line 1 column 1 (char 0),,
qwen3.5:9b,스페너,error,스패너,"스패너, 커터, 빠루망치, 장도리, 돌망치",Expecting value: line 1 column 1 (char 0),,
qwen3.5:9b,스페너 세트(6P),error,전동공구세트,"전동공구세트, 정밀드라이버세트, 육각렌치세트, 공구세트, 기어렌치세트",Expecting value: line 1 column 1 (char 0),,
qwen3.5:9b,스프레이 스티커 제거제,error,드릴비트세트,"드릴비트세트, 충전드릴, 드릴비트, 목공용드릴비트, 석고대패",Expecting value: line 1 column 1 (char 0),,
qwen3.5:9b,스프레이접착제,error,드릴비트,"드릴비트, 드릴비트세트, 가스토치, 볼트컷터, 절단석",Expecting value: line 1 column 1 (char 0),,
qwen3.5:9b,스프링 청소기,error,스프링배관청소기,"스프링배관청소기, 타일컷터, 목공줄, 그립망치, 해머드릴",Expecting value: line 1 column 1 (char 0),,
qwen3.5:9b,스프링청소기,error,스프링배관청소기,"스프링배관청소기, 목공줄, 전동압착기, 전지가위, 공구세트",Expecting value: line 1 column 1 (char 0),스프링배관청소기,False
qwen3.5:9b,"스프링청소기(주방,하수구)",error,스프링배관청소기,"스프링배관청소기, 목공용드릴비트, 전동공구세트, 고속절단기, 목공줄",Expecting value: line 1 column 1 (char 0),,
qwen3.5:9b,스프링청소기20M,error,스프링배관청소기,"스프링배관청소기, 클램프미터, 고속절단기, 목공용드릴비트, 전동공구세트",Expecting value: line 1 column 1 (char 0),,
qwen3.5:9b,스피녀 핸들 1개,error,해머드릴,"해머드릴, 만능렌치, 편구스패너, 타일컷터, 스패너세트",Expecting value: line 1 column 1 (char 0),,
qwen3.5:9b,슬레지해머(함마),error,굽은노즈플라이어,"굽은노즈플라이어, 스냅링플라이어, 플라이어렌치, 다이아고날플라이어, 옵셋렌치",Expecting value: line 1 column 1 (char 0),,
qwen3.5:9b,슬립 조인트 프라이어,error,다이아고날플라이어,"다이아고날플라이어, 바이스그립플라이어, 냉동라쳇렌치, 앵글그라인더, 스냅링플라이어",Expecting value: line 1 column 1 (char 0),,
qwen3.5:9b,시계 드라이버 셋트,error,클램프미터,"클램프미터, 정밀드라이버세트, 전동공구세트, 고속절단기, 소켓렌치세트",Expecting value: line 1 column 1 (char 0),,
qwen3.5:9b,시계DR세트,error,클램프미터,"클램프미터, T렌치세트, 육각렌치세트, 전동공구세트, 정밀드라이버세트",Expecting value: line 1 column 1 (char 0),,
qwen3.5:9b,시계드라이버,error,소켓렌치세트,"소켓렌치세트, 끌세트, 양용드라이버, 스패너세트, 전동공구세트",Expecting value: line 1 column 1 (char 0),,
qwen3.5:9b,시계드라이버 set,error,정밀드라이버세트,"정밀드라이버세트, 전동공구세트, 공구세트, 육각렌치세트, 기어렌치세트",Expecting value: line 1 column 1 (char 0),,
qwen3.5:9b,시계드라이버 셋,error,소켓렌치세트,"소켓렌치세트, 끌세트, 전동공구세트, 편구스패너, 스패너세트",Expecting value: line 1 column 1 (char 0),,
qwen3.5:9b,시계드라이버(6PC),error,정밀드라이버세트,"정밀드라이버세트, 고속절단기, 전동공구세트, 클램프미터, 철공용드릴비트",Expecting value: line 1 column 1 (char 0),,
qwen3.5:9b,시계드라이버세트,error,정밀드라이버세트,"정밀드라이버세트, 전동공구세트, 육각렌치세트, 공구세트, 기어렌치세트",Expecting value: line 1 column 1 (char 0),,
qwen3.5:9b,시계드라이버세트(NO-930),error,정밀드라이버세트,"정밀드라이버세트, 전동공구세트, 별렌치세트, 드라이버세트, 고속절단기",Expecting value: line 1 column 1 (char 0),,
qwen3.5:9b,실납,error,납볼망치,"납볼망치, 전지가위, 장도리, 임팩트드릴, 빠루망치",Expecting value: line 1 column 1 (char 0),,
qwen3.5:9b,실란트 건,error,그립망치,"그립망치, 임팩트드릴, 해머드릴, 빠루망치, 만능렌치",Expecting value: line 1 column 1 (char 0),,
qwen3.5:9b,실리콘 건,error,실리콘건,"실리콘건, 전자산업용니퍼, 비트세트, 공구세트, 피스제거용비트",Expecting value: line 1 column 1 (char 0),실리콘건,False
qwen3.5:9b,실리콘 건,error,실리콘건,"실리콘건, 전자산업용니퍼, 비트세트, 공구세트, 피스제거용비트",Expecting value: line 1 column 1 (char 0),실리콘건,False
qwen3.5:9b,실리콘 건 (카탓형),error,실리콘건,"실리콘건, 전자산업용니퍼, 피스제거용비트, 소켓렌치세트, 임팩트드릴",Expecting value: line 1 column 1 (char 0),,
qwen3.5:9b,실리콘 건 1개,error,실리콘건,"실리콘건, 전자산업용니퍼, 전동공구세트, 비트세트, 공구세트",Expecting value: line 1 column 1 (char 0),,
qwen3.5:9b,실리콘 기기,error,실리콘건,"실리콘건, 전자산업용니퍼, 철공용드릴비트세트, 철공용드릴비트, 디지털수평기",Expecting value: line 1 column 1 (char 0),,
qwen3.5:9b,실리콘 제거기,error,실리콘건,"실리콘건, 전자산업용니퍼, 에어컴프레서, 피스제거용비트, SDS드릴비트",Expecting value: line 1 column 1 (char 0),,
qwen3.5:9b,실리콘 제거제,error,실리콘건,"실리콘건, 전자산업용니퍼, SDS드릴비트, 피스제거용비트, 공구세트",Expecting value: line 1 column 1 (char 0),,
qwen3.5:9b,실리콘 총,error,실리콘건,"실리콘건, 전자산업용니퍼, 비트세트, 공구세트, 공구함세트",Expecting value: line 1 column 1 (char 0),,
qwen3.5:9b,실리콘건,error,실리콘건,"실리콘건, 전자산업용니퍼, 전지가위, 직소기, 공구세트",Expecting value: line 1 column 1 (char 0),실리콘건,False
qwen3.5:9b,실리콘건,error,실리콘건,"실리콘건, 전자산업용니퍼, 전지가위, 직소기, 공구세트",Expecting value: line 1 column 1 (char 0),실리콘건,False
qwen3.5:9b,실리콘건 1개,error,실리콘건,"실리콘건, 전자산업용니퍼, 전동공구세트, 공구세트, 소켓렌치세트",Expecting value: line 1 column 1 (char 0),,
qwen3.5:9b,실리콘건(&심),error,실리콘건,"실리콘건, 와이어스트리퍼, 전선릴, 편구스패너, 타일컷터",Expecting value: line 1 column 1 (char 0),,
qwen3.5:9b,실리콘건(1),error,실리콘건,"실리콘건, 소켓렌치세트, 별렌치세트, 볼렌치세트, 전동공구세트",Expecting value: line 1 column 1 (char 0),,
qwen3.5:9b,실리콘건(실리콘x),error,실리콘건,"실리콘건, 전자산업용니퍼, 비트세트, 공구세트, 직소기",Expecting value: line 1 column 1 (char 0),,
qwen3.5:9b,실리콘바이오,error,실리콘건,"실리콘건, 전자산업용니퍼, SDS드릴비트, 비트세트, 공구함세트",Expecting value: line 1 column 1 (char 0),,
qwen3.5:9b,실리콘분사기,error,실리콘건,"실리콘건, 전자산업용니퍼, 비트세트, 직소기, 공구함세트",Expecting value: line 1 column 1 (char 0),,
qwen3.5:9b,실리콘진,error,실리콘건,"실리콘건, 전자산업용니퍼, 비트세트, 직소기, 공구함세트",Expecting value: line 1 column 1 (char 0),,
qwen3.5:9b,실타카,error,건타카,"건타카, 전동타카, 장도리, 타카, 빠루망치",Expecting value: line 1 column 1 (char 0),,
qwen3.5:9b,실톱,error,절단석,"절단석, 쇠톱, 돌망치, 원형톱, 먹통",Expecting value: line 1 column 1 (char 0),,
qwen3.5:9b,실톱(쇠톱),error,쇠톱,"쇠톱, 원형톱, 목공줄, 절단석, 그립망치",Expecting value: line 1 column 1 (char 0),,
qwen3.5:9b,실톱세트,error,스패너세트,"스패너세트, T렌치세트, 기어렌치세트, 소켓렌치세트, 목공줄",Expecting value: line 1 column 1 (char 0),,
qwen3.5:9b,십자 드라이버,error,편구스패너,"편구스패너, 양용드라이버, 드라이버, 드라이버세트, 전동드릴",Expecting value: line 1 column 1 (char 0),,
qwen3.5:9b,십자드라이버,error,스패너,"스패너, 편구스패너, 끌세트, 양용드라이버, 스패너세트",Expecting value: line 1 column 1 (char 0),,
qwen3.5:9b,십자드라이버(15cm),error,클램프미터,"클램프미터, 철공용드릴비트, 목공용드릴비트, 정밀드라이버세트, 고속절단기",Expecting value: line 1 column 1 (char 0),,
qwen3.5:9b,십자드라이버(대),error,다이아고날플라이어,"다이아고날플라이어, 옵셋렌치, 냉동라쳇렌치, 플라이어렌치, 전동드라이버",Expecting value: line 1 column 1 (char 0),,
qwen3.5:9b,"쌍발 발펌프(자전거,공,튜브)",error,철공용드릴비트,"철공용드릴비트, 목공용드릴비트, 자전거펌프, 철판가위, 정밀드라이버세트",Expecting value: line 1 column 1 (char 0),,
qwen3.5:9b,아나로그 테스터기,error,만능렌치,"만능렌치, 빠루망치, 임팩트드릴, 납볼망치, 그립망치",Expecting value: line 1 column 1 (char 0),,
qwen3.5:9b,아나로그테스터기,error,만능렌치,"만능렌치, 납볼망치, 임팩트드릴, 그립망치, 빠루망치",Expecting value: line 1 column 1 (char 0),,
qwen3.5:9b,아날로그 테스터기,error,만능렌치,"만능렌치, 임팩트드릴, 타일컷터, 해머드릴, 전동드릴",Expecting value: line 1 column 1 (char 0),,
qwen3.5:9b,아이스박스,error,에어타카,"에어타카, 공구세트, 공구함세트, 에어컴프레서, 전지가위",Expecting value: line 1 column 1 (char 0),,
qwen3.5:9b,아이스박스 21L,error,에어타카,"에어타카, 공구세트, 공구함세트, 고속절단기, SDS드릴비트",Expecting value: line 1 column 1 (char 0),,
qwen3.5:9b,아이스박스(54L),error,고속절단기,"고속절단기, 공구세트, 정밀드라이버세트, 에어타카, 전동공구세트",Expecting value: line 1 column 1 (char 0),,
qwen3.5:9b,아이스쿨러,error,와이어스트리퍼,"와이어스트리퍼, 타일컷터, 전선릴, 편구스패너, 전동타카",Expecting value: line 1 column 1 (char 0),,
qwen3.5:9b,아임삭 비트세트,error,볼렌치세트,"볼렌치세트, 소켓렌치세트, 편구스패너, 스패너세트, 라쳇렌치세트",Expecting value: line 1 column 1 (char 0),비트세트,False
qwen3.5:9b,아임삭 충전 드릴(무선),error,충전임팩트드라이버,"충전임팩트드라이버, 충전드릴, 배터리팩, 전기인두, 고속절단기",Expecting value: line 1 column 1 (char 0),충전드릴,False
qwen3.5:9b,아임삭 충전 임팩 드라이버,error,충전해머드릴,"충전해머드릴, 앤드컷팅니퍼, 냉동라쳇렌치, 버니어캘리퍼스, 전동드라이버",Expecting value: line 1 column 1 (char 0),충전임팩트드라이버,False
qwen3.5:9b,아임삭 충전드릴,error,충전해머드릴,"충전해머드릴, 해머드릴, 전동드릴, 전선릴, 충전드릴",Expecting value: line 1 column 1 (char 0),충전드릴,False
qwen3.5:9b,아임삭 콤보드릴,error,앤드컷팅니퍼,"앤드컷팅니퍼, 옵셋렌치, 다이아고날플라이어, 플라이어렌치, 굽은노즈플라이어",Expecting value: line 1 column 1 (char 0),충전드릴,False
qwen3.5:9b,아임삭충전드릴,error,해머드릴,"해머드릴, 전동드릴, 전선릴, 고무망치, 와이어스트리퍼",Expecting value: line 1 column 1 (char 0),충전드릴,False
qwen3.5:9b,아크용접기,error,육각렌치세트,"육각렌치세트, 목공용접톱, 기어렌치세트, T렌치세트, 공구세트",Expecting value: line 1 column 1 (char 0),,
qwen3.5:9b,아크용접기 세트,error,목공용접톱,"목공용접톱, 육각렌치세트, 공구함세트, 플라이어세트, 기어렌치세트",Expecting value: line 1 column 1 (char 0),,
qwen3.5:9b,아티카 전동 임팩드릴(IP-0909),error,전자산업용니퍼,"전자산업용니퍼, 보안경, SDS드릴비트, 전동공구세트, 정밀드라이버세트",Expecting value: line 1 column 1 (char 0),,
qwen3.5:9b,아펙슨 손타카 AT-519,error,전동공구세트,"전동공구세트, 보안경, 에어컴프레서, 소켓렌치세트, 전지가위",Expecting value: line 1 column 1 (char 0),,
qwen3.5:9b,안면보안경,error,보안경,"보안경, 임팩트드릴, 직각자, 납볼망치, 만능렌치",Expecting value: line 1 column 1 (char 0),,
qwen3.5:9b,안전그네전신형 (원터치형),error,냉동라쳇렌치,"냉동라쳇렌치, 바이스그립플라이어, 버니어캘리퍼스, 다이아고날플라이어, 앤드컷팅니퍼",Expecting value: line 1 column 1 (char 0),,
qwen3.5:9b,안전띠,error,안전로프,"안전로프, 보안경, 안전모, 전지가위, 전동압착기",Expecting value: line 1 column 1 (char 0),,
qwen3.5:9b,안전로프,error,안전로프,"안전로프, 보안경, 안전모, 전동압착기, 전지가위",Expecting value: line 1 column 1 (char 0),안전로프,False
qwen3.5:9b,안전모,error,안전모,"안전모, 안전로프, 보안경, 전동압착기, 전지가위",Expecting value: line 1 column 1 (char 0),안전모,False
qwen3.5:9b,알루미늄 클러치 목발,error,타일컷터,"타일컷터, 편구스패너, 쇠지렛대, 모종삽, 굽은노즈플라이어",Expecting value: line 1 column 1 (char 0),,
qwen3.5:9b,알루미늄 파이프렌치(250mm),error,철공용드릴비트세트,"철공용드릴비트세트, 철공용드릴비트, 클램프미터, 목공용드릴비트, 철판가위",Expecting value: line 1 column 1 (char 0),,
qwen3.5:9b,알루미늄 파이프렌치(350mm),error,철공용드릴비트,"철공용드릴비트, 철공용드릴비트세트, 클램프미터, 목공용드릴비트, PVC컷터",Expecting value: line 1 column 1 (char 0),,
qwen3.5:9b,알루미늄 파이프렌치(450mm),error,철공용드릴비트,"철공용드릴비트, 철공용드릴비트세트, 클램프미터, 목공용드릴비트, 고속절단기",Expecting value: line 1 column 1 (char 0),,
qwen3.5:9b,알루미늄파이프렌치,error,에어컴프레서,"에어컴프레서, 끌세트, 공구세트, 소켓렌치세트, 볼트컷터",Expecting value: line 1 column 1 (char 0),,
qwen3.5:9b,알미늄 사다리 1개,error,A형사다리,"A형사다리, 끌세트, 스패너세트, 소켓렌치세트, 전동공구세트",Expecting value: line 1 column 1 (char 0),,
qwen3.5:9b,알미늄톱,error,공구함세트,"공구함세트, 직소기, 철공용드릴비트세트, 원형톱, 접톱",Expecting value: line 1 column 1 (char 0),,
qwen3.5:9b,알미늄톱(만능톱),error,스패너세트,"스패너세트, 글루스틱, 원형톱, 절단석, 공구함세트",Expecting value: line 1 column 1 (char 0),,
qwen3.5:9b,알미늄톱대,error,타일컷터,"타일컷터, 스패너세트, 모종삽, 끌세트, 글루스틱",Expecting value: line 1 column 1 (char 0),,
qwen3.5:9b,알패드33 테이블용 스탠드,error,테이블톱,"테이블톱, 전동공구세트, 소켓렌치세트, 기어렌치세트, 공구세트",Expecting value: line 1 column 1 (char 0),,
qwen3.5:9b,암갓다,error,전선릴,"전선릴, 고무망치, 편구스패너, 장도리, 스크레퍼",Expecting value: line 1 column 1 (char 0),,
qwen3.5:9b,암갓다,error,전선릴,"전선릴, 고무망치, 편구스패너, 장도리, 스크레퍼",Expecting value: line 1 column 1 (char 0),,
qwen3.5:9b,암갓다(암커터),error,와이어스트리퍼,"와이어스트리퍼, 편구스패너, 타일컷터, 쇠지렛대, 양용드라이버",Expecting value: line 1 column 1 (char 0),,
qwen3.5:9b,암커터,error,타일컷터,"타일컷터, 편구스패너, 커터, 장도리, 양용드라이버",Expecting value: line 1 column 1 (char 0),,
qwen3.5:9b,암파이프렌치 18,error,전지가위,"전지가위, SDS드릴비트, 기어렌치세트, 소켓렌치세트, 전동공구세트",Expecting value: line 1 column 1 (char 0),,
qwen3.5:9b,암파이프렌치 18인치,error,소켓렌치세트,"소켓렌치세트, 전동공구세트, 기어렌치세트, 스패너세트, T렌치세트",Expecting value: line 1 column 1 (char 0),파이프렌치,False
qwen3.5:9b,압착기,error,전동압착기,"전동압착기, 직소기, 고압세척기, 끌세트, 손타카",Expecting value: line 1 column 1 (char 0),,
qwen3.5:9b,압착펜치,error,목공줄,"목공줄, 끌세트, 전동압착기, 스패너세트, 전지가위",Expecting value: line 1 column 1 (char 0),,
qwen3.5:9b,압축기 2개,error,전동압착기,"전동압착기, 손타카, 끌세트, 목공줄, 직소기",Expecting value: line 1 column 1 (char 0),,
qwen3.5:9b,앙카드릴,error,고무망치,"고무망치, 해머드릴, 전선릴, 전동드릴, 쇠지렛대",Expecting value: line 1 column 1 (char 0),,
qwen3.5:9b,앙카함마드릴,error,해머드릴,"해머드릴, 전동드릴, 전선릴, 고무망치, 쇠지렛대",Expecting value: line 1 column 1 (char 0),,
qwen3.5:9b,애견 이발기,error,목공톱,"목공톱, 목공줄, 왕복톱(레시프로쏘), 원형톱, 커터",Expecting value: line 1 column 1 (char 0),,
qwen3.5:9b,앵글 그라인더,error,앵글그라인더,"앵글그라인더, 다이아고날플라이어, 바이스그립플라이어, 냉동라쳇렌치, 스냅링플라이어",Expecting value: line 1 column 1 (char 0),,
qwen3.5:9b,앵글(디스크) 그라인더,error,라쳇렌치세트,"라쳇렌치세트, 굽은노즈플라이어, 편구스패너, 옵셋렌치, 플라이어렌치",Expecting value: line 1 column 1 (char 0),,
qwen3.5:9b,앵글그라인다,error,굽은노즈플라이어,"굽은노즈플라이어, 플라이어렌치, 옵셋렌치, 라쳇렌치세트, 스냅링플라이어",Expecting value: line 1 column 1 (char 0),,
qwen3.5:9b,앵글그라인더,error,앵글그라인더,"앵글그라인더, 다이아고날플라이어, 스냅링플라이어, 옵셋렌치, 플라이어렌치",Expecting value: line 1 column 1 (char 0),앵글그라인더,False
qwen3.5:9b,앵글그라인더(고글 포함),error,라쳇렌치세트,"라쳇렌치세트, 편구스패너, 소켓렌치세트, 볼렌치세트, 굽은노즈플라이어",Expecting value: line 1 column 1 (char 0),,
qwen3.5:9b,앵글글라인더,error,앵글그라인더,"앵글그라인더, 스냅링플라이어, 다이아고날플라이어, 옵셋렌치, 플라이어렌치",Expecting value: line 1 column 1 (char 0),,
qwen3.5:9b,야외용 탁자,error,테이블톱,"테이블톱, 육각렌치세트, 고지가위, 탭세트, 수평기",Expecting value: line 1 column 1 (char 0),,
qwen3.5:9b,야전삽,error,굽은노즈플라이어,"굽은노즈플라이어, 라쳇렌치세트, 플라이어렌치, 전선릴, 전동드라이버",Expecting value: line 1 column 1 (char 0),,
qwen3.5:9b,양구스패너,error,양용드라이버,"양용드라이버, 편구스패너, 전선릴, 와이어스트리퍼, 스크레퍼",Expecting value: line 1 column 1 (char 0),,
qwen3.5:9b,양구스패너(17mm),error,양용드라이버,"양용드라이버, 고무망치, 쇠지렛대, 만능렌치, 편구스패너",Expecting value: line 1 column 1 (char 0),,
qwen3.5:9b,양구스페너 세트,error,기어렌치세트,"기어렌치세트, 전동공구세트, 소켓렌치세트, T렌치세트, 스패너세트",Expecting value: line 1 column 1 (char 0),,
qwen3.5:9b,양날드라이버(15cm),error,클램프미터,"클램프미터, 목공용드릴비트, 정밀드라이버세트, 고속절단기, 철공용드릴비트",Expecting value: line 1 column 1 (char 0),,
qwen3.5:9b,양날톰,error,글루건,"글루건, 니퍼, 커터, 타카, 양용드라이버",Expecting value: line 1 column 1 (char 0),,
qwen3.5:9b,양날톱,error,쇠톱,"쇠톱, 접톱, 원형톱, 목공톱, 전정톱",Expecting value: line 1 column 1 (char 0),,
qwen3.5:9b,양날톱(목공용 톱),error,쇠톱,"쇠톱, 원형톱, 접톱, 목공톱, 목공용접톱",Expecting value: line 1 column 1 (char 0),,
qwen3.5:9b,양동이,error,옵셋렌치,"옵셋렌치, 플라이어렌치, 전선릴, 플라이어, 굽은노즈플라이어",Expecting value: line 1 column 1 (char 0),,
qwen3.5:9b,양변기청소기,error,스프링배관청소기,"스프링배관청소기, 고지가위, 목공줄, 목공용드릴비트, 전지가위",Expecting value: line 1 column 1 (char 0),,
qwen3.5:9b,양손 가위,error,손타카,"손타카, 타일컷터, 만능렌치, 편구스패너, 납볼망치",Expecting value: line 1 column 1 (char 0),,
qwen3.5:9b,양손 대가위,error,전지가위,"전지가위, 손타카, 납볼망치, 충전드릴, 전동압착기",Expecting value: line 1 column 1 (char 0),,
qwen3.5:9b,양손 전지가위 / 사진과 다릅니다.,error,육각렌치세트,"육각렌치세트, 기어렌치세트, 목공용접톱, 목공줄, 공구세트",Expecting value: line 1 column 1 (char 0),,
qwen3.5:9b,양손 전지가위(전정가위),error,전지가위,"전지가위, 손타카, 납볼망치, 목공줄, 소켓렌치세트",Expecting value: line 1 column 1 (char 0),,
qwen3.5:9b,양손가위,error,만능렌치,"만능렌치, 손타카, 납볼망치, 타일컷터, 빠루망치",Expecting value: line 1 column 1 (char 0),,
qwen3.5:9b,양손대가위,error,전지가위,"전지가위, 납볼망치, 손타카, 만능렌치, 임팩트드릴",Expecting value: line 1 column 1 (char 0),,
qwen3.5:9b,양손전지가위,error,전지가위,"전지가위, 만능렌치, 소켓렌치세트, 전동공구세트, 스패너세트",Expecting value: line 1 column 1 (char 0),,
qwen3.5:9b,양손조경가위,error,만능렌치,"만능렌치, 목공줄, 스패너세트, 손타카, 소켓렌치세트",Expecting value: line 1 column 1 (char 0),,
qwen3.5:9b,양용 드라이버,error,드라이버,"드라이버, 드라이버세트, 양용드라이버, 전동드릴, 전동드라이버",Expecting value: line 1 column 1 (char 0),,
qwen3.5:9b,양용 드라이버 1개,error,드라이버세트,"드라이버세트, 드라이버, 정밀드라이버세트, 전동공구세트, 양용드라이버",Expecting value: line 1 column 1 (char 0),,
qwen3.5:9b,양용 드라이버 2개,error,드라이버세트,"드라이버세트, 드라이버, 정밀드라이버세트, 전동공구세트, T핸드드라이버",Expecting value: line 1 column 1 (char 0),,
qwen3.5:9b,양용D/R,error,양용드라이버,"양용드라이버, 납볼망치, 전동타카, 다이스세트, 만능렌치",Expecting value: line 1 column 1 (char 0),,
qwen3.5:9b,양용드라이버,error,양용드라이버,"양용드라이버, 와이어스트리퍼, 전동드라이버, 편구스패너, 스크레퍼",Expecting value: line 1 column 1 (char 0),,
qwen3.5:9b,양용드라이버 D01-150mm,error,고속절단기,"고속절단기, 클램프미터, 정밀드라이버세트, 전동공구세트, 철공용드릴비트",Expecting value: line 1 column 1 (char 0),,
qwen3.5:9b,양용드라이버2개,error,드라이버세트,"드라이버세트, 정밀드라이버세트, 전동공구세트, 공구세트, 드라이버",Expecting value: line 1 column 1 (char 0),,
qwen3.5:9b,어댑터,error,에어컴프레서,"에어컴프레서, 끌세트, 전동공구세트, 정밀드라이버세트, 소켓렌치세트",Expecting value: line 1 column 1 (char 0),,
qwen3.5:9b,어린이 공구놀이세트,error,기어렌치세트,"기어렌치세트, 스패너세트, T렌치세트, 소켓렌치세트, 공구세트",Expecting value: line 1 column 1 (char 0),,
qwen3.5:9b,에아컴프레셔,error,전선릴,"전선릴, 굽은노즈플라이어, 스크레퍼, 플라이어렌치, 플라이어",Expecting value: line 1 column 1 (char 0),,
qwen3.5:9b,에어 콤프레셔,error,옵셋렌치,"옵셋렌치, 플라이어렌치, 굽은노즈플라이어, 플라이어, 스냅링플라이어",Expecting value: line 1 column 1 (char 0),,
qwen3.5:9b,에어 타카,error,에어건,"에어건, 빠루망치, 만능렌치, 타카, 에어타카",Expecting value: line 1 column 1 (char 0),,
qwen3.5:9b,에어건,error,에어건,"에어건, 커터, 빠루망치, 고무망치, 장도리",Expecting value: line 1 column 1 (char 0),에어건,False
qwen3.5:9b,에어건(청소건),error,스프링배관청소기,"스프링배관청소기, 목공줄, 그립망치, 에어타카, 전지가위",Expecting value: line 1 column 1 (char 0),,
qwen3.5:9b,"에어건(청소건,콤프라샤용)",error,스프링배관청소기,"스프링배관청소기, 고속절단기, 목공용드릴비트, 에어타카, 에어컴프레서",Expecting value: line 1 column 1 (char 0),,
qwen3.5:9b,"에어건,에어코일호스",error,와이어스트리퍼,"와이어스트리퍼, 편구스패너, 전선릴, 전동드릴, 충전해머드릴",Expecting value: line 1 column 1 (char 0),,
qwen3.5:9b,"에어건,에어호스",error,옵셋렌치,"옵셋렌치, 전선릴, 굽은노즈플라이어, 앤드컷팅니퍼, 전동드릴",Expecting value: line 1 column 1 (char 0),,
qwen3.5:9b,에어건세트,error,공구세트,"공구세트, 공구함세트, 기어렌치세트, 전동공구세트, T렌치세트",Expecting value: line 1 column 1 (char 0),,
qwen3.5:9b,에어게이지,error,전선릴,"전선릴, 옵셋렌치, 고무망치, 굽은노즈플라이어, 쇠지렛대",Expecting value: line 1 column 1 (char 0),,
qwen3.5:9b,에어스프레이건,error,옵셋렌치,"옵셋렌치, 스냅링플라이어, 굽은노즈플라이어, 플라이어렌치, 전선릴",Expecting value: line 1 column 1 (char 0),,
qwen3.5:9b,"에어스프레이건 세트(건, 페인트통)",error,드릴비트세트,"드릴비트세트, 스패너세트, 소켓렌치세트, 전동공구세트, 에어컴프레서",Expecting value: line 1 column 1 (char 0),,
qwen3.5:9b,에어컴프레서,error,에어컴프레서,"에어컴프레서, 소켓렌치세트, 스패너세트, 끌세트, 전동공구세트",Expecting value: line 1 column 1 (char 0),,
qwen3.5:9b,에어컴프레셔,error,에어컴프레서,"에어컴프레서, 타일컷터, 에어건, 전선릴, 만능렌치",Expecting value: line 1 column 1 (char 0),,
qwen3.5:9b,에어콤푸레샤,error,건타카,"건타카, 전동타카, 다이스세트, 장도리, 모종삽",Expecting value: line 1 column 1 (char 0),,
qwen3.5:9b,에어콤프레샤,error,전선릴,"전선릴, 옵셋렌치, 스크레퍼, 와이어스트리퍼, 플라이어렌치",Expecting value: line 1 column 1 (char 0),,
qwen3.5:9b,에어콤프레셔,error,전선릴,"전선릴, 편구스패너, 와이어스트리퍼, 쇠지렛대, 스크레퍼",Expecting value: line 1 column 1 (char 0),에어컴프레서,False
qwen3.5:9b,에어타카,error,에어타카,"에어타카, 에어건, 전지가위, 타카, 돌망치",Expecting value: line 1 column 1 (char 0),에어타카,False
qwen3.5:9b,에어타카,error,에어타카,"에어타카, 에어건, 전지가위, 타카, 돌망치",Expecting value: line 1 column 1 (char 0),에어타카,False
qwen3.5:9b,에어타카 + 콤프레셔 세트,error,전동공구세트,"전동공구세트, 기어렌치세트, 조합렌치세트, 공구함세트, 소켓렌치세트",Expecting value: line 1 column 1 (char 0),,
qwen3.5:9b,에어타카(6mm),error,고속절단기,"고속절단기, 목공용드릴비트, 공구세트, 클램프미터, 드릴비트세트",Expecting value: line 1 column 1 (char 0),,
qwen3.5:9b,에어타카(I핀),error,에어타카,"에어타카, 전지가위, 건타카, 타카, 에어건",Expecting value: line 1 column 1 (char 0),,
qwen3.5:9b,에어타카(ㄷ핀),error,전동타카,"전동타카, 몽키렌치, 핀펀치, 편구스패너, 쇠지렛대",Expecting value: line 1 column 1 (char 0),,
qwen3.5:9b,에어타카(가구),error,전동타카,"전동타카, 건타카, 토크렌치, 고무망치, 양용드라이버",Expecting value: line 1 column 1 (char 0),,
qwen3.5:9b,"에어타카(목재, 콘크리트)",error,콘크리트드릴비트세트,"콘크리트드릴비트세트, 콘크리트용드릴비트, 콘크리트니퍼, 철판가위, 육각렌치세트",Expecting value: line 1 column 1 (char 0),,
qwen3.5:9b,에어타카(콘크리트),error,콘크리트용드릴비트,"콘크리트용드릴비트, 콘크리트니퍼, 콘크리트드릴비트세트, 플라이어세트, 수평기",Expecting value: line 1 column 1 (char 0),,
qwen3.5:9b,"에어타카(콘트리트, 목재겸용)",error,목공용접톱,"목공용접톱, 목공용드릴비트, 목공줄, 철판가위, 공구함세트",Expecting value: line 1 column 1 (char 0),,
qwen3.5:9b,에어타커,error,에어타카,"에어타카, 스패너, 드릴비트, 에어건, 목공줄",Expecting value: line 1 column 1 (char 0),,
qwen3.5:9b,에어펌프,error,에어펌프,"에어펌프, 목공용드릴비트, 철공용드릴비트, 고속절단기, 클램프미터",Expecting value: line 1 column 1 (char 0),에어펌프,False
qwen3.5:9b,에어호스,error,에어건,"에어건, 에어타카, 에어컴프레서, 전지가위, 장도리",Expecting value: line 1 column 1 (char 0),,
qwen3.5:9b,에어호스(자동카플링포함),error,SDS드릴비트,"SDS드릴비트, 에어타카, 전자산업용니퍼, 에어컴프레서, 전지가위",Expecting value: line 1 column 1 (char 0),,
qwen3.5:9b,에어호스7.5m,error,전자산업용니퍼,"전자산업용니퍼, 고속절단기, SDS드릴비트, 전동공구세트, 정밀드라이버세트",Expecting value: line 1 column 1 (char 0),,
qwen3.5:9b,에코링크,error,돌망치,"돌망치, 장도리, 빠루망치, 카운터싱크, 에어건",Expecting value: line 1 column 1 (char 0),,
qwen3.5:9b,엑셀가위,error,편구스패너,"편구스패너, 소켓렌치세트, 스패너세트, 장도리, 볼렌치세트",Expecting value: line 1 column 1 (char 0),,
qwen3.5:9b,엑스본드건,error,편구스패너,"편구스패너, 전선릴, 스크레퍼, 와이어스트리퍼, 타일컷터",Expecting value: line 1 column 1 (char 0),,
qwen3.5:9b,엔진용품,error,드라이버세트,"드라이버세트, 정밀드라이버세트, 드라이버, 철공용드릴비트, 목공용드릴비트",Expecting value: line 1 column 1 (char 0),,
qwen3.5:9b,엘렌치,error,옵셋렌치,"옵셋렌치, 플라이어, 렌치, 플라이어렌치, 전동드라이버",Expecting value: line 1 column 1 (char 0),,
qwen3.5:9b,여행용캐리어(20L),error,고속절단기,"고속절단기, 전지가위, 전동공구세트, 정밀드라이버세트, SDS드릴비트",Expecting value: line 1 column 1 (char 0),,
qwen3.5:9b,여행용캐리어(24L),error,고속절단기,"고속절단기, SDS드릴비트, 정밀드라이버세트, T핸드드라이버, 전동공구세트",Expecting value: line 1 column 1 (char 0),,
qwen3.5:9b,연마석(60방),error,수평기,"수평기, 만능렌치, 전동공구세트, 고속절단기, 전지가위",Expecting value: line 1 column 1 (char 0),,
qwen3.5:9b,연마석(A타입),error,납볼망치,"납볼망치, 전지가위, 직각자, 임팩트드릴, 만능렌치",Expecting value: line 1 column 1 (char 0),,
qwen3.5:9b,연막기,error,전동압착기,"전동압착기, 그립망치, 끌세트, 전지가위, 스패너",Expecting value: line 1 column 1 (char 0),,
qwen3.5:9b,연막소독기,error,석고대패,"석고대패, 그립망치, 돌망치, 전동압착기, 절단석",Expecting value: line 1 column 1 (char 0),,
qwen3.5:9b,연장코드선,error,전지가위,"전지가위, 스패너세트, 소켓렌치세트, 납볼망치, T렌치세트",Expecting value: line 1 column 1 (char 0),,
qwen3.5:9b,열풍기,error,열풍기,"열풍기, 가스토치, 수평기, 육각렌치, 송풍기",Expecting value: line 1 column 1 (char 0),열풍기,False
qwen3.5:9b,열풍기 히팅건,error,냉동라쳇렌치,"냉동라쳇렌치, 다이아고날플라이어, 스냅링플라이어, 옵셋렌치, 플라이어렌치",Expecting value: line 1 column 1 (char 0),,
qwen3.5:9b,열풍기 히팅건(유선),error,냉동라쳇렌치,"냉동라쳇렌치, 플라이어렌치, 다이아고날플라이어, 옵셋렌치, 스냅링플라이어",Expecting value: line 1 column 1 (char 0),,
qwen3.5:9b,열풍기(히팅건),error,냉동라쳇렌치,"냉동라쳇렌치, 다이아고날플라이어, 앤드컷팅니퍼, 스냅링플라이어, 옵셋렌치",Expecting value: line 1 column 1 (char 0),,
qwen3.5:9b,열화상카메라,error,열화상카메라,"열화상카메라, 편구스패너, 전선릴, 전동타카, 타일컷터",Expecting value: line 1 column 1 (char 0),열화상카메라,False
qwen3.5:9b,예초기,error,납볼망치,"납볼망치, 그립망치, 빠루망치, 장도리, 임팩트드릴",Expecting value: line 1 column 1 (char 0),,
qwen3.5:9b,예초기 무?보호대,error,보안경,"보안경, 안전로프, 전지가위, 납볼망치, 석고대패",Expecting value: line 1 column 1 (char 0),,
qwen3.5:9b,예초기 본체,error,와이어스트리퍼,"와이어스트리퍼, 편구스패너, 타일컷터, 고무망치, 전선릴",Expecting value: line 1 column 1 (char 0),,
qwen3.5:9b,예초기 안면보호대,error,임팩트드릴,"임팩트드릴, 납볼망치, 만능렌치, 그립망치, 편구스패너",Expecting value: line 1 column 1 (char 0),,
qwen3.5:9b,예초기 엔진,error,드라이버세트,"드라이버세트, 드라이버, 정밀드라이버세트, 철공용드릴비트, 고속절단기",Expecting value: line 1 column 1 (char 0),,
qwen3.5:9b,예초기(전화문의),error,앤드컷팅니퍼,"앤드컷팅니퍼, 충전해머드릴, 옵셋렌치, 전동드라이버, 굽은노즈플라이어",Expecting value: line 1 column 1 (char 0),,
qwen3.5:9b,예초기(충전용),error,그립망치,"그립망치, 돌망치, 납볼망치, 전지가위, 임팩트드릴",Expecting value: line 1 column 1 (char 0),,
qwen3.5:9b,예초기-나일론 날,error,앤드컷팅니퍼,"앤드컷팅니퍼, 옵셋렌치, 전선릴, 와이어스트리퍼, 충전해머드릴",Expecting value: line 1 column 1 (char 0),,
qwen3.5:9b,예초기류,error,그립망치,"그립망치, 목공줄, 납볼망치, 빠루망치, 돌망치",Expecting value: line 1 column 1 (char 0),,
qwen3.5:9b,오링풀러(송곳 세트),error,소켓렌치세트,"소켓렌치세트, 편구스패너, 볼렌치세트, 스패너세트, 타일컷터",Expecting value: line 1 column 1 (char 0),,
qwen3.5:9b,오비탈샌더,error,라쳇렌치세트,"라쳇렌치세트, 옵셋렌치, 굽은노즈플라이어, 플라이어렌치, 와이어스트리퍼",Expecting value: line 1 column 1 (char 0),,
qwen3.5:9b,오토릴(버튼식) KE-BAR(1.53*20),error,정밀드라이버세트,"정밀드라이버세트, 클램프미터, 전동공구세트, 드릴비트세트, 목공용드릴비트",Expecting value: line 1 column 1 (char 0),,
qwen3.5:9b,옥스퍼드 블록,error,편구스패너,"편구스패너, 굽은노즈플라이어, 전동드라이버, 타일컷터, 쇠지렛대",Expecting value: line 1 column 1 (char 0),,
qwen3.5:9b,옥집게,error,옵셋렌치,"옵셋렌치, 스냅링플라이어, 다이아고날플라이어, 플라이어렌치, 굽은노즈플라이어",Expecting value: line 1 column 1 (char 0),,
qwen3.5:9b,온라인회의세트,error,전자산업용니퍼,"전자산업용니퍼, 테이블톱, 조합렌치세트, 센터펀치, 육각렌치세트",Expecting value: line 1 column 1 (char 0),,
qwen3.5:9b,옵세트,error,장도리,"장도리, 다이스세트, 편구스패너, 스크레퍼, 렌치",Expecting value: line 1 column 1 (char 0),,
qwen3.5:9b,옵셋트날,error,전선릴,"전선릴, 와이어스트리퍼, 편구스패너, 해머드릴, 고무망치",Expecting value: line 1 column 1 (char 0),,
qwen3.5:9b,와우스틱,error,고무망치,"고무망치, 에어건, 장도리, 빠루망치, 만능렌치",Expecting value: line 1 column 1 (char 0),,
qwen3.5:9b,와이어 로프 커터,error,타일컷터,"타일컷터, 끌세트, 목공줄, 스패너세트, 소켓렌치세트",Expecting value: line 1 column 1 (char 0),,
qwen3.5:9b,와이어 볼트 커터,error,편구스패너,"편구스패너, 타일컷터, 와이어스트리퍼, 쇠지렛대, 전선릴",Expecting value: line 1 column 1 (char 0),,
qwen3.5:9b,와이어 브러쉬,error,플라이어,"플라이어, 굽은노즈플라이어, 플라이어렌치, 렌치, 핀펀치",Expecting value: line 1 column 1 (char 0),,
qwen3.5:9b,와이어 스트리퍼,error,전동드라이버,"전동드라이버, 굽은노즈플라이어, 플라이어렌치, 옵셋렌치, 와이어스트리퍼",Expecting value: line 1 column 1 (char 0),,
qwen3.5:9b,와이어 커터,error,타일컷터,"타일컷터, 편구스패너, 와이어스트리퍼, 커터, 쇠지렛대",Expecting value: line 1 column 1 (char 0),,
qwen3.5:9b,와이어니퍼,error,와이어스트리퍼,"와이어스트리퍼, 전선릴, 고무망치, 편구스패너, 스크레퍼",Expecting value: line 1 column 1 (char 0),,
qwen3.5:9b,와이어브러쉬,error,렌치,"렌치, 고무망치, 몽키렌치, 양용드라이버, 전선릴",Expecting value: line 1 column 1 (char 0),,
qwen3.5:9b,와이어스트니퍼,error,와이어스트리퍼,"와이어스트리퍼, 전선릴, 편구스패너, 라쳇렌치세트, 앤드컷팅니퍼",Expecting value: line 1 column 1 (char 0),,
qwen3.5:9b,와이어컷터,error,목공줄,"목공줄, 그립망치, 타일컷터, 빠루망치, 스패너",Expecting value: line 1 column 1 (char 0),,
qwen3.5:9b,와플팬(소형),error,피스제거용비트,"피스제거용비트, 소켓렌치세트, 볼렌치세트, 에어타카, 목공줄",Expecting value: line 1 column 1 (char 0),,
qwen3.5:9b,외날톱,error,접톱,"접톱, 쇠톱, 원형톱, 전정톱, 절단석",Expecting value: line 1 column 1 (char 0),,
qwen3.5:9b,외날톱 1개,error,타일컷터,"타일컷터, 모종삽, 스패너세트, 그립망치, 만능렌치",Expecting value: line 1 column 1 (char 0),,
qwen3.5:9b,"외날톱(265mm, 300mm)",error,클램프미터,"클램프미터, 목공용드릴비트, 철공용드릴비트세트, 드릴비트세트, 전동공구세트",Expecting value: line 1 column 1 (char 0),,
qwen3.5:9b,외낫,error,장도리,"장도리, 돌망치, 에어건, 빠루망치, 타카",Expecting value: line 1 column 1 (char 0),,
qwen3.5:9b,용접기,error,직소기,"직소기, 글루스틱, T렌치세트, 손타카, 목공줄",Expecting value: line 1 column 1 (char 0),,
qwen3.5:9b,용접면,error,전선릴,"전선릴, 해머드릴, 전동드릴, 와이어스트리퍼, 고무망치",Expecting value: line 1 column 1 (char 0),,
qwen3.5:9b,우레탄 망치 2개,error,석고대패,"석고대패, 절단석, 그립망치, 임팩트드릴, 돌망치",Expecting value: line 1 column 1 (char 0),,
qwen3.5:9b,우마,error,고무망치,"고무망치, 에어건, 해머드릴, 렌치, 전동드릴",Expecting value: line 1 column 1 (char 0),,
qwen3.5:9b,우마 사다리,error,사다리,"사다리, 굽은노즈플라이어, 플라이어렌치, 전동드라이버, 옵셋렌치",Expecting value: line 1 column 1 (char 0),,
qwen3.5:9b,우산,error,에어타카,"에어타카, 수평기, 육각렌치, 에어건, 전지가위",Expecting value: line 1 column 1 (char 0),,
qwen3.5:9b,운반캐리어,error,편구스패너,"편구스패너, 전동드릴, 전동타카, 양용드라이버, 타일컷터",Expecting value: line 1 column 1 (char 0),,
qwen3.5:9b,워드캡쳐,error,SDS드릴비트,"SDS드릴비트, 스패너세트, 기어렌치세트, T렌치세트, 육각렌치세트",Expecting value: line 1 column 1 (char 0),,
qwen3.5:9b,워킹메다,error,스냅링플라이어,"스냅링플라이어, 다이아고날플라이어, 옵셋렌치, 플라이어렌치, 냉동라쳇렌치",Expecting value: line 1 column 1 (char 0),,
qwen3.5:9b,워킹메타,error,굽은노즈플라이어,"굽은노즈플라이어, 전선릴, 전동드라이버, 옵셋렌치, 플라이어렌치",Expecting value: line 1 column 1 (char 0),,
qwen3.5:9b,워터 펌프 플라이어,error,워터펌프플라이어,"워터펌프플라이어, 충전해머드릴, 굽은노즈플라이어, 스냅링플라이어, 옵셋렌치",Expecting value: line 1 column 1 (char 0),,
qwen3.5:9b,워터펌프 플라이어,error,워터펌프플라이어,"워터펌프플라이어, 충전해머드릴, 스냅링플라이어, 굽은노즈플라이어, 옵셋렌치",Expecting value: line 1 column 1 (char 0),,
qwen3.5:9b,워터펌프플라이어,error,워터펌프플라이어,"워터펌프플라이어, 충전해머드릴, 굽은노즈플라이어, 옵셋렌치, 플라이어렌치",Expecting value: line 1 column 1 (char 0),워터펌프플라이어,False
qwen3.5:9b,워터펌프플라이어 12인치,error,워터펌프플라이어,"워터펌프플라이어, 충전해머드릴, 고압세척기, 편구스패너, 굽은노즈플라이어",Expecting value: line 1 column 1 (char 0),,
qwen3.5:9b,워터펌프플라이어 1개,error,워터펌프플라이어,"워터펌프플라이어, 드릴비트세트, 끌세트, 에어컴프레서, 전동공구세트",Expecting value: line 1 column 1 (char 0),,
qwen3.5:9b,워터펌프플라이어(첼라),error,워터펌프플라이어,"워터펌프플라이어, 드릴비트세트, 에어컴프레서, 스프링배관청소기, 끌세트",Expecting value: line 1 column 1 (char 0),,
qwen3.5:9b,원목 바둑판,error,육각렌치,"육각렌치, 목공줄, 수평기, 스패너세트, 절단석",Expecting value: line 1 column 1 (char 0),,
qwen3.5:9b,원목 체스판,error,기어렌치세트,"기어렌치세트, T렌치세트, 소켓렌치세트, 공구세트, 전동공구세트",Expecting value: line 1 column 1 (char 0),,
qwen3.5:9b,원예가위 1개,error,납볼망치,"납볼망치, 전지가위, 만능렌치, 스패너세트, 소켓렌치세트",Expecting value: line 1 column 1 (char 0),,
qwen3.5:9b,원예공구,error,전지가위,"전지가위, 납볼망치, 육각렌치, 빠루망치, 만능렌치",Expecting value: line 1 column 1 (char 0),,
qwen3.5:9b,원예용가위1,error,편구스패너,"편구스패너, 라쳇렌치세트, 볼렌치세트, 소켓렌치세트, 와이어스트리퍼",Expecting value: line 1 column 1 (char 0),,
qwen3.5:9b,원예용가위2,error,전동공구세트,"전동공구세트, 기어렌치세트, T렌치세트, 공구세트, 공구함세트",Expecting value: line 1 column 1 (char 0),,
qwen3.5:9b,원예전지가위,error,전지가위,"전지가위, 납볼망치, 육각렌치, 소켓렌치세트, 기어렌치세트",Expecting value: line 1 column 1 (char 0),,
qwen3.5:9b,원터치 육각텐트,error,플라이어렌치,"플라이어렌치, 라쳇렌치세트, 다이아고날플라이어, 굽은노즈플라이어, 냉동라쳇렌치",Expecting value: line 1 column 1 (char 0),,
qwen3.5:9b,원터치텐트,error,타일컷터,"타일컷터, 편구스패너, 전선릴, 와이어스트리퍼, 소켓렌치세트",Expecting value: line 1 column 1 (char 0),,
qwen3.5:9b,원형 샌더기,error,쇠지렛대,"쇠지렛대, 모종삽, 스패너세트, 소켓렌치세트, 고지가위",Expecting value: line 1 column 1 (char 0),,
qwen3.5:9b,원형 톱 1개,error,기어렌치세트,"기어렌치세트, T렌치세트, 스패너세트, 조합렌치세트, 공구세트",Expecting value: line 1 column 1 (char 0),,
qwen3.5:9b,원형샌다,error,전선릴,"전선릴, 라쳇렌치세트, 편구스패너, 굽은노즈플라이어, 쇠지렛대",Expecting value: line 1 column 1 (char 0),,
qwen3.5:9b,원형샌더,error,플라이어렌치,"플라이어렌치, 굽은노즈플라이어, 라쳇렌치세트, 옵셋렌치, 전동드라이버",Expecting value: line 1 column 1 (char 0),,
qwen3.5:9b,원형센더 1개,error,소켓렌치세트,"소켓렌치세트, 편구스패너, 볼렌치세트, 스패너세트, 만능렌치",Expecting value: line 1 column 1 (char 0),,
qwen3.5:9b,원형전기톱,error,전정톱,"전정톱, 원형톱, 철공용드릴비트, 철공용드릴비트세트, 목공용접톱",Expecting value: line 1 column 1 (char 0),,
qwen3.5:9b,원형톱,error,원형톱,"원형톱, 쇠톱, 접톱, 목공줄, 절단석",Expecting value: line 1 column 1 (char 0),원형톱,False
qwen3.5:9b,원형톱(CS-7CA),error,SDS드릴비트,"SDS드릴비트, 전동공구세트, 정밀드라이버세트, 조합렌치세트, 공구함세트",Expecting value: line 1 column 1 (char 0),,
qwen3.5:9b,원형톱마끼다,error,편구스패너,"편구스패너, 타일컷터, 쇠지렛대, 와이어스트리퍼, 스크레퍼",Expecting value: line 1 column 1 (char 0),원형톱,False
qwen3.5:9b,유닉스매직기,error,공구세트,"공구세트, 전동압착기, 전동공구세트, 전지가위, T렌치세트",Expecting value: line 1 column 1 (char 0),,
qwen3.5:9b,유리창 로봇청소기,error,스프링배관청소기,"스프링배관청소기, 목공용드릴비트, 클램프미터, 정밀드라이버세트, 철공용드릴비트",Expecting value: line 1 column 1 (char 0),,
qwen3.5:9b,유리창 청소기,error,스프링배관청소기,"스프링배관청소기, 목공용드릴비트, 클램프미터, 목공줄, 철판가위",Expecting value: line 1 column 1 (char 0),,
qwen3.5:9b,유리칼,error,커터칼,"커터칼, 절단석, 목공줄, 쇠톱, 접톱",Expecting value: line 1 column 1 (char 0),,
qwen3.5:9b,유리칼 1개,error,커터칼,"커터칼, 목공줄, 절단석, 드릴비트세트, 목공용접톱",Expecting value: line 1 column 1 (char 0),,
qwen3.5:9b,유모차,error,건타카,"건타카, 타카, 돌망치, 손타카, 장도리",Expecting value: line 1 column 1 (char 0),,
qwen3.5:9b,유무선 드릴,error,해머드릴,"해머드릴, 임팩트드릴, 전동드릴, 만능렌치, 빠루망치",Expecting value: line 1 column 1 (char 0),,
qwen3.5:9b,유선 그라인더,error,바이스그립플라이어,"바이스그립플라이어, 냉동라쳇렌치, 앵글그라인더, 다이아고날플라이어, 스냅링플라이어",Expecting value: line 1 column 1 (char 0),,
qwen3.5:9b,유선 그라인더(100m/4인치),error,클램프미터,"클램프미터, 고속절단기, 전동공구세트, 육각렌치세트, 공구세트",Expecting value: line 1 column 1 (char 0),,
qwen3.5:9b,유선 다용도 톱(직소기),error,드릴비트세트,"드릴비트세트, 스패너세트, 목공줄, 기어렌치세트, 절단석",Expecting value: line 1 column 1 (char 0),,
qwen3.5:9b,유선 드릴,error,해머드릴,"해머드릴, 임팩트드릴, 만능렌치, 빠루망치, 전동드릴",Expecting value: line 1 column 1 (char 0),,
qwen3.5:9b,유선 디스크 그라인더,error,바이스그립플라이어,"바이스그립플라이어, 버니어캘리퍼스, 냉동라쳇렌치, 다이아고날플라이어, 앵글그라인더",Expecting value: line 1 column 1 (char 0),,
qwen3.5:9b,유선 디스크 그라인더,error,바이스그립플라이어,"바이스그립플라이어, 버니어캘리퍼스, 냉동라쳇렌치, 다이아고날플라이어, 앵글그라인더",Expecting value: line 1 column 1 (char 0),,
qwen3.5:9b,유선 전기톱,error,철공용드릴비트,"철공용드릴비트, 목공용드릴비트, 드릴비트세트, 철공용드릴비트세트, 다림추",Expecting value: line 1 column 1 (char 0),,
qwen3.5:9b,유선 전동 드릴,error,임팩트드릴,"임팩트드릴, 전동드릴, 만능렌치, 전지가위, 드릴비트",Expecting value: line 1 column 1 (char 0),,
qwen3.5:9b,유선 전동드릴,error,전동드릴,"전동드릴, 임팩트드릴, 만능렌치, 해머드릴, 전지가위",Expecting value: line 1 column 1 (char 0),전동드릴,False
qwen3.5:9b,유선 직쏘,error,만능렌치,"만능렌치, 빠루망치, 편구스패너, 타일컷터, 고무망치",Expecting value: line 1 column 1 (char 0),,
qwen3.5:9b,유선 컷쏘,error,빠루망치,"빠루망치, 만능렌치, 해머드릴, 그립망치, 에어건",Expecting value: line 1 column 1 (char 0),,
qwen3.5:9b,유선 해머드릴,error,해머드릴,"해머드릴, 전동드릴, 만능렌치, 임팩트드릴, 고무망치",Expecting value: line 1 column 1 (char 0),,
qwen3.5:9b,유선(햄머)전동드릴,error,해머드릴,"해머드릴, 전동드릴, 목공줄, 드릴비트, 임팩트드릴",Expecting value: line 1 column 1 (char 0),,
qwen3.5:9b,유선/글루건,error,만능렌치,"만능렌치, 빠루망치, 납볼망치, 임팩트드릴, 전지가위",Expecting value: line 1 column 1 (char 0),,
qwen3.5:9b,유선/전동그라인더,error,냉동라쳇렌치,"냉동라쳇렌치, 바이스그립플라이어, 다이아고날플라이어, 앵글그라인더, 버니어캘리퍼스",Expecting value: line 1 column 1 (char 0),,
qwen3.5:9b,유선/전동드릴,error,충전드릴,"충전드릴, 전동공구세트, 고속절단기, 임팩트드릴, 드릴비트",Expecting value: line 1 column 1 (char 0),,
qwen3.5:9b,유선/전동드릴세트(수공구세트 포함),error,철공용드릴비트세트,"철공용드릴비트세트, 철공용드릴비트, 목공용드릴비트, 정밀드라이버세트, 공구함세트",Expecting value: line 1 column 1 (char 0),,
qwen3.5:9b,유선/전동일자톱,error,와이어스트리퍼,"와이어스트리퍼, 타일컷터, 편구스패너, 전동드릴, 해머드릴",Expecting value: line 1 column 1 (char 0),,
qwen3.5:9b,유선그라인더,error,냉동라쳇렌치,"냉동라쳇렌치, 다이아고날플라이어, 바이스그립플라이어, 앵글그라인더, 스냅링플라이어",Expecting value: line 1 column 1 (char 0),,
qwen3.5:9b,유선드라이버드릴,error,해머드릴,"해머드릴, 전동드릴, 임팩트드릴, 만능렌치, 빠루망치",Expecting value: line 1 column 1 (char 0),,
qwen3.5:9b,유선드릴,error,해머드릴,"해머드릴, 임팩트드릴, 만능렌치, 전동드릴, 빠루망치",Expecting value: line 1 column 1 (char 0),,
qwen3.5:9b,유선드릴,error,해머드릴,"해머드릴, 임팩트드릴, 만능렌치, 전동드릴, 빠루망치",Expecting value: line 1 column 1 (char 0),,
qwen3.5:9b,유선드릴(대형),error,옵셋렌치,"옵셋렌치, 앤드컷팅니퍼, 충전해머드릴, 라쳇렌치세트, 굽은노즈플라이어",Expecting value: line 1 column 1 (char 0),,
qwen3.5:9b,유선임팩트드릴,error,임팩트드릴,"임팩트드릴, 납볼망치, 만능렌치, 해머드릴, 전지가위",Expecting value: line 1 column 1 (char 0),,
qwen3.5:9b,유선임팩트드릴(구형),error,SDS드릴비트,"SDS드릴비트, 정밀드라이버세트, 전지가위, 전동공구세트, 전동압착기",Expecting value: line 1 column 1 (char 0),,
qwen3.5:9b,유선전기드릴,error,충전드릴,"충전드릴, 전기인두, 배터리팩, 드릴비트, 임팩트드릴",Expecting value: line 1 column 1 (char 0),,
qwen3.5:9b,유선전동드릴,error,임팩트드릴,"임팩트드릴, 충전드릴, 전동드릴, 만능렌치, 드릴비트",Expecting value: line 1 column 1 (char 0),전동드릴,False
qwen3.5:9b,유선전동드릴,error,임팩트드릴,"임팩트드릴, 충전드릴, 전동드릴, 만능렌치, 드릴비트",Expecting value: line 1 column 1 (char 0),전동드릴,False
qwen3.5:9b,유선전동드릴부속품,error,철공용드릴비트,"철공용드릴비트, 목공용드릴비트, 드릴비트세트, 철공용드릴비트세트, 전동공구세트",Expecting value: line 1 column 1 (char 0),,
qwen3.5:9b,유선컷소,error,돌망치,"돌망치, 커터, 만능렌치, 빠루망치, 그립망치",Expecting value: line 1 column 1 (char 0),,
qwen3.5:9b,유선컷쏘,error,고무망치,"고무망치, 빠루망치, 커터, 해머드릴, 전동드릴",Expecting value: line 1 column 1 (char 0),,
qwen3.5:9b,유선햄머전동드릴,error,해머드릴,"해머드릴, 전동드릴, 타일컷터, 와이어스트리퍼, 만능렌치",Expecting value: line 1 column 1 (char 0),,
qwen3.5:9b,유선햄머전동드릴/로터리 해머드릴,error,충전해머드릴,"충전해머드릴, 로터리해머드릴, 해머드릴, 전동드릴, 와이어스트리퍼",Expecting value: line 1 column 1 (char 0),,
qwen3.5:9b,"유아용 캠핑의자(여우,토끼,공룡 각 1개씩)",error,왕복톱(레시프로쏘),"왕복톱(레시프로쏘), 원형톱, 그립망치, 목공톱, 목공줄",Expecting value: line 1 column 1 (char 0),,
qwen3.5:9b,육각 드라이버 세트,error,드라이버세트,"드라이버세트, 정밀드라이버세트, T핸드드라이버, 드라이버, 전동공구세트",Expecting value: line 1 column 1 (char 0),,
qwen3.5:9b,육각 렌치,error,직각자,"직각자, 육각렌치, 만능렌치, 돌망치, 납볼망치",Expecting value: line 1 column 1 (char 0),,
qwen3.5:9b,육각 롱볼렌치센트(접이식),error,편구스패너,"편구스패너, 소켓렌치세트, 라쳇렌치세트, 볼렌치세트, 육각렌치",Expecting value: line 1 column 1 (char 0),,
qwen3.5:9b,육각 볼렌치,error,편구스패너,"편구스패너, 타일컷터, 와이어스트리퍼, 전선릴, 볼렌치세트",Expecting value: line 1 column 1 (char 0),,
qwen3.5:9b,육각(볼)렌치,error,만능렌치,"만능렌치, 육각렌치, 빠루망치, 목공줄, 그립망치",Expecting value: line 1 column 1 (char 0),,
qwen3.5:9b,육각드릴세트,error,드릴비트세트,"드릴비트세트, 목공용드릴비트, 공구세트, 공구함세트, 철공용드릴비트",Expecting value: line 1 column 1 (char 0),,
qwen3.5:9b,육각렌지,error,육각렌치,"육각렌치, 장도리, 편구스패너, 타일컷터, 모종삽",Expecting value: line 1 column 1 (char 0),,
qwen3.5:9b,육각렌찌,error,육각렌치,"육각렌치, 모종삽, 직각자, 글루스틱, 소켓렌치세트",Expecting value: line 1 column 1 (char 0),,
qwen3.5:9b,육각렌츠세트,error,육각렌치세트,"육각렌치세트, 기어렌치세트, T렌치세트, 소켓렌치세트, 스패너세트",Expecting value: line 1 column 1 (char 0),,
qwen3.5:9b,육각렌치,error,육각렌치,"육각렌치, 장도리, 납볼망치, 전지가위, 직각자",Expecting value: line 1 column 1 (char 0),육각렌치,False
qwen3.5:9b,육각렌치 1개,error,육각렌치,"육각렌치, 기어렌치세트, 스패너세트, 직각자, 소켓렌치세트",Expecting value: line 1 column 1 (char 0),,
qwen3.5:9b,육각렌치 8세트,error,기어렌치세트,"기어렌치세트, 육각렌치세트, 소켓렌치세트, T렌치세트, 전동공구세트",Expecting value: line 1 column 1 (char 0),,
qwen3.5:9b,육각렌치 세트,error,육각렌치세트,"육각렌치세트, 기어렌치세트, T렌치세트, 공구함세트, 전동공구세트",Expecting value: line 1 column 1 (char 0),,
qwen3.5:9b,육각렌치(대),error,냉동라쳇렌치,"냉동라쳇렌치, 다이아고날플라이어, 바이스그립플라이어, 앵글그라인더, 옵셋렌치",Expecting value: line 1 column 1 (char 0),,
qwen3.5:9b,육각렌치(별렌치 포함),error,육각렌치,"육각렌치, 육각렌치세트, 기어렌치세트, 스패너세트, T렌치세트",Expecting value: line 1 column 1 (char 0),,
qwen3.5:9b,육각렌치(소) 1개,error,기어렌치세트,"기어렌치세트, 스패너세트, 육각렌치, 소켓렌치세트, T렌치세트",Expecting value: line 1 column 1 (char 0),,
qwen3.5:9b,육각렌치Set(15EA) 1개,error,육각렌치세트,"육각렌치세트, 기어렌치세트, 전동공구세트, T렌치세트, 조합렌치세트",Expecting value: line 1 column 1 (char 0),,
qwen3.5:9b,육각렌치링,error,육각렌치,"육각렌치, 육각렌치세트, 전지가위, 기어렌치세트, 수평기",Expecting value: line 1 column 1 (char 0),,
qwen3.5:9b,육각렌치세트,error,육각렌치세트,"육각렌치세트, 기어렌치세트, T렌치세트, 전동공구세트, 공구세트",Expecting value: line 1 column 1 (char 0),육각렌치세트,False
qwen3.5:9b,육각렌치세트(BHW-9),error,전동공구세트,"전동공구세트, 육각렌치세트, 기어렌치세트, 정밀드라이버세트, 소켓렌치세트",Expecting value: line 1 column 1 (char 0),,
qwen3.5:9b,육각렌치세트(스텐리),error,육각렌치세트,"육각렌치세트, 기어렌치세트, T렌치세트, 소켓렌치세트, 스패너세트",Expecting value: line 1 column 1 (char 0),,
qwen3.5:9b,육각렌치셋트,error,소켓렌치세트,"소켓렌치세트, 육각렌치, 스패너세트, 기어렌치세트, T렌치세트",Expecting value: line 1 column 1 (char 0),,
qwen3.5:9b,육각링렌치세트,error,기어렌치세트,"기어렌치세트, 육각렌치세트, T렌치세트, 소켓렌치세트, 스패너세트",Expecting value: line 1 column 1 (char 0),,
qwen3.5:9b,육각복수세트,error,육각렌치세트,"육각렌치세트, 공구함세트, 공구세트, 기어렌치세트, T렌치세트",Expecting value: line 1 column 1 (char 0),,
qwen3.5:9b,육각볼,error,전동압착기,"전동압착기, 송풍기, 스패너, 손타카, 석고대패",Expecting value: line 1 column 1 (char 0),,
qwen3.5:9b,육각볼렌치,error,편구스패너,"편구스패너, 타일컷터, 와이어스트리퍼, 전선릴, 볼렌치세트",Expecting value: line 1 column 1 (char 0),,
qwen3.5:9b,육각비트세트,error,육각렌치세트,"육각렌치세트, 공구함세트, 기어렌치세트, T렌치세트, 공구세트",Expecting value: line 1 column 1 (char 0),,
qwen3.5:9b,육각접랜치,error,육각렌치,"육각렌치, 육각렌치세트, 직각자, 기어렌치세트, T렌치세트",Expecting value: line 1 column 1 (char 0),,
qwen3.5:9b,육모렌치,error,장도리,"장도리, 돌망치, 빠루망치, 육각렌치, 납볼망치",Expecting value: line 1 column 1 (char 0),,
qwen3.5:9b,윤활방청제,error,전지가위,"전지가위, 전동타카, 납볼망치, 장도리, 돌망치",Expecting value: line 1 column 1 (char 0),,
qwen3.5:9b,윤활방향제,error,만능렌치,"만능렌치, 빠루망치, 편구스패너, 납볼망치, 타일컷터",Expecting value: line 1 column 1 (char 0),,
qwen3.5:9b,윤활유,error,플라이어렌치,"플라이어렌치, 옵셋렌치, 전동드라이버, 플라이어, 굽은노즈플라이어",Expecting value: line 1 column 1 (char 0),,
qwen3.5:9b,읛찌,error,렌치,"렌치, 플라이어, 핀펀치, 고무망치, 스크레퍼",Expecting value: line 1 column 1 (char 0),,
qwen3.5:9b,읛치,error,망치,"망치, 렌치, 고무망치, 에어건, 스크레퍼",Expecting value: line 1 column 1 (char 0),,
qwen3.5:9b,이단전지가위,error,전지가위,"전지가위, 전동공구세트, 전동압착기, 납볼망치, 만능렌치",Expecting value: line 1 column 1 (char 0),,
qwen3.5:9b,이동식 앰프,error,에어타카,"에어타카, 전지가위, 전자산업용니퍼, 에어컴프레서, SDS드릴비트",Expecting value: line 1 column 1 (char 0),,
qwen3.5:9b,이동식 조명등,error,LED손전등,"LED손전등, LED투광기, LED작업등, 라돈측정기, 전기인두",Expecting value: line 1 column 1 (char 0),,
qwen3.5:9b,이동식 충전 앰프,error,충전임팩트드라이버,"충전임팩트드라이버, 충전드릴, 배터리팩, 전기인두, 전자산업용니퍼",Expecting value: line 1 column 1 (char 0),,
qwen3.5:9b,이동형 공구함용 공구세트(육각렌치 세트),error,공구함세트,"공구함세트, 전동공구세트, 공구세트, 정밀드라이버세트, 육각렌치세트",Expecting value: line 1 column 1 (char 0),,
qwen3.5:9b,이동형 배경시스템,error,육각렌치세트,"육각렌치세트, 전동공구세트, 전동압착기, 정밀드라이버세트, 기어렌치세트",Expecting value: line 1 column 1 (char 0),,
qwen3.5:9b,이발기,error,모종삽,"모종삽, 절단석, 목공줄, 스패너, 돌망치",Expecting value: line 1 column 1 (char 0),,
qwen3.5:9b,이중사다리,error,A형사다리,"A형사다리, 사다리, 수평기, 다림추, 만능렌치",Expecting value: line 1 column 1 (char 0),,
qwen3.5:9b,이중실린더펌프(대) 1개,error,드릴비트세트,"드릴비트세트, 목공용드릴비트, 고속절단기, 드릴비트, 전동공구세트",Expecting value: line 1 column 1 (char 0),,
qwen3.5:9b,이지스트리퍼,error,전동드라이버,"전동드라이버, 옵셋렌치, 굽은노즈플라이어, 전선릴, 플라이어렌치",Expecting value: line 1 column 1 (char 0),,
qwen3.5:9b,인그레이버,error,전선릴,"전선릴, 와이어스트리퍼, 앤드컷팅니퍼, 전동드라이버, 스크레퍼",Expecting value: line 1 column 1 (char 0),,
qwen3.5:9b,인두,error,장도리,"장도리, 타카, 에어건, 건타카, 돌망치",Expecting value: line 1 column 1 (char 0),,
qwen3.5:9b,인두기,error,장도리,"장도리, 에어건, 돌망치, 전동타카, 고무망치",Expecting value: line 1 column 1 (char 0),전기인두,False
qwen3.5:9b,인두기(납땜기),error,드릴비트세트,"드릴비트세트, 스패너세트, 공구세트, 목공줄, 소켓렌치세트",Expecting value: line 1 column 1 (char 0),,
qwen3.5:9b,인두기(엑소),error,옵셋렌치,"옵셋렌치, 굽은노즈플라이어, 전선릴, 플라이어렌치, 라쳇렌치세트",Expecting value: line 1 column 1 (char 0),,
qwen3.5:9b,"인두보조제, 납",error,석고대패,"석고대패, 드릴비트세트, 납볼망치, 목공줄, 절단석",Expecting value: line 1 column 1 (char 0),,
qwen3.5:9b,"인두보조제,납",error,목공줄,"목공줄, 석고대패, 납볼망치, 드릴비트세트, 전지가위",Expecting value: line 1 column 1 (char 0),,
qwen3.5:9b,인두용실납,error,전지가위,"전지가위, 납볼망치, 직소기, 돌망치, 고지가위",Expecting value: line 1 column 1 (char 0),,
qwen3.5:9b,인파이프 렌치,error,파이프렌치,"파이프렌치, 볼트컷터, 드릴비트세트, 드릴비트, 철판가위",Expecting value: line 1 column 1 (char 0),,
qwen3.5:9b,일반 드릴,error,드릴비트,"드릴비트, 드릴비트세트, 공구세트, 목공줄, 전지가위",Expecting value: line 1 column 1 (char 0),,
qwen3.5:9b,일반 전선릴,error,전선릴,"전선릴, 와이어스트리퍼, 편구스패너, 전동드릴, 타일컷터",Expecting value: line 1 column 1 (char 0),,
qwen3.5:9b,일반 전선릴(30m),error,클램프미터,"클램프미터, 고속절단기, 전동공구세트, 전동압착기, 충전드릴",Expecting value: line 1 column 1 (char 0),,
qwen3.5:9b,일반공구세트,error,전동공구세트,"전동공구세트, 공구함세트, 공구세트, 기어렌치세트, 육각렌치세트",Expecting value: line 1 column 1 (char 0),,
qwen3.5:9b,일반용공구세트,error,공구함세트,"공구함세트, 전동공구세트, 공구세트, 기어렌치세트, 육각렌치세트",Expecting value: line 1 column 1 (char 0),,
qwen3.5:9b,일반톱,error,원형톱,"원형톱, 쇠톱, 돌망치, 목공줄, 전지가위",Expecting value: line 1 column 1 (char 0),,
qwen3.5:9b,일자 드라이버,error,드라이버,"드라이버, 드라이버세트, 양용드라이버, 전동드릴, 전동드라이버",Expecting value: line 1 column 1 (char 0),,
qwen3.5:9b,일자/십자 드라이버,error,드라이버세트,"드라이버세트, 로터리해머드릴, 양용드라이버, 편구스패너, 전동드릴",Expecting value: line 1 column 1 (char 0),,
qwen3.5:9b,일자가위,error,전지가위,"전지가위, 목공줄, 납볼망치, 손타카, 직각자",Expecting value: line 1 column 1 (char 0),,
qwen3.5:9b,일자겸용 충전드릴,error,충전드릴,"충전드릴, 임팩트드릴, 만능렌치, 고속절단기, 전지가위",Expecting value: line 1 column 1 (char 0),충전드릴,False
qwen3.5:9b,일자겸용충전드릴,error,해머드릴,"해머드릴, 만능렌치, 임팩트드릴, 빠루망치, 목공줄",Expecting value: line 1 column 1 (char 0),,
qwen3.5:9b,일자경용 충전드릴,error,충전드릴,"충전드릴, 충전임팩트드라이버, 고속절단기, 충전해머드릴, 임팩트드릴",Expecting value: line 1 column 1 (char 0),충전드릴,False
qwen3.5:9b,일자드라이버,error,양용드라이버,"양용드라이버, 편구스패너, 전동드릴, 와이어스트리퍼, 전동드라이버",Expecting value: line 1 column 1 (char 0),,
qwen3.5:9b,일자드라이버(대),error,냉동라쳇렌치,"냉동라쳇렌치, 앤드컷팅니퍼, 다이아고날플라이어, 전동드라이버, 옵셋렌치",Expecting value: line 1 column 1 (char 0),,
qwen3.5:9b,일자드라이버(중),error,드라이버세트,"드라이버세트, T핸드드라이버, 드라이버, 정밀드라이버세트, 핸드카트",Expecting value: line 1 column 1 (char 0),,
qwen3.5:9b,일자십자겸용드라이버,error,편구스패너,"편구스패너, 만능렌치, 전지가위, 소켓렌치세트, 스패너세트",Expecting value: line 1 column 1 (char 0),,
qwen3.5:9b,일자톱,error,원형톱,"원형톱, 쇠톱, 목공줄, 절단석, 접톱",Expecting value: line 1 column 1 (char 0),,
qwen3.5:9b,임팩 드라이버드릴,error,충전해머드릴,"충전해머드릴, 로터리해머드릴, 전동드릴, 와이어스트리퍼, 해머드릴",Expecting value: line 1 column 1 (char 0),,
qwen3.5:9b,임팩 드릴드라이버,error,충전해머드릴,"충전해머드릴, 전동드라이버, 전동드릴, 양용드라이버, 편구스패너",Expecting value: line 1 column 1 (char 0),,
qwen3.5:9b,임팩 렌치,error,냉동라쳇렌치,"냉동라쳇렌치, 다이아고날플라이어, 앤드컷팅니퍼, 바이스그립플라이어, 옵셋렌치",Expecting value: line 1 column 1 (char 0),,
qwen3.5:9b,임팩드라이버,error,양용드라이버,"양용드라이버, 편구스패너, 와이어스트리퍼, 전동드릴, 타일컷터",Expecting value: line 1 column 1 (char 0),,
qwen3.5:9b,임팩드릴,error,전동드릴,"전동드릴, 전선릴, 해머드릴, 와이어스트리퍼, 고무망치",Expecting value: line 1 column 1 (char 0),,
qwen3.5:9b,임팩드릴비트세트,error,전동공구세트,"전동공구세트, 기어렌치세트, 공구세트, 드릴비트세트, 소켓렌치세트",Expecting value: line 1 column 1 (char 0),,
qwen3.5:9b,임팩소켓 세트,error,소켓렌치세트,"소켓렌치세트, 기어렌치세트, 전동공구세트, T렌치세트, 스패너세트",Expecting value: line 1 column 1 (char 0),,
qwen3.5:9b,임팩용 철기리 콘크리트기리,error,콘크리트용드릴비트,"콘크리트용드릴비트, 콘크리트드릴비트세트, 철공용드릴비트, 콘크리트니퍼, 철공용드릴비트세트",Expecting value: line 1 column 1 (char 0),,
qwen3.5:9b,임팩전동드릴,error,전동드릴,"전동드릴, 임팩트드릴, 해머드릴, 만능렌치, 타일컷터",Expecting value: line 1 column 1 (char 0),,
qwen3.5:9b,임팩전동드릴(10),error,소켓렌치세트,"소켓렌치세트, 볼렌치세트, 와이어스트리퍼, 편구스패너, 타일컷터",Expecting value: line 1 column 1 (char 0),,
qwen3.5:9b,임팩트 드릴,error,임팩트드릴,"임팩트드릴, 납볼망치, 그립망치, 만능렌치, 빠루망치",Expecting value: line 1 column 1 (char 0),,
qwen3.5:9b,"임팩트(해머) 드릴(유선,보쉬)",error,임팩트드릴,"임팩트드릴, 만능렌치, 그립망치, 빠루망치, 납볼망치",Expecting value: line 1 column 1 (char 0),,
qwen3.5:9b,임팩트드라이버,error,임팩트드라이버,"임팩트드라이버, 임팩트드릴, 직각자, 납볼망치, 그립망치",Expecting value: line 1 column 1 (char 0),임팩트드라이버,False
qwen3.5:9b,임팩트드라이버 콤보세트,error,임팩트드라이버,"임팩트드라이버, 소켓렌치세트, 전동공구세트, 기어렌치세트, 임팩트드릴",Expecting value: line 1 column 1 (char 0),,
qwen3.5:9b,임팩트드릴,error,임팩트드릴,"임팩트드릴, 납볼망치, 그립망치, 빠루망치, 만능렌치",Expecting value: line 1 column 1 (char 0),,
qwen3.5:9b,임팩트드릴(무선),error,전동압착기,"전동압착기, 임팩트드릴, 석고대패, 전동공구세트, 드릴비트세트",Expecting value: line 1 column 1 (char 0),,
qwen3.5:9b,임팩트비트소켓세트,error,전동공구세트,"전동공구세트, 기어렌치세트, 공구함세트, 공구세트, T렌치세트",Expecting value: line 1 column 1 (char 0),,
qwen3.5:9b,임팩트전동드릴,error,임팩트드릴,"임팩트드릴, 전동공구세트, 임팩트드라이버, 전동압착기, 전지가위",Expecting value: line 1 column 1 (char 0),,
qwen3.5:9b,임펙충전드릴(1개),error,전동공구세트,"전동공구세트, 고속절단기, 기어렌치세트, 소켓렌치세트, 정밀드라이버세트",Expecting value: line 1 column 1 (char 0),,
qwen3.5:9b,임펙트드릴(무선),error,전동공구세트,"전동공구세트, 고속절단기, 전동압착기, 정밀드라이버세트, 목공용드릴비트",Expecting value: line 1 column 1 (char 0),,
qwen3.5:9b,임펙트드릴(유선),error,전동공구세트,"전동공구세트, 라돈측정기, 고속절단기, 정밀드라이버세트, 클램프미터",Expecting value: line 1 column 1 (char 0),,
qwen3.5:9b,임펙트클러치 2개,error,전동공구세트,"전동공구세트, 스패너세트, 만능렌치, 소켓렌치세트, 기어렌치세트",Expecting value: line 1 column 1 (char 0),,
qwen3.5:9b,자/측정공구,error,납볼망치,"납볼망치, 전지가위, 직각자, 만능렌치, 임팩트드릴",Expecting value: line 1 column 1 (char 0),,
qwen3.5:9b,자동센터펀치,error,센터펀치,"센터펀치, 전동압착기, 전지가위, 전동공구세트, 보안경",Expecting value: line 1 column 1 (char 0),,
qwen3.5:9b,자동스트리퍼,error,전동드릴,"전동드릴, 편구스패너, 타일컷터, 와이어스트리퍼, 전선릴",Expecting value: line 1 column 1 (char 0),,
qwen3.5:9b,자동스트립퍼 1개,error,전동공구세트,"전동공구세트, 소켓렌치세트, 스패너세트, 만능렌치, 임팩트드릴",Expecting value: line 1 column 1 (char 0),,
qwen3.5:9b,자동스패너(大),error,옵셋렌치,"옵셋렌치, 굽은노즈플라이어, 플라이어렌치, 전동드라이버, 스냅링플라이어",Expecting value: line 1 column 1 (char 0),,
qwen3.5:9b,자동스패너(小),error,굽은노즈플라이어,"굽은노즈플라이어, 전동드라이버, 플라이어렌치, 옵셋렌치, 편구스패너",Expecting value: line 1 column 1 (char 0),,
qwen3.5:9b,자동차 점프스타터,error,드라이버세트,"드라이버세트, 드라이버, 정밀드라이버세트, 고속절단기, T핸드드라이버",Expecting value: line 1 column 1 (char 0),,
qwen3.5:9b,자동차용 공구,error,드라이버세트,"드라이버세트, 전동공구세트, 공구세트, 정밀드라이버세트, 전동압착기",Expecting value: line 1 column 1 (char 0),,
qwen3.5:9b,자동차용 공구세트,error,정밀드라이버세트,"정밀드라이버세트, 전동공구세트, 공구세트, 공구함세트, 드라이버세트",Expecting value: line 1 column 1 (char 0),,
qwen3.5:9b,자동차점프선,error,드라이버세트,"드라이버세트, 전지가위, 핸드카트, 정밀드라이버세트, 철판가위",Expecting value: line 1 column 1 (char 0),,
qwen3.5:9b,자동차정비용 공구세트,error,정밀드라이버세트,"정밀드라이버세트, 드라이버세트, 전동공구세트, 공구함세트, 공구세트",Expecting value: line 1 column 1 (char 0),,
qwen3.5:9b,자동토치,error,전동압착기,"전동압착기, 그립망치, 직각자, 만능렌치, 임팩트드릴",Expecting value: line 1 column 1 (char 0),,
qwen3.5:9b,자물쇠절단기,error,목공용드릴비트,"목공용드릴비트, 목공줄, 고속절단기, 공구세트, 드릴비트세트",Expecting value: line 1 column 1 (char 0),,
qwen3.5:9b,자석 수평자,error,만능렌치,"만능렌치, 직각자, 빠루망치, 그립망치, 납볼망치",Expecting value: line 1 column 1 (char 0),,
qwen3.5:9b,자석밴드,error,송풍기,"송풍기, 강력니퍼, 전동타카, 줄자, 양용드라이버",Expecting value: line 1 column 1 (char 0),,
qwen3.5:9b,자석수평,error,납볼망치,"납볼망치, 그립망치, 돌망치, 전지가위, 손타카",Expecting value: line 1 column 1 (char 0),수평기,False
qwen3.5:9b,자석수평-450MM,error,클램프미터,"클램프미터, 철공용드릴비트, 철공용드릴비트세트, 고속절단기, 라돈측정기",Expecting value: line 1 column 1 (char 0),,
qwen3.5:9b,자석수평계,error,전지가위,"전지가위, 납볼망치, 수평기, 직각자, 전동압착기",Expecting value: line 1 column 1 (char 0),,
qwen3.5:9b,자석줄자,error,전선릴,"전선릴, 전동드릴, 편구스패너, 와이어스트리퍼, 해머드릴",Expecting value: line 1 column 1 (char 0),,
qwen3.5:9b,자야 공구세트,error,만능렌치,"만능렌치, 편구스패너, 해머드릴, 전동드릴, 스패너세트",Expecting value: line 1 column 1 (char 0),,
qwen3.5:9b,자야 해머충전드릴,error,해머드릴,"해머드릴, 전동드릴, 임팩트드릴, 만능렌치, 고무망치",Expecting value: line 1 column 1 (char 0),,
qwen3.5:9b,자야공구세트,error,전동공구세트,"전동공구세트, 기어렌치세트, 공구세트, 스패너세트, T렌치세트",Expecting value: line 1 column 1 (char 0),,
qwen3.5:9b,자전거 공구세트,error,자전거펌프,"자전거펌프, 정밀드라이버세트, T핸드드라이버, 공구세트, 공구함세트",Expecting value: line 1 column 1 (char 0),,
qwen3.5:9b,자전거 공구세트(몇 개 파트 분실-사진 참고),error,정밀드라이버세트,"정밀드라이버세트, 육각렌치세트, 공구함세트, 전동공구세트, 공구세트",Expecting value: line 1 column 1 (char 0),,
qwen3.5:9b,자전거 공기주입기,error,자전거펌프,"자전거펌프, T핸드드라이버, 고속절단기, 정밀드라이버세트, 전동공구세트",Expecting value: line 1 column 1 (char 0),,
qwen3.5:9b,자전거 관리공구세트,error,자전거펌프,"자전거펌프, 정밀드라이버세트, T핸드드라이버, 공구함세트, 드라이버세트",Expecting value: line 1 column 1 (char 0),,
qwen3.5:9b,자전거 쌍발펌프(공기주입),error,자전거펌프,"자전거펌프, 철공용드릴비트, 에어펌프, 목공용드릴비트, 고속절단기",Expecting value: line 1 column 1 (char 0),,
qwen3.5:9b,자전거 에어 펌프,error,자전거펌프,"자전거펌프, 에어펌프, 철공용드릴비트, 철판가위, 정밀드라이버세트",Expecting value: line 1 column 1 (char 0),,
qwen3.5:9b,자전거 점프,error,점프케이블,"점프케이블, 자전거펌프, 다림추, 수평기, T핸드드라이버",Expecting value: line 1 column 1 (char 0),,
qwen3.5:9b,자전거 정비용 공구세트,error,자전거펌프,"자전거펌프, 정밀드라이버세트, 공구함세트, 육각렌치세트, 철공용드릴비트세트",Expecting value: line 1 column 1 (char 0),,
qwen3.5:9b,자전거 펌프,error,자전거펌프,"자전거펌프, 에어펌프, 철공용드릴비트, 철판가위, 정밀드라이버세트",Expecting value: line 1 column 1 (char 0),자전거펌프,False
qwen3.5:9b,자전거공구,error,자전거펌프,"자전거펌프, T핸드드라이버, 핸드카트, 다림추, 정밀드라이버세트",Expecting value: line 1 column 1 (char 0),,
qwen3.5:9b,자전거공구세트,error,자전거펌프,"자전거펌프, 정밀드라이버세트, T핸드드라이버, 육각렌치세트, 핸드카트",Expecting value: line 1 column 1 (char 0),,
qwen3.5:9b,자전거공기주입기,error,T핸드드라이버,"T핸드드라이버, 고속절단기, 전동공구세트, 정밀드라이버세트, 공구세트",Expecting value: line 1 column 1 (char 0),,
qwen3.5:9b,자전거공기펌프,error,자전거펌프,"자전거펌프, 에어펌프, 철공용드릴비트, 목공용드릴비트, T핸드드라이버",Expecting value: line 1 column 1 (char 0),,
qwen3.5:9b,자전거관리 공구세트,error,자전거펌프,"자전거펌프, 정밀드라이버세트, T핸드드라이버, 공구함세트, 육각렌치세트",Expecting value: line 1 column 1 (char 0),,
qwen3.5:9b,자전거관리공구세트,error,자전거펌프,"자전거펌프, 정밀드라이버세트, T핸드드라이버, 육각렌치세트, 공구함세트",Expecting value: line 1 column 1 (char 0),,
qwen3.5:9b,자전거펌프,error,자전거펌프,"자전거펌프, 에어펌프, T핸드드라이버, 정밀드라이버세트, 철공용드릴비트",Expecting value: line 1 column 1 (char 0),자전거펌프,False
qwen3.5:9b,작업대 3개,error,공구세트,"공구세트, 전동공구세트, 스패너세트, 기어렌치세트, 소켓렌치세트",Expecting value: line 1 column 1 (char 0),,
qwen3.5:9b,작업등,error,전지가위,"전지가위, 납볼망치, 만능렌치, 장도리, 빠루망치",Expecting value: line 1 column 1 (char 0),,
qwen3.5:9b,작업등(충전),error,전지가위,"전지가위, 납볼망치, 공구세트, 전동압착기, 목공줄",Expecting value: line 1 column 1 (char 0),,
qwen3.5:9b,작업렌턴,error,카운터싱크,"카운터싱크, 납볼망치, 커터, 전지가위, 빠루망치",Expecting value: line 1 column 1 (char 0),,
qwen3.5:9b,작업선,error,전지가위,"전지가위, 공구세트, 손타카, 전동압착기, 목공줄",Expecting value: line 1 column 1 (char 0),,
qwen3.5:9b,작업연장선 28m,error,클램프미터,"클램프미터, 철공용드릴비트, 철판가위, 고속절단기, 철공용드릴비트세트",Expecting value: line 1 column 1 (char 0),,
qwen3.5:9b,작업용LED,error,공구함세트,"공구함세트, 공구세트, 직소기, 전동압착기, 정밀드라이버세트",Expecting value: line 1 column 1 (char 0),,
qwen3.5:9b,작은 사다리(2단/3단),error,A형사다리,"A형사다리, 사다리, 다림추, 철판가위, 육각렌치세트",Expecting value: line 1 column 1 (char 0),,
qwen3.5:9b,작은 줄자,error,드릴비트,"드릴비트, 목공줄, 절단석, 줄자, 손타카",Expecting value: line 1 column 1 (char 0),,
qwen3.5:9b,작은톱,error,원형톱,"원형톱, 쇠톱, 접톱, 절단석, 손타카",Expecting value: line 1 column 1 (char 0),,
qwen3.5:9b,잡톱(대) 1개,error,편구스패너,"편구스패너, 쇠지렛대, 타일컷터, 전선릴, 스크레퍼",Expecting value: line 1 column 1 (char 0),,
qwen3.5:9b,장갑 1타스,error,안전장갑,"안전장갑, 공구세트, 드릴비트세트, 전동공구세트, 드릴비트",Expecting value: line 1 column 1 (char 0),,
qwen3.5:9b,장대 감따개,error,절단석,"절단석, 목공줄, 그립망치, 빠루망치, 만능렌치",Expecting value: line 1 column 1 (char 0),,
qwen3.5:9b,장도리,error,장도리,"장도리, 돌망치, 빠루망치, 납볼망치, 다이스세트",Expecting value: line 1 column 1 (char 0),장도리,False
qwen3.5:9b,장도리 450g,error,클램프미터,"클램프미터, 고속절단기, 전동공구세트, 정밀드라이버세트, 공구세트",Expecting value: line 1 column 1 (char 0),,
qwen3.5:9b,장도리(망치),error,그립망치,"그립망치, 빠루망치, 만능렌치, 납볼망치, 돌망치",Expecting value: line 1 column 1 (char 0),,
qwen3.5:9b,장도리망치,error,납볼망치,"납볼망치, 돌망치, 그립망치, 빠루망치, 직각자",Expecting value: line 1 column 1 (char 0),,
qwen3.5:9b,장바구니,error,전선릴,"전선릴, 전동타카, 렌치, 고무망치, 플라이어",Expecting value: line 1 column 1 (char 0),,
qwen3.5:9b,장바구니 캐리어,error,냉동라쳇렌치,"냉동라쳇렌치, 다이아고날플라이어, 옵셋렌치, 스냅링플라이어, 앵글그라인더",Expecting value: line 1 column 1 (char 0),,
qwen3.5:9b,저소음컴프레셔(1마력),error,충전해머드릴,"충전해머드릴, 전선릴, 편구스패너, 만능렌치, 쇠지렛대",Expecting value: line 1 column 1 (char 0),,
qwen3.5:9b,저울,error,전선릴,"전선릴, 커터, 고무망치, 장도리, 전동드릴",Expecting value: line 1 column 1 (char 0),,
qwen3.5:9b,저주파 마사지기,error,와이어스트리퍼,"와이어스트리퍼, 전선릴, 편구스패너, 타일컷터, 쇠지렛대",Expecting value: line 1 column 1 (char 0),,
qwen3.5:9b,적외선 온도 측정기,error,적외선온도계,"적외선온도계, 라돈측정기, 클램프미터, 고속절단기, 육각렌치세트",Expecting value: line 1 column 1 (char 0),,
qwen3.5:9b,적외선 온도계,error,적외선온도계,"적외선온도계, 라돈측정기, 고속절단기, 별렌치세트, 직소기",Expecting value: line 1 column 1 (char 0),,
qwen3.5:9b,적외선 온도계,error,적외선온도계,"적외선온도계, 라돈측정기, 고속절단기, 별렌치세트, 직소기",Expecting value: line 1 column 1 (char 0),,
qwen3.5:9b,적외선 체온계,error,적외선온도계,"적외선온도계, 라돈측정기, 고속절단기, 별렌치세트, 육각렌치세트",Expecting value: line 1 column 1 (char 0),,
qwen3.5:9b,전공 드라이버,error,드라이버세트,"드라이버세트, 양용드라이버, 드라이버, 전동드라이버, 충전해머드릴",Expecting value: line 1 column 1 (char 0),,
qwen3.5:9b,전공드라이버,error,양용드라이버,"양용드라이버, 편구스패너, 와이어스트리퍼, 스크레퍼, 전동드라이버",Expecting value: line 1 column 1 (char 0),,
qwen3.5:9b,전공드라이버 4개,error,전동공구세트,"전동공구세트, 공구세트, 정밀드라이버세트, 기어렌치세트, 스패너세트",Expecting value: line 1 column 1 (char 0),,
qwen3.5:9b,"전공드라이버(+,-)",error,전동공구세트,"전동공구세트, 정밀드라이버세트, 스패너세트, 전동압착기, 소켓렌치세트",Expecting value: line 1 column 1 (char 0),,
qwen3.5:9b,전공드라이버(롱),error,고속절단기,"고속절단기, 정밀드라이버세트, 전동압착기, 전동공구세트, 전지가위",Expecting value: line 1 column 1 (char 0),,
qwen3.5:9b,전공드라이버(숏),error,전동공구세트,"전동공구세트, 스패너세트, 정밀드라이버세트, 공구세트, 수평기",Expecting value: line 1 column 1 (char 0),,
qwen3.5:9b,전공양용 드라이버,error,드라이버세트,"드라이버세트, 드라이버, T핸드드라이버, 정밀드라이버세트, 안전로프",Expecting value: line 1 column 1 (char 0),,
qwen3.5:9b,전공양용드라이버,error,드라이버세트,"드라이버세트, 전동공구세트, 정밀드라이버세트, 전동압착기, T핸드드라이버",Expecting value: line 1 column 1 (char 0),,
qwen3.5:9b,전공절연드라이버,error,타일컷터,"타일컷터, 편구스패너, 양용드라이버, 와이어스트리퍼, 끌세트",Expecting value: line 1 column 1 (char 0),,
qwen3.5:9b,전기 그라인더,error,충전해머드릴,"충전해머드릴, 전동드라이버, 굽은노즈플라이어, 라쳇렌치세트, 옵셋렌치",Expecting value: line 1 column 1 (char 0),,
qwen3.5:9b,전기 납땜인두기,error,충전해머드릴,"충전해머드릴, 타일컷터, 쇠지렛대, 편구스패너, 와이어스트리퍼",Expecting value: line 1 column 1 (char 0),,
qwen3.5:9b,전기 드라이버,error,전기인두,"전기인두, 충전임팩트드라이버, 드라이버세트, 드라이버, 배터리팩",Expecting value: line 1 column 1 (char 0),,
qwen3.5:9b,전기 리드선,error,전기인두,"전기인두, 충전임팩트드라이버, 철공용드릴비트, 케이블컷터, 충전드릴",Expecting value: line 1 column 1 (char 0),,
qwen3.5:9b,전기 릴선,error,전기인두,"전기인두, 전동공구세트, 전동압착기, 충전드릴, 고속절단기",Expecting value: line 1 column 1 (char 0),,
qwen3.5:9b,전기 샌더,error,전기인두,"전기인두, 충전드릴, 충전임팩트드라이버, 철공용드릴비트, 고속절단기",Expecting value: line 1 column 1 (char 0),,
qwen3.5:9b,전기 인두,error,전기인두,"전기인두, 충전드릴, 충전임팩트드라이버, 전동압착기, 고속절단기",Expecting value: line 1 column 1 (char 0),,
qwen3.5:9b,전기 인두기,error,전기인두,"전기인두, 충전드릴, 충전임팩트드라이버, 고속절단기, 전동압착기",Expecting value: line 1 column 1 (char 0),,
qwen3.5:9b,전기 인두기 세트,error,전기인두,"전기인두, 철공용드릴비트, 충전임팩트드라이버, 철공용드릴비트세트, 목공용드릴비트",Expecting value: line 1 column 1 (char 0),,
qwen3.5:9b,전기 체인톱,error,전기인두,"전기인두, 케이블컷터, 철공용드릴비트, 충전임팩트드라이버, 목공용드릴비트",Expecting value: line 1 column 1 (char 0),,
qwen3.5:9b,전기 타카,error,전기인두,"전기인두, 충전임팩트드라이버, 철공용드릴비트, 전자산업용니퍼, 배터리팩",Expecting value: line 1 column 1 (char 0),,
qwen3.5:9b,전기 테스터기,error,전기인두,"전기인두, 충전임팩트드라이버, 배터리팩, 철공용드릴비트, 전자산업용니퍼",Expecting value: line 1 column 1 (char 0),,
qwen3.5:9b,전기 해머드릴(16MM),error,철공용드릴비트,"철공용드릴비트, 전기인두, 충전임팩트드라이버, 클램프미터, 목공용드릴비트",Expecting value: line 1 column 1 (char 0),,
qwen3.5:9b,전기 해머드릴세트,error,철공용드릴비트,"철공용드릴비트, 목공용드릴비트, 전기인두, 철공용드릴비트세트, 전동공구세트",Expecting value: line 1 column 1 (char 0),,
qwen3.5:9b,전기검정기,error,전기인두,"전기인두, 고속절단기, 철공용드릴비트, 충전임팩트드라이버, 전동압착기",Expecting value: line 1 column 1 (char 0),,
qwen3.5:9b,전기고속 절단기,error,전기인두,"전기인두, 철공용드릴비트, 고속절단기, 목공용드릴비트, 전동압착기",Expecting value: line 1 column 1 (char 0),,
qwen3.5:9b,전기그라인더,error,전기인두,"전기인두, 충전해머드릴, 끌세트, 전동드릴, 충전드릴",Expecting value: line 1 column 1 (char 0),,
qwen3.5:9b,전기그라인더(절단기),error,전기인두,"전기인두, 충전해머드릴, 끌세트, 전동공구세트, 충전드릴",Expecting value: line 1 column 1 (char 0),,
qwen3.5:9b,전기납땜,error,철공용드릴비트,"철공용드릴비트, 전기인두, 목공용드릴비트, 철공용드릴비트세트, 드릴비트세트",Expecting value: line 1 column 1 (char 0),,
qwen3.5:9b,전기납땜 인두기,error,충전해머드릴,"충전해머드릴, 타일컷터, 편구스패너, 끌세트, 와이어스트리퍼",Expecting value: line 1 column 1 (char 0),,
qwen3.5:9b,전기닐선,error,전기인두,"전기인두, 철공용드릴비트, 전자산업용니퍼, 충전드릴, 배터리팩",Expecting value: line 1 column 1 (char 0),,
qwen3.5:9b,전기닐선1개,error,전기인두,"전기인두, 철공용드릴비트, 전동공구세트, 공구세트, 드릴비트세트",Expecting value: line 1 column 1 (char 0),,
qwen3.5:9b,전기대패,error,전기인두,"전기인두, 충전임팩트드라이버, 충전드릴, 배터리팩, 철공용드릴비트",Expecting value: line 1 column 1 (char 0),,
qwen3.5:9b,전기대패1개,error,전기인두,"전기인두, 충전드릴, 전동압착기, 고속절단기, 전동공구세트",Expecting value: line 1 column 1 (char 0),,
qwen3.5:9b,전기드라이버,error,전기인두,"전기인두, 충전임팩트드라이버, 배터리팩, 충전드릴, 철공용드릴비트",Expecting value: line 1 column 1 (char 0),,
qwen3.5:9b,전기드릴,error,전기인두,"전기인두, 철공용드릴비트, 충전드릴, 충전임팩트드라이버, 목공용드릴비트",Expecting value: line 1 column 1 (char 0),전동드릴,False
qwen3.5:9b,전기드릴 / 비트 SET,error,철공용드릴비트,"철공용드릴비트, 전기인두, 철공용드릴비트세트, 목공용드릴비트, 충전임팩트드라이버",Expecting value: line 1 column 1 (char 0),,
qwen3.5:9b,전기드릴 1개,error,전기인두,"전기인두, 철공용드릴비트, 목공용드릴비트, 충전드릴, 드릴비트세트",Expecting value: line 1 column 1 (char 0),,
qwen3.5:9b,전기드릴 부속,error,전기인두,"전기인두, 철공용드릴비트, 목공용드릴비트, 드릴비트세트, 충전드릴",Expecting value: line 1 column 1 (char 0),,
qwen3.5:9b,전기드릴 비트,error,전기인두,"전기인두, 철공용드릴비트, 목공용드릴비트, 철공용드릴비트세트, 충전임팩트드라이버",Expecting value: line 1 column 1 (char 0),,
qwen3.5:9b,전기드릴 비트세트,error,철공용드릴비트,"철공용드릴비트, 전기인두, 철공용드릴비트세트, 목공용드릴비트, 드릴비트세트",Expecting value: line 1 column 1 (char 0),,
qwen3.5:9b,전기드릴(기리세트 별도),error,전기인두,"전기인두, 철공용드릴비트, 목공용드릴비트, 드릴비트세트, 전동공구세트",Expecting value: line 1 column 1 (char 0),,
qwen3.5:9b,전기드릴(무선),error,전기인두,"전기인두, 철공용드릴비트, 충전임팩트드라이버, 목공용드릴비트, 케이블컷터",Expecting value: line 1 column 1 (char 0),,
qwen3.5:9b,전기드릴(유선),error,전기인두,"전기인두, 철공용드릴비트, 충전임팩트드라이버, 케이블컷터, 목공용드릴비트",Expecting value: line 1 column 1 (char 0),전동드릴,False
qwen3.5:9b,전기드릴(해머드릴),error,전기인두,"전기인두, 충전해머드릴, 충전드릴, 워터펌프플라이어, 철공용드릴비트",Expecting value: line 1 column 1 (char 0),,
qwen3.5:9b,"전기드릴/비트 SET (예약시 전화주세요 02-2241-5084) 2박3일 2,000원",error,충전해머드릴,"충전해머드릴, 로터리해머드릴, 와이어스트리퍼, 전동드릴, 소켓렌치세트",Expecting value: line 1 column 1 (char 0),,
qwen3.5:9b,전기드릴2,error,전기인두,"전기인두, 철공용드릴비트, 충전임팩트드라이버, 목공용드릴비트, 충전드릴",Expecting value: line 1 column 1 (char 0),,
qwen3.5:9b,전기드릴3개,error,전기인두,"전기인두, 철공용드릴비트, 목공용드릴비트, 철공용드릴비트세트, 드릴비트세트",Expecting value: line 1 column 1 (char 0),,
qwen3.5:9b,전기드릴드라이버 3개,error,전기인두,"전기인두, 철공용드릴비트, 목공용드릴비트, 철공용드릴비트세트, 충전임팩트드라이버",Expecting value: line 1 column 1 (char 0),,
qwen3.5:9b,전기드릴비트,error,전기인두,"전기인두, 철공용드릴비트, 목공용드릴비트, 충전임팩트드라이버, 충전드릴",Expecting value: line 1 column 1 (char 0),,
qwen3.5:9b,전기디스크 그라인더,error,충전해머드릴,"충전해머드릴, 로터리해머드릴, 버니어캘리퍼스, 전동드라이버, 굽은노즈플라이어",Expecting value: line 1 column 1 (char 0),,
qwen3.5:9b,전기디스크그라인더,error,충전해머드릴,"충전해머드릴, 로터리해머드릴, 전동드라이버, 굽은노즈플라이어, 편구스패너",Expecting value: line 1 column 1 (char 0),,
qwen3.5:9b,전기릴,error,전기인두,"전기인두, 충전드릴, 만능렌치, 끌세트, 에어컴프레서",Expecting value: line 1 column 1 (char 0),,
qwen3.5:9b,전기릴선,error,전기인두,"전기인두, 전동공구세트, 전동압착기, 충전드릴, 고속절단기",Expecting value: line 1 column 1 (char 0),전선릴,False
qwen3.5:9b,전기릴선,error,전기인두,"전기인두, 전동공구세트, 전동압착기, 충전드릴, 고속절단기",Expecting value: line 1 column 1 (char 0),전선릴,False
qwen3.5:9b,전기릴선  30m,error,전기인두,"전기인두, 클램프미터, 철공용드릴비트, 충전임팩트드라이버, 고속절단기",Expecting value: line 1 column 1 (char 0),,
qwen3.5:9b,전기릴선(20m),error,전기인두,"전기인두, 클램프미터, 철공용드릴비트, 충전임팩트드라이버, 고속절단기",Expecting value: line 1 column 1 (char 0),,
qwen3.5:9b,전기릴선(30M),error,전기인두,"전기인두, 충전임팩트드라이버, 클램프미터, 철공용드릴비트, 케이블컷터",Expecting value: line 1 column 1 (char 0),,
qwen3.5:9b,전기릴선(30m),error,전기인두,"전기인두, 충전임팩트드라이버, 클램프미터, 고속절단기, 철공용드릴비트",Expecting value: line 1 column 1 (char 0),,
qwen3.5:9b,전기릴선(50m),error,전기인두,"전기인두, 철공용드릴비트, 클램프미터, 충전임팩트드라이버, 고속절단기",Expecting value: line 1 column 1 (char 0),,
qwen3.5:9b,전기릴선30M,error,전기인두,"전기인두, 충전임팩트드라이버, 클램프미터, 배터리팩, 고속절단기",Expecting value: line 1 column 1 (char 0),,
qwen3.5:9b,전기물통포트,error,에어펌프,"에어펌프, 전기인두, 케이블컷터, 충전임팩트드라이버, 철공용드릴비트",Expecting value: line 1 column 1 (char 0),,
qwen3.5:9b,전기변속지그톱,error,끌세트,"끌세트, 드릴비트세트, 스패너세트, 드릴비트, 전기인두",Expecting value: line 1 column 1 (char 0),,
qwen3.5:9b,전기보온물통,error,전기인두,"전기인두, 에어펌프, 충전임팩트드라이버, 스프링배관청소기, 고속절단기",Expecting value: line 1 column 1 (char 0),,
qwen3.5:9b,전기송풍기,error,전기인두,"전기인두, 철공용드릴비트, 충전임팩트드라이버, 배터리팩, 목공용드릴비트",Expecting value: line 1 column 1 (char 0),,
qwen3.5:9b,전기연결선,error,전기인두,"전기인두, 케이블컷터, 충전임팩트드라이버, 철공용드릴비트, 배터리팩",Expecting value: line 1 column 1 (char 0),,
qwen3.5:9b,전기연장선,error,전기인두,"전기인두, 케이블컷터, 충전임팩트드라이버, 배터리팩, 충전드릴",Expecting value: line 1 column 1 (char 0),,
qwen3.5:9b,전기용접기,error,전기인두,"전기인두, 철공용드릴비트, 전자산업용니퍼, 목공용드릴비트, 클램프미터",Expecting value: line 1 column 1 (char 0),,
qwen3.5:9b,전기인두,error,전기인두,"전기인두, 충전드릴, 충전임팩트드라이버, 전동압착기, 전자산업용니퍼",Expecting value: line 1 column 1 (char 0),전기인두,False
qwen3.5:9b,전기인두30W,error,전기인두,"전기인두, 충전임팩트드라이버, 충전드릴, 배터리팩, 고속절단기",Expecting value: line 1 column 1 (char 0),,
qwen3.5:9b,전기임팩드릴 1개,error,전기인두,"전기인두, 전동공구세트, 철공용드릴비트, 목공용드릴비트, 드릴비트세트",Expecting value: line 1 column 1 (char 0),,
qwen3.5:9b,전기임펙드릴,error,전기인두,"전기인두, 고속절단기, 충전드릴, 전동압착기, 전동공구세트",Expecting value: line 1 column 1 (char 0),,
qwen3.5:9b,전기임펙트드릴,error,전기인두,"전기인두, 철공용드릴비트, 고속절단기, 전동공구세트, 목공용드릴비트",Expecting value: line 1 column 1 (char 0),,
qwen3.5:9b,전기직소,error,전기인두,"전기인두, 충전임팩트드라이버, 배터리팩, 충전드릴, 철공용드릴비트",Expecting value: line 1 column 1 (char 0),,
qwen3.5:9b,전기진동드릴,error,전기인두,"전기인두, 철공용드릴비트, 목공용드릴비트, 고속절단기, 충전드릴",Expecting value: line 1 column 1 (char 0),,
qwen3.5:9b,전기체인톱,error,전기인두,"전기인두, 케이블컷터, 철공용드릴비트, 목공용드릴비트, 충전임팩트드라이버",Expecting value: line 1 column 1 (char 0),,
qwen3.5:9b,전기타카,error,전기인두,"전기인두, 배터리팩, 충전드릴, 충전임팩트드라이버, 에어타카",Expecting value: line 1 column 1 (char 0),,
qwen3.5:9b,전기타카,error,전기인두,"전기인두, 배터리팩, 충전드릴, 충전임팩트드라이버, 에어타카",Expecting value: line 1 column 1 (char 0),,
qwen3.5:9b,전기타카ㄷ자못사용,error,전기인두,"전기인두, 충전드릴, 고속절단기, 전동공구세트, 철공용드릴비트",Expecting value: line 1 column 1 (char 0),,
qwen3.5:9b,전기테스터기,error,전기인두,"전기인두, 충전임팩트드라이버, 배터리팩, 전자산업용니퍼, 충전드릴",Expecting value: line 1 column 1 (char 0),,
qwen3.5:9b,전기톱,error,전기인두,"전기인두, 철공용드릴비트, 목공용드릴비트, 케이블컷터, 다림추",Expecting value: line 1 column 1 (char 0),,
qwen3.5:9b,전기톱(목재절단기),error,목공용드릴비트,"목공용드릴비트, 철공용드릴비트, 철공용드릴비트세트, 목공용접톱, 철판가위",Expecting value: line 1 column 1 (char 0),,
qwen3.5:9b,전기톱(컷소),error,철공용드릴비트,"철공용드릴비트, 목공용드릴비트, 전기인두, 드릴비트세트, 철공용드릴비트세트",Expecting value: line 1 column 1 (char 0),,
qwen3.5:9b,전기플러그 꽂아 쓰는 해머(함마)드릴,error,목공용드릴비트,"목공용드릴비트, 철공용드릴비트, 고속절단기, 전동공구세트, 드릴비트세트",Expecting value: line 1 column 1 (char 0),,
qwen3.5:9b,전기피복 탈피기,error,전기인두,"전기인두, 고속절단기, 철공용드릴비트, 충전임팩트드라이버, 전동공구세트",Expecting value: line 1 column 1 (char 0),,
qwen3.5:9b,전기해머드릴,error,충전드릴,"충전드릴, 만능렌치, 드릴비트, 전기인두, 전동압착기",Expecting value: line 1 column 1 (char 0),해머드릴,False
qwen3.5:9b,전기헤머드릴,error,철공용드릴비트,"철공용드릴비트, 목공용드릴비트, 전기인두, 고속절단기, 전동공구세트",Expecting value: line 1 column 1 (char 0),해머드릴,False
qwen3.5:9b,전동 그라인더,error,바이스그립플라이어,"바이스그립플라이어, 냉동라쳇렌치, 앵글그라인더, 다이아고날플라이어, 스냅링플라이어",Expecting value: line 1 column 1 (char 0),,
qwen3.5:9b,전동 드라이버,error,전동드라이버,"전동드라이버, 앤드컷팅니퍼, 냉동라쳇렌치, 플라이어렌치, 다이아고날플라이어",Expecting value: line 1 column 1 (char 0),전동드라이버,False
qwen3.5:9b,전동 드라이버(전동 스크류드라이버),error,드라이버세트,"드라이버세트, 드라이버, 정밀드라이버세트, T핸드드라이버, 전동공구세트",Expecting value: line 1 column 1 (char 0),,
qwen3.5:9b,전동 드라이버세트,error,드라이버세트,"드라이버세트, 드라이버, 양용드라이버, 끌세트, 전동드라이버",Expecting value: line 1 column 1 (char 0),,
qwen3.5:9b,전동 드릴,error,전동드릴,"전동드릴, 해머드릴, 전선릴, 임팩트드릴, 만능렌치",Expecting value: line 1 column 1 (char 0),전동드릴,False
qwen3.5:9b,전동 드릴 세트,error,드릴비트세트,"드릴비트세트, 전동공구세트, 공구세트, 공구함세트, 목공용드릴비트",Expecting value: line 1 column 1 (char 0),,
qwen3.5:9b,전동 드릴(충전식),error,전동공구세트,"전동공구세트, 드릴비트세트, 끌세트, 소켓렌치세트, 전동드릴",Expecting value: line 1 column 1 (char 0),,
qwen3.5:9b,전동 드릴드라이버,error,전동드릴,"전동드릴, 양용드라이버, 편구스패너, 끌세트, 충전해머드릴",Expecting value: line 1 column 1 (char 0),,
qwen3.5:9b,전동 무선드릴,error,전동공구세트,"전동공구세트, 전동드릴, 전지가위, 임팩트드릴, 전동압착기",Expecting value: line 1 column 1 (char 0),충전드릴,False
qwen3.5:9b,전동 샌딩기,error,전동드라이버,"전동드라이버, 플라이어렌치, 쇠지렛대, 굽은노즈플라이어, 편구스패너",Expecting value: line 1 column 1 (char 0),,
qwen3.5:9b,전동 스크루 드라이버,error,전동드라이버,"전동드라이버, 플라이어렌치, 다이아고날플라이어, 굽은노즈플라이어, 옵셋렌치",Expecting value: line 1 column 1 (char 0),,
qwen3.5:9b,전동 스크류 드라이버,error,전동드라이버,"전동드라이버, 충전해머드릴, 앤드컷팅니퍼, 양용드라이버, 굽은노즈플라이어",Expecting value: line 1 column 1 (char 0),,
qwen3.5:9b,전동 임팩트 드릴,error,임팩트드릴,"임팩트드릴, 드릴비트, 만능렌치, 그립망치, 납볼망치",Expecting value: line 1 column 1 (char 0),,
qwen3.5:9b,전동 커터기(그라인더),error,편구스패너,"편구스패너, 소켓렌치세트, 양용드라이버, 끌세트, 쇠지렛대",Expecting value: line 1 column 1 (char 0),,
qwen3.5:9b,전동 컷쇼,error,스크레퍼,"스크레퍼, 편구스패너, 타일컷터, 전선릴, 스패너세트",Expecting value: line 1 column 1 (char 0),,
qwen3.5:9b,전동 톱,error,끌세트,"끌세트, 쇠톱, 스패너세트, 원형톱, 목공줄",Expecting value: line 1 column 1 (char 0),,
qwen3.5:9b,전동 해머 드릴,error,전동드릴,"전동드릴, 해머드릴, 충전해머드릴, 전선릴, 편구스패너",Expecting value: line 1 column 1 (char 0),,
qwen3.5:9b,전동 해머드릴,error,충전해머드릴,"충전해머드릴, 해머드릴, 전동드릴, 전선릴, 와이어스트리퍼",Expecting value: line 1 column 1 (char 0),해머드릴,False
qwen3.5:9b,전동 해머드릴,error,충전해머드릴,"충전해머드릴, 해머드릴, 전동드릴, 전선릴, 와이어스트리퍼",Expecting value: line 1 column 1 (char 0),해머드릴,False
qwen3.5:9b,전동 휘핑기,error,송풍기,"송풍기, 만능렌치, 편구스패너, 카운터싱크, 스패너세트",Expecting value: line 1 column 1 (char 0),,
qwen3.5:9b,전동공구,error,전동타카,"전동타카, 편구스패너, 전선릴, 장도리, 납볼망치",Expecting value: line 1 column 1 (char 0),,
qwen3.5:9b,전동공구 1개,error,전동공구세트,"전동공구세트, 만능렌치, 납볼망치, 전지가위, 빠루망치",Expecting value: line 1 column 1 (char 0),,
qwen3.5:9b,전동공구 2개,error,전동공구세트,"전동공구세트, 전동압착기, 만능렌치, 공구세트, 기어렌치세트",Expecting value: line 1 column 1 (char 0),,
qwen3.5:9b,전동공구 풀세트,error,전동공구세트,"전동공구세트, 공구세트, 육각렌치세트, 기어렌치세트, 공구함세트",Expecting value: line 1 column 1 (char 0),,
qwen3.5:9b,전동공구세트,error,전동공구세트,"전동공구세트, 공구세트, 기어렌치세트, T렌치세트, 스패너세트",Expecting value: line 1 column 1 (char 0),,
qwen3.5:9b,전동공구세트 (보조용품),error,정밀드라이버세트,"정밀드라이버세트, 전동공구세트, 공구함세트, 목공용드릴비트, 공구세트",Expecting value: line 1 column 1 (char 0),,
qwen3.5:9b,전동공구세트(기리세트),error,전동공구세트,"전동공구세트, 공구세트, 기어렌치세트, 공구함세트, 소켓렌치세트",Expecting value: line 1 column 1 (char 0),,
qwen3.5:9b,전동그라인더,error,냉동라쳇렌치,"냉동라쳇렌치, 바이스그립플라이어, 앵글그라인더, 다이아고날플라이어, 버니어캘리퍼스",Expecting value: line 1 column 1 (char 0),,
qwen3.5:9b,전동드라이버,error,전동드라이버,"전동드라이버, 플라이어렌치, 굽은노즈플라이어, 양용드라이버, 옵셋렌치",Expecting value: line 1 column 1 (char 0),전동드라이버,False
qwen3.5:9b,전동드라이버,error,전동드라이버,"전동드라이버, 플라이어렌치, 굽은노즈플라이어, 양용드라이버, 옵셋렌치",Expecting value: line 1 column 1 (char 0),전동드라이버,False
qwen3.5:9b,전동드라이버 (미니)_mini,error,소켓렌치세트,"소켓렌치세트, 스패너세트, 전동공구세트, 기어렌치세트, T렌치세트",Expecting value: line 1 column 1 (char 0),,
qwen3.5:9b,전동드라이버 수공구세트,error,전동공구세트,"전동공구세트, 정밀드라이버세트, 공구세트, 기어렌치세트, 드릴비트세트",Expecting value: line 1 column 1 (char 0),,
qwen3.5:9b,전동드라이버(대),error,냉동라쳇렌치,"냉동라쳇렌치, 앵글그라인더, 다이아고날플라이어, 앤드컷팅니퍼, 옵셋렌치",Expecting value: line 1 column 1 (char 0),,
qwen3.5:9b,전동드라이버(마키타 6281D 14.4V),error,드라이버세트,"드라이버세트, 정밀드라이버세트, 고속절단기, 전동공구세트, SDS드릴비트",Expecting value: line 1 column 1 (char 0),,
qwen3.5:9b,전동드라이버(보쉬 GDR18V-EC),error,SDS드릴비트,"SDS드릴비트, 전동공구세트, 정밀드라이버세트, 고속절단기, 전자산업용니퍼",Expecting value: line 1 column 1 (char 0),,
qwen3.5:9b,전동드라이버(보쉬),error,전동드릴,"전동드릴, 양용드라이버, 편구스패너, 만능렌치, 스크레퍼",Expecting value: line 1 column 1 (char 0),전동드라이버,False
qwen3.5:9b,전동드라이버(소),error,전동드라이버,"전동드라이버, 양용드라이버, 편구스패너, 전동드릴, 전선릴",Expecting value: line 1 column 1 (char 0),,
qwen3.5:9b,전동드라이버(해머기능없음),error,충전해머드릴,"충전해머드릴, 양용드라이버, 전동드릴, 와이어스트리퍼, 편구스패너",Expecting value: line 1 column 1 (char 0),,
qwen3.5:9b,전동드라이버3개,error,전동공구세트,"전동공구세트, 정밀드라이버세트, 공구세트, 기어렌치세트, 전동압착기",Expecting value: line 1 column 1 (char 0),,
qwen3.5:9b,전동드라이버용 비트세트,error,전동공구세트,"전동공구세트, 비트세트, 소켓렌치세트, 스패너세트, 기어렌치세트",Expecting value: line 1 column 1 (char 0),,
qwen3.5:9b,전동드릴,error,전동드릴,"전동드릴, 해머드릴, 전선릴, 고무망치, 편구스패너",Expecting value: line 1 column 1 (char 0),전동드릴,False
qwen3.5:9b,전동드릴,error,전동드릴,"전동드릴, 해머드릴, 전선릴, 고무망치, 편구스패너",Expecting value: line 1 column 1 (char 0),전동드릴,False
qwen3.5:9b,전동드릴 1개,error,전동드릴,"전동드릴, 임팩트드릴, 해머드릴, 만능렌치, 빠루망치",Expecting value: line 1 column 1 (char 0),,
qwen3.5:9b,전동드릴 2종,error,임팩트드릴,"임팩트드릴, 만능렌치, 해머드릴, 전동드릴, 스패너세트",Expecting value: line 1 column 1 (char 0),,
qwen3.5:9b,전동드릴 및 전동드라이버,error,전동드릴,"전동드릴, 편구스패너, 양용드라이버, 소켓렌치세트, 끌세트",Expecting value: line 1 column 1 (char 0),,
qwen3.5:9b,전동드릴 비트,error,드릴비트,"드릴비트, 임팩트드릴, 드릴비트세트, 만능렌치, 전동공구세트",Expecting value: line 1 column 1 (char 0),,
qwen3.5:9b,전동드릴 비트세트,error,전동공구세트,"전동공구세트, 드릴비트세트, 비트세트, SDS드릴비트, 공구세트",Expecting value: line 1 column 1 (char 0),,
qwen3.5:9b,전동드릴 세트,error,전동공구세트,"전동공구세트, 드릴비트세트, 공구세트, 끌세트, 기어렌치세트",Expecting value: line 1 column 1 (char 0),,
qwen3.5:9b,전동드릴(1),error,라쳇렌치세트,"라쳇렌치세트, 옵셋렌치, 굽은노즈플라이어, 전동드라이버, 전선릴",Expecting value: line 1 column 1 (char 0),,
qwen3.5:9b,전동드릴(계양 DMV-13K),error,고속절단기,"고속절단기, 철공용드릴비트, 정밀드라이버세트, 전동공구세트, 목공용드릴비트",Expecting value: line 1 column 1 (char 0),전동드릴,False
qwen3.5:9b,전동드릴(드라이버 사용 불가),error,T핸드드라이버,"T핸드드라이버, 정밀드라이버세트, 충전드릴, 목공용드릴비트, 철공용드릴비트",Expecting value: line 1 column 1 (char 0),,
qwen3.5:9b,전동드릴(무선 오렌지),error,옵셋렌치,"옵셋렌치, 충전해머드릴, 굽은노즈플라이어, 앤드컷팅니퍼, 플라이어렌치",Expecting value: line 1 column 1 (char 0),,
qwen3.5:9b,전동드릴(무선),error,전동드릴,"전동드릴, 편구스패너, 전선릴, 라쳇렌치세트, 스크레퍼",Expecting value: line 1 column 1 (char 0),충전드릴,False
qwen3.5:9b,"전동드릴(무선, 충천용)",error,전동공구세트,"전동공구세트, 철공용드릴비트, 드릴비트세트, 목공용드릴비트, 전동압착기",Expecting value: line 1 column 1 (char 0),,
qwen3.5:9b,전동드릴(보쉬 GSR14.4-2),error,SDS드릴비트,"SDS드릴비트, 전동공구세트, 정밀드라이버세트, 소켓렌치세트, 전동압착기",Expecting value: line 1 column 1 (char 0),충전드릴,False
qwen3.5:9b,전동드릴(비트 미포함),error,소켓렌치세트,"소켓렌치세트, 스패너세트, 전동드릴, 끌세트, 드릴비트세트",Expecting value: line 1 column 1 (char 0),,
qwen3.5:9b,전동드릴(소),error,전동드릴,"전동드릴, 전동타카, 전지가위, 임팩트드릴, 소켓렌치세트",Expecting value: line 1 column 1 (char 0),,
qwen3.5:9b,전동드릴(소형),error,라쳇렌치세트,"라쳇렌치세트, 전동드릴, 충전해머드릴, 편구스패너, 굽은노즈플라이어",Expecting value: line 1 column 1 (char 0),,
qwen3.5:9b,전동드릴(유?무선),error,전지가위,"전지가위, 임팩트드릴, 만능렌치, 전동드릴, 전동공구세트",Expecting value: line 1 column 1 (char 0),,
qwen3.5:9b,전동드릴(유무선),error,전동드릴,"전동드릴, 라쳇렌치세트, 전동드라이버, 편구스패너, 전선릴",Expecting value: line 1 column 1 (char 0),,
qwen3.5:9b,전동드릴(유선),error,전동드릴,"전동드릴, 소켓렌치세트, 전동공구세트, 끌세트, 전지가위",Expecting value: line 1 column 1 (char 0),전동드릴,False
qwen3.5:9b,전동드릴(중형),error,라쳇렌치세트,"라쳇렌치세트, 옵셋렌치, 충전해머드릴, 굽은노즈플라이어, 전동드라이버",Expecting value: line 1 column 1 (char 0),,
qwen3.5:9b,전동드릴(충전식 무선),error,전동공구세트,"전동공구세트, 전동드릴, 소켓렌치세트, 충전해머드릴, 에어컴프레서",Expecting value: line 1 column 1 (char 0),,
qwen3.5:9b,전동드릴(충전식),error,소켓렌치세트,"소켓렌치세트, 전동공구세트, 전동드릴, 끌세트, 스패너세트",Expecting value: line 1 column 1 (char 0),충전드릴,False
qwen3.5:9b,전동드릴(충전형),error,전동드릴,"전동드릴, 충전해머드릴, 편구스패너, 라쳇렌치세트, 전선릴",Expecting value: line 1 column 1 (char 0),,
qwen3.5:9b,전동드릴(콘센트식),error,옵셋렌치,"옵셋렌치, 앵글그라인더, 다이아고날플라이어, 스냅링플라이어, 플라이어렌치",Expecting value: line 1 column 1 (char 0),,
qwen3.5:9b,전동드릴(해머드릴),error,냉동라쳇렌치,"냉동라쳇렌치, 앤드컷팅니퍼, 버니어캘리퍼스, 옵셋렌치, 다이아고날플라이어",Expecting value: line 1 column 1 (char 0),,
qwen3.5:9b,전동드릴(햄머드릴),error,쇠지렛대,"쇠지렛대, 충전해머드릴, 굽은노즈플라이어, 전선릴, 옵셋렌치",Expecting value: line 1 column 1 (char 0),,
qwen3.5:9b,전동드릴(햄머드릴),error,쇠지렛대,"쇠지렛대, 충전해머드릴, 굽은노즈플라이어, 전선릴, 옵셋렌치",Expecting value: line 1 column 1 (char 0),,
qwen3.5:9b,전동드릴1,error,옵셋렌치,"옵셋렌치, 굽은노즈플라이어, 전동드라이버, 스냅링플라이어, 플라이어렌치",Expecting value: line 1 column 1 (char 0),,
qwen3.5:9b,전동드릴2,error,전동드릴,"전동드릴, 만능렌치, 임팩트드릴, 편구스패너, 해머드릴",Expecting value: line 1 column 1 (char 0),,
qwen3.5:9b,전동드릴공구세트,error,전동공구세트,"전동공구세트, 공구세트, 목공용드릴비트, 드릴비트세트, 고속절단기",Expecting value: line 1 column 1 (char 0),,
qwen3.5:9b,전동드릴드라이버,error,전동드릴,"전동드릴, 양용드라이버, 임팩트드릴, 전지가위, 편구스패너",Expecting value: line 1 column 1 (char 0),,
qwen3.5:9b,전동드릴드라이버 세트(해머기능없음),error,전동공구세트,"전동공구세트, 정밀드라이버세트, 드릴비트세트, 소켓렌치세트, 끌세트",Expecting value: line 1 column 1 (char 0),,
qwen3.5:9b,전동드릴드라이버세트,error,전동공구세트,"전동공구세트, 정밀드라이버세트, 드릴비트세트, 공구세트, 기어렌치세트",Expecting value: line 1 column 1 (char 0),,
qwen3.5:9b,전동드릴비트,error,전지가위,"전지가위, 드릴비트, 전동공구세트, 임팩트드릴, 만능렌치",Expecting value: line 1 column 1 (char 0),,
qwen3.5:9b,전동드릴비트 파우치 세트,error,전동공구세트,"전동공구세트, 드릴비트세트, 공구세트, 기어렌치세트, 정밀드라이버세트",Expecting value: line 1 column 1 (char 0),,
qwen3.5:9b,전동드릴세트,error,전동공구세트,"전동공구세트, 드릴비트세트, 공구세트, 기어렌치세트, 공구함세트",Expecting value: line 1 column 1 (char 0),,
qwen3.5:9b,전동드릴세트 1개,error,전동공구세트,"전동공구세트, 드릴비트세트, 공구세트, 스패너세트, 소켓렌치세트",Expecting value: line 1 column 1 (char 0),,
qwen3.5:9b,"전동드릴세트(전동드릴1, 해머드릴1)",error,충전해머드릴,"충전해머드릴, 소켓렌치세트, 전동공구세트, 끌세트, 스패너세트",Expecting value: line 1 column 1 (char 0),,
qwen3.5:9b,전동드릴키트A(유선),error,전지가위,"전지가위, SDS드릴비트, 전동공구세트, 전동압착기, 임팩트드릴",Expecting value: line 1 column 1 (char 0),,
qwen3.5:9b,전동드릴키트B(유선),error,SDS드릴비트,"SDS드릴비트, 전지가위, 전동공구세트, 전동압착기, 정밀드라이버세트",Expecting value: line 1 column 1 (char 0),,
qwen3.5:9b,전동드릴키트C(유선),error,SDS드릴비트,"SDS드릴비트, 전동공구세트, 전지가위, 전동압착기, 정밀드라이버세트",Expecting value: line 1 column 1 (char 0),,
qwen3.5:9b,전동무선드릴,error,전동드릴,"전동드릴, 임팩트드릴, 해머드릴, 전지가위, 만능렌치",Expecting value: line 1 column 1 (char 0),,
qwen3.5:9b,전동샌더,error,냉동라쳇렌치,"냉동라쳇렌치, 바이스그립플라이어, 다이아고날플라이어, 앤드컷팅니퍼, 옵셋렌치",Expecting value: line 1 column 1 (char 0),,
qwen3.5:9b,전동에어펌프,error,드릴비트세트,"드릴비트세트, 드릴비트, 끌세트, 에어펌프, 고속절단기",Expecting value: line 1 column 1 (char 0),,
qwen3.5:9b,전동원형톱,error,원형톱,"원형톱, 쇠톱, 목공줄, 목공톱, 스패너세트",Expecting value: line 1 column 1 (char 0),,
qwen3.5:9b,전동일자톱,error,전지가위,"전지가위, 납볼망치, 육각렌치, 만능렌치, 돌망치",Expecting value: line 1 column 1 (char 0),왕복톱(레시프로쏘),False
qwen3.5:9b,전동일자톱,error,전지가위,"전지가위, 납볼망치, 육각렌치, 만능렌치, 돌망치",Expecting value: line 1 column 1 (char 0),왕복톱(레시프로쏘),False
qwen3.5:9b,전동임팩드라이버,error,전동공구세트,"전동공구세트, 양용드라이버, 전동압착기, 에어컴프레서, 전지가위",Expecting value: line 1 column 1 (char 0),,
qwen3.5:9b,전동임팩트드릴,error,임팩트드릴,"임팩트드릴, 해머드릴, 전동드릴, 만능렌치, 납볼망치",Expecting value: line 1 column 1 (char 0),,
qwen3.5:9b,전동직소기톱,error,원형톱,"원형톱, 쇠톱, 목공줄, 접톱, 절단석",Expecting value: line 1 column 1 (char 0),,
qwen3.5:9b,전동충전드릴,error,임팩트드릴,"임팩트드릴, 드릴비트, 만능렌치, 해머드릴, 전동드릴",Expecting value: line 1 column 1 (char 0),충전드릴,False
qwen3.5:9b,전동충전드릴1,error,전동드릴,"전동드릴, 해머드릴, 편구스패너, 임팩트드릴, 만능렌치",Expecting value: line 1 column 1 (char 0),,
qwen3.5:9b,전동충전드릴2,error,전동공구세트,"전동공구세트, 드릴비트세트, 드릴비트, 고속절단기, 공구세트",Expecting value: line 1 column 1 (char 0),,
qwen3.5:9b,전동칼갈이,error,냉동라쳇렌치,"냉동라쳇렌치, 다이아고날플라이어, 옵셋렌치, 플라이어렌치, 스냅링플라이어",Expecting value: line 1 column 1 (char 0),,
qwen3.5:9b,전동타카,error,전동타카,"전동타카, 장도리, 건타카, 토크렌치, 전선릴",Expecting value: line 1 column 1 (char 0),전동타카,False
qwen3.5:9b,"전동타카, 타카핀세트",error,냉동라쳇렌치,"냉동라쳇렌치, 앤드컷팅니퍼, 버니어캘리퍼스, 바이스그립플라이어, 다이아고날플라이어",Expecting value: line 1 column 1 (char 0),,
qwen3.5:9b,전동톱,error,원형톱,"원형톱, 쇠톱, 목공줄, 돌망치, 스패너",Expecting value: line 1 column 1 (char 0),,
qwen3.5:9b,전동펌프,error,에어펌프,"에어펌프, 목공용드릴비트, 고속절단기, 철공용드릴비트, 드릴비트세트",Expecting value: line 1 column 1 (char 0),,
qwen3.5:9b,전동함마드릴,error,전동드릴,"전동드릴, 해머드릴, 임팩트드릴, 만능렌치, 드릴비트",Expecting value: line 1 column 1 (char 0),,
qwen3.5:9b,전동해머 드릴세트,error,편구스패너,"편구스패너, 끌세트, 소켓렌치세트, 쇠지렛대, 스패너세트",Expecting value: line 1 column 1 (char 0),,
qwen3.5:9b,전동해머드릴,error,충전해머드릴,"충전해머드릴, 전선릴, 앤드컷팅니퍼, 전동드릴, 해머드릴",Expecting value: line 1 column 1 (char 0),해머드릴,False
qwen3.5:9b,전동해머드릴세트,error,전동공구세트,"전동공구세트, 스패너세트, 소켓렌치세트, 끌세트, 기어렌치세트",Expecting value: line 1 column 1 (char 0),,
qwen3.5:9b,전력측정기,error,전기인두,"전기인두, 라돈측정기, 고속절단기, 전동압착기, 충전임팩트드라이버",Expecting value: line 1 column 1 (char 0),,
qwen3.5:9b,전선 릴(30M),error,고속절단기,"고속절단기, 클램프미터, 전동공구세트, 충전드릴, 전동압착기",Expecting value: line 1 column 1 (char 0),,
qwen3.5:9b,전선릴,error,전선릴,"전선릴, 스크레퍼, 편구스패너, 전동드릴, 와이어스트리퍼",Expecting value: line 1 column 1 (char 0),전선릴,False
qwen3.5:9b,전선릴 20m,error,스패너세트,"스패너세트, 소켓렌치세트, 만능렌치, 전동공구세트, 클램프미터",Expecting value: line 1 column 1 (char 0),,
qwen3.5:9b,전선릴 20미터,error,스패너세트,"스패너세트, 만능렌치, 소켓렌치세트, 수평기, 클램프미터",Expecting value: line 1 column 1 (char 0),,
qwen3.5:9b,전선릴 50M,error,고속절단기,"고속절단기, 클램프미터, 만능렌치, 전동공구세트, 전동압착기",Expecting value: line 1 column 1 (char 0),,
qwen3.5:9b,전선릴 접지차단,error,타일컷터,"타일컷터, 스패너세트, 편구스패너, 소켓렌치세트, 끌세트",Expecting value: line 1 column 1 (char 0),,
qwen3.5:9b,전선릴 차단기형,error,전동압착기,"전동압착기, 전동공구세트, 스패너세트, 소켓렌치세트, 전지가위",Expecting value: line 1 column 1 (char 0),,
qwen3.5:9b,전선릴(1),error,라쳇렌치세트,"라쳇렌치세트, 옵셋렌치, 굽은노즈플라이어, 전선릴, 플라이어렌치",Expecting value: line 1 column 1 (char 0),,
qwen3.5:9b,전선릴(30M),error,고속절단기,"고속절단기, 클램프미터, 전동공구세트, SDS드릴비트, 충전드릴",Expecting value: line 1 column 1 (char 0),,
qwen3.5:9b,전선릴(30m),error,고속절단기,"고속절단기, 클램프미터, 만능렌치, 전동공구세트, 빠루망치",Expecting value: line 1 column 1 (char 0),,
qwen3.5:9b,"전선릴(접지,차단)",error,편구스패너,"편구스패너, 타일컷터, 스패너세트, 소켓렌치세트, 만능렌치",Expecting value: line 1 column 1 (char 0),,
qwen3.5:9b,전선릴(차단),error,전선릴,"전선릴, 전동타카, 전동드릴, 편구스패너, 타일컷터",Expecting value: line 1 column 1 (char 0),,
qwen3.5:9b,전선릴(차단기형),error,옵셋렌치,"옵셋렌치, 굽은노즈플라이어, 플라이어렌치, 다이아고날플라이어, 라쳇렌치세트",Expecting value: line 1 column 1 (char 0),,
qwen3.5:9b,"전선릴(차단기형, 30m)",error,클램프미터,"클램프미터, 고속절단기, 전동공구세트, 공구세트, 육각렌치세트",Expecting value: line 1 column 1 (char 0),,
qwen3.5:9b,전선릴(차단릴),error,만능렌치,"만능렌치, 전동드릴, 그립망치, 타일컷터, 빠루망치",Expecting value: line 1 column 1 (char 0),,
qwen3.5:9b,전선릴2개,error,만능렌치,"만능렌치, 스패너세트, 목공줄, 빠루망치, 납볼망치",Expecting value: line 1 column 1 (char 0),,
qwen3.5:9b,전선용 피복제거기,error,편구스패너,"편구스패너, 전선릴, 와이어스트리퍼, 쇠지렛대, 타일컷터",Expecting value: line 1 column 1 (char 0),,
qwen3.5:9b,전선코드릴,error,해머드릴,"해머드릴, 임팩트드릴, 전동드릴, 만능렌치, 빠루망치",Expecting value: line 1 column 1 (char 0),,
qwen3.5:9b,전선코드릴(30m),error,고속절단기,"고속절단기, 클램프미터, 충전드릴, 전동공구세트, 목공용드릴비트",Expecting value: line 1 column 1 (char 0),,
qwen3.5:9b,전선피복 스트리퍼,error,전동공구세트,"전동공구세트, 전지가위, 스패너세트, 소켓렌치세트, 기어렌치세트",Expecting value: line 1 column 1 (char 0),,
qwen3.5:9b,전선피복제거기,error,편구스패너,"편구스패너, 전선릴, 와이어스트리퍼, 쇠지렛대, 타일컷터",Expecting value: line 1 column 1 (char 0),,
qwen3.5:9b,전자자동혈압계,error,클램프미터,"클램프미터, 전기인두, 고속절단기, 충전임팩트드라이버, 충전드릴",Expecting value: line 1 column 1 (char 0),,
qwen3.5:9b,전자저울,error,전기인두,"전기인두, 전자산업용니퍼, 직소기, 전동압착기, 고속절단기",Expecting value: line 1 column 1 (char 0),,
qwen3.5:9b,전자현미경,error,라돈측정기,"라돈측정기, 전자산업용니퍼, 클램프미터, 직소기, 전동압착기",Expecting value: line 1 column 1 (char 0),,
qwen3.5:9b,전정 가위(손가위) 1개,error,스패너세트,"스패너세트, 기어렌치세트, 손타카, T렌치세트, 목공줄",Expecting value: line 1 column 1 (char 0),,
qwen3.5:9b,전정 가위(양손가위) 1개,error,스패너세트,"스패너세트, 기어렌치세트, 목공줄, T렌치세트, 만능렌치",Expecting value: line 1 column 1 (char 0),,
qwen3.5:9b,전정가위,error,전지가위,"전지가위, 납볼망치, 육각렌치, 만능렌치, 빠루망치",Expecting value: line 1 column 1 (char 0),전지가위,False
qwen3.5:9b,전정기,error,돌망치,"돌망치, 장도리, 전지가위, 빠루망치, 납볼망치",Expecting value: line 1 column 1 (char 0),,
qwen3.5:9b,전정용 목재톱,error,목공용접톱,"목공용접톱, 목공용드릴비트, 톱, 쇠톱, 원형톱",Expecting value: line 1 column 1 (char 0),,
qwen3.5:9b,전정톱,error,전정톱,"전정톱, 접톱, 쇠톱, 원형톱, 톱",Expecting value: line 1 column 1 (char 0),전정톱,False
qwen3.5:9b,전정톱,error,전정톱,"전정톱, 접톱, 쇠톱, 원형톱, 톱",Expecting value: line 1 column 1 (char 0),전정톱,False
qwen3.5:9b,전정톱 (곡선용),error,전정톱,"전정톱, 스패너세트, 원형톱, 쇠톱, 소켓렌치세트",Expecting value: line 1 column 1 (char 0),,
qwen3.5:9b,전정톱(곡선),error,스패너세트,"스패너세트, 전정톱, 다림추, 원형톱, T렌치세트",Expecting value: line 1 column 1 (char 0),,
qwen3.5:9b,전정톱(직선형),error,편구스패너,"편구스패너, 타일컷터, 굽은노즈플라이어, 쇠지렛대, 라쳇렌치세트",Expecting value: line 1 column 1 (char 0),,
qwen3.5:9b,전지가위,error,전지가위,"전지가위, 납볼망치, 돌망치, 빠루망치, 만능렌치",Expecting value: line 1 column 1 (char 0),전지가위,False
qwen3.5:9b,전지가위 1개,error,전지가위,"전지가위, 납볼망치, 만능렌치, 임팩트드릴, 스패너세트",Expecting value: line 1 column 1 (char 0),,
qwen3.5:9b,전지가위(200MM),error,클램프미터,"클램프미터, 고속절단기, 전동공구세트, SDS드릴비트, 육각렌치세트",Expecting value: line 1 column 1 (char 0),,
qwen3.5:9b,전지가위(대),error,충전해머드릴,"충전해머드릴, 전동타카, 와이어스트리퍼, 전선릴, 앤드컷팅니퍼",Expecting value: line 1 column 1 (char 0),,
qwen3.5:9b,전지가위(소),error,전지가위,"전지가위, 석고대패, 납볼망치, 고지가위, 그립망치",Expecting value: line 1 column 1 (char 0),,
qwen3.5:9b,전지가위(양손가위),error,전지가위,"전지가위, 납볼망치, 손타카, 목공줄, 직각자",Expecting value: line 1 column 1 (char 0),,
qwen3.5:9b,전지가위5개,error,기어렌치세트,"기어렌치세트, 전동공구세트, 소켓렌치세트, 스패너세트, T렌치세트",Expecting value: line 1 column 1 (char 0),,
qwen3.5:9b,전지용 양손가위,error,소켓렌치세트,"소켓렌치세트, 스패너세트, 만능렌치, 전동공구세트, 전지가위",Expecting value: line 1 column 1 (char 0),,
qwen3.5:9b,전지용 양손가위(대),error,냉동라쳇렌치,"냉동라쳇렌치, 다이아고날플라이어, 앵글그라인더, 옵셋렌치, 바이스그립플라이어",Expecting value: line 1 column 1 (char 0),,
qwen3.5:9b,전지용양손가위,error,목공줄,"목공줄, 전지가위, 만능렌치, 스패너세트, 손타카",Expecting value: line 1 column 1 (char 0),,
qwen3.5:9b,전지원예가위(P300),error,전동공구세트,"전동공구세트, SDS드릴비트, 전지가위, 정밀드라이버세트, 전동압착기",Expecting value: line 1 column 1 (char 0),,
qwen3.5:9b,전지원예가위(P350),error,정밀드라이버세트,"정밀드라이버세트, 전동공구세트, SDS드릴비트, 고속절단기, 공구세트",Expecting value: line 1 column 1 (char 0),,
qwen3.5:9b,전지톱,error,접톱,"접톱, 쇠톱, 원형톱, 전정톱, 절단석",Expecting value: line 1 column 1 (char 0),,
qwen3.5:9b,전지톱(1),error,편구스패너,"편구스패너, 소켓렌치세트, 스패너세트, 볼렌치세트, 타일컷터",Expecting value: line 1 column 1 (char 0),,
qwen3.5:9b,전톱2개,error,만능렌치,"만능렌치, 손타카, 납볼망치, 스패너세트, 빠루망치",Expecting value: line 1 column 1 (char 0),,
qwen3.5:9b,절단공구,error,절단석,"절단석, 그립망치, 수평기, 목공줄, 전동압착기",Expecting value: line 1 column 1 (char 0),,
qwen3.5:9b,절단기,error,절단석,"절단석, 돌망치, 그립망치, 손타카, 목공줄",Expecting value: line 1 column 1 (char 0),,
qwen3.5:9b,절단기(대),error,쇠지렛대,"쇠지렛대, 전선릴, 와이어스트리퍼, 굽은노즈플라이어, 타일컷터",Expecting value: line 1 column 1 (char 0),,
qwen3.5:9b,절단기(중) 1개,error,목공줄,"목공줄, 스패너세트, 절단석, 그립망치, 드릴비트세트",Expecting value: line 1 column 1 (char 0),,
qwen3.5:9b,절단석,error,절단석,"절단석, 그립망치, 목공줄, 돌망치, 드릴비트",Expecting value: line 1 column 1 (char 0),절단석,False
qwen3.5:9b,절연공구,error,전지가위,"전지가위, 전동압착기, 납볼망치, 만능렌치, 빠루망치",Expecting value: line 1 column 1 (char 0),,
qwen3.5:9b,절연공구세트,error,전동공구세트,"전동공구세트, 공구함세트, 공구세트, 기어렌치세트, 정밀드라이버세트",Expecting value: line 1 column 1 (char 0),,
qwen3.5:9b,절연볼트컷터,error,스패너세트,"스패너세트, 만능렌치, 그립망치, 볼트컷터, 전동압착기",Expecting value: line 1 column 1 (char 0),,
qwen3.5:9b,절연저항계,error,전동압착기,"전동압착기, 고속절단기, 석고대패, 납볼망치, 그립망치",Expecting value: line 1 column 1 (char 0),,
qwen3.5:9b,절연테이프,error,공구세트,"공구세트, 절단석, 볼트컷터, 전동압착기, 드릴비트",Expecting value: line 1 column 1 (char 0),,
qwen3.5:9b,점프선,error,점프케이블,"점프케이블, 수평기, 스패너, 다림추, 그립망치",Expecting value: line 1 column 1 (char 0),점프케이블,False
qwen3.5:9b,점프선 (엘라스틱 튜닝 슈팅 점프케이블),error,점프케이블,"점프케이블, 스패너, 끌세트, 다림추, 전동공구세트",Expecting value: line 1 column 1 (char 0),,
qwen3.5:9b,점프선 620A(5M),error,점프케이블,"점프케이블, 클램프미터, 고속절단기, 전동공구세트, 수평기",Expecting value: line 1 column 1 (char 0),,
qwen3.5:9b,점프선(3.5M),error,점프케이블,"점프케이블, 클램프미터, 고속절단기, 다림추, 수평기",Expecting value: line 1 column 1 (char 0),,
qwen3.5:9b,점프선(3M),error,점프케이블,"점프케이블, 클램프미터, 고속절단기, 다림추, 전동공구세트",Expecting value: line 1 column 1 (char 0),점프케이블,False
qwen3.5:9b,점프선(3m),error,점프케이블,"점프케이블, 클램프미터, 다림추, 고속절단기, 수평기",Expecting value: line 1 column 1 (char 0),,
qwen3.5:9b,점프스타터,error,스패너,"스패너, 점프케이블, 볼트컷터, 끌세트, 수평기",Expecting value: line 1 column 1 (char 0),,
qwen3.5:9b,점프케이블,error,점프케이블,"점프케이블, 다림추, 수평기, 스패너, 볼트컷터",Expecting value: line 1 column 1 (char 0),,
qwen3.5:9b,접는 톱,error,톱,"톱, 쇠톱, 접톱, 원형톱, 목공용접톱",Expecting value: line 1 column 1 (char 0),,
qwen3.5:9b,접렌지,error,전선릴,"전선릴, 렌치, 고무망치, 장도리, 스크레퍼",Expecting value: line 1 column 1 (char 0),,
qwen3.5:9b,접렌치,error,장도리,"장도리, 토크렌치, 빠루망치, 전동타카, 렌치",Expecting value: line 1 column 1 (char 0),,
qwen3.5:9b,접렌치 1개,error,만능렌치,"만능렌치, 스패너세트, 납볼망치, 빠루망치, 소켓렌치세트",Expecting value: line 1 column 1 (char 0),,
qwen3.5:9b,접별 렌치,error,납볼망치,"납볼망치, 직각자, 전지가위, 공구함, 그립망치",Expecting value: line 1 column 1 (char 0),,
qwen3.5:9b,접별렌치,error,납볼망치,"납볼망치, 만능렌치, 장도리, 빠루망치, 그립망치",Expecting value: line 1 column 1 (char 0),,
qwen3.5:9b,접육각렌치,error,편구스패너,"편구스패너, 와이어스트리퍼, 볼렌치세트, 타일컷터, 전선릴",Expecting value: line 1 column 1 (char 0),,
qwen3.5:9b,접이식 교자상,error,소켓렌치세트,"소켓렌치세트, 스패너세트, T렌치세트, 기어렌치세트, 납볼망치",Expecting value: line 1 column 1 (char 0),,
qwen3.5:9b,접이식 끌차,error,굽은노즈플라이어,"굽은노즈플라이어, 쇠지렛대, 충전해머드릴, 전선릴, 편구스패너",Expecting value: line 1 column 1 (char 0),,
qwen3.5:9b,접이식 별육각렌치 세트,error,별렌치세트,"별렌치세트, 육각렌치세트, 전동공구세트, 기어렌치세트, T렌치세트",Expecting value: line 1 column 1 (char 0),,
qwen3.5:9b,접이식 사다리,error,A형사다리,"A형사다리, 사다리, 끌세트, 다림추, 스패너세트",Expecting value: line 1 column 1 (char 0),,
qwen3.5:9b,접이식 쇼핑카트,error,편구스패너,"편구스패너, 타일컷터, 양용드라이버, 전동타카, 와이어스트리퍼",Expecting value: line 1 column 1 (char 0),,
qwen3.5:9b,접이식 안전사다리(4단),error,냉동라쳇렌치,"냉동라쳇렌치, 로터리해머드릴, 충전해머드릴, 굽은노즈플라이어, 전동드라이버",Expecting value: line 1 column 1 (char 0),,
qwen3.5:9b,접이식 육각렌치,error,스패너세트,"스패너세트, 기어렌치세트, 소켓렌치세트, T렌치세트, 육각렌치",Expecting value: line 1 column 1 (char 0),,
qwen3.5:9b,접이식 육각렌치 세트,error,육각렌치세트,"육각렌치세트, 공구함세트, 기어렌치세트, T렌치세트, 전동공구세트",Expecting value: line 1 column 1 (char 0),,
qwen3.5:9b,접이식 육각렌치세트,error,육각렌치세트,"육각렌치세트, 기어렌치세트, 공구함세트, T렌치세트, 전동공구세트",Expecting value: line 1 column 1 (char 0),육각렌치세트,False
qwen3.5:9b,접이식 장바구니 / 캐리어 / 카트,error,냉동라쳇렌치,"냉동라쳇렌치, 바이스그립플라이어, 다이아고날플라이어, 앵글그라인더, 버니어캘리퍼스",Expecting value: line 1 column 1 (char 0),,
qwen3.5:9b,접이식 지팡이,error,목공줄,"목공줄, 절단석, 드릴비트세트, 원형톱, 스패너세트",Expecting value: line 1 column 1 (char 0),,
qwen3.5:9b,접이식 침대,error,전지가위,"전지가위, 그립망치, 돌망치, 목공줄, T렌치세트",Expecting value: line 1 column 1 (char 0),,
qwen3.5:9b,접이식 카트,error,와이어스트리퍼,"와이어스트리퍼, 앤드컷팅니퍼, 전선릴, 라쳇렌치세트, 플라이어렌치",Expecting value: line 1 column 1 (char 0),핸드카트,False
qwen3.5:9b,접이식 카트,error,와이어스트리퍼,"와이어스트리퍼, 앤드컷팅니퍼, 전선릴, 라쳇렌치세트, 플라이어렌치",Expecting value: line 1 column 1 (char 0),핸드카트,False
qwen3.5:9b,접이식 카트(구루마),error,전동타카,"전동타카, 와이어스트리퍼, 전선릴, 타일컷터, 토크렌치",Expecting value: line 1 column 1 (char 0),,
qwen3.5:9b,접이식 카트(우레탄 바퀴),error,전동타카,"전동타카, 타일컷터, 로터리해머드릴, 충전해머드릴, 와이어스트리퍼",Expecting value: line 1 column 1 (char 0),,
qwen3.5:9b,접이식 톱,error,톱,"톱, 쇠톱, 접톱, 원형톱, 스패너세트",Expecting value: line 1 column 1 (char 0),접톱,False
qwen3.5:9b,접이식 핸드카트,error,전동공구세트,"전동공구세트, 핸드카트, 드릴비트세트, 끌세트, 전지가위",Expecting value: line 1 column 1 (char 0),,
qwen3.5:9b,접이식사다리,error,수평기,"수평기, 스패너세트, 다림추, 끌세트, 육각렌치",Expecting value: line 1 column 1 (char 0),,
qwen3.5:9b,접이식사다리(가정용A),error,편구스패너,"편구스패너, 소켓렌치세트, 끌세트, 스패너세트, 라쳇렌치세트",Expecting value: line 1 column 1 (char 0),,
qwen3.5:9b,접이식육각렌치,error,소켓렌치세트,"소켓렌치세트, 타일컷터, 볼렌치세트, 편구스패너, 스패너세트",Expecting value: line 1 column 1 (char 0),,
qwen3.5:9b,접이식육각렌치세트,error,기어렌치세트,"기어렌치세트, T렌치세트, 육각렌치세트, 전동공구세트, 공구함세트",Expecting value: line 1 column 1 (char 0),,
qwen3.5:9b,접이식카트,error,고지가위,"고지가위, 먹통, 돌망치, 목공줄, 전지가위",Expecting value: line 1 column 1 (char 0),,
qwen3.5:9b,접이식톱,error,원형톱,"원형톱, 쇠톱, 접톱, 전정톱, 절단석",Expecting value: line 1 column 1 (char 0),,
qwen3.5:9b,접이식핸드카트,error,편구스패너,"편구스패너, 타일컷터, 소켓렌치세트, 스패너세트, 끌세트",Expecting value: line 1 column 1 (char 0),,
qwen3.5:9b,접이식휠체어,error,T핸드드라이버,"T핸드드라이버, 핸드카트, 드라이버세트, 고압세척기, 드라이버",Expecting value: line 1 column 1 (char 0),,
qwen3.5:9b,접이식휴대용카트,error,와이어스트리퍼,"와이어스트리퍼, 편구스패너, 로터리해머드릴, 타일컷터, 굽은노즈플라이어",Expecting value: line 1 column 1 (char 0),,
qwen3.5:9b,접이톱,error,쇠톱,"쇠톱, 접톱, 원형톱, 절단석, 목공줄",Expecting value: line 1 column 1 (char 0),,
qwen3.5:9b,접이형 사다리 3단,error,사다리,"사다리, A형사다리, 편구스패너, 끌세트, 라쳇렌치세트",Expecting value: line 1 column 1 (char 0),,
qwen3.5:9b,접지전선닐,error,스패너세트,"스패너세트, 소켓렌치세트, 타일컷터, 목공줄, 드릴비트세트",Expecting value: line 1 column 1 (char 0),,
qwen3.5:9b,접톱,error,접톱,"접톱, 쇠톱, 원형톱, 절단석, 전정톱",Expecting value: line 1 column 1 (char 0),접톱,False
qwen3.5:9b,접톱,error,접톱,"접톱, 쇠톱, 원형톱, 절단석, 전정톱",Expecting value: line 1 column 1 (char 0),접톱,False
qwen3.5:9b,접톱 1개,error,목공줄,"목공줄, 스패너세트, 원형톱, 절단석, 쇠톱",Expecting value: line 1 column 1 (char 0),,
qwen3.5:9b,접톱(2),error,스패너세트,"스패너세트, T렌치세트, 기어렌치세트, 소켓렌치세트, 목공줄",Expecting value: line 1 column 1 (char 0),,
qwen3.5:9b,접톱(240mm),error,클램프미터,"클램프미터, 목공용드릴비트, 철공용드릴비트세트, 드릴비트세트, 철공용드릴비트",Expecting value: line 1 column 1 (char 0),,
qwen3.5:9b,접톱(270mm),error,클램프미터,"클램프미터, 목공용드릴비트, 철공용드릴비트세트, 철공용드릴비트, 드릴비트세트",Expecting value: line 1 column 1 (char 0),,
qwen3.5:9b,접톱(접이식 톱),error,스패너세트,"스패너세트, 원형톱, 쇠톱, 목공줄, 모종삽",Expecting value: line 1 column 1 (char 0),,
qwen3.5:9b,접톱(치타),error,모종삽,"모종삽, 목공줄, 스패너세트, 타일컷터, 소켓렌치세트",Expecting value: line 1 column 1 (char 0),,
qwen3.5:9b,접톱(치타)(2),error,T렌치세트,"T렌치세트, 기어렌치세트, 소켓렌치세트, 스패너세트, 원형톱",Expecting value: line 1 column 1 (char 0),,
qwen3.5:9b,정,error,장도리,"장도리, 커터, 타카, 에어건, 돌망치",Expecting value: line 1 column 1 (char 0),,
qwen3.5:9b,정공양용 드라이버,error,드라이버세트,"드라이버세트, 드라이버, T핸드드라이버, 정밀드라이버세트, 핸드카트",Expecting value: line 1 column 1 (char 0),,
qwen3.5:9b,정밀 드라이버,error,드라이버세트,"드라이버세트, 드라이버, 정밀드라이버세트, T핸드드라이버, 안전로프",Expecting value: line 1 column 1 (char 0),,
qwen3.5:9b,정밀 드라이버 세트,error,정밀드라이버세트,"정밀드라이버세트, 드라이버세트, 드라이버, 전동공구세트, T핸드드라이버",Expecting value: line 1 column 1 (char 0),,
qwen3.5:9b,정밀 드라이버 수공구 세트,error,정밀드라이버세트,"정밀드라이버세트, 드라이버세트, 전동공구세트, 목공용드릴비트, 고속절단기",Expecting value: line 1 column 1 (char 0),,
qwen3.5:9b,정밀 드라이버셋트,error,정밀드라이버세트,"정밀드라이버세트, 드라이버세트, 전동공구세트, 전동압착기, 고속절단기",Expecting value: line 1 column 1 (char 0),,
qwen3.5:9b,정밀드라이버,error,양용드라이버,"양용드라이버, 빠루망치, 직각자, 스패너, 만능렌치",Expecting value: line 1 column 1 (char 0),,
qwen3.5:9b,정밀드라이버 3종 세트,error,정밀드라이버세트,"정밀드라이버세트, 전동공구세트, 공구함세트, 조합렌치세트, 기어렌치세트",Expecting value: line 1 column 1 (char 0),,
qwen3.5:9b,정밀드라이버 세트,error,정밀드라이버세트,"정밀드라이버세트, 전동공구세트, 공구함세트, 공구세트, 기어렌치세트",Expecting value: line 1 column 1 (char 0),,
qwen3.5:9b,정밀드라이버세트,error,정밀드라이버세트,"정밀드라이버세트, 전동공구세트, 공구세트, 기어렌치세트, 공구함세트",Expecting value: line 1 column 1 (char 0),정밀드라이버세트,False
qwen3.5:9b,정밀드라이버세트 Q9006P-A(6pcs),error,정밀드라이버세트,"정밀드라이버세트, 고속절단기, 전동공구세트, 충전임팩트드라이버, 클램프미터",Expecting value: line 1 column 1 (char 0),,
qwen3.5:9b,정밀드라이버세트(6PCS),error,정밀드라이버세트,"정밀드라이버세트, 고속절단기, 전동공구세트, 철공용드릴비트세트, 공구세트",Expecting value: line 1 column 1 (char 0),,
qwen3.5:9b,정밀드라이버세트(6개),error,정밀드라이버세트,"정밀드라이버세트, 전동공구세트, 기어렌치세트, 소켓렌치세트, T렌치세트",Expecting value: line 1 column 1 (char 0),,
qwen3.5:9b,정밀드라이버세트2개,error,정밀드라이버세트,"정밀드라이버세트, 전동공구세트, 공구세트, 기어렌치세트, 드릴비트세트",Expecting value: line 1 column 1 (char 0),,
qwen3.5:9b,정밀드라이버셋트,error,정밀드라이버세트,"정밀드라이버세트, 전동공구세트, 소켓렌치세트, 전동압착기, 스패너세트",Expecting value: line 1 column 1 (char 0),,
qwen3.5:9b,제사상,error,장도리,"장도리, 글루건, 연마석, 니퍼, 다이스세트",Expecting value: line 1 column 1 (char 0),,
qwen3.5:9b,제설 및 청소용품,error,스프링배관청소기,"스프링배관청소기, 공구함세트, 고지가위, 목공용드릴비트, 목공줄",Expecting value: line 1 column 1 (char 0),,
qwen3.5:9b,제일타카 F30,error,드라이버세트,"드라이버세트, 정밀드라이버세트, 고속절단기, 전동공구세트, 안전로프",Expecting value: line 1 column 1 (char 0),,
qwen3.5:9b,제일타카(소),error,전동타카,"전동타카, 건타카, 만능렌치, 전지가위, 납볼망치",Expecting value: line 1 column 1 (char 0),,
qwen3.5:9b,제일타카(중),error,납볼망치,"납볼망치, 만능렌치, 전지가위, 그립망치, 강력니퍼",Expecting value: line 1 column 1 (char 0),,
qwen3.5:9b,젠가,error,스냅링플라이어,"스냅링플라이어, 옵셋렌치, 다이아고날플라이어, 플라이어렌치, 플라이어",Expecting value: line 1 column 1 (char 0),,
qwen3.5:9b,조각기세트3개,error,육각렌치세트,"육각렌치세트, 플라이어세트, 공구함세트, 기어렌치세트, T렌치세트",Expecting value: line 1 column 1 (char 0),,
qwen3.5:9b,조각도세트,error,육각렌치세트,"육각렌치세트, 기어렌치세트, 공구함세트, T렌치세트, 플라이어세트",Expecting value: line 1 column 1 (char 0),,
qwen3.5:9b,조개갈퀴3발,error,스패너세트,"스패너세트, 원형톱, 기어렌치세트, 목공줄, T렌치세트",Expecting value: line 1 column 1 (char 0),,
qwen3.5:9b,조개갈퀴4발,error,스패너세트,"스패너세트, 기어렌치세트, 목공줄, 원형톱, T렌치세트",Expecting value: line 1 column 1 (char 0),,
qwen3.5:9b,조경 가위,error,목공줄,"목공줄, 스패너세트, 전지가위, 기어렌치세트, 직각자",Expecting value: line 1 column 1 (char 0),,
qwen3.5:9b,조경(잔디)가위,error,옵셋렌치,"옵셋렌치, 플라이어렌치, 다이아고날플라이어, 굽은노즈플라이어, 냉동라쳇렌치",Expecting value: line 1 column 1 (char 0),,
qwen3.5:9b,조경가위,error,목공줄,"목공줄, 전지가위, 스패너세트, 육각렌치, 그립망치",Expecting value: line 1 column 1 (char 0),전지가위,False
qwen3.5:9b,조경가위 / 양손가위,error,목공줄,"목공줄, 손타카, 직각자, 만능렌치, 납볼망치",Expecting value: line 1 column 1 (char 0),,
qwen3.5:9b,조립톱,error,원형톱,"원형톱, 쇠톱, 접톱, 모종삽, 절단석",Expecting value: line 1 column 1 (char 0),,
qwen3.5:9b,조선낫,error,전동타카,"전동타카, 양용드라이버, 건타카, 토크렌치, 렌치",Expecting value: line 1 column 1 (char 0),,
qwen3.5:9b,조인트,error,장도리,"장도리, 니퍼, 다이스세트, 줄자, 글루건",Expecting value: line 1 column 1 (char 0),,
qwen3.5:9b,조인트 프라이어,error,다이아고날플라이어,"다이아고날플라이어, 스냅링플라이어, 플라이어렌치, 옵셋렌치, 앵글그라인더",Expecting value: line 1 column 1 (char 0),,
qwen3.5:9b,"조인트(10인치, 12인치)",error,라쳇렌치세트,"라쳇렌치세트, 편구스패너, 굽은노즈플라이어, 볼렌치세트, 소켓렌치세트",Expecting value: line 1 column 1 (char 0),,
qwen3.5:9b,조인트(첼라),error,와이어스트리퍼,"와이어스트리퍼, 전선릴, 스크레퍼, 라쳇렌치세트, 토크렌치",Expecting value: line 1 column 1 (char 0),,
qwen3.5:9b,조인트플라이어,error,스냅링플라이어,"스냅링플라이어, 다이아고날플라이어, 앵글그라인더, 옵셋렌치, 플라이어렌치",Expecting value: line 1 column 1 (char 0),,
qwen3.5:9b,조합런치셋트 1개,error,편구스패너,"편구스패너, 와이어스트리퍼, 볼렌치세트, 소켓렌치세트, 타일컷터",Expecting value: line 1 column 1 (char 0),,
qwen3.5:9b,조합렌치,error,납볼망치,"납볼망치, 만능렌치, 전동타카, 장도리, 편구스패너",Expecting value: line 1 column 1 (char 0),,
qwen3.5:9b,조합렌치세트,error,조합렌치세트,"조합렌치세트, T렌치세트, 기어렌치세트, 공구함세트, 전동공구세트",Expecting value: line 1 column 1 (char 0),,
qwen3.5:9b,조합렌치세트(13m 제외),error,클램프미터,"클램프미터, 조합렌치세트, 전동공구세트, T렌치세트, 육각렌치세트",Expecting value: line 1 column 1 (char 0),,
qwen3.5:9b,종합 철기리세트,error,철공용드릴비트세트,"철공용드릴비트세트, 철공용드릴비트, 공구함세트, 철판가위, 공구세트",Expecting value: line 1 column 1 (char 0),,
qwen3.5:9b,종합공구세트,error,공구함세트,"공구함세트, 전동공구세트, 공구세트, 정밀드라이버세트, 기어렌치세트",Expecting value: line 1 column 1 (char 0),,
qwen3.5:9b,종합공구세트2개,error,전동공구세트,"전동공구세트, 공구함세트, 공구세트, 기어렌치세트, 정밀드라이버세트",Expecting value: line 1 column 1 (char 0),,
qwen3.5:9b,종홀소,error,육각렌치,"육각렌치, 장도리, 직각자, 납볼망치, 그립망치",Expecting value: line 1 column 1 (char 0),,
qwen3.5:9b,죠홀슬(스텐딩클램프) 1개,error,만능렌치,"만능렌치, 그립망치, 직각자, 스패너세트, 임팩트드릴",Expecting value: line 1 column 1 (char 0),,
qwen3.5:9b,주먹 드라이버,error,양용드라이버,"양용드라이버, 전동드릴, 쇠지렛대, 고무망치, 해머드릴",Expecting value: line 1 column 1 (char 0),,
qwen3.5:9b,주먹드라이버,error,양용드라이버,"양용드라이버, 빠루망치, 편구스패너, 고무망치, 타일컷터",Expecting value: line 1 column 1 (char 0),,
qwen3.5:9b,주먹양용드라이버,error,양용드라이버,"양용드라이버, 목공줄, 만능렌치, 타일컷터, 빠루망치",Expecting value: line 1 column 1 (char 0),,
qwen3.5:9b,주먹양용드라이버 1개,error,목공줄,"목공줄, 전동공구세트, 만능렌치, 드릴비트, 스패너세트",Expecting value: line 1 column 1 (char 0),,
qwen3.5:9b,주먹조절도라이버,error,양용드라이버,"양용드라이버, 타일컷터, 전동드릴, 편구스패너, 와이어스트리퍼",Expecting value: line 1 column 1 (char 0),,
qwen3.5:9b,주먹조절드라이버,error,양용드라이버,"양용드라이버, 편구스패너, 타일컷터, 전동드릴, 해머드릴",Expecting value: line 1 column 1 (char 0),,
qwen3.5:9b,줄자,error,줄자,"줄자, 장도리, 빠루망치, 에어건, 만능렌치",Expecting value: line 1 column 1 (char 0),줄자,False
qwen3.5:9b,줄자 1개,error,목공줄,"목공줄, 스패너세트, 만능렌치, 드릴비트, 줄자",Expecting value: line 1 column 1 (char 0),,
qwen3.5:9b,줄자 2m,error,클램프미터,"클램프미터, 고속절단기, 전동공구세트, 공구세트, 수평기",Expecting value: line 1 column 1 (char 0),,
qwen3.5:9b,줄자 3m,error,클램프미터,"클램프미터, 고속절단기, 전동공구세트, 공구세트, 드릴비트세트",Expecting value: line 1 column 1 (char 0),,
qwen3.5:9b,줄자 3개,error,스패너세트,"스패너세트, 기어렌치세트, T렌치세트, 드릴비트세트, 공구세트",Expecting value: line 1 column 1 (char 0),,
qwen3.5:9b,"줄자 5,5m",error,클램프미터,"클램프미터, 고속절단기, 전동공구세트, 공구세트, 목공용드릴비트",Expecting value: line 1 column 1 (char 0),,
qwen3.5:9b,줄자 5.5M,error,클램프미터,"클램프미터, 고속절단기, 전동공구세트, 정밀드라이버세트, 철공용드릴비트",Expecting value: line 1 column 1 (char 0),,
qwen3.5:9b,줄자 5.5m,error,클램프미터,"클램프미터, 고속절단기, 전동공구세트, 공구세트, 정밀드라이버세트",Expecting value: line 1 column 1 (char 0),,
qwen3.5:9b,줄자 7.5m,error,클램프미터,"클램프미터, 고속절단기, 철공용드릴비트, 목공용드릴비트, 전동공구세트",Expecting value: line 1 column 1 (char 0),,
qwen3.5:9b,줄자 GL-25-75(고무캡),error,전동공구세트,"전동공구세트, 고속절단기, 별렌치세트, 공구세트, 소켓렌치세트",Expecting value: line 1 column 1 (char 0),,
qwen3.5:9b,줄자 그립퍼X,error,편구스패너,"편구스패너, 와이어스트리퍼, 소켓렌치세트, 볼렌치세트, 타일컷터",Expecting value: line 1 column 1 (char 0),,
qwen3.5:9b,줄자(1),error,스패너세트,"스패너세트, 소켓렌치세트, T렌치세트, 기어렌치세트, 볼렌치세트",Expecting value: line 1 column 1 (char 0),,
qwen3.5:9b,줄자(10m),error,클램프미터,"클램프미터, 고속절단기, 철판가위, 목공용드릴비트, 전동공구세트",Expecting value: line 1 column 1 (char 0),,
qwen3.5:9b,줄자(2),error,T렌치세트,"T렌치세트, 소켓렌치세트, 기어렌치세트, 스패너세트, 볼렌치세트",Expecting value: line 1 column 1 (char 0),,
qwen3.5:9b,줄자(2m),error,클램프미터,"클램프미터, 고속절단기, 육각렌치세트, 전동공구세트, 공구세트",Expecting value: line 1 column 1 (char 0),,
qwen3.5:9b,줄자(30M),error,클램프미터,"클램프미터, 고속절단기, 철판가위, 전동공구세트, 전동압착기",Expecting value: line 1 column 1 (char 0),,
qwen3.5:9b,줄자(3M),error,클램프미터,"클램프미터, 고속절단기, 목공용드릴비트, 철공용드릴비트, 철공용드릴비트세트",Expecting value: line 1 column 1 (char 0),,
qwen3.5:9b,줄자(3m),error,클램프미터,"클램프미터, 목공용드릴비트, 철공용드릴비트, 고속절단기, 전동공구세트",Expecting value: line 1 column 1 (char 0),,
qwen3.5:9b,줄자(5.5M),error,클램프미터,"클램프미터, 고속절단기, 철공용드릴비트, 목공용드릴비트, 철공용드릴비트세트",Expecting value: line 1 column 1 (char 0),,
qwen3.5:9b,줄자(5.5m),error,클램프미터,"클램프미터, 철공용드릴비트, 목공용드릴비트, 고속절단기, 철판가위",Expecting value: line 1 column 1 (char 0),,
qwen3.5:9b,줄자(5.5m×25mm),error,클램프미터,"클램프미터, 철공용드릴비트, 철공용드릴비트세트, 목공용드릴비트, 드릴비트세트",Expecting value: line 1 column 1 (char 0),,
qwen3.5:9b,줄자(50M),error,클램프미터,"클램프미터, 고속절단기, 철공용드릴비트, 목공용드릴비트, 철판가위",Expecting value: line 1 column 1 (char 0),,
qwen3.5:9b,줄자(50m),error,클램프미터,"클램프미터, 고속절단기, 철공용드릴비트, 철판가위, 다림추",Expecting value: line 1 column 1 (char 0),,
qwen3.5:9b,줄자(5M),error,클램프미터,"클램프미터, 고속절단기, 전동공구세트, 철공용드릴비트, 목공용드릴비트",Expecting value: line 1 column 1 (char 0),,
qwen3.5:9b,줄자(5M) 1개,error,클램프미터,"클램프미터, 전동공구세트, 공구세트, 고속절단기, 드릴비트세트",Expecting value: line 1 column 1 (char 0),,
qwen3.5:9b,"줄자(5M,2M)",error,클램프미터,"클램프미터, 철공용드릴비트, 목공용드릴비트, 고속절단기, 철공용드릴비트세트",Expecting value: line 1 column 1 (char 0),,
qwen3.5:9b,줄자(5m),error,클램프미터,"클램프미터, 고속절단기, 전동공구세트, 목공용드릴비트, 공구세트",Expecting value: line 1 column 1 (char 0),줄자,False
qwen3.5:9b,줄자(5m) 1개,error,클램프미터,"클램프미터, 전동공구세트, 공구세트, 드릴비트세트, 고속절단기",Expecting value: line 1 column 1 (char 0),,
qwen3.5:9b,줄자(5개),error,기어렌치세트,"기어렌치세트, 스패너세트, T렌치세트, 소켓렌치세트, 전동공구세트",Expecting value: line 1 column 1 (char 0),,
qwen3.5:9b,"줄자(7,5M)",error,클램프미터,"클램프미터, 고속절단기, 철공용드릴비트, 철판가위, 목공용드릴비트",Expecting value: line 1 column 1 (char 0),,
qwen3.5:9b,줄자(7.5m),error,클램프미터,"클램프미터, 고속절단기, 철공용드릴비트, 목공용드릴비트, 전동공구세트",Expecting value: line 1 column 1 (char 0),줄자,False
qwen3.5:9b,줄자(대형),error,옵셋렌치,"옵셋렌치, 라쳇렌치세트, 다이아고날플라이어, 플라이어렌치, 냉동라쳇렌치",Expecting value: line 1 column 1 (char 0),,
qwen3.5:9b,줄자(스텐리),error,와이어스트리퍼,"와이어스트리퍼, 전동타카, 편구스패너, 볼렌치세트, 다이스세트",Expecting value: line 1 column 1 (char 0),,
qwen3.5:9b,줄자(코메론),error,줄자,"줄자, 장도리, 다이스세트, 빠루망치, 전동타카",Expecting value: line 1 column 1 (char 0),,
qwen3.5:9b,줄자(타이어),error,끌세트,"끌세트, 편구스패너, 스패너세트, 파이프렌치, 전동드릴",Expecting value: line 1 column 1 (char 0),,
qwen3.5:9b,줄자2개,error,목공줄,"목공줄, 스패너세트, 드릴비트세트, 손타카, T렌치세트",Expecting value: line 1 column 1 (char 0),,
qwen3.5:9b,줄자5.5M,error,클램프미터,"클램프미터, 고속절단기, 전동공구세트, 정밀드라이버세트, 철공용드릴비트",Expecting value: line 1 column 1 (char 0),,
qwen3.5:9b,줄자세트,error,스패너세트,"스패너세트, T렌치세트, 기어렌치세트, 공구세트, 끌세트",Expecting value: line 1 column 1 (char 0),,
qwen3.5:9b,줄톱,error,접톱,"접톱, 쇠톱, 원형톱, 목공톱, 전정톱",Expecting value: line 1 column 1 (char 0),,
qwen3.5:9b,줄톱(300mm),error,클램프미터,"클램프미터, 목공용드릴비트, 철공용드릴비트, 드릴비트세트, 원형톱",Expecting value: line 1 column 1 (char 0),,
qwen3.5:9b,줄톱(30CM),error,클램프미터,"클램프미터, 목공용드릴비트, 철공용드릴비트세트, 철공용드릴비트, 고속절단기",Expecting value: line 1 column 1 (char 0),,
qwen3.5:9b,줄톱(쇠손잡이),error,쇠톱,"쇠톱, 원형톱, 접톱, 목공줄, 절단석",Expecting value: line 1 column 1 (char 0),,
qwen3.5:9b,줌라이트,error,스크레퍼,"스크레퍼, 전선릴, 고무망치, 전동드릴, 편구스패너",Expecting value: line 1 column 1 (char 0),,
qwen3.5:9b,줌헤드랜턴,error,와이어스트리퍼,"와이어스트리퍼, 양용드라이버, 커터, 편구스패너, 고무망치",Expecting value: line 1 column 1 (char 0),,
qwen3.5:9b,중망치,error,돌망치,"돌망치, 그립망치, 납볼망치, 전지가위, 빠루망치",Expecting value: line 1 column 1 (char 0),,
qwen3.5:9b,중전랜턴,error,니퍼,"니퍼, 커터, 펜치, 전지가위, 글루건",Expecting value: line 1 column 1 (char 0),,
qwen3.5:9b,중함마,error,타카,"타카, 전동타카, 장도리, 건타카, 육각렌치",Expecting value: line 1 column 1 (char 0),,
qwen3.5:9b,중해머,error,옵셋렌치,"옵셋렌치, 플라이어렌치, 다이아고날플라이어, 굽은노즈플라이어, 냉동라쳇렌치",Expecting value: line 1 column 1 (char 0),,
qwen3.5:9b,중햄머,error,에어건,"에어건, 커터, 고무망치, 빠루망치, 돌망치",Expecting value: line 1 column 1 (char 0),,
qwen3.5:9b,쥐꼬리 톱날,error,원형톱,"원형톱, 쇠톱, 왕복톱(레시프로쏘), 접톱, 목공톱",Expecting value: line 1 column 1 (char 0),,
qwen3.5:9b,쥐꼬리톱,error,원형톱,"원형톱, 목공톱, 쇠톱, 왕복톱(레시프로쏘), 접톱",Expecting value: line 1 column 1 (char 0),,
qwen3.5:9b,쥐톱,error,원형톱,"원형톱, 쇠톱, 접톱, 목공톱, 전정톱",Expecting value: line 1 column 1 (char 0),,
qwen3.5:9b,지갑톱,error,접톱,"접톱, 쇠톱, 원형톱, 절단석, 손타카",Expecting value: line 1 column 1 (char 0),,
qwen3.5:9b,지그톱,error,절단석,"절단석, 목공줄, 손타카, 원형톱, 쇠톱",Expecting value: line 1 column 1 (char 0),,
qwen3.5:9b,지렛대(빠루),error,냉동라쳇렌치,"냉동라쳇렌치, 앤드컷팅니퍼, 다이아고날플라이어, 버니어캘리퍼스, 옵셋렌치",Expecting value: line 1 column 1 (char 0),,
qwen3.5:9b,지팡이,error,목공줄,"목공줄, 드릴비트, 절단석, 쇠톱, 스패너",Expecting value: line 1 column 1 (char 0),,
qwen3.5:9b,지팡이 보행보조기,error,전지가위,"전지가위, 안전로프, 전동압착기, 정밀드라이버세트, 목공줄",Expecting value: line 1 column 1 (char 0),,
qwen3.5:9b,직각자,error,직각자,"직각자, 납볼망치, 만능렌치, 그립망치, 돌망치",Expecting value: line 1 column 1 (char 0),,
qwen3.5:9b,직각자 1개,error,직각자,"직각자, 스패너세트, 만능렌치, 소켓렌치세트, T렌치세트",Expecting value: line 1 column 1 (char 0),,
qwen3.5:9b,직소,error,직소기,"직소기, 공구함, 글루스틱, 공구함세트, T렌치세트",Expecting value: line 1 column 1 (char 0),직소기,False
qwen3.5:9b,직소 1개,error,직소기,"직소기, T렌치세트, 스패너세트, 기어렌치세트, 직각자",Expecting value: line 1 column 1 (char 0),,
qwen3.5:9b,직소 절단용(합판철판),error,철공용드릴비트세트,"철공용드릴비트세트, 목공용접톱, 철공용드릴비트, 목공용드릴비트, 철판가위",Expecting value: line 1 column 1 (char 0),,
qwen3.5:9b,"직소(합판, 철판)",error,목공용접톱,"목공용접톱, 철공용드릴비트세트, 직소기, 공구함세트, 목공용드릴비트",Expecting value: line 1 column 1 (char 0),,
qwen3.5:9b,"직소(합판,철판절단)",error,철공용드릴비트세트,"철공용드릴비트세트, 철공용드릴비트, 목공용접톱, 목공용드릴비트, 철판가위",Expecting value: line 1 column 1 (char 0),,
qwen3.5:9b,"직소(힙판, 철판 절단용)",error,철공용드릴비트세트,"철공용드릴비트세트, 목공용드릴비트, 직소기, 목공용접톱, 철공용드릴비트",Expecting value: line 1 column 1 (char 0),,
qwen3.5:9b,직소+날,error,만능렌치,"만능렌치, 빠루망치, 전지가위, 납볼망치, 그립망치",Expecting value: line 1 column 1 (char 0),,
qwen3.5:9b,직소기,error,직소기,"직소기, 공구함세트, 글루스틱, 공구세트, T렌치세트",Expecting value: line 1 column 1 (char 0),직소기,False
qwen3.5:9b,직소기(GST75BE),error,SDS드릴비트,"SDS드릴비트, 정밀드라이버세트, 철공용드릴비트세트, 비트세트, 전동공구세트",Expecting value: line 1 column 1 (char 0),,
qwen3.5:9b,직소기(전기왕복톱),error,목공용드릴비트,"목공용드릴비트, 철공용드릴비트, 철공용드릴비트세트, 공구세트, 공구함세트",Expecting value: line 1 column 1 (char 0),,
qwen3.5:9b,직소기(카터기),error,직소기,"직소기, 목공용드릴비트, 공구함세트, 공구세트, 목공줄",Expecting value: line 1 column 1 (char 0),,
qwen3.5:9b,직소기3개,error,T렌치세트,"T렌치세트, 공구함세트, 기어렌치세트, 조합렌치세트, 스패너세트",Expecting value: line 1 column 1 (char 0),,
qwen3.5:9b,직소날,error,빠루망치,"빠루망치, 그립망치, 전지가위, 만능렌치, 돌망치",Expecting value: line 1 column 1 (char 0),,
qwen3.5:9b,직소날,error,빠루망치,"빠루망치, 그립망치, 전지가위, 만능렌치, 돌망치",Expecting value: line 1 column 1 (char 0),,
qwen3.5:9b,직소날 철판용,error,철판가위,"철판가위, 철공용드릴비트, 철공용드릴비트세트, 목공용드릴비트, 고속절단기",Expecting value: line 1 column 1 (char 0),,
qwen3.5:9b,직소날(목재용),error,송풍기,"송풍기, 전지가위, 육각렌치, 고지가위, 목공줄",Expecting value: line 1 column 1 (char 0),,
qwen3.5:9b,"직소날(목재용,5P)",error,고속절단기,"고속절단기, 전동공구세트, 육각렌치세트, 기어렌치세트, 드릴비트세트",Expecting value: line 1 column 1 (char 0),,
qwen3.5:9b,직소날(보쉬),error,빠루망치,"빠루망치, 만능렌치, 고무망치, 납볼망치, 그립망치",Expecting value: line 1 column 1 (char 0),,
qwen3.5:9b,직소날(철판용),error,고속절단기,"고속절단기, 송풍기, 철판가위, 수평기, 전동압착기",Expecting value: line 1 column 1 (char 0),,
qwen3.5:9b,"직소날(철판용,5P)",error,철공용드릴비트,"철공용드릴비트, 철공용드릴비트세트, 고속절단기, 목공용드릴비트, 클램프미터",Expecting value: line 1 column 1 (char 0),,
qwen3.5:9b,직소절단용(합판철판),error,철공용드릴비트세트,"철공용드릴비트세트, 철공용드릴비트, 목공용드릴비트, 철판가위, 공구함세트",Expecting value: line 1 column 1 (char 0),,
qwen3.5:9b,직쏘,error,스패너,"스패너, 커터, 장도리, 에어건, 빠루망치",Expecting value: line 1 column 1 (char 0),,
qwen3.5:9b,진공펌프,error,에어펌프,"에어펌프, 목공용드릴비트, 철공용드릴비트, 고속절단기, 클램프미터",Expecting value: line 1 column 1 (char 0),,
qwen3.5:9b,진동드릴,error,해머드릴,"해머드릴, 전동드릴, 임팩트드릴, 만능렌치, 빠루망치",Expecting value: line 1 column 1 (char 0),,
qwen3.5:9b,진동드릴 GSB 10RE,error,전동공구세트,"전동공구세트, SDS드릴비트, 고속절단기, 정밀드라이버세트, 강력니퍼",Expecting value: line 1 column 1 (char 0),,
qwen3.5:9b,진드기 청소기,error,타일컷터,"타일컷터, 스프링배관청소기, 목공줄, 해머드릴, 만능렌치",Expecting value: line 1 column 1 (char 0),,
qwen3.5:9b,진드기청소기,error,스프링배관청소기,"스프링배관청소기, 목공줄, 전지가위, 전동압착기, 직소기",Expecting value: line 1 column 1 (char 0),,
qwen3.5:9b,진정톱,error,전정톱,"전정톱, 접톱, 쇠톱, 원형톱, 절단석",Expecting value: line 1 column 1 (char 0),,
qwen3.5:9b,진정톱(곡선),error,스패너세트,"스패너세트, 다림추, 끌세트, 원형톱, T렌치세트",Expecting value: line 1 column 1 (char 0),,
qwen3.5:9b,짐벌,error,고무망치,"고무망치, 에어건, 전선릴, 렌치, 전동드릴",Expecting value: line 1 column 1 (char 0),,
qwen3.5:9b,집먼지진드기 청소기,error,스프링배관청소기,"스프링배관청소기, 목공용드릴비트, 고속절단기, 목공줄, 충전드릴",Expecting value: line 1 column 1 (char 0),,
qwen3.5:9b,집진기연동장치 1개,error,전동공구세트,"전동공구세트, 공구세트, 드릴비트세트, 기어렌치세트, 정밀드라이버세트",Expecting value: line 1 column 1 (char 0),,
qwen3.5:9b,집진커버,error,전지가위,"전지가위, 육각렌치세트, 목공줄, 직각자, 납볼망치",Expecting value: line 1 column 1 (char 0),,
qwen3.5:9b,집톱,error,목공톱,"목공톱, 쇠톱, 원형톱, 접톱, 왕복톱(레시프로쏘)",Expecting value: line 1 column 1 (char 0),접톱,False
qwen3.5:9b,쪽가위,error,모종삽,"모종삽, 편구스패너, 스패너세트, 육각렌치, 장도리",Expecting value: line 1 column 1 (char 0),,
qwen3.5:9b,쪽가위(다목적가위),error,전지가위,"전지가위, 납볼망치, 기어렌치세트, T렌치세트, 직각자",Expecting value: line 1 column 1 (char 0),,
qwen3.5:9b,차단릴,error,그립망치,"그립망치, 절단석, 빠루망치, 목공줄, 돌망치",Expecting value: line 1 column 1 (char 0),,
qwen3.5:9b,차단릴선,error,목공줄,"목공줄, 모종삽, 원형톱, 그립망치, 빠루망치",Expecting value: line 1 column 1 (char 0),,
qwen3.5:9b,차량 광택기,error,드라이버세트,"드라이버세트, 드라이버, 정밀드라이버세트, 핸드카트, T핸드드라이버",Expecting value: line 1 column 1 (char 0),,
qwen3.5:9b,차량용 공구세트,error,드라이버세트,"드라이버세트, 정밀드라이버세트, 전동공구세트, 공구세트, 드라이버",Expecting value: line 1 column 1 (char 0),,
qwen3.5:9b,차량용 에어컴프레셔,error,드라이버세트,"드라이버세트, 드라이버, 에어컴프레서, 끌세트, 핸드카트",Expecting value: line 1 column 1 (char 0),,
qwen3.5:9b,차량용 에어펌프,error,에어펌프,"에어펌프, 드라이버세트, 목공용드릴비트, 철공용드릴비트, T핸드드라이버",Expecting value: line 1 column 1 (char 0),,
qwen3.5:9b,차량용 점프선,error,점프케이블,"점프케이블, T핸드드라이버, 드라이버세트, 드라이버, 안전로프",Expecting value: line 1 column 1 (char 0),,
qwen3.5:9b,차량용 진공청소기,error,스프링배관청소기,"스프링배관청소기, 드라이버세트, 고속절단기, 정밀드라이버세트, 목공용드릴비트",Expecting value: line 1 column 1 (char 0),,
qwen3.5:9b,"차량용,가정용 공구세트",error,드라이버세트,"드라이버세트, 정밀드라이버세트, T핸드드라이버, 핸드카트, 드라이버",Expecting value: line 1 column 1 (char 0),,
qwen3.5:9b,참브러쉬,error,핀펀치,"핀펀치, 플라이어, 플라이어렌치, 렌치, 몽키렌치",Expecting value: line 1 column 1 (char 0),,
qwen3.5:9b,창문 로봇 청소기,error,스프링배관청소기,"스프링배관청소기, 목공용드릴비트, 정밀드라이버세트, 목공줄, 임팩트드라이버",Expecting value: line 1 column 1 (char 0),,
qwen3.5:9b,창문 로봇청소기,error,스프링배관청소기,"스프링배관청소기, 정밀드라이버세트, 목공용드릴비트, 전자산업용니퍼, 임팩트드라이버",Expecting value: line 1 column 1 (char 0),,
qwen3.5:9b,창문로봇청소기,error,스프링배관청소기,"스프링배관청소기, 전자산업용니퍼, 정밀드라이버세트, 목공용드릴비트, 고속절단기",Expecting value: line 1 column 1 (char 0),,
qwen3.5:9b,채혈침,error,먹통,"먹통, 그립망치, 절단석, 돌망치, 목공줄",Expecting value: line 1 column 1 (char 0),,
qwen3.5:9b,천막,error,수평기,"수평기, 먹통, 고지가위, 돌망치, 육각렌치",Expecting value: line 1 column 1 (char 0),,
qwen3.5:9b,천체망원경,error,라돈측정기,"라돈측정기, 별렌치세트, 레이저거리측정기, 육각렌치세트, 레이저수평기",Expecting value: line 1 column 1 (char 0),,
qwen3.5:9b,철공구박스,error,철공용드릴비트세트,"철공용드릴비트세트, 철공용드릴비트, 철판가위, 목공용드릴비트, 드릴비트세트",Expecting value: line 1 column 1 (char 0),,
qwen3.5:9b,철공용톱 1개,error,철공용드릴비트세트,"철공용드릴비트세트, 철공용드릴비트, 철판가위, 원형톱, 드릴비트세트",Expecting value: line 1 column 1 (char 0),,
qwen3.5:9b,철근갓다,error,타일컷터,"타일컷터, 목공줄, 편구스패너, 소켓렌치세트, 스패너세트",Expecting value: line 1 column 1 (char 0),,
qwen3.5:9b,철근갓다(600mm),error,철공용드릴비트,"철공용드릴비트, 철공용드릴비트세트, 클램프미터, 철판가위, 목공용드릴비트",Expecting value: line 1 column 1 (char 0),,
qwen3.5:9b,철근갓다(대),error,쇠지렛대,"쇠지렛대, 와이어스트리퍼, 타일컷터, 앤드컷팅니퍼, 편구스패너",Expecting value: line 1 column 1 (char 0),,
qwen3.5:9b,철근갓다(소),error,철판가위,"철판가위, 목공줄, 육각렌치, 강력니퍼, 석고대패",Expecting value: line 1 column 1 (char 0),,
qwen3.5:9b,철근절단기,error,철공용드릴비트,"철공용드릴비트, 철공용드릴비트세트, 철판가위, 목공용드릴비트, 목공줄",Expecting value: line 1 column 1 (char 0),,
qwen3.5:9b,철근캇타,error,목공줄,"목공줄, 카운터싱크, 스패너세트, 소켓렌치세트, 만능렌치",Expecting value: line 1 column 1 (char 0),,
qwen3.5:9b,철기리,error,철판가위,"철판가위, 철공용드릴비트, 철공용드릴비트세트, 절단석, 직소기",Expecting value: line 1 column 1 (char 0),철공용드릴비트,False
qwen3.5:9b,철기리 1세트,error,소켓렌치세트,"소켓렌치세트, 스패너세트, 끌세트, 공구세트, T렌치세트",Expecting value: line 1 column 1 (char 0),,
qwen3.5:9b,철기리 세트,error,철공용드릴비트세트,"철공용드릴비트세트, 철공용드릴비트, 공구함세트, 철판가위, 공구세트",Expecting value: line 1 column 1 (char 0),,
qwen3.5:9b,철기리세트,error,철공용드릴비트세트,"철공용드릴비트세트, 철공용드릴비트, 철판가위, 공구함세트, 공구세트",Expecting value: line 1 column 1 (char 0),,
qwen3.5:9b,철기리셋,error,철공용드릴비트세트,"철공용드릴비트세트, 공구세트, 철판가위, 철공용드릴비트, 공구함세트",Expecting value: line 1 column 1 (char 0),,
qwen3.5:9b,철기리피스,error,공구세트,"공구세트, 절단석, 원형톱, 철판가위, 강력니퍼",Expecting value: line 1 column 1 (char 0),,
qwen3.5:9b,철사뭉치,error,철판가위,"철판가위, 석고대패, 공구세트, 전동압착기, 드릴비트세트",Expecting value: line 1 column 1 (char 0),,
qwen3.5:9b,철삽,error,철공용드릴비트세트,"철공용드릴비트세트, 철공용드릴비트, 철판가위, 절단석, 쇠톱",Expecting value: line 1 column 1 (char 0),,
qwen3.5:9b,철자,error,전지가위,"전지가위, 손타카, 목공줄, 스패너, 돌망치",Expecting value: line 1 column 1 (char 0),,
qwen3.5:9b,철자 (100cm),error,클램프미터,"클램프미터, 철공용드릴비트, 철판가위, 목공용드릴비트, 철공용드릴비트세트",Expecting value: line 1 column 1 (char 0),,
qwen3.5:9b,철재 공구통,error,철공용드릴비트세트,"철공용드릴비트세트, 철판가위, 철공용드릴비트, 목공용드릴비트, 공구함세트",Expecting value: line 1 column 1 (char 0),,
qwen3.5:9b,철재공구통,error,철공용드릴비트세트,"철공용드릴비트세트, 철공용드릴비트, 철판가위, 석고대패, 목공용드릴비트",Expecting value: line 1 column 1 (char 0),,
qwen3.5:9b,철재공구함,error,철공용드릴비트세트,"철공용드릴비트세트, 철공용드릴비트, 철판가위, 공구함세트, 석고대패",Expecting value: line 1 column 1 (char 0),,
qwen3.5:9b,철제 헤라,error,냉동라쳇렌치,"냉동라쳇렌치, 다이아고날플라이어, 옵셋렌치, 스냅링플라이어, 앤드컷팅니퍼",Expecting value: line 1 column 1 (char 0),,
qwen3.5:9b,철제공구통,error,철판가위,"철판가위, 철공용드릴비트, 철공용드릴비트세트, 목공용드릴비트, 석고대패",Expecting value: line 1 column 1 (char 0),,
qwen3.5:9b,철제톱,error,쇠톱,"쇠톱, 원형톱, 접톱, 절단석, 목공줄",Expecting value: line 1 column 1 (char 0),,
qwen3.5:9b,철줄자,error,목공줄,"목공줄, 그립망치, 스패너, 줄자, 빠루망치",Expecting value: line 1 column 1 (char 0),,
qwen3.5:9b,철직자 5개,error,전동공구세트,"전동공구세트, 기어렌치세트, T렌치세트, 공구세트, 전지가위",Expecting value: line 1 column 1 (char 0),,
qwen3.5:9b,철톱,error,손타카,"손타카, 절단석, 스패너, 돌망치, 그립망치",Expecting value: line 1 column 1 (char 0),,
qwen3.5:9b,철판가위,error,철판가위,"철판가위, 철공용드릴비트, 목공줄, 다림추, 전지가위",Expecting value: line 1 column 1 (char 0),,
qwen3.5:9b,철판가위(평형),error,철판가위,"철판가위, 철공용드릴비트, 철공용드릴비트세트, 목공용드릴비트, 클램프미터",Expecting value: line 1 column 1 (char 0),,
qwen3.5:9b,철판기리/6MM,error,철공용드릴비트,"철공용드릴비트, 철공용드릴비트세트, 철판가위, 클램프미터, 목공용드릴비트",Expecting value: line 1 column 1 (char 0),,
qwen3.5:9b,철판기리세트,error,철공용드릴비트세트,"철공용드릴비트세트, 철공용드릴비트, 철판가위, 목공용드릴비트, 공구함세트",Expecting value: line 1 column 1 (char 0),,
qwen3.5:9b,철판드릴 비트,error,철공용드릴비트,"철공용드릴비트, 목공용드릴비트, 드릴비트세트, 드릴비트, 철공용드릴비트세트",Expecting value: line 1 column 1 (char 0),,
qwen3.5:9b,철판드릴비트,error,철공용드릴비트,"철공용드릴비트, 목공용드릴비트, 드릴비트세트, 드릴비트, 철판가위",Expecting value: line 1 column 1 (char 0),철공용드릴비트,False
qwen3.5:9b,청소기maktec,error,스프링배관청소기,"스프링배관청소기, 목공줄, 충전드릴, 고속절단기, 전지가위",Expecting value: line 1 column 1 (char 0),,
qwen3.5:9b,청소기연동장치 1개,error,스프링배관청소기,"스프링배관청소기, 소켓렌치세트, 전동공구세트, 타일컷터, 끌세트",Expecting value: line 1 column 1 (char 0),,
qwen3.5:9b,체스,error,테이블톱,"테이블톱, 연마석, 카운터싱크, 다림추, 기어렌치세트",Expecting value: line 1 column 1 (char 0),,
qwen3.5:9b,체온계,error,만능렌치,"만능렌치, 가스토치, 육각렌치, 수평기, 빠루망치",Expecting value: line 1 column 1 (char 0),,
qwen3.5:9b,체인 커터기,error,목공용드릴비트,"목공용드릴비트, 철판가위, 철공용드릴비트, 드릴비트세트, 전동압착기",Expecting value: line 1 column 1 (char 0),,
qwen3.5:9b,체인렌치(550mm),error,클램프미터,"클램프미터, 철공용드릴비트, 고속절단기, 정밀드라이버세트, 철공용드릴비트세트",Expecting value: line 1 column 1 (char 0),,
qwen3.5:9b,체인톱,error,원형톱,"원형톱, 쇠톱, 목공줄, 스패너, 끌세트",Expecting value: line 1 column 1 (char 0),,
qwen3.5:9b,첼라,error,스크레퍼,"스크레퍼, 전선릴, 렌치, 플라이어, 핀펀치",Expecting value: line 1 column 1 (char 0),워터펌프플라이어,False
qwen3.5:9b,첼라,error,스크레퍼,"스크레퍼, 전선릴, 렌치, 플라이어, 핀펀치",Expecting value: line 1 column 1 (char 0),워터펌프플라이어,False
qwen3.5:9b,첼라,error,스크레퍼,"스크레퍼, 전선릴, 렌치, 플라이어, 핀펀치",Expecting value: line 1 column 1 (char 0),워터펌프플라이어,False
qwen3.5:9b,첼라 / 체널락,error,소켓렌치세트,"소켓렌치세트, 스패너세트, 기어렌치세트, T렌치세트, 볼렌치세트",Expecting value: line 1 column 1 (char 0),,
qwen3.5:9b,첼라 10'' 1개,error,소켓렌치세트,"소켓렌치세트, 만능렌치, 편구스패너, 스패너세트, 볼렌치세트",Expecting value: line 1 column 1 (char 0),,
qwen3.5:9b,"첼라 10,12인치",error,소켓렌치세트,"소켓렌치세트, 볼렌치세트, 스패너세트, 편구스패너, 만능렌치",Expecting value: line 1 column 1 (char 0),,
qwen3.5:9b,첼라 1개,error,편구스패너,"편구스패너, 전선릴, 스크레퍼, 쇠지렛대, 굽은노즈플라이어",Expecting value: line 1 column 1 (char 0),,
qwen3.5:9b,첼라 2개,error,편구스패너,"편구스패너, 스크레퍼, 전선릴, 볼렌치세트, 쇠지렛대",Expecting value: line 1 column 1 (char 0),,
qwen3.5:9b,첼라 300,error,소켓렌치세트,"소켓렌치세트, 볼렌치세트, 스패너세트, 편구스패너, 스크레퍼",Expecting value: line 1 column 1 (char 0),워터펌프플라이어,False
qwen3.5:9b,첼라 300mm,error,별렌치세트,"별렌치세트, 소켓렌치세트, 클램프미터, 스패너세트, 전동공구세트",Expecting value: line 1 column 1 (char 0),,
qwen3.5:9b,첼라(1),error,볼렌치세트,"볼렌치세트, 스크레퍼, 라쳇렌치세트, 편구스패너, 소켓렌치세트",Expecting value: line 1 column 1 (char 0),,
qwen3.5:9b,"첼라(10#,12#)",error,소켓렌치세트,"소켓렌치세트, 기어렌치세트, 조합렌치세트, 볼렌치세트, T렌치세트",Expecting value: line 1 column 1 (char 0),,
qwen3.5:9b,첼라(10'),error,소켓렌치세트,"소켓렌치세트, 볼렌치세트, 스패너세트, 기어렌치세트, T렌치세트",Expecting value: line 1 column 1 (char 0),,
qwen3.5:9b,첼라(10) 3개,error,소켓렌치세트,"소켓렌치세트, 스패너세트, 볼렌치세트, 기어렌치세트, T렌치세트",Expecting value: line 1 column 1 (char 0),,
qwen3.5:9b,"첼라(10,12#)",error,소켓렌치세트,"소켓렌치세트, 볼렌치세트, 기어렌치세트, 스패너세트, T렌치세트",Expecting value: line 1 column 1 (char 0),,
qwen3.5:9b,첼라(10인치),error,냉동라쳇렌치,"냉동라쳇렌치, 다이아고날플라이어, 옵셋렌치, 앵글그라인더, 플라이어렌치",Expecting value: line 1 column 1 (char 0),,
qwen3.5:9b,첼라(12'),error,소켓렌치세트,"소켓렌치세트, 볼렌치세트, T렌치세트, 기어렌치세트, 다이스세트",Expecting value: line 1 column 1 (char 0),,
qwen3.5:9b,첼라(2),error,볼렌치세트,"볼렌치세트, 소켓렌치세트, 스패너세트, T렌치세트, 스크레퍼",Expecting value: line 1 column 1 (char 0),,
qwen3.5:9b,첼라(대),error,냉동라쳇렌치,"냉동라쳇렌치, 옵셋렌치, 버니어캘리퍼스, 앤드컷팅니퍼, 플라이어렌치",Expecting value: line 1 column 1 (char 0),,
qwen3.5:9b,첼라(소),error,전동타카,"전동타카, 건타카, 전지가위, 육각렌치, 빠루망치",Expecting value: line 1 column 1 (char 0),,
qwen3.5:9b,첼라(워터펌프 플라이어),error,워터펌프플라이어,"워터펌프플라이어, 충전해머드릴, 드릴비트세트, 파이프렌치, 끌세트",Expecting value: line 1 column 1 (char 0),,
qwen3.5:9b,첼라(워터펌프플라이어),error,워터펌프플라이어,"워터펌프플라이어, 충전해머드릴, 굽은노즈플라이어, 라쳇렌치세트, 옵셋렌치",Expecting value: line 1 column 1 (char 0),,
qwen3.5:9b,첼라(워터펌프플라이어)12',error,워터펌프플라이어,"워터펌프플라이어, 충전해머드릴, 라쳇렌치세트, 옵셋렌치, 굽은노즈플라이어",Expecting value: line 1 column 1 (char 0),,
qwen3.5:9b,첼라(워터펌프플라이어)12'',error,워터펌프플라이어,"워터펌프플라이어, 소켓렌치세트, 충전해머드릴, 볼렌치세트, 에어컴프레서",Expecting value: line 1 column 1 (char 0),,
qwen3.5:9b,첼라12',error,스크레퍼,"스크레퍼, 편구스패너, 라쳇렌치세트, 와이어스트리퍼, 전선릴",Expecting value: line 1 column 1 (char 0),,
qwen3.5:9b,초경 홀쏘,error,스크레퍼,"스크레퍼, 편구스패너, 만능렌치, 고무망치, 전선릴",Expecting value: line 1 column 1 (char 0),,
qwen3.5:9b,초정밀드라이버,error,직각자,"직각자, 전동공구세트, 육각렌치, 전동압착기, 만능렌치",Expecting value: line 1 column 1 (char 0),,
qwen3.5:9b,축구공,error,전동타카,"전동타카, 볼렌치, 전선릴, 빠루망치, 장도리",Expecting value: line 1 column 1 (char 0),,
qwen3.5:9b,충전 / 휴대용 에어펌프 / 공기압 주입기,error,충전임팩트드라이버,"충전임팩트드라이버, 에어펌프, 목공용드릴비트, 철공용드릴비트, 충전드릴",Expecting value: line 1 column 1 (char 0),,
qwen3.5:9b,충전 그라인더,error,충전해머드릴,"충전해머드릴, 다이아고날플라이어, 스냅링플라이어, 옵셋렌치, 굽은노즈플라이어",Expecting value: line 1 column 1 (char 0),앵글그라인더,False
qwen3.5:9b,충전 드라이버 드릴,error,충전드릴,"충전드릴, 충전임팩트드라이버, 충전해머드릴, 배터리팩, 드라이버세트",Expecting value: line 1 column 1 (char 0),,
qwen3.5:9b,충전 드라이버/렌치,error,충전임팩트드라이버,"충전임팩트드라이버, 충전드릴, 배터리팩, 충전해머드릴, 드라이버세트",Expecting value: line 1 column 1 (char 0),,
qwen3.5:9b,충전 드라이버드릴,error,충전드릴,"충전드릴, 충전해머드릴, 충전임팩트드라이버, 드라이버세트, 전동드릴",Expecting value: line 1 column 1 (char 0),,
qwen3.5:9b,충전 드라이버드릴(16V),error,충전임팩트드라이버,"충전임팩트드라이버, 배터리팩, 충전드릴, 전기인두, 고속절단기",Expecting value: line 1 column 1 (char 0),,
qwen3.5:9b,충전 드라이버드릴(18V),error,충전임팩트드라이버,"충전임팩트드라이버, 배터리팩, 충전드릴, 전기인두, 고속절단기",Expecting value: line 1 column 1 (char 0),,
qwen3.5:9b,충전 드릴,error,충전드릴,"충전드릴, 충전임팩트드라이버, 전기인두, 드릴비트, 배터리팩",Expecting value: line 1 column 1 (char 0),,
qwen3.5:9b,충전 드릴 드라이버,error,충전임팩트드라이버,"충전임팩트드라이버, 충전드릴, 배터리팩, 드라이버세트, 전기인두",Expecting value: line 1 column 1 (char 0),,
qwen3.5:9b,충전 멀티커터,error,충전임팩트드라이버,"충전임팩트드라이버, 배터리팩, 충전드릴, 전기인두, 멀티테스터",Expecting value: line 1 column 1 (char 0),,
qwen3.5:9b,충전 무선글루건,error,충전임팩트드라이버,"충전임팩트드라이버, 충전드릴, 배터리팩, 고속절단기, 전기인두",Expecting value: line 1 column 1 (char 0),,
qwen3.5:9b,충전 미니 드릴,error,충전임팩트드라이버,"충전임팩트드라이버, 충전드릴, 배터리팩, 목공용드릴비트, 철공용드릴비트",Expecting value: line 1 column 1 (char 0),,
qwen3.5:9b,충전 미니 송풍기,error,충전임팩트드라이버,"충전임팩트드라이버, 충전드릴, 목공용드릴비트, 고속절단기, 철공용드릴비트",Expecting value: line 1 column 1 (char 0),,
qwen3.5:9b,충전 브로와,error,충전해머드릴,"충전해머드릴, 충전드릴, 전동드릴, 고압세척기, 타일컷터",Expecting value: line 1 column 1 (char 0),,
qwen3.5:9b,충전 송풍기,error,충전임팩트드라이버,"충전임팩트드라이버, 충전드릴, 배터리팩, 전기인두, 철공용드릴비트",Expecting value: line 1 column 1 (char 0),,
qwen3.5:9b,충전 스크류 드라이버,error,충전임팩트드라이버,"충전임팩트드라이버, 배터리팩, 충전드릴, 전기인두, 정밀드라이버세트",Expecting value: line 1 column 1 (char 0),,
qwen3.5:9b,충전 스크류드라이버,error,충전임팩트드라이버,"충전임팩트드라이버, 배터리팩, 충전드릴, 전기인두, 고속절단기",Expecting value: line 1 column 1 (char 0),,
qwen3.5:9b,충전 임팩 드라이버,error,충전드릴,"충전드릴, 충전해머드릴, 충전임팩트드라이버, 드라이버세트, 배터리팩",Expecting value: line 1 column 1 (char 0),,
qwen3.5:9b,충전 임팩 전동드릴,error,충전드릴,"충전드릴, 충전임팩트드라이버, 충전해머드릴, 고속절단기, 전동공구세트",Expecting value: line 1 column 1 (char 0),,
qwen3.5:9b,충전 임팩드라이버,error,충전임팩트드라이버,"충전임팩트드라이버, 충전드릴, 배터리팩, 전기인두, 고속절단기",Expecting value: line 1 column 1 (char 0),충전임팩트드라이버,False
qwen3.5:9b,충전 임팩드릴,error,충전해머드릴,"충전해머드릴, 충전드릴, 전동드릴, 해머드릴, 타일컷터",Expecting value: line 1 column 1 (char 0),,
qwen3.5:9b,충전 임팩전동드릴,error,충전드릴,"충전드릴, 충전임팩트드라이버, 고속절단기, 충전해머드릴, 전동공구세트",Expecting value: line 1 column 1 (char 0),,
qwen3.5:9b,충전 임팩트 드라이버,error,충전임팩트드라이버,"충전임팩트드라이버, 충전드릴, 배터리팩, 전기인두, 드라이버세트",Expecting value: line 1 column 1 (char 0),,
qwen3.5:9b,충전 임팩트 드라이버(Aimsak AI 414M),error,충전임팩트드라이버,"충전임팩트드라이버, 배터리팩, 고속절단기, 충전드릴, 전자산업용니퍼",Expecting value: line 1 column 1 (char 0),,
qwen3.5:9b,충전 전동 드라이버,error,충전임팩트드라이버,"충전임팩트드라이버, 충전드릴, 배터리팩, 충전해머드릴, 전기인두",Expecting value: line 1 column 1 (char 0),,
qwen3.5:9b,충전 전동 해머드릴 (무선),error,충전임팩트드라이버,"충전임팩트드라이버, 충전드릴, 전기인두, 배터리팩, 고속절단기",Expecting value: line 1 column 1 (char 0),,
qwen3.5:9b,충전 전동그라인더,error,냉동라쳇렌치,"냉동라쳇렌치, 다이아고날플라이어, 바이스그립플라이어, 충전해머드릴, 앵글그라인더",Expecting value: line 1 column 1 (char 0),,
qwen3.5:9b,충전 전동드릴,error,충전드릴,"충전드릴, 충전임팩트드라이버, 충전해머드릴, 고속절단기, 전동압착기",Expecting value: line 1 column 1 (char 0),충전드릴,False
qwen3.5:9b,충전 전동드릴(계양),error,충전임팩트드라이버,"충전임팩트드라이버, 충전드릴, 전기인두, 배터리팩, 고속절단기",Expecting value: line 1 column 1 (char 0),충전드릴,False
qwen3.5:9b,충전 전동드릴(보쉬),error,충전임팩트드라이버,"충전임팩트드라이버, 충전드릴, 배터리팩, 전기인두, 고속절단기",Expecting value: line 1 column 1 (char 0),충전드릴,False
qwen3.5:9b,충전 전동드릴(아임삭),error,충전임팩트드라이버,"충전임팩트드라이버, 충전드릴, 충전해머드릴, 배터리팩, 전기인두",Expecting value: line 1 column 1 (char 0),충전드릴,False
qwen3.5:9b,충전 콤보 세트,error,충전임팩트드라이버,"충전임팩트드라이버, 배터리팩, 충전드릴, 전기인두, 클램프미터",Expecting value: line 1 column 1 (char 0),,
qwen3.5:9b,충전 함마드릴,error,충전드릴,"충전드릴, 충전해머드릴, 임팩트드릴, 전동압착기, 드릴비트",Expecting value: line 1 column 1 (char 0),,
qwen3.5:9b,충전 함마드릴 드라이버,error,충전드릴,"충전드릴, 충전임팩트드라이버, 드라이버세트, 드라이버, 배터리팩",Expecting value: line 1 column 1 (char 0),,
qwen3.5:9b,충전 해머 드릴 드라이버,error,충전임팩트드라이버,"충전임팩트드라이버, 충전드릴, 배터리팩, 드라이버세트, 전기인두",Expecting value: line 1 column 1 (char 0),,
qwen3.5:9b,충전 해머드릴,error,충전해머드릴,"충전해머드릴, 충전드릴, 해머드릴, 전동드릴, 타일컷터",Expecting value: line 1 column 1 (char 0),충전해머드릴,False
qwen3.5:9b,충전 해머드릴 보쉬,error,충전드릴,"충전드릴, 충전해머드릴, 해머드릴, 임팩트드릴, 만능렌치",Expecting value: line 1 column 1 (char 0),,
qwen3.5:9b,충전 해머드릴(콘크리트드릴),error,충전임팩트드라이버,"충전임팩트드라이버, 충전드릴, 철공용드릴비트, 배터리팩, 목공용드릴비트",Expecting value: line 1 column 1 (char 0),,
qwen3.5:9b,충전 햄머드릴,error,충전드릴,"충전드릴, 드릴비트, 충전해머드릴, 목공줄, 해머드릴",Expecting value: line 1 column 1 (char 0),,
qwen3.5:9b,충전 햄머드릴(18V),error,충전임팩트드라이버,"충전임팩트드라이버, 충전드릴, 목공용드릴비트, 고속절단기, 철공용드릴비트",Expecting value: line 1 column 1 (char 0),,
qwen3.5:9b,충전 헤머드릴,error,충전해머드릴,"충전해머드릴, 해머드릴, 전동드릴, 타일컷터, 와이어스트리퍼",Expecting value: line 1 column 1 (char 0),충전해머드릴,False
qwen3.5:9b,충전공구,error,충전임팩트드라이버,"충전임팩트드라이버, 충전드릴, 배터리팩, 전기인두, 고속절단기",Expecting value: line 1 column 1 (char 0),,
qwen3.5:9b,충전그라인더,error,충전해머드릴,"충전해머드릴, 전동드라이버, 옵셋렌치, 굽은노즈플라이어, 다이아고날플라이어",Expecting value: line 1 column 1 (char 0),,
qwen3.5:9b,충전기,error,충전임팩트드라이버,"충전임팩트드라이버, 배터리팩, 충전드릴, 전기인두, 클램프미터",Expecting value: line 1 column 1 (char 0),,
qwen3.5:9b,충전드라이버,error,충전임팩트드라이버,"충전임팩트드라이버, 충전드릴, 배터리팩, 전기인두, 고속절단기",Expecting value: line 1 column 1 (char 0),전동드라이버,False
qwen3.5:9b,충전드라이버 드릴,error,충전임팩트드라이버,"충전임팩트드라이버, 충전드릴, 배터리팩, 전기인두, 목공용드릴비트",Expecting value: line 1 column 1 (char 0),,
qwen3.5:9b,충전드라이버(대),error,충전해머드릴,"충전해머드릴, 워터펌프플라이어, 충전드릴, 전동드라이버, 앤드컷팅니퍼",Expecting value: line 1 column 1 (char 0),,
qwen3.5:9b,충전드라이버(소),error,충전임팩트드라이버,"충전임팩트드라이버, 배터리팩, 충전드릴, 전기인두, 충전해머드릴",Expecting value: line 1 column 1 (char 0),,
qwen3.5:9b,충전드라이버(소형),error,충전임팩트드라이버,"충전임팩트드라이버, 배터리팩, 충전드릴, 전기인두, 목공용드릴비트",Expecting value: line 1 column 1 (char 0),,
qwen3.5:9b,충전드라이버드릴,error,충전드릴,"충전드릴, 충전임팩트드라이버, 충전해머드릴, 고속절단기, 배터리팩",Expecting value: line 1 column 1 (char 0),,
qwen3.5:9b,충전드라이버드릴-AIMSAK B25L18DF,error,충전임팩트드라이버,"충전임팩트드라이버, 배터리팩, 충전드릴, 철공용드릴비트, 정밀드라이버세트",Expecting value: line 1 column 1 (char 0),,
qwen3.5:9b,충전드릴,error,충전드릴,"충전드릴, 충전해머드릴, 드릴비트, 임팩트드릴, 전동드릴",Expecting value: line 1 column 1 (char 0),충전드릴,False
qwen3.5:9b,충전드릴 (No. 1),error,충전드릴,"충전드릴, 충전임팩트드라이버, 전동공구세트, 공구세트, 전동압착기",Expecting value: line 1 column 1 (char 0),,
qwen3.5:9b,충전드릴 1개,error,충전드릴,"충전드릴, 드릴비트, 충전임팩트드라이버, 임팩트드릴, 고속절단기",Expecting value: line 1 column 1 (char 0),,
qwen3.5:9b,충전드릴 AD 314(2),error,충전임팩트드라이버,"충전임팩트드라이버, 충전드릴, 배터리팩, 전동공구세트, SDS드릴비트",Expecting value: line 1 column 1 (char 0),,
qwen3.5:9b,충전드릴 드라이버,error,충전드릴,"충전드릴, 충전임팩트드라이버, 드라이버세트, 드라이버, 고속절단기",Expecting value: line 1 column 1 (char 0),,
qwen3.5:9b,충전드릴 드라이버세트,error,충전임팩트드라이버,"충전임팩트드라이버, 충전드릴, 드라이버세트, 배터리팩, 정밀드라이버세트",Expecting value: line 1 column 1 (char 0),,
qwen3.5:9b,충전드릴 세트,error,충전임팩트드라이버,"충전임팩트드라이버, 충전드릴, 배터리팩, 전기인두, 목공용드릴비트",Expecting value: line 1 column 1 (char 0),,
qwen3.5:9b,충전드릴(18V),error,충전임팩트드라이버,"충전임팩트드라이버, 충전드릴, 배터리팩, 전기인두, 고속절단기",Expecting value: line 1 column 1 (char 0),,
qwen3.5:9b,충전드릴(DD-1801L-2S),error,충전임팩트드라이버,"충전임팩트드라이버, 배터리팩, 충전드릴, 전기인두, PVC컷터",Expecting value: line 1 column 1 (char 0),,
qwen3.5:9b,충전드릴(기리세트 별도),error,충전임팩트드라이버,"충전임팩트드라이버, 충전드릴, 배터리팩, 전기인두, 고속절단기",Expecting value: line 1 column 1 (char 0),,
qwen3.5:9b,충전드릴(무선),error,충전임팩트드라이버,"충전임팩트드라이버, 충전드릴, 배터리팩, 전기인두, 목공용드릴비트",Expecting value: line 1 column 1 (char 0),,
qwen3.5:9b,충전드릴(소형),error,충전임팩트드라이버,"충전임팩트드라이버, 충전드릴, 배터리팩, 전기인두, 목공용드릴비트",Expecting value: line 1 column 1 (char 0),,
qwen3.5:9b,충전드릴14.4,error,충전임팩트드라이버,"충전임팩트드라이버, 충전드릴, 배터리팩, 고속절단기, 클램프미터",Expecting value: line 1 column 1 (char 0),,
qwen3.5:9b,충전드릴3개,error,충전드릴,"충전드릴, 충전임팩트드라이버, 배터리팩, 고속절단기, 전동공구세트",Expecting value: line 1 column 1 (char 0),,
qwen3.5:9b,충전드릴드라이버,error,충전임팩트드라이버,"충전임팩트드라이버, 충전드릴, 배터리팩, 전기인두, 고속절단기",Expecting value: line 1 column 1 (char 0),,
qwen3.5:9b,충전드릴세트,error,충전임팩트드라이버,"충전임팩트드라이버, 충전드릴, 배터리팩, 전기인두, 목공용드릴비트",Expecting value: line 1 column 1 (char 0),,
qwen3.5:9b,충전드릴셋트 2개,error,충전드릴,"충전드릴, 충전임팩트드라이버, 배터리팩, 고속절단기, 드릴비트세트",Expecting value: line 1 column 1 (char 0),,
qwen3.5:9b,충전랜턴,error,커터,"커터, 전지가위, 손타카, 스패너, 충전드릴",Expecting value: line 1 column 1 (char 0),,
qwen3.5:9b,충전멀티커터,error,충전임팩트드라이버,"충전임팩트드라이버, 충전드릴, 배터리팩, 전기인두, 고속절단기",Expecting value: line 1 column 1 (char 0),,
qwen3.5:9b,충전브로와,error,충전해머드릴,"충전해머드릴, 충전드릴, 전동드라이버, 옵셋렌치, 굽은노즈플라이어",Expecting value: line 1 column 1 (char 0),,
qwen3.5:9b,충전송풍기,error,충전임팩트드라이버,"충전임팩트드라이버, 배터리팩, 충전드릴, 전기인두, 철공용드릴비트",Expecting value: line 1 column 1 (char 0),송풍기,False
qwen3.5:9b,충전송풍기베어툴,error,충전임팩트드라이버,"충전임팩트드라이버, 배터리팩, 충전드릴, 철공용드릴비트, 목공용드릴비트",Expecting value: line 1 column 1 (char 0),,
qwen3.5:9b,충전스크류드라이버,error,충전임팩트드라이버,"충전임팩트드라이버, 배터리팩, 충전드릴, 전기인두, 고속절단기",Expecting value: line 1 column 1 (char 0),,
qwen3.5:9b,충전식 드라이버 드릴,error,충전임팩트드라이버,"충전임팩트드라이버, 충전드릴, 배터리팩, 드라이버세트, 목공용드릴비트",Expecting value: line 1 column 1 (char 0),,
qwen3.5:9b,충전식 드릴 1개,error,충전드릴,"충전드릴, 충전임팩트드라이버, 목공용드릴비트, 철공용드릴비트, 드릴비트세트",Expecting value: line 1 column 1 (char 0),,
qwen3.5:9b,충전식 볼 그립 드라이버,error,충전해머드릴,"충전해머드릴, 다이아고날플라이어, 앤드컷팅니퍼, 굽은노즈플라이어, 전동드라이버",Expecting value: line 1 column 1 (char 0),,
qwen3.5:9b,충전식 송풍기,error,충전임팩트드라이버,"충전임팩트드라이버, 충전드릴, 배터리팩, 전기인두, 철공용드릴비트",Expecting value: line 1 column 1 (char 0),,
qwen3.5:9b,충전식 스크류 드라이버,error,충전임팩트드라이버,"충전임팩트드라이버, 배터리팩, 충전드릴, 정밀드라이버세트, 전기인두",Expecting value: line 1 column 1 (char 0),,
qwen3.5:9b,충전식 작업등,error,충전드릴,"충전드릴, 충전임팩트드라이버, 배터리팩, 전동공구세트, 충전해머드릴",Expecting value: line 1 column 1 (char 0),,
qwen3.5:9b,충전식 전기드릴(10.8v),error,충전임팩트드라이버,"충전임팩트드라이버, 전기인두, 배터리팩, 철공용드릴비트, 충전드릴",Expecting value: line 1 column 1 (char 0),,
qwen3.5:9b,"충전식 전기드릴(18v-2,0Ah, 3,0Ah)",error,충전임팩트드라이버,"충전임팩트드라이버, 전기인두, 배터리팩, 충전드릴, 철공용드릴비트",Expecting value: line 1 column 1 (char 0),,
qwen3.5:9b,충전식 전동드릴,error,충전드릴,"충전드릴, 충전임팩트드라이버, 전기인두, 고속절단기, 배터리팩",Expecting value: line 1 column 1 (char 0),,
qwen3.5:9b,충전식 전동드릴(1),error,충전임팩트드라이버,"충전임팩트드라이버, 충전드릴, 전기인두, 배터리팩, 전동공구세트",Expecting value: line 1 column 1 (char 0),,
qwen3.5:9b,충전식 전동드릴(2),error,충전임팩트드라이버,"충전임팩트드라이버, 충전드릴, 배터리팩, 전기인두, 전동공구세트",Expecting value: line 1 column 1 (char 0),,
qwen3.5:9b,충전식 전동드릴(3),error,소켓렌치세트,"소켓렌치세트, 전동공구세트, 충전드릴, 에어컴프레서, 스패너세트",Expecting value: line 1 column 1 (char 0),,
qwen3.5:9b,충전식 전동드릴A,error,충전임팩트드라이버,"충전임팩트드라이버, 충전드릴, 전기인두, 배터리팩, 고속절단기",Expecting value: line 1 column 1 (char 0),,
qwen3.5:9b,충전식 전동드릴B,error,충전임팩트드라이버,"충전임팩트드라이버, 충전드릴, 배터리팩, 전동공구세트, 고속절단기",Expecting value: line 1 column 1 (char 0),,
qwen3.5:9b,충전식 전동톱,error,충전임팩트드라이버,"충전임팩트드라이버, 충전드릴, 배터리팩, 목공용드릴비트, 철공용드릴비트",Expecting value: line 1 column 1 (char 0),,
qwen3.5:9b,충전식 타카,error,충전임팩트드라이버,"충전임팩트드라이버, 충전드릴, 배터리팩, 고속절단기, 전기인두",Expecting value: line 1 column 1 (char 0),,
qwen3.5:9b,"충전식 타카, 타카핀세트",error,충전드릴,"충전드릴, 전동공구세트, 소켓렌치세트, 드릴비트세트, 공구세트",Expecting value: line 1 column 1 (char 0),,
qwen3.5:9b,충전식LED랜턴,error,충전드릴,"충전드릴, 충전임팩트드라이버, 전동압착기, 고속절단기, 전동공구세트",Expecting value: line 1 column 1 (char 0),,
qwen3.5:9b,충전식드릴 임펙트,error,충전드릴,"충전드릴, 전동공구세트, 드릴비트세트, 고속절단기, 끌세트",Expecting value: line 1 column 1 (char 0),,
qwen3.5:9b,충전식스크류드라이버,error,충전임팩트드라이버,"충전임팩트드라이버, 배터리팩, 충전드릴, 전기인두, 정밀드라이버세트",Expecting value: line 1 column 1 (char 0),,
qwen3.5:9b,충전식임펙트드릴,error,충전임팩트드라이버,"충전임팩트드라이버, 충전드릴, 고속절단기, 전동공구세트, 목공용드릴비트",Expecting value: line 1 column 1 (char 0),,
qwen3.5:9b,충전식전동드릴,error,충전임팩트드라이버,"충전임팩트드라이버, 충전드릴, 배터리팩, 전기인두, 고속절단기",Expecting value: line 1 column 1 (char 0),,
qwen3.5:9b,충전식전동드릴(1),error,충전임팩트드라이버,"충전임팩트드라이버, 충전드릴, 배터리팩, 전기인두, 철공용드릴비트",Expecting value: line 1 column 1 (char 0),,
qwen3.5:9b,충전앰팩트드라이버,error,충전임팩트드라이버,"충전임팩트드라이버, 충전드릴, 배터리팩, 전기인두, 고속절단기",Expecting value: line 1 column 1 (char 0),,
qwen3.5:9b,충전용 사포기계,error,충전임팩트드라이버,"충전임팩트드라이버, 배터리팩, 충전드릴, 전기인두, 고속절단기",Expecting value: line 1 column 1 (char 0),,
qwen3.5:9b,충전용 해머드릴(전동드릴),error,충전임팩트드라이버,"충전임팩트드라이버, 충전드릴, 배터리팩, 전기인두, 목공용드릴비트",Expecting value: line 1 column 1 (char 0),,
qwen3.5:9b,충전원형샌더,error,충전해머드릴,"충전해머드릴, 전동드라이버, 다이아고날플라이어, 굽은노즈플라이어, 옵셋렌치",Expecting value: line 1 column 1 (char 0),,
qwen3.5:9b,충전임팩,error,충전임팩트드라이버,"충전임팩트드라이버, 충전드릴, 배터리팩, 전기인두, 고속절단기",Expecting value: line 1 column 1 (char 0),,
qwen3.5:9b,충전임팩 드라이버,error,충전드릴,"충전드릴, 충전임팩트드라이버, 배터리팩, 충전해머드릴, 드라이버세트",Expecting value: line 1 column 1 (char 0),,
qwen3.5:9b,충전임팩드라이버,error,충전임팩트드라이버,"충전임팩트드라이버, 충전드릴, 배터리팩, 전기인두, 고속절단기",Expecting value: line 1 column 1 (char 0),충전임팩트드라이버,False
qwen3.5:9b,충전임팩드라이버 18v,error,충전임팩트드라이버,"충전임팩트드라이버, 배터리팩, 충전드릴, 전기인두, 고속절단기",Expecting value: line 1 column 1 (char 0),,
qwen3.5:9b,충전임팩드라이버 배터리,error,배터리팩,"배터리팩, 충전임팩트드라이버, 충전드릴, 전기인두, 고속절단기",Expecting value: line 1 column 1 (char 0),,
qwen3.5:9b,충전임팩드라이버 충전기,error,충전임팩트드라이버,"충전임팩트드라이버, 배터리팩, 충전드릴, 전기인두, 목공용드릴비트",Expecting value: line 1 column 1 (char 0),,
qwen3.5:9b,충전임팩드릴세트,error,충전임팩트드라이버,"충전임팩트드라이버, 충전드릴, 배터리팩, 목공용드릴비트, 철공용드릴비트",Expecting value: line 1 column 1 (char 0),,
qwen3.5:9b,충전임팩트드릴,error,충전드릴,"충전드릴, 충전임팩트드라이버, 고속절단기, 배터리팩, 전동압착기",Expecting value: line 1 column 1 (char 0),,
qwen3.5:9b,충전전동드릴,error,충전드릴,"충전드릴, 충전임팩트드라이버, 고속절단기, 전기인두, 충전해머드릴",Expecting value: line 1 column 1 (char 0),충전드릴,False
qwen3.5:9b,충전줌라이트,error,충전임팩트드라이버,"충전임팩트드라이버, 충전드릴, 전기인두, 배터리팩, 고속절단기",Expecting value: line 1 column 1 (char 0),,
qwen3.5:9b,충전컷소 베어툴,error,목공줄,"목공줄, 드릴비트세트, 드릴비트, 목공용드릴비트, 전동공구세트",Expecting value: line 1 column 1 (char 0),,
qwen3.5:9b,충전컷소베어툴,error,충전드릴,"충전드릴, 전동압착기, 목공용드릴비트, 드릴비트, 목공줄",Expecting value: line 1 column 1 (char 0),,
qwen3.5:9b,충전컷쏘,error,충전드릴,"충전드릴, 충전해머드릴, 드릴비트, 전동드릴, 임팩트드릴",Expecting value: line 1 column 1 (char 0),,
qwen3.5:9b,충전함마드릴,error,충전드릴,"충전드릴, 충전임팩트드라이버, 고속절단기, 배터리팩, 충전해머드릴",Expecting value: line 1 column 1 (char 0),,
qwen3.5:9b,충전함마드릴(디월트),error,충전임팩트드라이버,"충전임팩트드라이버, 충전드릴, 배터리팩, 전기인두, 목공용드릴비트",Expecting value: line 1 column 1 (char 0),충전해머드릴,False
qwen3.5:9b,충전함마드릴(충전해머드릴),error,충전드릴,"충전드릴, 충전해머드릴, 충전임팩트드라이버, 배터리팩, 고속절단기",Expecting value: line 1 column 1 (char 0),,
qwen3.5:9b,충전함마드릴드라이버,error,충전임팩트드라이버,"충전임팩트드라이버, 충전드릴, 배터리팩, 전기인두, 목공용드릴비트",Expecting value: line 1 column 1 (char 0),,
qwen3.5:9b,충전함머드릴,error,충전드릴,"충전드릴, 충전해머드릴, 충전임팩트드라이버, 고속절단기, 드릴비트세트",Expecting value: line 1 column 1 (char 0),,
qwen3.5:9b,충전해머드릴,error,충전해머드릴,"충전해머드릴, 전동드릴, 해머드릴, 전선릴, 앤드컷팅니퍼",Expecting value: line 1 column 1 (char 0),충전해머드릴,False
qwen3.5:9b,충전해머드릴 보쉬,error,충전해머드릴,"충전해머드릴, 해머드릴, 전동드릴, 전선릴, 타일컷터",Expecting value: line 1 column 1 (char 0),,
qwen3.5:9b,충전해머드릴(GSB 18V-21),error,SDS드릴비트,"SDS드릴비트, 전동공구세트, 고속절단기, 정밀드라이버세트, 충전드릴",Expecting value: line 1 column 1 (char 0),,
qwen3.5:9b,충전해머드릴(계양),error,충전해머드릴,"충전해머드릴, 냉동라쳇렌치, 앤드컷팅니퍼, 다이아고날플라이어, 버니어캘리퍼스",Expecting value: line 1 column 1 (char 0),충전해머드릴,False
qwen3.5:9b,"충전해머드릴(계양, 아임삭)",error,충전해머드릴,"충전해머드릴, 냉동라쳇렌치, 앤드컷팅니퍼, 다이아고날플라이어, 옵셋렌치",Expecting value: line 1 column 1 (char 0),,
qwen3.5:9b,충전해머드릴(보쉬),error,충전해머드릴,"충전해머드릴, 앤드컷팅니퍼, 와이어스트리퍼, 전동드릴, 충전드릴",Expecting value: line 1 column 1 (char 0),충전해머드릴,False
qwen3.5:9b,충전해머드릴드라이버,error,충전해머드릴,"충전해머드릴, 전동드릴, 충전드릴, 로터리해머드릴, 와이어스트리퍼",Expecting value: line 1 column 1 (char 0),,
qwen3.5:9b,충전햄머드릴,error,충전해머드릴,"충전해머드릴, 해머드릴, 타일컷터, 충전드릴, 전동드릴",Expecting value: line 1 column 1 (char 0),충전해머드릴,False
qwen3.5:9b,충전햄머드릴(16V MAX),error,충전임팩트드라이버,"충전임팩트드라이버, 고속절단기, 충전드릴, 목공용드릴비트, 클램프미터",Expecting value: line 1 column 1 (char 0),,
qwen3.5:9b,충전헤지커터,error,충전임팩트드라이버,"충전임팩트드라이버, 충전드릴, 배터리팩, 전기인두, 고속절단기",Expecting value: line 1 column 1 (char 0),,
qwen3.5:9b,층간소음측정기,error,라돈측정기,"라돈측정기, 고속절단기, 송풍기, 전동압착기, 클램프미터",Expecting value: line 1 column 1 (char 0),,
qwen3.5:9b,침구 및 다목적 살균기,error,고지가위,"고지가위, 먹통, 목공줄, 글루스틱, 그립망치",Expecting value: line 1 column 1 (char 0),,
qwen3.5:9b,침구류살균청소기,error,스프링배관청소기,"스프링배관청소기, 고지가위, 목공줄, 목공용드릴비트, 글루스틱",Expecting value: line 1 column 1 (char 0),,
qwen3.5:9b,침구청소기,error,스프링배관청소기,"스프링배관청소기, 에어타카, 전지가위, 목공줄, 직소기",Expecting value: line 1 column 1 (char 0),,
qwen3.5:9b,카메라,error,열화상카메라,"열화상카메라, SDS드릴비트, 안전로프, 육각렌치세트, 라돈측정기",Expecting value: line 1 column 1 (char 0),,
qwen3.5:9b,카본손타카,error,타일컷터,"타일컷터, 와이어스트리퍼, 볼렌치세트, 편구스패너, 전동타카",Expecting value: line 1 column 1 (char 0),,
qwen3.5:9b,카빙나이프,error,토크렌치,"토크렌치, 전선릴, 플라이어렌치, 라쳇렌치세트, 편구스패너",Expecting value: line 1 column 1 (char 0),,
qwen3.5:9b,카타,error,전동타카,"전동타카, 건타카, 타카핀, 니퍼, 타카",Expecting value: line 1 column 1 (char 0),,
qwen3.5:9b,카터기 1개,error,스패너세트,"스패너세트, 목공줄, 만능렌치, 공구세트, 소켓렌치세트",Expecting value: line 1 column 1 (char 0),,
qwen3.5:9b,카트,error,타카,"타카, 커터, 장도리, 니퍼, 줄자",Expecting value: line 1 column 1 (char 0),,
qwen3.5:9b,카트(끌차),error,전동드릴,"전동드릴, 전선릴, 쇠지렛대, 편구스패너, 양용드라이버",Expecting value: line 1 column 1 (char 0),,
qwen3.5:9b,칼,error,커터칼,"커터칼, 톱, 검전기, 절단석, 쇠톱",Expecting value: line 1 column 1 (char 0),,
qwen3.5:9b,칼갈이,error,플라이어렌치,"플라이어렌치, 굽은노즈플라이어, 옵셋렌치, 플라이어, 전선릴",Expecting value: line 1 column 1 (char 0),,
qwen3.5:9b,칼라드라이버 24개,error,소켓렌치세트,"소켓렌치세트, 스패너세트, 편구스패너, 볼렌치세트, 와이어스트리퍼",Expecting value: line 1 column 1 (char 0),,
qwen3.5:9b,캇쏘,error,옵셋렌치,"옵셋렌치, 플라이어렌치, 스냅링플라이어, 굽은노즈플라이어, 플라이어",Expecting value: line 1 column 1 (char 0),,
qwen3.5:9b,캇쏘(1),error,옵셋렌치,"옵셋렌치, 플라이어렌치, 굽은노즈플라이어, 전동드라이버, 스냅링플라이어",Expecting value: line 1 column 1 (char 0),,
qwen3.5:9b,캇타,error,렌치,"렌치, 전선릴, 쇠지렛대, 플라이어, 스크레퍼",Expecting value: line 1 column 1 (char 0),,
qwen3.5:9b,캇타칼 1개,error,편구스패너,"편구스패너, 쇠지렛대, 전선릴, 타일컷터, 스크레퍼",Expecting value: line 1 column 1 (char 0),,
qwen3.5:9b,"캇타칼, 날, 가위",error,쇠지렛대,"쇠지렛대, 편구스패너, 굽은노즈플라이어, 전선릴, 타일컷터",Expecting value: line 1 column 1 (char 0),,
qwen3.5:9b,캇터 1개,error,편구스패너,"편구스패너, 쇠지렛대, 타일컷터, 전선릴, 해머드릴",Expecting value: line 1 column 1 (char 0),,
qwen3.5:9b,캐리어,error,전선릴,"전선릴, 커터, 장도리, 스크레퍼, 고무망치",Expecting value: line 1 column 1 (char 0),,
qwen3.5:9b,캘리퍼3개,error,편구스패너,"편구스패너, 스크레퍼, 스패너세트, 소켓렌치세트, 볼렌치세트",Expecting value: line 1 column 1 (char 0),,
qwen3.5:9b,캘리퍼스,error,버니어캘리퍼스,"버니어캘리퍼스, 전선릴, 스크레퍼, 굽은노즈플라이어, 플라이어렌치",Expecting value: line 1 column 1 (char 0),,
qwen3.5:9b,캠핑 릴선,error,육각렌치,"육각렌치, 양용드라이버, 전동타카, 와이어스트리퍼, 고무망치",Expecting value: line 1 column 1 (char 0),,
qwen3.5:9b,캠핑 스텐레스 식기세트25pcs,error,고지가위,"고지가위, 공구함세트, 목공용드릴비트, 육각렌치세트, 철공용드릴비트세트",Expecting value: line 1 column 1 (char 0),,
qwen3.5:9b,캠핑등,error,육각렌치,"육각렌치, 전지가위, 에어건, 돌망치, 납볼망치",Expecting value: line 1 column 1 (char 0),,
qwen3.5:9b,캠핑용 고기 불판,error,고지가위,"고지가위, 에어타카, 목공줄, 목공용드릴비트, 먹통",Expecting value: line 1 column 1 (char 0),,
qwen3.5:9b,캠핑용 대용량 보조배터리,error,고지가위,"고지가위, 전지가위, 육각렌치세트, 철판가위, 수평기",Expecting value: line 1 column 1 (char 0),,
qwen3.5:9b,캠핑용 의자 (신),error,육각렌치세트,"육각렌치세트, 고지가위, 테이블톱, 육각렌치, 다림추",Expecting value: line 1 column 1 (char 0),,
qwen3.5:9b,캠핑용 코펠세트,error,육각렌치세트,"육각렌치세트, 전동공구세트, 기어렌치세트, 육각렌치, 수평기",Expecting value: line 1 column 1 (char 0),,
qwen3.5:9b,캠핑용 테이블,error,테이블톱,"테이블톱, 육각렌치세트, 고지가위, 에어타카, 수평기",Expecting value: line 1 column 1 (char 0),,
qwen3.5:9b,캠핑웨건,error,플라이어,"플라이어, 쇠지렛대, 굽은노즈플라이어, 전동드라이버, 플라이어렌치",Expecting value: line 1 column 1 (char 0),,
qwen3.5:9b,캠핑의자,error,육각렌치,"육각렌치, 양용드라이버, 전지가위, 돌망치, 커터",Expecting value: line 1 column 1 (char 0),,
qwen3.5:9b,캠핑테이블,error,테이블톱,"테이블톱, 고지가위, 육각렌치세트, 수평기, 육각렌치",Expecting value: line 1 column 1 (char 0),,
qwen3.5:9b,캠핑테이블 세트,error,테이블톱,"테이블톱, 육각렌치세트, 고지가위, 공구함세트, 기어렌치세트",Expecting value: line 1 column 1 (char 0),,
qwen3.5:9b,캠핑테이블의자세트,error,테이블톱,"테이블톱, 육각렌치세트, 기어렌치세트, 고지가위, 공구함세트",Expecting value: line 1 column 1 (char 0),,
qwen3.5:9b,커밋 캠핑체어,error,굽은노즈플라이어,"굽은노즈플라이어, 플라이어렌치, 전동드라이버, 쇠지렛대, 옵셋렌치",Expecting value: line 1 column 1 (char 0),,
qwen3.5:9b,커터,error,커터,"커터, 타일컷터, 장도리, 스패너, 에어건",Expecting value: line 1 column 1 (char 0),,
qwen3.5:9b,커터/절단공구,error,전동공구세트,"전동공구세트, 드릴비트세트, 공구세트, 스패너세트, 목공줄",Expecting value: line 1 column 1 (char 0),,
qwen3.5:9b,커터기,error,목공줄,"목공줄, 절단석, 공구세트, 드릴비트, 스패너",Expecting value: line 1 column 1 (char 0),,
qwen3.5:9b,커터기(소),error,목공줄,"목공줄, 공구세트, 드릴비트세트, 스패너세트, 전지가위",Expecting value: line 1 column 1 (char 0),,
qwen3.5:9b,커터칼,error,커터칼,"커터칼, 절단석, 목공줄, 쇠톱, 드릴비트",Expecting value: line 1 column 1 (char 0),커터칼,False
qwen3.5:9b,"커터칼, 날, 가위",error,커터칼,"커터칼, 목공줄, 절단석, 드릴비트세트, 쇠톱",Expecting value: line 1 column 1 (char 0),,
qwen3.5:9b,커트절단기,error,절단석,"절단석, 목공줄, 스패너세트, 공구세트, 그립망치",Expecting value: line 1 column 1 (char 0),,
qwen3.5:9b,컴비네이션렌치셋트 1개,error,소켓렌치세트,"소켓렌치세트, 전동공구세트, 조합렌치세트, 스패너세트, 기어렌치세트",Expecting value: line 1 column 1 (char 0),,
qwen3.5:9b,컴팩트드라이버 2종 콤보세트,error,소켓렌치세트,"소켓렌치세트, 기어렌치세트, 전동공구세트, 스패너세트, T렌치세트",Expecting value: line 1 column 1 (char 0),,
qwen3.5:9b,컴프레서,error,에어컴프레서,"에어컴프레서, 끌세트, 스패너세트, 소켓렌치세트, T렌치세트",Expecting value: line 1 column 1 (char 0),,
qwen3.5:9b,컷소,error,스패너,"스패너, 그립망치, 손타카, 에어건, 빠루망치",Expecting value: line 1 column 1 (char 0),,
qwen3.5:9b,컷소 날,error,빠루망치,"빠루망치, 에어건, 만능렌치, 그립망치, 고무망치",Expecting value: line 1 column 1 (char 0),,
qwen3.5:9b,컷소기,error,스패너,"스패너, 절단석, 그립망치, 목공줄, 손타카",Expecting value: line 1 column 1 (char 0),,
qwen3.5:9b,컷소기(US-400XE),error,공구함세트,"공구함세트, 전동공구세트, 공구세트, SDS드릴비트, 드릴비트세트",Expecting value: line 1 column 1 (char 0),,
qwen3.5:9b,컷쏘날 1세트 / 금속용 컷쏘날 1세트,error,소켓렌치세트,"소켓렌치세트, 스패너세트, 드릴비트세트, 볼렌치세트, 끌세트",Expecting value: line 1 column 1 (char 0),,
qwen3.5:9b,"컷트절단기(12#,18#)",error,기어렌치세트,"기어렌치세트, 스패너세트, T렌치세트, 드릴비트세트, 소켓렌치세트",Expecting value: line 1 column 1 (char 0),,
qwen3.5:9b,"컷트절단기(12,18#)",error,스패너세트,"스패너세트, 기어렌치세트, 소켓렌치세트, T렌치세트, 목공줄",Expecting value: line 1 column 1 (char 0),,
qwen3.5:9b,케이블 릴,error,케이블컷터,"케이블컷터, 끌세트, 드릴비트세트, 전동압착기, 철공용드릴비트",Expecting value: line 1 column 1 (char 0),,
qwen3.5:9b,케이블 릴 선,error,충전해머드릴,"충전해머드릴, 와이어스트리퍼, 타일컷터, 끌세트, 편구스패너",Expecting value: line 1 column 1 (char 0),,
qwen3.5:9b,케이블릴,error,케이블컷터,"케이블컷터, 끌세트, 충전해머드릴, 고압세척기, 전동드릴",Expecting value: line 1 column 1 (char 0),,
qwen3.5:9b,케이블릴선,error,끌세트,"끌세트, 전동압착기, 드릴비트세트, 스패너세트, 전동공구세트",Expecting value: line 1 column 1 (char 0),,
qwen3.5:9b,케이블릴선(50M) 1개,error,케이블컷터,"케이블컷터, 철공용드릴비트, 클램프미터, 목공용드릴비트, 철공용드릴비트세트",Expecting value: line 1 column 1 (char 0),,
qwen3.5:9b,코너플렉시블(RABO-M 샤프트),error,전동타카,"전동타카, 볼렌치세트, 양용드라이버, 토크렌치, 스크레퍼",Expecting value: line 1 column 1 (char 0),,
qwen3.5:9b,코드릴,error,전선릴,"전선릴, 굽은노즈플라이어, 옵셋렌치, 스크레퍼, 플라이어렌치",Expecting value: line 1 column 1 (char 0),,
qwen3.5:9b,코메론 줄자,error,와이어스트리퍼,"와이어스트리퍼, 전선릴, 앤드컷팅니퍼, 스크레퍼, 쇠지렛대",Expecting value: line 1 column 1 (char 0),줄자,False
qwen3.5:9b,코이코 플라이어,error,다이아고날플라이어,"다이아고날플라이어, 옵셋렌치, 플라이어렌치, 스냅링플라이어, 굽은노즈플라이어",Expecting value: line 1 column 1 (char 0),,
qwen3.5:9b,코킹건,error,양용드라이버,"양용드라이버, 전선릴, 전동드라이버, 토크렌치, 와이어스트리퍼",Expecting value: line 1 column 1 (char 0),,
qwen3.5:9b,코팅기,error,전선릴,"전선릴, 타일컷터, 와이어스트리퍼, 편구스패너, 쇠지렛대",Expecting value: line 1 column 1 (char 0),,
qwen3.5:9b,코펠,error,타카,"타카, 먹통, 펜치, 스패너, 니퍼",Expecting value: line 1 column 1 (char 0),,
qwen3.5:9b,콘기리,error,장도리,"장도리, 수평기, 육각렌치, 전지가위, 스패너",Expecting value: line 1 column 1 (char 0),,
qwen3.5:9b,콘기리 3.5mm,error,클램프미터,"클램프미터, 철공용드릴비트, 철공용드릴비트세트, 공구세트, 목공용드릴비트",Expecting value: line 1 column 1 (char 0),,
qwen3.5:9b,콘기리 6.5mm,error,클램프미터,"클램프미터, 철공용드릴비트, 철공용드릴비트세트, 전동공구세트, 공구세트",Expecting value: line 1 column 1 (char 0),,
qwen3.5:9b,콘크리트 드릴,error,콘크리트용드릴비트,"콘크리트용드릴비트, 콘크리트드릴비트세트, 콘크리트니퍼, 철공용드릴비트, 철판가위",Expecting value: line 1 column 1 (char 0),,
qwen3.5:9b,"콘크리트 드릴 3,0MM 20개",error,콘크리트용드릴비트,"콘크리트용드릴비트, 콘크리트드릴비트세트, 철공용드릴비트, 철공용드릴비트세트, 목공용드릴비트",Expecting value: line 1 column 1 (char 0),,
qwen3.5:9b,"콘크리트 드릴 6,5MM 20개",error,콘크리트용드릴비트,"콘크리트용드릴비트, 콘크리트드릴비트세트, 철공용드릴비트, 철공용드릴비트세트, 콘크리트니퍼",Expecting value: line 1 column 1 (char 0),,
qwen3.5:9b,콘크리트 드릴 비트(10.0mm),error,콘크리트용드릴비트,"콘크리트용드릴비트, 콘크리트드릴비트세트, 철공용드릴비트, 철공용드릴비트세트, 클램프미터",Expecting value: line 1 column 1 (char 0),,
qwen3.5:9b,콘크리트 드릴 비트(4.8mm),error,콘크리트용드릴비트,"콘크리트용드릴비트, 콘크리트드릴비트세트, 철공용드릴비트, 철공용드릴비트세트, 콘크리트니퍼",Expecting value: line 1 column 1 (char 0),,
qwen3.5:9b,콘크리트 드릴 비트(6.0mm),error,콘크리트용드릴비트,"콘크리트용드릴비트, 콘크리트드릴비트세트, 철공용드릴비트, 철공용드릴비트세트, 콘크리트니퍼",Expecting value: line 1 column 1 (char 0),,
qwen3.5:9b,콘크리트 드릴 비트(6.4mm),error,콘크리트용드릴비트,"콘크리트용드릴비트, 콘크리트드릴비트세트, 철공용드릴비트, 철공용드릴비트세트, 콘크리트니퍼",Expecting value: line 1 column 1 (char 0),,
qwen3.5:9b,콘크리트 드릴 비트세트,error,콘크리트드릴비트세트,"콘크리트드릴비트세트, 콘크리트용드릴비트, 콘크리트니퍼, 철공용드릴비트세트, 철공용드릴비트",Expecting value: line 1 column 1 (char 0),,
qwen3.5:9b,콘크리트 드릴날,error,콘크리트니퍼,"콘크리트니퍼, 콘크리트용드릴비트, 콘크리트드릴비트세트, 드릴비트, 다림추",Expecting value: line 1 column 1 (char 0),,
qwen3.5:9b,콘크리트 드릴비트,error,콘크리트용드릴비트,"콘크리트용드릴비트, 콘크리트드릴비트세트, 콘크리트니퍼, 철공용드릴비트, 철공용드릴비트세트",Expecting value: line 1 column 1 (char 0),,
qwen3.5:9b,콘크리트 해머드릴,error,콘크리트니퍼,"콘크리트니퍼, 스패너세트, 드릴비트, 타일컷터, 드릴비트세트",Expecting value: line 1 column 1 (char 0),,
qwen3.5:9b,콘크리트기리 1세트,error,콘크리트니퍼,"콘크리트니퍼, 콘크리트드릴비트세트, 콘크리트용드릴비트, 플라이어세트, 스패너세트",Expecting value: line 1 column 1 (char 0),,
qwen3.5:9b,콘크리트기리(드릴날),error,콘크리트용드릴비트,"콘크리트용드릴비트, 콘크리트드릴비트세트, 콘크리트니퍼, 공구세트, 철공용드릴비트",Expecting value: line 1 column 1 (char 0),,
qwen3.5:9b,콘크리트기리/6MM,error,콘크리트용드릴비트,"콘크리트용드릴비트, 콘크리트드릴비트세트, 콘크리트니퍼, 육각렌치세트, 클램프미터",Expecting value: line 1 column 1 (char 0),,
qwen3.5:9b,콘크리트기리세트,error,콘크리트드릴비트세트,"콘크리트드릴비트세트, 콘크리트용드릴비트, 콘크리트니퍼, 플라이어세트, 공구함세트",Expecting value: line 1 column 1 (char 0),,
qwen3.5:9b,콘크리트드릴비트,error,콘크리트용드릴비트,"콘크리트용드릴비트, 콘크리트드릴비트세트, 콘크리트니퍼, 철공용드릴비트, 철판가위",Expecting value: line 1 column 1 (char 0),,
qwen3.5:9b,콘크리트드릴비트 세트,error,콘크리트드릴비트세트,"콘크리트드릴비트세트, 콘크리트용드릴비트, 콘크리트니퍼, 철공용드릴비트세트, 공구함세트",Expecting value: line 1 column 1 (char 0),,
qwen3.5:9b,콘크리트드릴비트5P,error,콘크리트용드릴비트,"콘크리트용드릴비트, 콘크리트드릴비트세트, 콘크리트니퍼, 철공용드릴비트, 철공용드릴비트세트",Expecting value: line 1 column 1 (char 0),,
qwen3.5:9b,콘크리트드릴세트,error,콘크리트드릴비트세트,"콘크리트드릴비트세트, 콘크리트용드릴비트, 콘크리트니퍼, 철공용드릴비트, 철공용드릴비트세트",Expecting value: line 1 column 1 (char 0),,
qwen3.5:9b,콘크리트용 못,error,콘크리트용드릴비트,"콘크리트용드릴비트, 콘크리트드릴비트세트, 콘크리트니퍼, 직소기, 절단석",Expecting value: line 1 column 1 (char 0),,
qwen3.5:9b,콘크리트충전드릴(4개),error,콘크리트드릴비트세트,"콘크리트드릴비트세트, 콘크리트용드릴비트, 콘크리트니퍼, 드릴비트세트, 공구함세트",Expecting value: line 1 column 1 (char 0),,
qwen3.5:9b,콘크리트타카,error,콘크리트니퍼,"콘크리트니퍼, 콘크리트드릴비트세트, 콘크리트용드릴비트, 플라이어세트, 수평기",Expecting value: line 1 column 1 (char 0),,
qwen3.5:9b,콘크리트해머드릴(4개),error,굽은노즈플라이어,"굽은노즈플라이어, 플라이어렌치, 라쳇렌치세트, 옵셋렌치, 다이아고날플라이어",Expecting value: line 1 column 1 (char 0),,
qwen3.5:9b,콘트리트드릴비트,error,드릴비트세트,"드릴비트세트, 전동압착기, 드릴비트, 전동공구세트, 목공용드릴비트",Expecting value: line 1 column 1 (char 0),,
qwen3.5:9b,콤비네이션 렌치,error,소켓렌치세트,"소켓렌치세트, 볼렌치세트, 납볼망치, 만능렌치, 타일컷터",Expecting value: line 1 column 1 (char 0),,
qwen3.5:9b,콤비네이션 렌치 세트,error,조합렌치세트,"조합렌치세트, T렌치세트, 기어렌치세트, 공구함세트, 전동공구세트",Expecting value: line 1 column 1 (char 0),,
qwen3.5:9b,콤비네이션 렌치 세트(14pcs),error,클램프미터,"클램프미터, 고속절단기, 전동공구세트, 조합렌치세트, 정밀드라이버세트",Expecting value: line 1 column 1 (char 0),,
qwen3.5:9b,콤비네이션 렌치세트,error,소켓렌치세트,"소켓렌치세트, T렌치세트, 기어렌치세트, 전동공구세트, 스패너세트",Expecting value: line 1 column 1 (char 0),,
qwen3.5:9b,콤비네이션렌치세트 1개,error,소켓렌치세트,"소켓렌치세트, 기어렌치세트, T렌치세트, 스패너세트, 전동공구세트",Expecting value: line 1 column 1 (char 0),,
qwen3.5:9b,콤비레이션렌치,error,소켓렌치세트,"소켓렌치세트, 볼렌치세트, 끌세트, T렌치세트, 납볼망치",Expecting value: line 1 column 1 (char 0),,
qwen3.5:9b,콤비스파나세트,error,볼렌치세트,"볼렌치세트, 소켓렌치세트, 편구스패너, 라쳇렌치세트, 와이어스트리퍼",Expecting value: line 1 column 1 (char 0),,
qwen3.5:9b,콤비스패너,error,라쳇렌치세트,"라쳇렌치세트, 플라이어렌치, 굽은노즈플라이어, 편구스패너, 전동드라이버",Expecting value: line 1 column 1 (char 0),,
qwen3.5:9b,콤비스퍼너(6PC),error,소켓렌치세트,"소켓렌치세트, 전동공구세트, 에어컴프레서, 충전해머드릴, 스패너세트",Expecting value: line 1 column 1 (char 0),,
qwen3.5:9b,콤파스,error,스크레퍼,"스크레퍼, 전선릴, 편구스패너, 플라이어, 렌치",Expecting value: line 1 column 1 (char 0),,
qwen3.5:9b,콤푸레샤,error,건타카,"건타카, 장도리, 전동타카, 다이스세트, 볼렌치세트",Expecting value: line 1 column 1 (char 0),,
qwen3.5:9b,콤푸레셔,error,스크레퍼,"스크레퍼, 라쳇렌치세트, 전선릴, 편구스패너, 플라이어",Expecting value: line 1 column 1 (char 0),,
qwen3.5:9b,콤프레샤,error,플라이어,"플라이어, 렌치, 플라이어렌치, 스크레퍼, 굽은노즈플라이어",Expecting value: line 1 column 1 (char 0),,
qwen3.5:9b,콤프레샤(2.5HP),error,고속절단기,"고속절단기, 강력니퍼, 전동공구세트, 충전드릴, 정밀드라이버세트",Expecting value: line 1 column 1 (char 0),,
qwen3.5:9b,콤프레서,error,플라이어,"플라이어, 전동드라이버, 스크레퍼, 라쳇렌치세트, 편구스패너",Expecting value: line 1 column 1 (char 0),,
qwen3.5:9b,콤프레셔,error,스냅링플라이어,"스냅링플라이어, 옵셋렌치, 플라이어렌치, 다이아고날플라이어, 굽은노즈플라이어",Expecting value: line 1 column 1 (char 0),에어컴프레서,False
qwen3.5:9b,콤프레셔 / 수리 중입니다.,error,목공줄,"목공줄, 드릴비트세트, 전동공구세트, 스패너세트, 공구세트",Expecting value: line 1 column 1 (char 0),,
qwen3.5:9b,콩크리트기리(6m),error,콘크리트용드릴비트,"콘크리트용드릴비트, 콘크리트드릴비트세트, 콘크리트니퍼, 육각렌치세트, 클램프미터",Expecting value: line 1 column 1 (char 0),,
qwen3.5:9b,크로우바,error,건타카,"건타카, 전동타카, 장도리, 타카, 카운터싱크",Expecting value: line 1 column 1 (char 0),,
qwen3.5:9b,큰 줄자,error,만능렌치,"만능렌치, 강력니퍼, 절단석, 목공줄, 스패너세트",Expecting value: line 1 column 1 (char 0),,
qwen3.5:9b,큰톱,error,쇠톱,"쇠톱, 원형톱, 접톱, 절단석, 톱",Expecting value: line 1 column 1 (char 0),,
qwen3.5:9b,클램프,error,스패너,"스패너, 커터, 에어건, 장도리, 타일컷터",Expecting value: line 1 column 1 (char 0),,
qwen3.5:9b,클램프걸이대 1개,error,굽은노즈플라이어,"굽은노즈플라이어, 충전해머드릴, 편구스패너, 와이어스트리퍼, 전선릴",Expecting value: line 1 column 1 (char 0),,
qwen3.5:9b,클램프테스타 1개,error,편구스패너,"편구스패너, 타일컷터, 와이어스트리퍼, 볼렌치세트, 소켓렌치세트",Expecting value: line 1 column 1 (char 0),,
qwen3.5:9b,"타이어 게이지(기본형, 공기압 측정)",error,드라이버세트,"드라이버세트, 고속절단기, 정밀드라이버세트, 클램프미터, 목공용드릴비트",Expecting value: line 1 column 1 (char 0),,
qwen3.5:9b,타이어게이지,error,굽은노즈플라이어,"굽은노즈플라이어, 로터리해머드릴, 충전해머드릴, 쇠지렛대, 옵셋렌치",Expecting value: line 1 column 1 (char 0),,
qwen3.5:9b,타일커터기,error,목공줄,"목공줄, 공구세트, 절단석, 목공용드릴비트, 드릴비트",Expecting value: line 1 column 1 (char 0),,
qwen3.5:9b,타일커터기(500mm),error,철공용드릴비트,"철공용드릴비트, 클램프미터, 목공용드릴비트, 철공용드릴비트세트, 고속절단기",Expecting value: line 1 column 1 (char 0),,
qwen3.5:9b,타지마 줄자 7.5m,error,클램프미터,"클램프미터, 전동공구세트, 고속절단기, 소켓렌치세트, 스패너세트",Expecting value: line 1 column 1 (char 0),줄자,False
qwen3.5:9b,타지마줄자,error,충전해머드릴,"충전해머드릴, 해머드릴, 전동드릴, 로터리해머드릴, 전선릴",Expecting value: line 1 column 1 (char 0),줄자,False
qwen3.5:9b,타지마줄자(3m),error,클램프미터,"클램프미터, 고속절단기, 전동공구세트, 공구세트, 스패너세트",Expecting value: line 1 column 1 (char 0),줄자,False
qwen3.5:9b,타지마줄자(7.5M),error,클램프미터,"클램프미터, 고속절단기, 전동공구세트, 소켓렌치세트, 스패너세트",Expecting value: line 1 column 1 (char 0),,
qwen3.5:9b,타카,error,타카,"타카, 장도리, 돌망치, 손타카, 커터",Expecting value: line 1 column 1 (char 0),타카,False
qwen3.5:9b,타카 1개,error,스패너세트,"스패너세트, 기어렌치세트, T렌치세트, 만능렌치, 전동공구세트",Expecting value: line 1 column 1 (char 0),,
qwen3.5:9b,타카 본체 (타카핀x),error,타카핀,"타카핀, 타카, 전동타카, 소켓렌치세트, 건타카",Expecting value: line 1 column 1 (char 0),,
qwen3.5:9b,타카(1자),error,소켓렌치세트,"소켓렌치세트, 스패너세트, T렌치세트, 볼렌치세트, 기어렌치세트",Expecting value: line 1 column 1 (char 0),,
qwen3.5:9b,타카(SMATO AT-519),error,전동공구세트,"전동공구세트, 보안경, 공구세트, 전동타카, 소켓렌치세트",Expecting value: line 1 column 1 (char 0),,
qwen3.5:9b,타카(ㄷ자),error,플라이어,"플라이어, 플라이어렌치, 핀펀치, 옵셋렌치, 굽은노즈플라이어",Expecting value: line 1 column 1 (char 0),,
qwen3.5:9b,타카(소),error,전동타카,"전동타카, 타카, 렌치, 핀펀치, 양용드라이버",Expecting value: line 1 column 1 (char 0),,
qwen3.5:9b,타카(일자),error,전동타카,"전동타카, 핀펀치, 전선릴, 토크렌치, 양용드라이버",Expecting value: line 1 column 1 (char 0),,
qwen3.5:9b,타카건,error,건타카,"건타카, 타카, 타카핀, 전동타카, 토크렌치",Expecting value: line 1 column 1 (char 0),,
qwen3.5:9b,타카건(손타카),error,전선릴,"전선릴, 쇠지렛대, 양용드라이버, 플라이어렌치, 전동타카",Expecting value: line 1 column 1 (char 0),,
qwen3.5:9b,타카심,error,전지가위,"전지가위, 돌망치, 납볼망치, 타카, 장도리",Expecting value: line 1 column 1 (char 0),,
qwen3.5:9b,타카핀,error,타카핀,"타카핀, 건타카, 타카, 전동타카, 돌망치",Expecting value: line 1 column 1 (char 0),타카핀,False
qwen3.5:9b,타카핀 8mm,error,클램프미터,"클램프미터, 전동공구세트, 스패너세트, T렌치세트, 별렌치세트",Expecting value: line 1 column 1 (char 0),,
qwen3.5:9b,타카핀 R-13/10mm 2500PCS,error,클램프미터,"클램프미터, 고속절단기, SDS드릴비트, 전동공구세트, 정밀드라이버세트",Expecting value: line 1 column 1 (char 0),,
qwen3.5:9b,타카핀(12mm),error,클램프미터,"클램프미터, 드릴비트세트, 고속절단기, T렌치세트, 스패너세트",Expecting value: line 1 column 1 (char 0),,
qwen3.5:9b,타카핀(1자),error,소켓렌치세트,"소켓렌치세트, 볼렌치세트, 타카핀, 스패너세트, T렌치세트",Expecting value: line 1 column 1 (char 0),,
qwen3.5:9b,타카핀(ㄷ자),error,핀펀치,"핀펀치, 옵셋렌치, 플라이어, 몽키렌치, 굽은노즈플라이어",Expecting value: line 1 column 1 (char 0),,
qwen3.5:9b,"타카핀(본체, 핀)",error,타카핀,"타카핀, 핀펀치, 소켓렌치세트, 몽키렌치, 볼렌치세트",Expecting value: line 1 column 1 (char 0),,
qwen3.5:9b,타카핀/6212,error,볼렌치세트,"볼렌치세트, 전동타카, 소켓렌치세트, 편구스패너, 와이어스트리퍼",Expecting value: line 1 column 1 (char 0),,
qwen3.5:9b,타카핀제거기,error,냉동라쳇렌치,"냉동라쳇렌치, 다이아고날플라이어, 옵셋렌치, 앤드컷팅니퍼, 스냅링플라이어",Expecting value: line 1 column 1 (char 0),,
qwen3.5:9b,탭 드릴 세트,error,탭세트,"탭세트, 드릴비트세트, 기어렌치세트, 다림추, 육각렌치세트",Expecting value: line 1 column 1 (char 0),,
qwen3.5:9b,탱크팡,error,워터펌프플라이어,"워터펌프플라이어, 파이프렌치, 가스토치, 에어컴프레서, 볼트컷터",Expecting value: line 1 column 1 (char 0),,
qwen3.5:9b,"탱크팡 콤보(콘크리트 못박기용 집게, 손보호기 팡팡)/만능다기능 망치",error,고속절단기,"고속절단기, 목공용드릴비트, 철공용드릴비트, 전동압착기, 공구세트",Expecting value: line 1 column 1 (char 0),,
qwen3.5:9b,테스타기(DM-1010),error,SDS드릴비트,"SDS드릴비트, 전동공구세트, 소켓렌치세트, T렌치세트, 정밀드라이버세트",Expecting value: line 1 column 1 (char 0),,
qwen3.5:9b,테스타기(ST-506TR-3),error,전동공구세트,"전동공구세트, 정밀드라이버세트, SDS드릴비트, 고속절단기, 소켓렌치세트",Expecting value: line 1 column 1 (char 0),,
qwen3.5:9b,테스터,error,커터,"커터, 타카, 스패너, 돌망치, 손타카",Expecting value: line 1 column 1 (char 0),,
qwen3.5:9b,테스터기 1개,error,스패너세트,"스패너세트, 소켓렌치세트, 직각자, T렌치세트, 납볼망치",Expecting value: line 1 column 1 (char 0),,
qwen3.5:9b,테스트,error,납볼망치,"납볼망치, 돌망치, 직각자, 전지가위, 공구함",Expecting value: line 1 column 1 (char 0),,
qwen3.5:9b,테이블,error,테이블톱,"테이블톱, 탭세트, 조합렌치세트, 공구함세트, 육각렌치세트",Expecting value: line 1 column 1 (char 0),,
qwen3.5:9b,테이블 및 의자 1개,error,테이블톱,"테이블톱, 육각렌치세트, 고지가위, 기어렌치세트, 조합렌치세트",Expecting value: line 1 column 1 (char 0),,
qwen3.5:9b,텐트,error,수평기,"수평기, 고지가위, 직소기, 전지가위, 공구함",Expecting value: line 1 column 1 (char 0),,
qwen3.5:9b,텐트용 실내 매트,error,전동공구세트,"전동공구세트, 전동압착기, 전지가위, 육각렌치세트, 철판가위",Expecting value: line 1 column 1 (char 0),,
qwen3.5:9b,토션 비트,error,스패너세트,"스패너세트, 소켓렌치세트, 타일컷터, 볼렌치세트, 편구스패너",Expecting value: line 1 column 1 (char 0),,
qwen3.5:9b,토이카트 엠버,error,다이아고날플라이어,"다이아고날플라이어, 앵글그라인더, 옵셋렌치, 스냅링플라이어, 냉동라쳇렌치",Expecting value: line 1 column 1 (char 0),,
qwen3.5:9b,토이카트 폴리,error,전선릴,"전선릴, 편구스패너, 굽은노즈플라이어, 플라이어렌치, 전동드라이버",Expecting value: line 1 column 1 (char 0),,
qwen3.5:9b,토치,error,망치,"망치, 고무망치, 에어건, 커터, 렌치",Expecting value: line 1 column 1 (char 0),,
qwen3.5:9b,토크렌치,error,토크렌치,"토크렌치, 몽키렌치, 전동타카, 전선릴, 와이어스트리퍼",Expecting value: line 1 column 1 (char 0),토크렌치,False
qwen3.5:9b,톱,error,톱,"톱, 쇠톱, 접톱, 전정톱, 원형톱",Expecting value: line 1 column 1 (char 0),톱,False
qwen3.5:9b,톱 1개,error,수평기,"수평기, 손타카, 조합렌치세트, 스패너, 납볼망치",Expecting value: line 1 column 1 (char 0),,
qwen3.5:9b,톱(300mm),error,클램프미터,"클램프미터, 드릴비트세트, 철공용드릴비트, 철공용드릴비트세트, 목공용드릴비트",Expecting value: line 1 column 1 (char 0),,
qwen3.5:9b,톱(350mm),error,클램프미터,"클램프미터, 드릴비트세트, 철공용드릴비트, 목공용드릴비트, 고속절단기",Expecting value: line 1 column 1 (char 0),,
qwen3.5:9b,톱(대),error,플라이어렌치,"플라이어렌치, 스냅링플라이어, 옵셋렌치, 굽은노즈플라이어, 다이아고날플라이어",Expecting value: line 1 column 1 (char 0),,
qwen3.5:9b,톱(대형),error,스패너세트,"스패너세트, 끌세트, 쇠톱, 원형톱, 소켓렌치세트",Expecting value: line 1 column 1 (char 0),,
qwen3.5:9b,톱(목공용),error,톱,"톱, 목공용접톱, 쇠톱, 접톱, 원형톱",Expecting value: line 1 column 1 (char 0),,
qwen3.5:9b,톱(소),error,편구스패너,"편구스패너, 스크레퍼, 끌세트, 쇠지렛대, 렌치",Expecting value: line 1 column 1 (char 0),,
qwen3.5:9b,톱(소형),error,톱,"톱, 쇠톱, 원형톱, 목공용접톱, 접톱",Expecting value: line 1 column 1 (char 0),,
qwen3.5:9b,톱(쇠톱),error,톱,"톱, 쇠톱, 원형톱, 접톱, 목공줄",Expecting value: line 1 column 1 (char 0),,
qwen3.5:9b,톱(외날),error,쇠톱,"쇠톱, 원형톱, 목공줄, 절단석, 접톱",Expecting value: line 1 column 1 (char 0),,
qwen3.5:9b,톱(접이식),error,톱,"톱, 쇠톱, 스패너세트, 끌세트, 원형톱",Expecting value: line 1 column 1 (char 0),접톱,False
qwen3.5:9b,톱(중),error,톱,"톱, 쇠톱, 원형톱, 목공줄, 접톱",Expecting value: line 1 column 1 (char 0),,
qwen3.5:9b,톱(코메론),error,납볼망치,"납볼망치, 스패너, 스패너세트, 목공줄, 빠루망치",Expecting value: line 1 column 1 (char 0),,
qwen3.5:9b,톱/낫/삽/원예공구,error,옵셋렌치,"옵셋렌치, 굽은노즈플라이어, 라쳇렌치세트, 플라이어렌치, 다이아고날플라이어",Expecting value: line 1 column 1 (char 0),,
qwen3.5:9b,톱/전정톱,error,전정톱,"전정톱, 톱, 쇠톱, 원형톱, 접톱",Expecting value: line 1 column 1 (char 0),,
qwen3.5:9b,톱1,error,스패너,"스패너, 수평기, 끌세트, 조합렌치세트, 다림추",Expecting value: line 1 column 1 (char 0),,
qwen3.5:9b,톱270mm),error,클램프미터,"클램프미터, 비트세트, 고속절단기, 공구세트, 별렌치세트",Expecting value: line 1 column 1 (char 0),,
qwen3.5:9b,톱날,error,모종삽,"모종삽, 스패너, 끌세트, 스패너세트, 타일컷터",Expecting value: line 1 column 1 (char 0),,
qwen3.5:9b,톱날 교체용,error,타일컷터,"타일컷터, 끌세트, 편구스패너, 스패너세트, 소켓렌치세트",Expecting value: line 1 column 1 (char 0),,
qwen3.5:9b,톱날 철판용,error,목공용드릴비트,"목공용드릴비트, 목공줄, 원형톱, 철판가위, 드릴비트세트",Expecting value: line 1 column 1 (char 0),,
qwen3.5:9b,톱날(타지마),error,타일컷터,"타일컷터, 그립망치, 스패너세트, 만능렌치, 절단석",Expecting value: line 1 column 1 (char 0),,
qwen3.5:9b,톱대,error,타일컷터,"타일컷터, 편구스패너, 커터, 스크레퍼, 스패너",Expecting value: line 1 column 1 (char 0),,
qwen3.5:9b,톱대(알루미늄핸들) 12“,error,소켓렌치세트,"소켓렌치세트, 스패너세트, 볼렌치세트, 편구스패너, 끌세트",Expecting value: line 1 column 1 (char 0),,
qwen3.5:9b,톱대/날 쇠톱대12″ (회전형/헤피티),error,냉동라쳇렌치,"냉동라쳇렌치, 바이스그립플라이어, 앵글그라인더, 다이아고날플라이어, 버니어캘리퍼스",Expecting value: line 1 column 1 (char 0),,
qwen3.5:9b,톱류,error,쇠톱,"쇠톱, 원형톱, 접톱, 목공줄, 절단석",Expecting value: line 1 column 1 (char 0),,
qwen3.5:9b,톱세트 1개,error,스패너세트,"스패너세트, T렌치세트, 기어렌치세트, 소켓렌치세트, 끌세트",Expecting value: line 1 column 1 (char 0),,
qwen3.5:9b,톱자루(1)+톱날(2),error,소켓렌치세트,"소켓렌치세트, 스패너세트, T렌치세트, 기어렌치세트, 볼렌치세트",Expecting value: line 1 column 1 (char 0),,
qwen3.5:9b,톱자루+톱날,error,스패너세트,"스패너세트, 목공줄, 끌세트, 쇠톱, 원형톱",Expecting value: line 1 column 1 (char 0),,
qwen3.5:9b,툴앤툴 해머드릴 18.5V,error,고속절단기,"고속절단기, 정밀드라이버세트, SDS드릴비트, 전동공구세트, 드릴비트세트",Expecting value: line 1 column 1 (char 0),,
qwen3.5:9b,튜브커터,error,편구스패너,"편구스패너, 파이프렌치, 타일컷터, 쇠지렛대, 와이어스트리퍼",Expecting value: line 1 column 1 (char 0),,
qwen3.5:9b,튜브커터(파이프커터),error,드릴비트세트,"드릴비트세트, 파이프렌치, 볼트컷터, 드릴비트, 목공용드릴비트",Expecting value: line 1 column 1 (char 0),,
qwen3.5:9b,트리머,error,장도리,"장도리, 커터, 스패너, 줄자, 타카",Expecting value: line 1 column 1 (char 0),,
qwen3.5:9b,트리머2개,error,T렌치세트,"T렌치세트, 스패너세트, 기어렌치세트, 조합렌치세트, 전동공구세트",Expecting value: line 1 column 1 (char 0),,
qwen3.5:9b,트리머셋1개,error,스패너세트,"스패너세트, 소켓렌치세트, T렌치세트, 편구스패너, 기어렌치세트",Expecting value: line 1 column 1 (char 0),,
qwen3.5:9b,틴닝가위,error,타일컷터,"타일컷터, 편구스패너, 만능렌치, 빠루망치, 카운터싱크",Expecting value: line 1 column 1 (char 0),,
qwen3.5:9b,파괴 해머드릴,error,충전해머드릴,"충전해머드릴, 앤드컷팅니퍼, 냉동라쳇렌치, 버니어캘리퍼스, 다이아고날플라이어",Expecting value: line 1 column 1 (char 0),,
qwen3.5:9b,파괴드릴,error,해머드릴,"해머드릴, 고무망치, 전동드릴, 전선릴, 임팩트드릴",Expecting value: line 1 column 1 (char 0),,
qwen3.5:9b,파괴해머드릴,error,충전해머드릴,"충전해머드릴, 앤드컷팅니퍼, 냉동라쳇렌치, 버니어캘리퍼스, 다이아고날플라이어",Expecting value: line 1 column 1 (char 0),,
qwen3.5:9b,파괴햄머드릴,error,충전해머드릴,"충전해머드릴, 쇠지렛대, 와이어스트리퍼, 전선릴, 타일컷터",Expecting value: line 1 column 1 (char 0),,
qwen3.5:9b,파라솔세트,error,T렌치세트,"T렌치세트, 스패너세트, 소켓렌치세트, 기어렌치세트, 볼렌치세트",Expecting value: line 1 column 1 (char 0),,
qwen3.5:9b,파랑 원형바구니 2,error,편구스패너,"편구스패너, 굽은노즈플라이어, 라쳇렌치세트, 쇠지렛대, 와이어스트리퍼",Expecting value: line 1 column 1 (char 0),,
qwen3.5:9b,파쇄햄머,error,에어건,"에어건, 고무망치, 목공줄, 커터, 빠루망치",Expecting value: line 1 column 1 (char 0),,
qwen3.5:9b,파워압축기 1개,error,타일컷터,"타일컷터, 고압세척기, 만능렌치, 편구스패너, 스패너세트",Expecting value: line 1 column 1 (char 0),,
qwen3.5:9b,파워점프케이블,error,육각렌치,"육각렌치, 전지가위, 수평기, 목공줄, 만능렌치",Expecting value: line 1 column 1 (char 0),,
qwen3.5:9b,파워크레인,error,건타카,"건타카, 전동타카, 장도리, 육각렌치, 볼렌치",Expecting value: line 1 column 1 (char 0),,
qwen3.5:9b,파이 프렌치(300MM),error,피스제거용비트,"피스제거용비트, 비트세트, 고지가위, 공구함세트, 클램프미터",Expecting value: line 1 column 1 (char 0),,
qwen3.5:9b,파이프 렌치,error,파이프렌치,"파이프렌치, 드릴비트, 볼트컷터, 드릴비트세트, 끌세트",Expecting value: line 1 column 1 (char 0),,
qwen3.5:9b,파이프 렌치,error,파이프렌치,"파이프렌치, 드릴비트, 볼트컷터, 드릴비트세트, 끌세트",Expecting value: line 1 column 1 (char 0),,
qwen3.5:9b,파이프 렌치 10',error,파이프렌치,"파이프렌치, 드릴비트세트, 끌세트, 볼트컷터, 소켓렌치세트",Expecting value: line 1 column 1 (char 0),,
qwen3.5:9b,파이프 렌치 10inch,error,드릴비트세트,"드릴비트세트, 파이프렌치, 고속절단기, 드릴비트, 클램프미터",Expecting value: line 1 column 1 (char 0),,
qwen3.5:9b,파이프 렌치 12',error,파이프렌치,"파이프렌치, 드릴비트세트, 끌세트, 볼트컷터, 워터펌프플라이어",Expecting value: line 1 column 1 (char 0),,
qwen3.5:9b,파이프 렌치 12inch,error,파이프렌치,"파이프렌치, 드릴비트세트, 드릴비트, 볼트컷터, 고속절단기",Expecting value: line 1 column 1 (char 0),,
qwen3.5:9b,파이프 렌치 14',error,파이프렌치,"파이프렌치, 워터펌프플라이어, 라쳇렌치세트, 굽은노즈플라이어, 편구스패너",Expecting value: line 1 column 1 (char 0),,
qwen3.5:9b,파이프 렌치 14inch,error,파이프렌치,"파이프렌치, 드릴비트세트, 볼트컷터, 드릴비트, 고속절단기",Expecting value: line 1 column 1 (char 0),,
qwen3.5:9b,파이프 렌치 1개,error,드릴비트세트,"드릴비트세트, 드릴비트, 파이프렌치, 철판가위, 볼트컷터",Expecting value: line 1 column 1 (char 0),,
qwen3.5:9b,파이프 렌치10',error,파이프렌치,"파이프렌치, 끌세트, 워터펌프플라이어, 드릴비트세트, 볼트컷터",Expecting value: line 1 column 1 (char 0),,
qwen3.5:9b,파이프 렌치12',error,파이프렌치,"파이프렌치, 워터펌프플라이어, 굽은노즈플라이어, 라쳇렌치세트, 옵셋렌치",Expecting value: line 1 column 1 (char 0),,
qwen3.5:9b,파이프 렌치14',error,파이프렌치,"파이프렌치, 워터펌프플라이어, 라쳇렌치세트, 굽은노즈플라이어, 편구스패너",Expecting value: line 1 column 1 (char 0),,
qwen3.5:9b,파이프 커터,error,파이프렌치,"파이프렌치, 드릴비트세트, 드릴비트, 볼트컷터, 끌세트",Expecting value: line 1 column 1 (char 0),,
qwen3.5:9b,파이프그립플라이어,error,다이아고날플라이어,"다이아고날플라이어, 스냅링플라이어, 앵글그라인더, 플라이어렌치, 옵셋렌치",Expecting value: line 1 column 1 (char 0),,
qwen3.5:9b,파이프랜치,error,파이프렌치,"파이프렌치, 끌세트, 편구스패너, 스패너, 전지가위",Expecting value: line 1 column 1 (char 0),,
qwen3.5:9b,파이프랜치(10inch),error,클램프미터,"클램프미터, 드릴비트세트, 스패너세트, 소켓렌치세트, 전동공구세트",Expecting value: line 1 column 1 (char 0),,
qwen3.5:9b,파이프랜치(10세신) 1개,error,소켓렌치세트,"소켓렌치세트, 스패너세트, 기어렌치세트, 만능렌치, 편구스패너",Expecting value: line 1 column 1 (char 0),,
qwen3.5:9b,파이프랜치(12inch),error,클램프미터,"클램프미터, 드릴비트세트, 목공용드릴비트, 철공용드릴비트, 고속절단기",Expecting value: line 1 column 1 (char 0),,
qwen3.5:9b,파이프랜치(12세신) 1개,error,드릴비트세트,"드릴비트세트, 전동공구세트, 기어렌치세트, 스패너세트, 소켓렌치세트",Expecting value: line 1 column 1 (char 0),,
qwen3.5:9b,파이프랜치(8inch),error,클램프미터,"클램프미터, 드릴비트세트, 고속절단기, 철공용드릴비트, 목공용드릴비트",Expecting value: line 1 column 1 (char 0),,
qwen3.5:9b,"파이프랜치(대,소)",error,옵셋렌치,"옵셋렌치, 다이아고날플라이어, 플라이어렌치, 굽은노즈플라이어, 냉동라쳇렌치",Expecting value: line 1 column 1 (char 0),,
qwen3.5:9b,"파이프랜치(대,중,소)",error,편구스패너,"편구스패너, 파이프렌치, 소켓렌치세트, 볼렌치세트, 스패너세트",Expecting value: line 1 column 1 (char 0),,
qwen3.5:9b,파이프렌지,error,파이프렌치,"파이프렌치, 플라이어, 핀펀치, 전선릴, 굽은노즈플라이어",Expecting value: line 1 column 1 (char 0),,
qwen3.5:9b,파이프렌지(10″),error,파이프렌치,"파이프렌치, 편구스패너, 라쳇렌치세트, 소켓렌치세트, 볼렌치세트",Expecting value: line 1 column 1 (char 0),,
qwen3.5:9b,파이프렌찌(알미늄),error,철공용드릴비트,"철공용드릴비트, 공구함세트, 철공용드릴비트세트, 직소기, 공구세트",Expecting value: line 1 column 1 (char 0),,
qwen3.5:9b,파이프렌치,error,파이프렌치,"파이프렌치, 렌치, 편구스패너, 핀펀치, 스크레퍼",Expecting value: line 1 column 1 (char 0),파이프렌치,False
qwen3.5:9b,파이프렌치,error,파이프렌치,"파이프렌치, 렌치, 편구스패너, 핀펀치, 스크레퍼",Expecting value: line 1 column 1 (char 0),파이프렌치,False
qwen3.5:9b,파이프렌치  14″,error,라쳇렌치세트,"라쳇렌치세트, 파이프렌치, 굽은노즈플라이어, 편구스패너, 옵셋렌치",Expecting value: line 1 column 1 (char 0),,
qwen3.5:9b,파이프렌치 (10'),error,소켓렌치세트,"소켓렌치세트, 기어렌치세트, T렌치세트, 스패너세트, 파이프렌치",Expecting value: line 1 column 1 (char 0),,
qwen3.5:9b,파이프렌치 (12'),error,소켓렌치세트,"소켓렌치세트, 드릴비트세트, 기어렌치세트, 스패너세트, 파이프렌치",Expecting value: line 1 column 1 (char 0),,
qwen3.5:9b,파이프렌치 10,error,기어렌치세트,"기어렌치세트, 끌세트, 파이프렌치, 소켓렌치세트, 전동공구세트",Expecting value: line 1 column 1 (char 0),,
qwen3.5:9b,파이프렌치 10인치,error,드릴비트세트,"드릴비트세트, 소켓렌치세트, 스패너세트, 전동공구세트, 끌세트",Expecting value: line 1 column 1 (char 0),,
qwen3.5:9b,파이프렌치 12,error,파이프렌치,"파이프렌치, 드릴비트세트, 끌세트, 기어렌치세트, 볼트컷터",Expecting value: line 1 column 1 (char 0),,
qwen3.5:9b,파이프렌치 12',error,파이프렌치,"파이프렌치, 편구스패너, 소켓렌치세트, 끌세트, 라쳇렌치세트",Expecting value: line 1 column 1 (char 0),,
qwen3.5:9b,파이프렌치 12″,error,라쳇렌치세트,"라쳇렌치세트, 파이프렌치, 굽은노즈플라이어, 편구스패너, 옵셋렌치",Expecting value: line 1 column 1 (char 0),,
qwen3.5:9b,파이프렌치 12인치,error,파이프렌치,"파이프렌치, 소켓렌치세트, 끌세트, 드릴비트세트, 스패너세트",Expecting value: line 1 column 1 (char 0),,
qwen3.5:9b,파이프렌치 14'' 1개,error,드릴비트세트,"드릴비트세트, 고속절단기, 전동공구세트, 드릴비트, 공구세트",Expecting value: line 1 column 1 (char 0),,
qwen3.5:9b,파이프렌치 14인치,error,드릴비트세트,"드릴비트세트, 소켓렌치세트, 파이프렌치, 스패너세트, 끌세트",Expecting value: line 1 column 1 (char 0),,
qwen3.5:9b,파이프렌치 18,error,기어렌치세트,"기어렌치세트, 소켓렌치세트, 드릴비트세트, 전동공구세트, 파이프렌치",Expecting value: line 1 column 1 (char 0),,
qwen3.5:9b,파이프렌치 18인치,error,전동공구세트,"전동공구세트, 드릴비트세트, 소켓렌치세트, 기어렌치세트, 스패너세트",Expecting value: line 1 column 1 (char 0),,
qwen3.5:9b,파이프렌치 1개,error,드릴비트세트,"드릴비트세트, 드릴비트, 파이프렌치, 목공줄, 스패너세트",Expecting value: line 1 column 1 (char 0),,
qwen3.5:9b,파이프렌치 4',error,파이프렌치,"파이프렌치, 소켓렌치세트, 편구스패너, 스패너세트, 끌세트",Expecting value: line 1 column 1 (char 0),,
qwen3.5:9b,파이프렌치 대,error,파이프렌치,"파이프렌치, 전선릴, 전동드릴, 편구스패너, 스크레퍼",Expecting value: line 1 column 1 (char 0),,
qwen3.5:9b,"파이프렌치 대,중",error,전동드릴,"전동드릴, 만능렌치, 해머드릴, 파이프렌치, 임팩트드릴",Expecting value: line 1 column 1 (char 0),,
qwen3.5:9b,"파이프렌치 대,중,소",error,드릴비트,"드릴비트, 만능렌치, 목공줄, 줄자, 임팩트드릴",Expecting value: line 1 column 1 (char 0),,
qwen3.5:9b,파이프렌치 소,error,쇠지렛대,"쇠지렛대, 굽은노즈플라이어, 플라이어렌치, 핀펀치, 파이프렌치",Expecting value: line 1 column 1 (char 0),,
qwen3.5:9b,파이프렌치 중,error,드릴비트,"드릴비트, 목공줄, 파이프렌치, 드릴비트세트, 임팩트드릴",Expecting value: line 1 column 1 (char 0),,
qwen3.5:9b,파이프렌치(1),error,파이프렌치,"파이프렌치, 소켓렌치세트, 끌세트, 스패너세트, 볼렌치세트",Expecting value: line 1 column 1 (char 0),,
qwen3.5:9b,파이프렌치(10'),error,소켓렌치세트,"소켓렌치세트, 스패너세트, 기어렌치세트, 드릴비트세트, 끌세트",Expecting value: line 1 column 1 (char 0),,
qwen3.5:9b,파이프렌치(10인치),error,굽은노즈플라이어,"굽은노즈플라이어, 옵셋렌치, 스냅링플라이어, 플라이어렌치, 라쳇렌치세트",Expecting value: line 1 column 1 (char 0),,
qwen3.5:9b,파이프렌치(12,error,파이프렌치,"파이프렌치, 소켓렌치세트, 기어렌치세트, 드릴비트세트, 끌세트",Expecting value: line 1 column 1 (char 0),,
qwen3.5:9b,"파이프렌치(12#,14#)",error,조합렌치세트,"조합렌치세트, 기어렌치세트, 소켓렌치세트, T렌치세트, 드릴비트세트",Expecting value: line 1 column 1 (char 0),,
qwen3.5:9b,파이프렌치(12'),error,드릴비트세트,"드릴비트세트, 소켓렌치세트, 기어렌치세트, 스패너세트, 파이프렌치",Expecting value: line 1 column 1 (char 0),,
qwen3.5:9b,파이프렌치(12),error,기어렌치세트,"기어렌치세트, 소켓렌치세트, T렌치세트, 드릴비트세트, 스패너세트",Expecting value: line 1 column 1 (char 0),,
qwen3.5:9b,"파이프렌치(12,14#)",error,기어렌치세트,"기어렌치세트, 소켓렌치세트, T렌치세트, 조합렌치세트, 스패너세트",Expecting value: line 1 column 1 (char 0),,
qwen3.5:9b,파이프렌치(12인치),error,드릴비트세트,"드릴비트세트, 파이프렌치, 스패너세트, 소켓렌치세트, 기어렌치세트",Expecting value: line 1 column 1 (char 0),,
qwen3.5:9b,파이프렌치(14,error,파이프렌치,"파이프렌치, 소켓렌치세트, 드릴비트세트, 기어렌치세트, T렌치세트",Expecting value: line 1 column 1 (char 0),,
qwen3.5:9b,파이프렌치(14'),error,드릴비트세트,"드릴비트세트, 파이프렌치, 소켓렌치세트, 스패너세트, 전동공구세트",Expecting value: line 1 column 1 (char 0),,
qwen3.5:9b,파이프렌치(14),error,파이프렌치,"파이프렌치, 소켓렌치세트, 볼트컷터, 끌세트, T렌치세트",Expecting value: line 1 column 1 (char 0),,
qwen3.5:9b,파이프렌치(14인치),error,드릴비트세트,"드릴비트세트, 클램프미터, 고속절단기, 파이프렌치, 드릴비트",Expecting value: line 1 column 1 (char 0),파이프렌치,False
qwen3.5:9b,파이프렌치(18),error,T렌치세트,"T렌치세트, 조합렌치세트, 기어렌치세트, 소켓렌치세트, 스패너세트",Expecting value: line 1 column 1 (char 0),,
qwen3.5:9b,파이프렌치(18인치),error,소켓렌치세트,"소켓렌치세트, 스패너세트, 기어렌치세트, T렌치세트, 끌세트",Expecting value: line 1 column 1 (char 0),,
qwen3.5:9b,파이프렌치(2),error,소켓렌치세트,"소켓렌치세트, T렌치세트, 볼렌치세트, 스패너세트, 기어렌치세트",Expecting value: line 1 column 1 (char 0),,
qwen3.5:9b,파이프렌치(300mm),error,클램프미터,"클램프미터, 철공용드릴비트, 목공용드릴비트, 고속절단기, 드릴비트세트",Expecting value: line 1 column 1 (char 0),,
qwen3.5:9b,파이프렌치(大),error,플라이어렌치,"플라이어렌치, 옵셋렌치, 굽은노즈플라이어, 핀펀치, 플라이어",Expecting value: line 1 column 1 (char 0),,
qwen3.5:9b,파이프렌치(小),error,파이프렌치,"파이프렌치, 핀펀치, 몽키렌치, 플라이어렌치, 굽은노즈플라이어",Expecting value: line 1 column 1 (char 0),,
qwen3.5:9b,"파이프렌치(대,중,소) 1개",error,드릴비트세트,"드릴비트세트, 전동공구세트, 기어렌치세트, 스패너세트, 공구세트",Expecting value: line 1 column 1 (char 0),,
qwen3.5:9b,파이프렌치(대?중?소?),error,임팩트드릴,"임팩트드릴, 빠루망치, 만능렌치, 납볼망치, 전지가위",Expecting value: line 1 column 1 (char 0),,
qwen3.5:9b,파이프렌치(블루텍),error,기어렌치세트,"기어렌치세트, T렌치세트, 전동공구세트, 스패너세트, 소켓렌치세트",Expecting value: line 1 column 1 (char 0),,
qwen3.5:9b,파이프렌치10,error,드릴비트세트,"드릴비트세트, 전동공구세트, 소켓렌치세트, 기어렌치세트, 끌세트",Expecting value: line 1 column 1 (char 0),,
qwen3.5:9b,파이프렌치12,error,파이프렌치,"파이프렌치, 끌세트, 소켓렌치세트, 볼트컷터, 볼렌치세트",Expecting value: line 1 column 1 (char 0),,
qwen3.5:9b,파이프렌치12',error,파이프렌치,"파이프렌치, 라쳇렌치세트, 굽은노즈플라이어, 편구스패너, 옵셋렌치",Expecting value: line 1 column 1 (char 0),,
qwen3.5:9b,파이프렌치12'',error,파이프렌치,"파이프렌치, 소켓렌치세트, 끌세트, 드릴비트세트, 편구스패너",Expecting value: line 1 column 1 (char 0),,
qwen3.5:9b,파이프렌치12(소),error,파이프렌치,"파이프렌치, 드릴비트세트, 소켓렌치세트, 전동공구세트, 끌세트",Expecting value: line 1 column 1 (char 0),,
qwen3.5:9b,파이프렌치12인치,error,파이프렌치,"파이프렌치, 소켓렌치세트, 편구스패너, 끌세트, 라쳇렌치세트",Expecting value: line 1 column 1 (char 0),,
qwen3.5:9b,파이프렌치12＂,error,옵셋렌치,"옵셋렌치, 스냅링플라이어, 다이아고날플라이어, 앵글그라인더, 굽은노즈플라이어",Expecting value: line 1 column 1 (char 0),,
qwen3.5:9b,파이프렌치14,error,파이프렌치,"파이프렌치, 소켓렌치세트, 끌세트, 볼트컷터, 드릴비트세트",Expecting value: line 1 column 1 (char 0),,
qwen3.5:9b,파이프렌치14',error,파이프렌치,"파이프렌치, 라쳇렌치세트, 편구스패너, 소켓렌치세트, 볼렌치세트",Expecting value: line 1 column 1 (char 0),,
qwen3.5:9b,파이프렌치14(대),error,옵셋렌치,"옵셋렌치, 라쳇렌치세트, 굽은노즈플라이어, 플라이어렌치, 전동드라이버",Expecting value: line 1 column 1 (char 0),,
qwen3.5:9b,파이프렌치14인치,error,소켓렌치세트,"소켓렌치세트, 파이프렌치, 끌세트, 볼렌치세트, 편구스패너",Expecting value: line 1 column 1 (char 0),,
qwen3.5:9b,파이프렌치14＂,error,옵셋렌치,"옵셋렌치, 라쳇렌치세트, 굽은노즈플라이어, 스냅링플라이어, 플라이어렌치",Expecting value: line 1 column 1 (char 0),,
qwen3.5:9b,파이프스패너,error,파이프렌치,"파이프렌치, 스패너, 끌세트, 볼트컷터, 드릴비트",Expecting value: line 1 column 1 (char 0),,
qwen3.5:9b,파이프카타,error,파이프렌치,"파이프렌치, 전동타카, 건타카, 장도리, 편구스패너",Expecting value: line 1 column 1 (char 0),,
qwen3.5:9b,파이프커터,error,파이프렌치,"파이프렌치, 드릴비트세트, 드릴비트, 볼트컷터, 끌세트",Expecting value: line 1 column 1 (char 0),,
qwen3.5:9b,파이프커터 22mm,error,클램프미터,"클램프미터, 철공용드릴비트, 목공용드릴비트, 드릴비트세트, 고속절단기",Expecting value: line 1 column 1 (char 0),,
qwen3.5:9b,파이프커팅기,error,파이프렌치,"파이프렌치, 드릴비트세트, 끌세트, 볼트컷터, 드릴비트",Expecting value: line 1 column 1 (char 0),,
qwen3.5:9b,파이프컷트기,error,드릴비트,"드릴비트, 드릴비트세트, 목공줄, 볼트컷터, 파이프렌치",Expecting value: line 1 column 1 (char 0),,
qwen3.5:9b,파이프클램프 47개,error,철공용드릴비트,"철공용드릴비트, 드릴비트세트, 목공용드릴비트, 고속절단기, 철판가위",Expecting value: line 1 column 1 (char 0),,
qwen3.5:9b,팬치,error,장도리,"장도리, 커터, 고무망치, 에어건, 렌치",Expecting value: line 1 column 1 (char 0),,
qwen3.5:9b,팬치(200mm),error,클램프미터,"클램프미터, 드릴비트세트, 공구세트, 고속절단기, 목공용드릴비트",Expecting value: line 1 column 1 (char 0),,
qwen3.5:9b,펀칭기,error,스패너,"스패너, 스패너세트, 납볼망치, 장도리, 만능렌치",Expecting value: line 1 column 1 (char 0),,
qwen3.5:9b,펌프,error,에어펌프,"에어펌프, 드릴비트, 목공용드릴비트, 드릴비트세트, 철공용드릴비트",Expecting value: line 1 column 1 (char 0),,
qwen3.5:9b,페이팅건,error,전선릴,"전선릴, 쇠지렛대, 굽은노즈플라이어, 편구스패너, 플라이어",Expecting value: line 1 column 1 (char 0),,
qwen3.5:9b,페인트 롤러,error,플라이어세트,"플라이어세트, 끌세트, 플라이어, 스패너, 편구스패너",Expecting value: line 1 column 1 (char 0),,
qwen3.5:9b,페인트롤러,error,글루스틱,"글루스틱, 플라이어세트, 스패너, 스패너세트, 송풍기",Expecting value: line 1 column 1 (char 0),,
qwen3.5:9b,페인트붓 5개,error,목공용접톱,"목공용접톱, 육각렌치세트, T렌치세트, 기어렌치세트, 스패너세트",Expecting value: line 1 column 1 (char 0),,
qwen3.5:9b,페인팅 건,error,타일컷터,"타일컷터, 만능렌치, 해머드릴, 편구스패너, 전선릴",Expecting value: line 1 column 1 (char 0),,
qwen3.5:9b,페인팅건,error,플라이어,"플라이어, 플라이어렌치, 전선릴, 굽은노즈플라이어, 타일컷터",Expecting value: line 1 column 1 (char 0),,
qwen3.5:9b,페인팅건(콤프라샤용),error,냉동라쳇렌치,"냉동라쳇렌치, 앵글그라인더, 바이스그립플라이어, 다이아고날플라이어, 스냅링플라이어",Expecting value: line 1 column 1 (char 0),,
qwen3.5:9b,페파 샌드기,error,피스제거용비트,"피스제거용비트, 먹통, 고지가위, 쇠지렛대, 타카",Expecting value: line 1 column 1 (char 0),,
qwen3.5:9b,펜지,error,펜치,"펜치, 렌치, 핀펀치, 플라이어, 파이프렌치",Expecting value: line 1 column 1 (char 0),,
qwen3.5:9b,펜지(8인치),error,스패너세트,"스패너세트, 펜치, 만능렌치, 기어렌치세트, 소켓렌치세트",Expecting value: line 1 column 1 (char 0),,
qwen3.5:9b,펜찌,error,펜치,"펜치, 장도리, 스패너, 납볼망치, 타카",Expecting value: line 1 column 1 (char 0),,
qwen3.5:9b,펜치,error,펜치,"펜치, 타카, 커터, 장도리, 스패너",Expecting value: line 1 column 1 (char 0),펜치,False
qwen3.5:9b,펜치 1개,error,목공줄,"목공줄, 납볼망치, 전지가위, 직각자, 손타카",Expecting value: line 1 column 1 (char 0),,
qwen3.5:9b,펜치 2개,error,목공줄,"목공줄, 손타카, 납볼망치, 직각자, 전지가위",Expecting value: line 1 column 1 (char 0),,
qwen3.5:9b,펜치 6＂,error,편구스패너,"편구스패너, 스크레퍼, 전선릴, 라쳇렌치세트, 와이어스트리퍼",Expecting value: line 1 column 1 (char 0),,
qwen3.5:9b,펜치 7'' 2개,error,공구세트,"공구세트, 전동공구세트, 기어렌치세트, 스패너세트, 드릴비트세트",Expecting value: line 1 column 1 (char 0),,
qwen3.5:9b,펜치 7＂,error,편구스패너,"편구스패너, 스크레퍼, 볼렌치세트, 소켓렌치세트, 라쳇렌치세트",Expecting value: line 1 column 1 (char 0),,
qwen3.5:9b,펜치(1),error,펜치,"펜치, 납볼망치, 소켓렌치세트, 볼렌치세트, 스패너세트",Expecting value: line 1 column 1 (char 0),,
qwen3.5:9b,"펜치(150mm,175mm)",error,클램프미터,"클램프미터, 철공용드릴비트, 공구세트, 철공용드릴비트세트, 고속절단기",Expecting value: line 1 column 1 (char 0),,
qwen3.5:9b,펜치(2),error,T렌치세트,"T렌치세트, 소켓렌치세트, 기어렌치세트, 볼렌치세트, 조합렌치세트",Expecting value: line 1 column 1 (char 0),,
qwen3.5:9b,펜치(6#),error,소켓렌치세트,"소켓렌치세트, 기어렌치세트, T렌치세트, 조합렌치세트, 스패너세트",Expecting value: line 1 column 1 (char 0),,
qwen3.5:9b,펜치(7inch),error,클램프미터,"클램프미터, 공구세트, 육각렌치세트, 기어렌치세트, T렌치세트",Expecting value: line 1 column 1 (char 0),,
qwen3.5:9b,펜치(8'') 1개,error,기어렌치세트,"기어렌치세트, 스패너세트, 목공줄, T렌치세트, 전동공구세트",Expecting value: line 1 column 1 (char 0),,
qwen3.5:9b,펜치(8) 3개,error,기어렌치세트,"기어렌치세트, 조합렌치세트, T렌치세트, 소켓렌치세트, 스패너세트",Expecting value: line 1 column 1 (char 0),,
qwen3.5:9b,펜치(8″),error,기어렌치세트,"기어렌치세트, 스패너세트, 전동공구세트, T렌치세트, 공구세트",Expecting value: line 1 column 1 (char 0),,
qwen3.5:9b,펜치(8인치),error,기어렌치세트,"기어렌치세트, 스패너세트, T렌치세트, 만능렌치, 공구세트",Expecting value: line 1 column 1 (char 0),펜치,False
qwen3.5:9b,펜치(9#),error,소켓렌치세트,"소켓렌치세트, 기어렌치세트, T렌치세트, 조합렌치세트, 스패너세트",Expecting value: line 1 column 1 (char 0),,
qwen3.5:9b,펜치(9인치),error,만능렌치,"만능렌치, 스패너세트, T렌치세트, 기어렌치세트, 소켓렌치세트",Expecting value: line 1 column 1 (char 0),,
qwen3.5:9b,펜치(비압착),error,그립망치,"그립망치, 목공줄, 전동압착기, 스패너세트, 절단석",Expecting value: line 1 column 1 (char 0),,
qwen3.5:9b,펜치(소),error,펜치,"펜치, 전지가위, 카운터싱크, 납볼망치, 타카",Expecting value: line 1 column 1 (char 0),,
qwen3.5:9b,"펜치, 롱노즈",error,펜치,"펜치, 카운터싱크, 전지가위, 육각렌치, 목공줄",Expecting value: line 1 column 1 (char 0),,
qwen3.5:9b,펜치8',error,소켓렌치세트,"소켓렌치세트, 펜치, 스패너세트, 기어렌치세트, 볼렌치세트",Expecting value: line 1 column 1 (char 0),,
qwen3.5:9b,펜치세트(3PCS),error,정밀드라이버세트,"정밀드라이버세트, 공구함세트, 육각렌치세트, 전동공구세트, 철공용드릴비트세트",Expecting value: line 1 column 1 (char 0),,
qwen3.5:9b,평끌 13mm,error,클램프미터,"클램프미터, 고속절단기, 공구세트, 전동공구세트, 드릴비트세트",Expecting value: line 1 column 1 (char 0),,
qwen3.5:9b,평끌 25mm,error,클램프미터,"클램프미터, 철공용드릴비트, 드릴비트세트, 공구세트, 철공용드릴비트세트",Expecting value: line 1 column 1 (char 0),,
qwen3.5:9b,포르토,error,볼렌치,"볼렌치, 건타카, 장도리, 돌망치, 전동타카",Expecting value: line 1 column 1 (char 0),,
qwen3.5:9b,포스너비트셋트 1개,error,스패너세트,"스패너세트, 소켓렌치세트, 기어렌치세트, T렌치세트, 전동공구세트",Expecting value: line 1 column 1 (char 0),,
qwen3.5:9b,포켓 몽키,error,고무망치,"고무망치, 편구스패너, 쇠지렛대, 커터, 에어건",Expecting value: line 1 column 1 (char 0),,
qwen3.5:9b,포켓몽키,error,빠루망치,"빠루망치, 고무망치, 에어건, 커터, 만능렌치",Expecting value: line 1 column 1 (char 0),,
qwen3.5:9b,포켓형 목공톱,error,원형톱,"원형톱, 목공톱, 목공줄, 쇠톱, 모종삽",Expecting value: line 1 column 1 (char 0),,
qwen3.5:9b,포티스 공구세트(40PCS),error,정밀드라이버세트,"정밀드라이버세트, 철공용드릴비트세트, 고속절단기, 전동공구세트, 공구함세트",Expecting value: line 1 column 1 (char 0),,
qwen3.5:9b,포티스 공구세트(40pcs),error,고속절단기,"고속절단기, 목공용드릴비트, 전동공구세트, 정밀드라이버세트, 클램프미터",Expecting value: line 1 column 1 (char 0),,
qwen3.5:9b,폴대,error,장도리,"장도리, 렌치, 전동타카, 전선릴, 토크렌치",Expecting value: line 1 column 1 (char 0),,
qwen3.5:9b,폴라로이드,error,모종삽,"모종삽, 글루스틱, 편구스패너, 볼렌치세트, 스크레퍼",Expecting value: line 1 column 1 (char 0),,
qwen3.5:9b,폴라로이드 카메라,error,라돈측정기,"라돈측정기, SDS드릴비트, 육각렌치세트, 열화상카메라, 별렌치세트",Expecting value: line 1 column 1 (char 0),,
qwen3.5:9b,폴라로이드카메라,error,라쳇렌치세트,"라쳇렌치세트, 열화상카메라, 편구스패너, 전선릴, 와이어스트리퍼",Expecting value: line 1 column 1 (char 0),,
qwen3.5:9b,폴라로이드카메라(와이드),error,와이어스트리퍼,"와이어스트리퍼, 라쳇렌치세트, 충전해머드릴, 앤드컷팅니퍼, 편구스패너",Expecting value: line 1 column 1 (char 0),,
qwen3.5:9b,폴라로이드카메라(필름별도),error,열화상카메라,"열화상카메라, 소켓렌치세트, 편구스패너, 볼렌치세트, 별렌치세트",Expecting value: line 1 column 1 (char 0),,
qwen3.5:9b,프라이어,error,렌치,"렌치, 플라이어, 핀펀치, 스크레퍼, 전선릴",Expecting value: line 1 column 1 (char 0),,
qwen3.5:9b,프러그톱 1개,error,편구스패너,"편구스패너, 타일컷터, 와이어스트리퍼, 전선릴, 스크레퍼",Expecting value: line 1 column 1 (char 0),,
qwen3.5:9b,프레스타어댑터,error,끌세트,"끌세트, 에어컴프레서, 전동공구세트, 드릴비트세트, 정밀드라이버세트",Expecting value: line 1 column 1 (char 0),,
qwen3.5:9b,프렌치세트,error,소켓렌치세트,"소켓렌치세트, 볼렌치세트, 스패너세트, T렌치세트, 납볼망치",Expecting value: line 1 column 1 (char 0),,
qwen3.5:9b,프로몽키,error,토크렌치,"토크렌치, 몽키렌치, 건타카, 전동타카, 볼렌치",Expecting value: line 1 column 1 (char 0),,
qwen3.5:9b,프로몽키(로보스터),error,토크렌치,"토크렌치, 몽키렌치, 와이어스트리퍼, 전동타카, 편구스패너",Expecting value: line 1 column 1 (char 0),,
qwen3.5:9b,프로자켓줄자 1개,error,편구스패너,"편구스패너, 타일컷터, 와이어스트리퍼, 소켓렌치세트, 볼렌치세트",Expecting value: line 1 column 1 (char 0),,
qwen3.5:9b,프로젝터,error,공구함,"공구함, 장도리, 전지가위, 끌세트, T렌치세트",Expecting value: line 1 column 1 (char 0),,
qwen3.5:9b,플라스틱공구통,error,공구함세트,"공구함세트, 플라이어세트, 직소기, 전자산업용니퍼, 드릴비트세트",Expecting value: line 1 column 1 (char 0),,
qwen3.5:9b,플라이어,error,플라이어,"플라이어, 플라이어렌치, 굽은노즈플라이어, 스냅링플라이어, 핀펀치",Expecting value: line 1 column 1 (char 0),플라이어,False
qwen3.5:9b,플라이어,error,플라이어,"플라이어, 플라이어렌치, 굽은노즈플라이어, 스냅링플라이어, 핀펀치",Expecting value: line 1 column 1 (char 0),플라이어,False
qwen3.5:9b,플라이어 (10인치),error,소켓렌치세트,"소켓렌치세트, 스패너세트, 볼렌치세트, 기어렌치세트, 편구스패너",Expecting value: line 1 column 1 (char 0),,
qwen3.5:9b,플라이어 10'' 1개,error,스패너세트,"스패너세트, 소켓렌치세트, 만능렌치, 편구스패너, 기어렌치세트",Expecting value: line 1 column 1 (char 0),,
qwen3.5:9b,플라이어 10″,error,라쳇렌치세트,"라쳇렌치세트, 편구스패너, 굽은노즈플라이어, 쇠지렛대, 소켓렌치세트",Expecting value: line 1 column 1 (char 0),,
qwen3.5:9b,플라이어(1),error,편구스패너,"편구스패너, 볼렌치세트, 소켓렌치세트, 스패너세트, 라쳇렌치세트",Expecting value: line 1 column 1 (char 0),,
qwen3.5:9b,"플라이어(160mm,200mm)",error,클램프미터,"클램프미터, 공구세트, 전동공구세트, 드릴비트세트, 철공용드릴비트",Expecting value: line 1 column 1 (char 0),,
qwen3.5:9b,플라이어(2),error,볼렌치세트,"볼렌치세트, 소켓렌치세트, 스패너세트, 편구스패너, T렌치세트",Expecting value: line 1 column 1 (char 0),,
qwen3.5:9b,플라이어(6인치),error,편구스패너,"편구스패너, 소켓렌치세트, 굽은노즈플라이어, 볼렌치세트, 라쳇렌치세트",Expecting value: line 1 column 1 (char 0),,
qwen3.5:9b,플라이어(8″),error,스패너세트,"스패너세트, 소켓렌치세트, 기어렌치세트, 볼렌치세트, 플라이어세트",Expecting value: line 1 column 1 (char 0),,
qwen3.5:9b,플라이어(8인치),error,소켓렌치세트,"소켓렌치세트, 스패너세트, 편구스패너, 볼렌치세트, 기어렌치세트",Expecting value: line 1 column 1 (char 0),,
qwen3.5:9b,플라이어(소),error,플라이어,"플라이어, 편구스패너, 굽은노즈플라이어, 플라이어렌치, 라쳇렌치세트",Expecting value: line 1 column 1 (char 0),,
qwen3.5:9b,플라이어(중형) 2개,error,기어렌치세트,"기어렌치세트, 스패너세트, T렌치세트, 플라이어세트, 소켓렌치세트",Expecting value: line 1 column 1 (char 0),,
qwen3.5:9b,플라이어(첼라),error,편구스패너,"편구스패너, 플라이어렌치, 굽은노즈플라이어, 전선릴, 전동타카",Expecting value: line 1 column 1 (char 0),,
qwen3.5:9b,플라이어10＂,error,옵셋렌치,"옵셋렌치, 플라이어렌치, 스냅링플라이어, 굽은노즈플라이어, 다이아고날플라이어",Expecting value: line 1 column 1 (char 0),,
qwen3.5:9b,플라이어6＂,error,플라이어렌치,"플라이어렌치, 굽은노즈플라이어, 옵셋렌치, 스냅링플라이어, 다이아고날플라이어",Expecting value: line 1 column 1 (char 0),,
qwen3.5:9b,플라이어8',error,앵글그라인더,"앵글그라인더, 옵셋렌치, 플라이어렌치, 스냅링플라이어, 다이아고날플라이어",Expecting value: line 1 column 1 (char 0),,
qwen3.5:9b,플라이어8인치 1개,error,소켓렌치세트,"소켓렌치세트, 스패너세트, 볼렌치세트, 기어렌치세트, 편구스패너",Expecting value: line 1 column 1 (char 0),,
qwen3.5:9b,플라이어8＂,error,앵글그라인더,"앵글그라인더, 옵셋렌치, 스냅링플라이어, 플라이어렌치, 다이아고날플라이어",Expecting value: line 1 column 1 (char 0),,
qwen3.5:9b,플라이어세트,error,플라이어세트,"플라이어세트, 스패너세트, 소켓렌치세트, 기어렌치세트, T렌치세트",Expecting value: line 1 column 1 (char 0),,
qwen3.5:9b,플라이어셋트 8피스,error,소켓렌치세트,"소켓렌치세트, 스패너세트, 볼렌치세트, 라쳇렌치세트, 끌세트",Expecting value: line 1 column 1 (char 0),,
qwen3.5:9b,플라토 니퍼,error,니퍼,"니퍼, 토크렌치, 양용드라이버, 장도리, 와이어스트리퍼",Expecting value: line 1 column 1 (char 0),,
qwen3.5:9b,플랙시블샤프트,error,다이아고날플라이어,"다이아고날플라이어, 스냅링플라이어, 앵글그라인더, 플라이어렌치, 바이스그립플라이어",Expecting value: line 1 column 1 (char 0),,
qwen3.5:9b,플러스비트 2날 (14*160),error,소켓렌치세트,"소켓렌치세트, T렌치세트, 스패너세트, 기어렌치세트, 볼렌치세트",Expecting value: line 1 column 1 (char 0),,
qwen3.5:9b,플렉서블 비트홀더,error,바이스그립플라이어,"바이스그립플라이어, 냉동라쳇렌치, 다이아고날플라이어, 앵글그라인더, 스냅링플라이어",Expecting value: line 1 column 1 (char 0),,
qwen3.5:9b,플렉시블 비트홀,error,편구스패너,"편구스패너, 볼렌치세트, 라쳇렌치세트, 별렌치세트, 소켓렌치세트",Expecting value: line 1 column 1 (char 0),,
qwen3.5:9b,플렉시블 비트홀더,error,바이스그립플라이어,"바이스그립플라이어, 다이아고날플라이어, 앵글그라인더, 냉동라쳇렌치, 스냅링플라이어",Expecting value: line 1 column 1 (char 0),,
qwen3.5:9b,플렉시블비트홀더,error,바이스그립플라이어,"바이스그립플라이어, 앵글그라인더, 다이아고날플라이어, 냉동라쳇렌치, 스냅링플라이어",Expecting value: line 1 column 1 (char 0),,
qwen3.5:9b,피스 모듬세트,error,피스제거용비트,"피스제거용비트, T렌치세트, 기어렌치세트, 스패너세트, 전동공구세트",Expecting value: line 1 column 1 (char 0),,
qwen3.5:9b,피스 종류별(5종류) 모듬세트,error,피스제거용비트,"피스제거용비트, 기어렌치세트, T렌치세트, 조합렌치세트, 육각렌치세트",Expecting value: line 1 column 1 (char 0),,
qwen3.5:9b,피스모듬세트,error,T렌치세트,"T렌치세트, 기어렌치세트, 스패너세트, 소켓렌치세트, 육각렌치세트",Expecting value: line 1 column 1 (char 0),,
qwen3.5:9b,피스제거용비트,error,피스제거용비트,"피스제거용비트, 소켓렌치세트, 스패너세트, T렌치세트, 기어렌치세트",Expecting value: line 1 column 1 (char 0),피스제거용비트,False
qwen3.5:9b,피톤치드 연무기,error,안전로프,"안전로프, 전동공구세트, 공구세트, 전동압착기, 강력니퍼",Expecting value: line 1 column 1 (char 0),,
qwen3.5:9b,핀 마이크,error,핀펀치,"핀펀치, 전선릴, 렌치, 몽키렌치, 전동드릴",Expecting value: line 1 column 1 (char 0),,
qwen3.5:9b,핀셋,error,굽은노즈플라이어,"굽은노즈플라이어, 플라이어렌치, 옵셋렌치, 플라이어, 전선릴",Expecting value: line 1 column 1 (char 0),,
qwen3.5:9b,하수구스프링청소기,error,스프링배관청소기,"스프링배관청소기, 목공용드릴비트, 전지가위, 고지가위, 목공줄",Expecting value: line 1 column 1 (char 0),,
qwen3.5:9b,하수구청소기,error,스프링배관청소기,"스프링배관청소기, 고지가위, 전지가위, 에어타카, 목공용드릴비트",Expecting value: line 1 column 1 (char 0),,
qwen3.5:9b,하수청소기(10m),error,스프링배관청소기,"스프링배관청소기, 클램프미터, 목공용드릴비트, 고속절단기, 철판가위",Expecting value: line 1 column 1 (char 0),,
qwen3.5:9b,하이스 홀쏘,error,스냅링플라이어,"스냅링플라이어, 다이아고날플라이어, 옵셋렌치, 냉동라쳇렌치, 플라이어렌치",Expecting value: line 1 column 1 (char 0),,
qwen3.5:9b,하이스날,error,장도리,"장도리, 줄자, 다이스세트, 니퍼, 커터",Expecting value: line 1 column 1 (char 0),,
qwen3.5:9b,하이스톱날,error,그립망치,"그립망치, 빠루망치, 타일컷터, 만능렌치, 돌망치",Expecting value: line 1 column 1 (char 0),,
qwen3.5:9b,한복 (아이/성인),error,냉동라쳇렌치,"냉동라쳇렌치, 다이아고날플라이어, 앤드컷팅니퍼, 옵셋렌치, 앵글그라인더",Expecting value: line 1 column 1 (char 0),,
qwen3.5:9b,함마,error,장도리,"장도리, 공구함, 타카, 돌망치, 육각렌치",Expecting value: line 1 column 1 (char 0),망치,False
qwen3.5:9b,함마(中),error,건타카,"건타카, 전지가위, 전동타카, 납볼망치, 돌망치",Expecting value: line 1 column 1 (char 0),,
qwen3.5:9b,함마(대),error,옵셋렌치,"옵셋렌치, 굽은노즈플라이어, 전선릴, 플라이어렌치, 쇠지렛대",Expecting value: line 1 column 1 (char 0),,
qwen3.5:9b,함마(무진동 망치),error,석고대패,"석고대패, 그립망치, 전동압착기, 절단석, 강력니퍼",Expecting value: line 1 column 1 (char 0),,
qwen3.5:9b,함마기리 1개,error,스패너세트,"스패너세트, 기어렌치세트, T렌치세트, 목공줄, 납볼망치",Expecting value: line 1 column 1 (char 0),,
qwen3.5:9b,함마드릴,error,만능렌치,"만능렌치, 임팩트드릴, 빠루망치, 드릴비트, 전동드릴",Expecting value: line 1 column 1 (char 0),해머드릴,False
qwen3.5:9b,함마드릴 10.8V,error,고속절단기,"고속절단기, 전동공구세트, 전동압착기, 정밀드라이버세트, 공구세트",Expecting value: line 1 column 1 (char 0),,
qwen3.5:9b,함마드릴 18V,error,전동공구세트,"전동공구세트, 고속절단기, 공구세트, 정밀드라이버세트, 드라이버세트",Expecting value: line 1 column 1 (char 0),,
qwen3.5:9b,함마드릴 1개,error,해머드릴,"해머드릴, 만능렌치, 임팩트드릴, 전동드릴, 빠루망치",Expecting value: line 1 column 1 (char 0),,
qwen3.5:9b,함마드릴(경량) 1개,error,드릴비트세트,"드릴비트세트, 공구세트, 전동공구세트, 공구함세트, 목공용드릴비트",Expecting value: line 1 column 1 (char 0),,
qwen3.5:9b,함마드릴(소),error,전동타카,"전동타카, 소켓렌치세트, 양용드라이버, 타일컷터, 편구스패너",Expecting value: line 1 column 1 (char 0),,
qwen3.5:9b,함마드릴(중),error,전동공구세트,"전동공구세트, 드릴비트세트, 공구세트, 전동압착기, 전지가위",Expecting value: line 1 column 1 (char 0),,
qwen3.5:9b,함마드릴220v(10m),error,고속절단기,"고속절단기, 철공용드릴비트, 목공용드릴비트, 정밀드라이버세트, 전동공구세트",Expecting value: line 1 column 1 (char 0),,
qwen3.5:9b,함마드릴비트,error,드릴비트,"드릴비트, 전동공구세트, 공구세트, 드릴비트세트, 목공용드릴비트",Expecting value: line 1 column 1 (char 0),,
qwen3.5:9b,함마전동드릴,error,드릴비트,"드릴비트, 전동공구세트, 만능렌치, 공구세트, 임팩트드릴",Expecting value: line 1 column 1 (char 0),,
qwen3.5:9b,함마전동드릴(보쉬),error,전동공구세트,"전동공구세트, 드릴비트세트, 목공용드릴비트, 공구세트, 끌세트",Expecting value: line 1 column 1 (char 0),,
qwen3.5:9b,함마전동드릴(스킬),error,철공용드릴비트,"철공용드릴비트, 목공용드릴비트, 전동공구세트, 드릴비트세트, 공구세트",Expecting value: line 1 column 1 (char 0),,
qwen3.5:9b,함마전동드릴세트(유선),error,철공용드릴비트,"철공용드릴비트, 철공용드릴비트세트, 목공용드릴비트, 정밀드라이버세트, 전동공구세트",Expecting value: line 1 column 1 (char 0),,
qwen3.5:9b,함머드릴,error,전동드릴,"전동드릴, 해머드릴, 전선릴, 고무망치, 타일컷터",Expecting value: line 1 column 1 (char 0),,
qwen3.5:9b,함석가위,error,전지가위,"전지가위, 공구세트, 목공줄, 납볼망치, 스패너세트",Expecting value: line 1 column 1 (char 0),철판가위,False
qwen3.5:9b,함석가위 1개,error,납볼망치,"납볼망치, 스패너세트, 전지가위, 만능렌치, 소켓렌치세트",Expecting value: line 1 column 1 (char 0),,
qwen3.5:9b,핫매트봉,error,드릴비트,"드릴비트, 에어타카, 피스제거용비트, 충전드릴, 목공줄",Expecting value: line 1 column 1 (char 0),,
qwen3.5:9b,핫멜트 건,error,해머드릴,"해머드릴, 만능렌치, 에어건, 쇠지렛대, 고무망치",Expecting value: line 1 column 1 (char 0),,
qwen3.5:9b,핫멜트 글루건,error,쇠지렛대,"쇠지렛대, 전선릴, 타일컷터, 고무망치, 해머드릴",Expecting value: line 1 column 1 (char 0),,
qwen3.5:9b,핫멜트건,error,쇠지렛대,"쇠지렛대, 에어건, 해머드릴, 고무망치, 만능렌치",Expecting value: line 1 column 1 (char 0),,
qwen3.5:9b,핫멜트건(글루건),error,쇠지렛대,"쇠지렛대, 에어건, 만능렌치, 가스토치, 타일컷터",Expecting value: line 1 column 1 (char 0),,
qwen3.5:9b,핫멜트건40W,error,고속절단기,"고속절단기, 충전드릴, 만능렌치, 목공용드릴비트, 드릴비트",Expecting value: line 1 column 1 (char 0),,
qwen3.5:9b,핫멜트건심,error,만능렌치,"만능렌치, 에어타카, 쇠지렛대, 에어건, 빠루망치",Expecting value: line 1 column 1 (char 0),,
qwen3.5:9b,핫멜트그루건,error,쇠지렛대,"쇠지렛대, 전선릴, 고무망치, 해머드릴, 타일컷터",Expecting value: line 1 column 1 (char 0),,
qwen3.5:9b,핫멜트글루건,error,쇠지렛대,"쇠지렛대, 만능렌치, 고무망치, 에어건, 해머드릴",Expecting value: line 1 column 1 (char 0),,
qwen3.5:9b,핫멜트알,error,쇠지렛대,"쇠지렛대, 고무망치, 전선릴, 에어건, 해머드릴",Expecting value: line 1 column 1 (char 0),,
qwen3.5:9b,핫멜트진,error,쇠지렛대,"쇠지렛대, 전선릴, 고무망치, 타일컷터, 해머드릴",Expecting value: line 1 column 1 (char 0),,
qwen3.5:9b,항공 가위,error,전동공구세트,"전동공구세트, 공구세트, 전동압착기, 드라이버세트, 안전로프",Expecting value: line 1 column 1 (char 0),,
qwen3.5:9b,항공가위,error,전동공구세트,"전동공구세트, 양용드라이버, 드라이버세트, 에어컴프레서, 전동드릴",Expecting value: line 1 column 1 (char 0),,
qwen3.5:9b,"항공가위,전지가위",error,전동공구세트,"전동공구세트, 전동압착기, 공구세트, 전지가위, 정밀드라이버세트",Expecting value: line 1 column 1 (char 0),,
qwen3.5:9b,해라,error,커터,"커터, 고무망치, 전동드릴, 해머드릴, 스크레퍼",Expecting value: line 1 column 1 (char 0),,
qwen3.5:9b,해머,error,커터,"커터, 장도리, 에어건, 렌치, 고무망치",Expecting value: line 1 column 1 (char 0),,
qwen3.5:9b,해머 드릴,error,해머드릴,"해머드릴, 전동드릴, 전선릴, 고무망치, 편구스패너",Expecting value: line 1 column 1 (char 0),,
qwen3.5:9b,해머 전동 드릴세트,error,드릴비트세트,"드릴비트세트, 전동공구세트, 끌세트, 스패너세트, 소켓렌치세트",Expecting value: line 1 column 1 (char 0),,
qwen3.5:9b,해머(0.9KG),error,고속절단기,"고속절단기, 클램프미터, 정밀드라이버세트, SDS드릴비트, 전동공구세트",Expecting value: line 1 column 1 (char 0),,
qwen3.5:9b,해머(중),error,전선릴,"전선릴, 와이어스트리퍼, 스크레퍼, 고무망치, 쇠지렛대",Expecting value: line 1 column 1 (char 0),,
qwen3.5:9b,해머드릴,error,해머드릴,"해머드릴, 전동드릴, 고무망치, 전선릴, 임팩트드릴",Expecting value: line 1 column 1 (char 0),해머드릴,False
qwen3.5:9b,해머드릴 드라이버,error,양용드라이버,"양용드라이버, 전동드릴, 해머드릴, 충전해머드릴, 타일컷터",Expecting value: line 1 column 1 (char 0),,
qwen3.5:9b,해머드릴 비트 세트(철재),error,소켓렌치세트,"소켓렌치세트, 스패너세트, 드릴비트세트, 전동공구세트, 기어렌치세트",Expecting value: line 1 column 1 (char 0),,
qwen3.5:9b,해머드릴 비트 세트(콘크리트),error,콘크리트드릴비트세트,"콘크리트드릴비트세트, 콘크리트용드릴비트, 콘크리트니퍼, 철공용드릴비트세트, 철공용드릴비트",Expecting value: line 1 column 1 (char 0),,
qwen3.5:9b,해머드릴 세트,error,스패너세트,"스패너세트, 소켓렌치세트, 끌세트, 드릴비트세트, 기어렌치세트",Expecting value: line 1 column 1 (char 0),,
qwen3.5:9b,해머드릴 유선,error,해머드릴,"해머드릴, 임팩트드릴, 만능렌치, 그립망치, 빠루망치",Expecting value: line 1 column 1 (char 0),,
qwen3.5:9b,해머드릴(2),error,편구스패너,"편구스패너, 와이어스트리퍼, 볼렌치세트, 라쳇렌치세트, 전선릴",Expecting value: line 1 column 1 (char 0),,
qwen3.5:9b,해머드릴(계양),error,냉동라쳇렌치,"냉동라쳇렌치, 앤드컷팅니퍼, 다이아고날플라이어, 옵셋렌치, 앵글그라인더",Expecting value: line 1 column 1 (char 0),,
qwen3.5:9b,해머드릴(대),error,냉동라쳇렌치,"냉동라쳇렌치, 앤드컷팅니퍼, 버니어캘리퍼스, 다이아고날플라이어, 바이스그립플라이어",Expecting value: line 1 column 1 (char 0),,
qwen3.5:9b,해머드릴(무선),error,냉동라쳇렌치,"냉동라쳇렌치, 다이아고날플라이어, 앵글그라인더, 옵셋렌치, 앤드컷팅니퍼",Expecting value: line 1 column 1 (char 0),,
qwen3.5:9b,"해머드릴(무선, 충천용)",error,충전해머드릴,"충전해머드릴, 편구스패너, 쇠지렛대, 타일컷터, 전동드릴",Expecting value: line 1 column 1 (char 0),,
qwen3.5:9b,해머드릴(보쉬),error,앤드컷팅니퍼,"앤드컷팅니퍼, 냉동라쳇렌치, 옵셋렌치, 충전해머드릴, 버니어캘리퍼스",Expecting value: line 1 column 1 (char 0),해머드릴,False
qwen3.5:9b,해머드릴(유선),error,냉동라쳇렌치,"냉동라쳇렌치, 앤드컷팅니퍼, 옵셋렌치, 다이아고날플라이어, 버니어캘리퍼스",Expecting value: line 1 column 1 (char 0),해머드릴,False
qwen3.5:9b,해머드릴(콘크리트 타공용),error,타일컷터,"타일컷터, 로터리해머드릴, 편구스패너, 충전해머드릴, 끌세트",Expecting value: line 1 column 1 (char 0),,
qwen3.5:9b,해머드릴비트 세트,error,드릴비트세트,"드릴비트세트, 스패너세트, 전동공구세트, 소켓렌치세트, 기어렌치세트",Expecting value: line 1 column 1 (char 0),,
qwen3.5:9b,해머드릴세트,error,스패너세트,"스패너세트, 목공줄, 소켓렌치세트, 드릴비트세트, 기어렌치세트",Expecting value: line 1 column 1 (char 0),,
qwen3.5:9b,해머망치,error,옵셋렌치,"옵셋렌치, 플라이어렌치, 굽은노즈플라이어, 전선릴, 앤드컷팅니퍼",Expecting value: line 1 column 1 (char 0),,
qwen3.5:9b,해빙/용접기,error,육각렌치세트,"육각렌치세트, 기어렌치세트, 목공용접톱, 공구함세트, 공구세트",Expecting value: line 1 column 1 (char 0),,
qwen3.5:9b,해빙기,error,장도리,"장도리, 빠루망치, 스패너, 에어건, 커터",Expecting value: line 1 column 1 (char 0),,
qwen3.5:9b,해빙기(ROKO-3300),error,전동공구세트,"전동공구세트, 정밀드라이버세트, 고속절단기, 공구세트, 목공용드릴비트",Expecting value: line 1 column 1 (char 0),,
qwen3.5:9b,핸드 그라인더,error,앵글그라인더,"앵글그라인더, 다이아고날플라이어, 냉동라쳇렌치, 스냅링플라이어, 옵셋렌치",Expecting value: line 1 column 1 (char 0),,
qwen3.5:9b,핸드 그라인더 1개,error,편구스패너,"편구스패너, 굽은노즈플라이어, 충전해머드릴, 쇠지렛대, 로터리해머드릴",Expecting value: line 1 column 1 (char 0),,
qwen3.5:9b,핸드 드라이버,error,드라이버세트,"드라이버세트, 드라이버, 핸드카트, T핸드드라이버, 정밀드라이버세트",Expecting value: line 1 column 1 (char 0),,
qwen3.5:9b,핸드그라인더,error,앵글그라인더,"앵글그라인더, 다이아고날플라이어, 스냅링플라이어, 냉동라쳇렌치, 옵셋렌치",Expecting value: line 1 column 1 (char 0),,
qwen3.5:9b,핸드그라인더+날,error,로터리해머드릴,"로터리해머드릴, 굽은노즈플라이어, 충전해머드릴, 편구스패너, 전동드라이버",Expecting value: line 1 column 1 (char 0),,
qwen3.5:9b,핸드드라이버,error,T핸드드라이버,"T핸드드라이버, 핸드카트, 드라이버, 드라이버세트, 정밀드라이버세트",Expecting value: line 1 column 1 (char 0),,
qwen3.5:9b,핸드드릴,error,전동드릴,"전동드릴, 해머드릴, 임팩트드릴, 손타카, 드릴비트",Expecting value: line 1 column 1 (char 0),,
qwen3.5:9b,핸드드릴 1개,error,드릴비트,"드릴비트, 손타카, 임팩트드릴, 해머드릴, 목공줄",Expecting value: line 1 column 1 (char 0),,
qwen3.5:9b,핸드믹서,error,핸드카트,"핸드카트, 에어컴프레서, 전자산업용니퍼, SDS드릴비트, 정밀드라이버세트",Expecting value: line 1 column 1 (char 0),,
qwen3.5:9b,핸드사포,error,전지가위,"전지가위, 납볼망치, 손타카, 전동압착기, 돌망치",Expecting value: line 1 column 1 (char 0),,
qwen3.5:9b,핸드소켓렌치세트32pcs,error,클램프미터,"클램프미터, 정밀드라이버세트, SDS드릴비트, 고속절단기, 충전임팩트드라이버",Expecting value: line 1 column 1 (char 0),,
qwen3.5:9b,핸드카,error,핸드카트,"핸드카트, 손타카, 커터, 납볼망치, 전지가위",Expecting value: line 1 column 1 (char 0),,
qwen3.5:9b,핸드카,error,핸드카트,"핸드카트, 손타카, 커터, 납볼망치, 전지가위",Expecting value: line 1 column 1 (char 0),,
qwen3.5:9b,핸드카 철제바구니,error,핸드카트,"핸드카트, 전지가위, 전동압착기, 납볼망치, 손타카",Expecting value: line 1 column 1 (char 0),,
qwen3.5:9b,핸드카트,error,핸드카트,"핸드카트, 드라이버, 손타카, 드라이버세트, 커터",Expecting value: line 1 column 1 (char 0),핸드카트,False
qwen3.5:9b,핸드타카,error,핸드카트,"핸드카트, 손타카, 다림추, 전지가위, 공구세트",Expecting value: line 1 column 1 (char 0),,
qwen3.5:9b,핸드타카건,error,핸드카트,"핸드카트, 편구스패너, 타일컷터, 끌세트, 양용드라이버",Expecting value: line 1 column 1 (char 0),,
qwen3.5:9b,핸드탭세트,error,탭세트,"탭세트, 정밀드라이버세트, 기어렌치세트, 다림추, 육각렌치세트",Expecting value: line 1 column 1 (char 0),,
qwen3.5:9b,핸드톱,error,손타카,"손타카, 원형톱, 쇠톱, 접톱, 목공줄",Expecting value: line 1 column 1 (char 0),,
qwen3.5:9b,핸드펌프,error,에어펌프,"에어펌프, 철공용드릴비트, 목공용드릴비트, 클램프미터, 핸드카트",Expecting value: line 1 column 1 (char 0),,
qwen3.5:9b,핸드펌프 SM-HP5(초고압용),error,충전임팩트드라이버,"충전임팩트드라이버, 철공용드릴비트, 배터리팩, 고속절단기, 정밀드라이버세트",Expecting value: line 1 column 1 (char 0),,
qwen3.5:9b,핸드형 타일커터,error,핸드카트,"핸드카트, 정밀드라이버세트, T핸드드라이버, 목공용드릴비트, 전동공구세트",Expecting value: line 1 column 1 (char 0),,
qwen3.5:9b,핸디덤프카트,error,편구스패너,"편구스패너, 와이어스트리퍼, 양용드라이버, 카운터싱크, 타일컷터",Expecting value: line 1 column 1 (char 0),,
qwen3.5:9b,핸디클램프,error,충전해머드릴,"충전해머드릴, 편구스패너, 타일컷터, 굽은노즈플라이어, 쇠지렛대",Expecting value: line 1 column 1 (char 0),,
qwen3.5:9b,햄머 드릴,error,쇠지렛대,"쇠지렛대, 에어건, 목공줄, 해머드릴, 고무망치",Expecting value: line 1 column 1 (char 0),,
qwen3.5:9b,햄머드릴,error,해머드릴,"해머드릴, 쇠지렛대, 고무망치, 에어건, 전동드릴",Expecting value: line 1 column 1 (char 0),,
qwen3.5:9b,햄머드릴 1개,error,목공줄,"목공줄, 해머드릴, 에어건, 드릴비트, 쇠지렛대",Expecting value: line 1 column 1 (char 0),,
qwen3.5:9b,햄머드릴세트,error,쇠지렛대,"쇠지렛대, 목공줄, 타일컷터, 에어건, 먹통",Expecting value: line 1 column 1 (char 0),,
qwen3.5:9b,헤나,error,렌치,"렌치, 니퍼, 타카, 장도리, 줄자",Expecting value: line 1 column 1 (char 0),,
qwen3.5:9b,헤드셋 마이크,error,앤드컷팅니퍼,"앤드컷팅니퍼, 냉동라쳇렌치, 버니어캘리퍼스, 충전해머드릴, 옵셋렌치",Expecting value: line 1 column 1 (char 0),,
qwen3.5:9b,헤라,error,전선릴,"전선릴, 렌치, 고무망치, 전동드릴, 옵셋렌치",Expecting value: line 1 column 1 (char 0),,
qwen3.5:9b,헤라 3인치,error,옵셋렌치,"옵셋렌치, 냉동라쳇렌치, 다이아고날플라이어, 앤드컷팅니퍼, 스냅링플라이어",Expecting value: line 1 column 1 (char 0),스크레퍼,False
qwen3.5:9b,헤라 5인치,error,옵셋렌치,"옵셋렌치, 냉동라쳇렌치, 다이아고날플라이어, 앤드컷팅니퍼, 플라이어렌치",Expecting value: line 1 column 1 (char 0),스크레퍼,False
qwen3.5:9b,헤어고데기,error,플라이어렌치,"플라이어렌치, 옵셋렌치, 굽은노즈플라이어, 앤드컷팅니퍼, 스냅링플라이어",Expecting value: line 1 column 1 (char 0),,
qwen3.5:9b,헤어드라이기,error,전정톱,"전정톱, 목공줄, 글루스틱, 모종삽, 타일컷터",Expecting value: line 1 column 1 (char 0),,
qwen3.5:9b,헤어롤세트,error,글루스틱,"글루스틱, 모종삽, 목공줄, 스패너세트, 타일컷터",Expecting value: line 1 column 1 (char 0),,
qwen3.5:9b,헤어아이론,error,글루스틱,"글루스틱, 모종삽, 목공줄, 먹통, 직각자",Expecting value: line 1 column 1 (char 0),,
qwen3.5:9b,헤지커터,error,타일컷터,"타일컷터, 와이어스트리퍼, 편구스패너, 양용드라이버, 스크레퍼",Expecting value: line 1 column 1 (char 0),,
qwen3.5:9b,헨디줄자 6개,error,편구스패너,"편구스패너, 볼렌치세트, 소켓렌치세트, 와이어스트리퍼, 타일컷터",Expecting value: line 1 column 1 (char 0),,
qwen3.5:9b,현대오피스 A4코팅기,error,소켓렌치세트,"소켓렌치세트, 에어컴프레서, 라쳇렌치세트, 볼렌치세트, 충전해머드릴",Expecting value: line 1 column 1 (char 0),,
qwen3.5:9b,혈당계,error,고압세척기,"고압세척기, 클램프미터, 전지가위, 전동압착기, 납볼망치",Expecting value: line 1 column 1 (char 0),,
qwen3.5:9b,혈당시험지,error,전선릴,"전선릴, 편구스패너, 충전해머드릴, 스크레퍼, 와이어스트리퍼",Expecting value: line 1 column 1 (char 0),,
qwen3.5:9b,호미,error,장도리,"장도리, 에어건, 줄자, 커터, 돌망치",Expecting value: line 1 column 1 (char 0),,
qwen3.5:9b,호삽,error,전선릴,"전선릴, 스크레퍼, 플라이어, 편구스패너, 렌치",Expecting value: line 1 column 1 (char 0),,
qwen3.5:9b,호수닐선(물청소용),error,스프링배관청소기,"스프링배관청소기, 목공용드릴비트, 에어타카, 공구함세트, 고지가위",Expecting value: line 1 column 1 (char 0),,
qwen3.5:9b,호수코드릴,error,목공줄,"목공줄, 목공용드릴비트, 에어타카, 전지가위, 드릴비트",Expecting value: line 1 column 1 (char 0),,
qwen3.5:9b,호스,error,커터,"커터, 장도리, 에어건, 스패너, 렌치",Expecting value: line 1 column 1 (char 0),,
qwen3.5:9b,호스(컴프레서),error,에어컴프레서,"에어컴프레서, SDS드릴비트, 전동공구세트, 정밀드라이버세트, 기어렌치세트",Expecting value: line 1 column 1 (char 0),,
qwen3.5:9b,호스릴,error,플라이어렌치,"플라이어렌치, 플라이어, 옵셋렌치, 굽은노즈플라이어, 전선릴",Expecting value: line 1 column 1 (char 0),,
qwen3.5:9b,호스릴,error,플라이어렌치,"플라이어렌치, 플라이어, 옵셋렌치, 굽은노즈플라이어, 전선릴",Expecting value: line 1 column 1 (char 0),,
qwen3.5:9b,호스릴(20m),error,클램프미터,"클램프미터, 전동공구세트, 공구세트, 스패너세트, 기어렌치세트",Expecting value: line 1 column 1 (char 0),,
qwen3.5:9b,호스릴선,error,토크렌치,"토크렌치, 와이어스트리퍼, 다이스세트, 전선릴, 볼렌치세트",Expecting value: line 1 column 1 (char 0),,
qwen3.5:9b,혼합드릴비트 2개,error,전동공구세트,"전동공구세트, 드릴비트세트, 조합렌치세트, 공구세트, 기어렌치세트",Expecting value: line 1 column 1 (char 0),,
qwen3.5:9b,홀쏘(3종),error,소켓렌치세트,"소켓렌치세트, 스패너세트, 기어렌치세트, 볼렌치세트, 모종삽",Expecting value: line 1 column 1 (char 0),,
qwen3.5:9b,홀형 별비트,error,별렌치세트,"별렌치세트, 연마석, 모종삽, 소켓렌치세트, 편구스패너",Expecting value: line 1 column 1 (char 0),,
qwen3.5:9b,화신가위,error,빠루망치,"빠루망치, 납볼망치, 만능렌치, 장도리, 돌망치",Expecting value: line 1 column 1 (char 0),,
qwen3.5:9b,화이바 빠루망치,error,전선릴,"전선릴, 옵셋렌치, 와이어스트리퍼, 굽은노즈플라이어, 플라이어렌치",Expecting value: line 1 column 1 (char 0),,
qwen3.5:9b,화이트보드 피켓,error,스패너세트,"스패너세트, 전지가위, 소켓렌치세트, 송풍기, 전동공구세트",Expecting value: line 1 column 1 (char 0),,
qwen3.5:9b,확대경 1개,error,라돈측정기,"라돈측정기, 직각자, 육각렌치세트, 별렌치세트, 기어렌치세트",Expecting value: line 1 column 1 (char 0),,
qwen3.5:9b,확성기,error,장도리,"장도리, 스크레퍼, 전선릴, 편구스패너, 고무망치",Expecting value: line 1 column 1 (char 0),,
qwen3.5:9b,확성기(강의용 무선 마이크),error,전동공구세트,"전동공구세트, 에어컴프레서, 전동드릴, 소켓렌치세트, 양용드라이버",Expecting value: line 1 column 1 (char 0),,
qwen3.5:9b,회로시험기,error,정밀드라이버세트,"정밀드라이버세트, 클램프미터, 전동압착기, 고속절단기, 전동공구세트",Expecting value: line 1 column 1 (char 0),,
qwen3.5:9b,후레쉬,error,고무망치,"고무망치, 에어건, 커터, 돌망치, 장도리",Expecting value: line 1 column 1 (char 0),,
qwen3.5:9b,후쿠메타,error,건타카,"건타카, 전동타카, 볼렌치, 타카핀, 장도리",Expecting value: line 1 column 1 (char 0),,
qwen3.5:9b,후크 커터칼,error,타일컷터,"타일컷터, 편구스패너, 쇠지렛대, 절단석, 커터",Expecting value: line 1 column 1 (char 0),,
qwen3.5:9b,후크메타,error,건타카,"건타카, 전동타카, 장도리, 빠루망치, 볼렌치",Expecting value: line 1 column 1 (char 0),,
qwen3.5:9b,휠체어,error,핸드카트,"핸드카트, T핸드드라이버, 드라이버, 드라이버세트, 커터",Expecting value: line 1 column 1 (char 0),,
qwen3.5:9b,휴대용 / 차량용 / 캠핑용 냉장고,error,정밀드라이버세트,"정밀드라이버세트, 핸드카트, 공구함세트, 전동공구세트, 목공용드릴비트",Expecting value: line 1 column 1 (char 0),,
qwen3.5:9b,휴대용 5단 사다리,error,A형사다리,"A형사다리, 사다리, 다림추, 철판가위, 전동공구세트",Expecting value: line 1 column 1 (char 0),,
qwen3.5:9b,휴대용 개인용 저주파자극기,error,전동공구세트,"전동공구세트, 전동압착기, 공구세트, 고속절단기, 정밀드라이버세트",Expecting value: line 1 column 1 (char 0),,
qwen3.5:9b,휴대용 공구세트,error,공구함세트,"공구함세트, 공구세트, 정밀드라이버세트, 전동공구세트, 드릴비트세트",Expecting value: line 1 column 1 (char 0),,
qwen3.5:9b,휴대용 기가폰,error,전동공구세트,"전동공구세트, 전자산업용니퍼, 소켓렌치세트, 공구세트, 전지가위",Expecting value: line 1 column 1 (char 0),,
qwen3.5:9b,휴대용 미세먼지측정기,error,스프링배관청소기,"스프링배관청소기, 고속절단기, 배터리팩, 전동공구세트, 정밀드라이버세트",Expecting value: line 1 column 1 (char 0),,
qwen3.5:9b,휴대용 미싱기,error,전지가위,"전지가위, 납볼망치, 공구함, 보안경, 장도리",Expecting value: line 1 column 1 (char 0),,
qwen3.5:9b,휴대용 버너,error,목공용드릴비트,"목공용드릴비트, 드릴비트세트, 공구세트, 목공줄, 공구함세트",Expecting value: line 1 column 1 (char 0),,
qwen3.5:9b,휴대용 사다리(3단),error,A형사다리,"A형사다리, 사다리, 다림추, 철판가위, 육각렌치세트",Expecting value: line 1 column 1 (char 0),,
qwen3.5:9b,휴대용 소음 측정기,error,클램프미터,"클램프미터, 고속절단기, 정밀드라이버세트, SDS드릴비트, 전동압착기",Expecting value: line 1 column 1 (char 0),,
qwen3.5:9b,휴대용공구세트,error,공구함세트,"공구함세트, 공구세트, 전동공구세트, 정밀드라이버세트, 육각렌치세트",Expecting value: line 1 column 1 (char 0),,
qwen3.5:9b,휴대용에어펌프,error,에어펌프,"에어펌프, 목공용드릴비트, 철공용드릴비트, 고속절단기, 드릴비트세트",Expecting value: line 1 column 1 (char 0),,
qwen3.5:9b,휴대용유모차,error,정밀드라이버세트,"정밀드라이버세트, 공구함세트, 공구세트, 전동공구세트, 핸드카트",Expecting value: line 1 column 1 (char 0),,
qwen3.5:9b,휴대용육각렌치,error,기어렌치세트,"기어렌치세트, 소켓렌치세트, 전동공구세트, 스패너세트, T렌치세트",Expecting value: line 1 column 1 (char 0),,
qwen3.5:9b,흙손,error,손타카,"손타카, 고지가위, 원형톱, 절단석, 육각렌치",Expecting value: line 1 column 1 (char 0),,
qwen3.5:9b,힐티기리6mm,error,라쳇렌치세트,"라쳇렌치세트, 볼렌치세트, 소켓렌치세트, 편구스패너, 와이어스트리퍼",Expecting value: line 1 column 1 (char 0),,
