model_name,Input_Name,status,rag_top1,rag_candidates,standard_name,brand,power_source,specification,fallback_used,gt_standard_name,is_correct
granite4.1:8b,180mm 샌더,success,샌더,"샌더, 앵글그라인더, 스패너세트, 편구스패너, 스패너, 플라이어렌치, 육각렌치, 충전드릴, 육각렌치세트, 클램프미터, 냉동라쳇렌치, 스냅링플라이어, 레이저거리측정기, 기어렌치세트, 충전해머드릴",샌더,,,180mm,False,샌더,True
granite4.1:8b,LED 손전등,success,LED손전등,"LED손전등, LED작업등, LED투광기, 손타카, 안전장갑, 전정톱, 전동공구세트, 전동타카, 안전모, 전선릴, 전기인두, 안전로프, 핸드카트, 전동드릴, SDS드릴비트",LED손전등,,,,False,LED손전등,True
granite4.1:8b,경랑몽키(8인치),success,몽키렌치,"몽키렌치, 보안경, 앵글그라인더, 전기인두, 납볼망치, 망치, 돌망치, 그립망치, 고무망치, 빠루망치, 토크렌치, 핀펀치, 센터펀치, 렌치, 파이프렌치",몽키렌치,,,8인치,False,몽키렌치,True
granite4.1:8b,고압세척기,success,고압세척기,"고압세척기, 고속절단기, 전동압착기, 열풍기, 송풍기, 고지가위, 직소기, 고무망치, 기어렌치세트, 스프링배관청소기, 라돈측정기, 세트, 수평기, 전동공구세트, 석고대패",고압세척기,,,,False,고압세척기,True
granite4.1:8b,바이스플라이어,success,바이스그립플라이어,"바이스그립플라이어, 플라이어, 스냅링플라이어, 워터펌프플라이어, 다이아고날플라이어, 플라이어세트, 롱노즈플라이어, 플라이어렌치, 굽은노즈플라이어, 와이어스트리퍼, 다이스세트, 드라이버, 임팩트드라이버, 전동드라이버, 양용드라이버",바이스그립플라이어,,,,False,바이스그립플라이어,True
granite4.1:8b,보쉬 pushdrive,success,보안경,"보안경, 펜치, 볼렌치세트, 충전임팩트드라이버, 볼렌치, 충전드릴, SDS드릴비트, 바이스그립플라이어, 임팩트드라이버, 비트세트, 드라이버세트, 핀펀치, 볼트컷터, 드라이버, 다이스세트",충전임팩트드라이버,보쉬(BOSCH),충전식,,False,전동드라이버,False
granite4.1:8b,보쉬 수공구세트,success,공구세트,"공구세트, 전동공구세트, 공구함세트, 공구함, 세트, 볼렌치세트, 철공용드릴비트세트, 스패너세트, 비트세트, 소켓렌치세트, 라쳇렌치세트, T렌치세트, 탭세트, 기어렌치세트, 다이스세트",공구세트,보쉬(BOSCH),,,False,공구세트,True
granite4.1:8b,임팩트 진동드릴,success,임팩트드릴,"임팩트드릴, 전동드릴, 임팩트드라이버, 충전임팩트드라이버, 충전드릴, 해머드릴, 드릴비트, 전동드라이버, 드릴비트세트, 철공용드릴비트, 목공용드릴비트, 철공용드릴비트세트, SDS드릴비트, 로터리해머드릴, 충전해머드릴",임팩트드릴,,,,False,,
granite4.1:8b,저소음 컴프레서,success,에어컴프레서,"에어컴프레서, 레이저수평기, 직소기, 레이저거리측정기, 스프링배관청소기, 스크레퍼, 클램프미터, 왕복톱(레시프로쏘), 소켓렌치세트, 워터펌프플라이어, 에어펌프, 송풍기, 고압세척기, F클램프, 파이프렌치",에어컴프레서,,,,False,,
granite4.1:8b,"전동드릴(무선, 보쉬)",success,전동드릴,"전동드릴, 전동드라이버, 충전드릴, 전선릴, 전동압착기, 전동타카, 임팩트드릴, 충전해머드릴, 전동공구세트, 해머드릴, 드릴비트, 목공용드릴비트, SDS드릴비트, 철공용드릴비트, 로터리해머드릴",전동드릴,보쉬,충전식(무선),,False,충전드릴,False
granite4.1:8b,충전 드라이버/렌치,success,충전임팩트드라이버,"충전임팩트드라이버, 드라이버, 전동드라이버, 충전드릴, 드라이버세트, 양용드라이버, T핸드드라이버, 임팩트드라이버, 충전해머드릴, 플라이어렌치, 렌치, 정밀드라이버세트, 만능렌치, 라쳇렌치세트, 육각렌치",충전임팩트드라이버,,충전식(무선),,True,,
granite4.1:8b,충전 드라이버드릴,success,충전드릴,"충전드릴, 충전임팩트드라이버, 충전해머드릴, 드라이버, 전동드라이버, 드라이버세트, 양용드라이버, T핸드드라이버, 임팩트드라이버, 전동드릴, 정밀드라이버세트, 드릴비트, 해머드릴, 임팩트드릴, SDS드릴비트",충전드릴,,충전식(무선),,False,,
granite4.1:8b,충전 멀티커터,success,멀티테스터,"멀티테스터, 커터, 충전드릴, 충전해머드릴, 커터칼, 충전임팩트드라이버, 케이블컷터, 볼트컷터, 배터리팩, 타일컷터, PVC컷터, 전정톱, 카운터싱크, 전동압착기, 전동공구세트",멀티테스터,,,,False,,
granite4.1:8b,(1)접톱,success,접톱,"접톱, 목공용접톱, 톱, 쇠톱, 원형톱, 전정톱, 테이블톱, 목공톱, 왕복톱(레시프로쏘), 직각자, 에어펌프, 스냅링플라이어, 커터, 커터칼, 끌세트",접톱,,,,False,접톱,True
granite4.1:8b,(11)육각렌치,success,육각렌치,"육각렌치, 육각렌치세트, 렌치, 옵셋렌치, 만능렌치, 별렌치세트, 몽키렌치, 냉동라쳇렌치, 플라이어렌치, 토크렌치, 소켓렌치세트, 라쳇렌치세트, 조합렌치세트, 파이프렌치, 기어렌치세트",육각렌치,,,,False,,
granite4.1:8b,(12)검전기,success,검전기,"검전기, 전기인두, 전동압착기, 직소기, 전정톱, 열풍기, 수평기, 송풍기, LED투광기, 전지가위, 라돈측정기, 고속절단기, 레이저수평기, 전동드릴, 전동타카",검전기,,,,False,,
granite4.1:8b,(13)망치,success,망치,"망치, 돌망치, 고무망치, 그립망치, 납볼망치, 빠루망치, 렌치, 펜치, 핀펀치, 옵셋렌치, 몽키렌치, 만능렌치, 볼렌치, 별렌치세트, 육각렌치",망치,,,,False,망치,True
granite4.1:8b,(14)커터칼,success,커터칼,"커터칼, 커터, 케이블컷터, 타일컷터, 볼트컷터, PVC컷터, 카운터싱크, 절단석, 로터리해머드릴, 워터펌프플라이어, 배터리팩, 고속절단기, 앤드컷팅니퍼, 목공톱, 클램프미터",커터칼,,,,False,,
granite4.1:8b,(15)펜치,success,펜치,"펜치, 렌치, 망치, 핀펀치, 옵셋렌치, 토크렌치, 만능렌치, 몽키렌치, 별렌치세트, 볼렌치, 파이프렌치, 돌망치, 볼렌치세트, 플라이어렌치, 센터펀치",펜치,,,,False,펜치,True
granite4.1:8b,(16)롱노우즈 플라이어(라디오펜치),success,롱노즈플라이어,"롱노즈플라이어, 굽은노즈플라이어, 플라이어, 플라이어렌치, 펜치, 플라이어세트, 스냅링플라이어, 다이아고날플라이어, 워터펌프플라이어, 바이스그립플라이어, 냉동라쳇렌치, 라쳇렌치세트, 드라이버, 렌치, 양용드라이버",롱노즈플라이어,,,,False,롱노즈플라이어,True
granite4.1:8b,(17)스패너,success,스패너,"스패너, 스패너세트, 편구스패너, 대패, 스크레퍼, 석고대패, 스냅링플라이어, 샌더, 멀티테스터, 와이어스트리퍼, 버니어캘리퍼스, 스프링배관청소기, 가스토치, 플라이어, 글루스틱",스패너,,,,False,,
granite4.1:8b,(18)손전등,success,LED손전등,"LED손전등, 손타카, LED작업등, 전정톱, 검전기, 안전장갑, 전선릴, 안전모, 전지가위, 전기인두, 전동드릴, 전동타카, 충전드릴, 안전로프, 전동공구세트",LED손전등,,,,False,LED손전등,True
granite4.1:8b,(19)소켓렌치 세트,success,소켓렌치세트,"소켓렌치세트, 별렌치세트, 라쳇렌치세트, 조합렌치세트, 육각렌치세트, 볼렌치세트, 기어렌치세트, T렌치세트, 렌치, 옵셋렌치, 세트, 육각렌치, 몽키렌치, 토크렌치, 만능렌치",소켓렌치세트,,,,False,,
granite4.1:8b,(20)유선 전동드릴,success,전동드릴,"전동드릴, 전동드라이버, 전선릴, 충전드릴, 전동타카, 전동압착기, 임팩트드릴, 충전해머드릴, 전동공구세트, 해머드릴, 드릴비트, 목공용드릴비트, SDS드릴비트, 로터리해머드릴, 철공용드릴비트",전동드릴,,유선,,False,전동드릴,True
granite4.1:8b,"(20, 55)드릴비트세트",success,드릴비트세트,"드릴비트세트, 드릴비트, 철공용드릴비트세트, 콘크리트드릴비트세트, 비트세트, SDS드릴비트, 목공용드릴비트, 철공용드릴비트, 콘크리트용드릴비트, 세트, 끌세트, 드라이버세트, 임팩트드릴, 탭세트, 다이스세트",드릴비트세트,,,"(20, 55)",False,,
granite4.1:8b,(22)수평계,success,수평기,"수평기, 레이저수평기, 디지털수평기, 적외선온도계, 사다리, 클램프미터, 스냅링플라이어, 레이저거리측정기, 직각자, 워터펌프플라이어, 목공줄, 에어컴프레서, 대패, 세트, 석고대패",디지털수평기,,,,False,,
granite4.1:8b,(23)그라인더,success,앵글그라인더,"앵글그라인더, 샌더, 그립망치, 플라이어, 바이스그립플라이어, 드라이버, 플라이어렌치, 스크레퍼, 전기인두, 냉동라쳇렌치, 임팩트드라이버, 플라이어세트, 굽은노즈플라이어, 스냅링플라이어, 글루건",앵글그라인더,,,,False,,
granite4.1:8b,"(24, 25)스패너(200mm)",success,스패너,"스패너, 스패너세트, 편구스패너, 대패, 스크레퍼, 와이어스트리퍼, 스프링배관청소기, 석고대패, 스냅링플라이어, 샌더, 버니어캘리퍼스, 멀티테스터, 육각렌치, 방진마스크, 바이스그립플라이어",스패너,,,"24, 25 크기, 길이 200mm",False,,
granite4.1:8b,"(26, 27)스패너(300mm)",success,스패너,"스패너, 스패너세트, 편구스패너, 스크레퍼, 대패, 스프링배관청소기, 와이어스트리퍼, 스냅링플라이어, 석고대패, 버니어캘리퍼스, 멀티테스터, 샌더, 직소기, 육각렌치, 직각자",스패너,,,길이 300mm,False,,
granite4.1:8b,(28)납볼망치,success,납볼망치,"납볼망치, 망치, 돌망치, 그립망치, 고무망치, 빠루망치, 볼렌치, 볼렌치세트, 볼트컷터, 렌치, 핀펀치, 별렌치세트, 옵셋렌치, 육각렌치, 펜치",납볼망치,,,,False,납볼망치,True
granite4.1:8b,(29)전지가위(소형),success,전지가위,"전지가위, 고지가위, 다목적가위, 철판가위, 전정톱, 원형톱, 직소기, 전동압착기, 쇠지렛대, A형사다리, 소켓렌치세트, 충전드릴, 검전기, LED손전등, 충전해머드릴",전지가위,,,소형,False,,
granite4.1:8b,(3)만능렌치,success,만능렌치,"만능렌치, 렌치, 옵셋렌치, 육각렌치, 라쳇렌치세트, 몽키렌치, 별렌치세트, 냉동라쳇렌치, 조합렌치세트, 토크렌치, 볼렌치, 플라이어렌치, 소켓렌치세트, 육각렌치세트, 볼렌치세트",만능렌치,,,,False,,
granite4.1:8b,(30)펀칭기,success,핀펀치,"핀펀치, 센터펀치, 직소기, 수평기, 송풍기, 열풍기, 검전기, 전동압착기, LED투광기, 고속절단기, 라돈측정기, 스프링배관청소기, 레이저수평기, 전기인두, 고압세척기",핀펀치,,,,False,,
granite4.1:8b,(31)손타카 소형,success,손타카,"손타카, 타카, 건타카, 전동타카, 에어타카, 타카핀, 원형톱, LED손전등, 핸드카트, 직소기, 소켓렌치세트, A형사다리, 카운터싱크, 타일컷터, 스프링배관청소기",손타카,,,,False,,
granite4.1:8b,(32)장도리,success,장도리,"장도리, 도끼, 안전장갑, 사다리, 배터리팩, 적외선온도계, 쇠톱, 로터리해머드릴, A형사다리, 와이어스트리퍼, 가스토치, 실리콘건, 망치, 드라이버, 세트",장도리,,,,False,장도리,True
granite4.1:8b,(33)실리콘건,success,실리콘건,"실리콘건, 글루건, 에어건, 콘크리트니퍼, 콘크리트용드릴비트, 콘크리트드릴비트세트, 건타카, 배터리팩, 사다리, 버니어캘리퍼스, 와이어스트리퍼, 세트, 절단석, 카운터싱크, 글루스틱",실리콘건,,,,False,,
granite4.1:8b,(34)글루건(소형),success,글루건,"글루건, 글루스틱, 에어건, 실리콘건, 직소기, 원형톱, 앵글그라인더, A형사다리, 빠루망치, 소켓렌치세트, 건타카, 스프링배관청소기, 그립망치, 줄자, 고속절단기",글루건,,,(34) 글루건(소형),False,글루건,True
granite4.1:8b,(35)정밀드라이버세트,success,정밀드라이버세트,"정밀드라이버세트, 드라이버세트, 드라이버, 임팩트드라이버, 전동드라이버, 양용드라이버, T핸드드라이버, 충전임팩트드라이버, 플라이어세트, 세트, 다이스세트, 드릴비트세트, 탭세트, 공구세트, 비트세트",정밀드라이버세트,,,,False,,
granite4.1:8b,(36) 유선햄머전동드릴(콘크리트용),success,콘크리트용드릴비트,"콘크리트용드릴비트, 전동드릴, 콘크리트드릴비트세트, 콘크리트니퍼, 해머드릴, 충전해머드릴, 로터리해머드릴, 전동드라이버, 충전드릴, 전선릴, 임팩트드릴, 철공용드릴비트, 목공용드릴비트, 철공용드릴비트세트, 전동압착기",해머드릴,,유선,(36) 유선햄머전동드릴(콘크리트용),False,해머드릴,True
granite4.1:8b,(37)드릴날 세트(콘크리트용),success,콘크리트용드릴비트,"콘크리트용드릴비트, 콘크리트드릴비트세트, 콘크리트니퍼, 드릴비트세트, 철공용드릴비트세트, 철공용드릴비트, 목공용드릴비트, 세트, 드릴비트, 임팩트드릴, 전동드릴, 끌세트, SDS드릴비트, 드라이버세트, 충전드릴",콘크리트드릴비트세트,,,,False,콘크리트드릴비트세트,True
granite4.1:8b,(39)마그네틱 줄자,success,줄자,"줄자, 목공줄, 글루스틱, 직각자, 연마석, 앵글그라인더, 그립망치, 방진마스크, 바이스그립플라이어, 자전거펌프, 전자산업용니퍼, 임팩트드릴, 목공톱, 사다리, 실리콘건",줄자,,,,False,줄자,True
granite4.1:8b,(4)락킹 플라이어(바이스그립),success,바이스그립플라이어,"바이스그립플라이어, 플라이어, 스냅링플라이어, 플라이어세트, 롱노즈플라이어, 플라이어렌치, 굽은노즈플라이어, 다이아고날플라이어, 워터펌프플라이어, 그립망치, 와이어스트리퍼, 다이스세트, 앵글그라인더, 드라이버, 전동드라이버",바이스그립플라이어,,,,False,바이스그립플라이어,True
granite4.1:8b,(40)철기리 세트,success,세트,"세트, 기어렌치세트, 철공용드릴비트세트, 공구세트, 탭세트, 비트세트, 끌세트, 콘크리트드릴비트세트, 스패너세트, 공구함세트, 별렌치세트, T렌치세트, 드릴비트세트, 다이스세트, 육각렌치세트",비트세트,,,,False,철공용드릴비트세트,False
granite4.1:8b,(41)조합렌치 세트,success,조합렌치세트,"조합렌치세트, 별렌치세트, 소켓렌치세트, 육각렌치세트, 라쳇렌치세트, 기어렌치세트, 볼렌치세트, T렌치세트, 렌치, 옵셋렌치, 육각렌치, 세트, 만능렌치, 몽키렌치, 냉동라쳇렌치",조합렌치세트,,,,False,,
granite4.1:8b,(42)양용드라이버,success,양용드라이버,"양용드라이버, 드라이버, 전동드라이버, 드라이버세트, 임팩트드라이버, T핸드드라이버, 충전임팩트드라이버, 정밀드라이버세트, 철공용드릴비트, 목공용드릴비트, 플라이어, 콘크리트용드릴비트, 철공용드릴비트세트, 롱노즈플라이어, 다이아고날플라이어",양용드라이버,,,,False,양용드라이버,True
granite4.1:8b,(43)검전기,success,검전기,"검전기, 전기인두, 전동압착기, 직소기, 전정톱, 열풍기, 전지가위, 수평기, 고속절단기, 송풍기, LED투광기, 라돈측정기, 레이저수평기, 고압세척기, 레이저거리측정기",검전기,,,,False,,
granite4.1:8b,(44)육각렌치세트,success,육각렌치세트,"육각렌치세트, 육각렌치, 별렌치세트, 소켓렌치세트, 조합렌치세트, 라쳇렌치세트, T렌치세트, 볼렌치세트, 기어렌치세트, 렌치, 옵셋렌치, 만능렌치, 몽키렌치, 세트, 토크렌치",육각렌치세트,,,,False,,
granite4.1:8b,(45)에어펌프(자전거 공기주입기),success,자전거펌프,"자전거펌프, 에어펌프, 에어컴프레서, 워터펌프플라이어, 에어건, 에어타카, 열풍기, 송풍기, 검전기, 전동압착기, 전기인두, 레이저거리측정기, 수평기, 스프링배관청소기, 고압세척기",에어펌프,,,,False,자전거펌프,False
granite4.1:8b,(46)플라이어,success,플라이어,"플라이어, 플라이어세트, 플라이어렌치, 스냅링플라이어, 롱노즈플라이어, 굽은노즈플라이어, 워터펌프플라이어, 다이아고날플라이어, 바이스그립플라이어, 드라이버, 와이어스트리퍼, 전동드라이버, 양용드라이버, 임팩트드라이버, 드라이버세트",플라이어,,,,False,플라이어,True
granite4.1:8b,(47)쇠톱,success,쇠톱,"쇠톱, 쇠지렛대, 접톱, 톱, 테이블톱, 전정톱, 원형톱, 목공톱, 왕복톱(레시프로쏘), 목공용접톱, 사다리, 도끼, 안전로프, 철판가위, 안전장갑",쇠톱,,,,False,,
granite4.1:8b,(48)정밀드라이버세트,success,정밀드라이버세트,"정밀드라이버세트, 드라이버세트, 드라이버, 전동드라이버, 임팩트드라이버, 양용드라이버, T핸드드라이버, 충전임팩트드라이버, 플라이어세트, 세트, 드릴비트세트, 다이스세트, 비트세트, 공구세트, 탭세트",정밀드라이버세트,,,,False,,
granite4.1:8b,(49)유선전동드릴(상자),success,전동드릴,"전동드릴, 전동드라이버, 충전드릴, 전선릴, 전동압착기, 전동타카, 전동공구세트, 충전해머드릴, 임팩트드릴, 해머드릴, 목공용드릴비트, 철공용드릴비트, 로터리해머드릴, 철공용드릴비트세트, 드릴비트",전동드릴,,유선,,False,,
granite4.1:8b,(5)니퍼,success,니퍼,"니퍼, 강력니퍼, 전자산업용니퍼, 콘크리트니퍼, 앤드컷팅니퍼, 버니어캘리퍼스, 스크레퍼, 와이어스트리퍼, 스패너, 스패너세트, 플라이어, 톱, 커터, 드라이버, 카운터싱크",니퍼,,,,False,니퍼,True
granite4.1:8b,(50)에어콤프레셔,success,에어컴프레서,"에어컴프레서, 에어펌프, 에어건, 에어타카, 워터펌프플라이어, 왕복톱(레시프로쏘), 플라이어, 스크레퍼, 클램프미터, 레이저수평기, 파이프렌치, 스냅링플라이어, F클램프, 플라이어세트, 플라이어렌치",에어컴프레서,,,,False,,
granite4.1:8b,(51)에어타카,success,에어타카,"에어타카, 건타카, 손타카, 타카, 에어건, 전동타카, 에어펌프, 에어컴프레서, 타카핀, 카운터싱크, 플라이어, 핸드카트, 플라이어세트, 열화상카메라, 타일컷터",에어타카,,,,False,,
granite4.1:8b,(52)에어타카,success,에어타카,"에어타카, 건타카, 손타카, 타카, 에어건, 전동타카, 에어펌프, 에어컴프레서, 타카핀, 카운터싱크, 핸드카트, 플라이어, 열화상카메라, 플라이어세트, 타일컷터",에어타카,,,,False,,
granite4.1:8b,(53)에어타카,success,에어타카,"에어타카, 건타카, 손타카, 타카, 에어건, 전동타카, 에어펌프, 에어컴프레서, 타카핀, 카운터싱크, 플라이어, 핸드카트, 플라이어세트, 열화상카메라, 플라이어렌치",에어타카,,,,False,,
granite4.1:8b,(54)미니충전전동드릴,success,전동드릴,"전동드릴, 충전드릴, 충전해머드릴, 전동드라이버, 전동압착기, 전동타카, 충전임팩트드라이버, 전동공구세트, 임팩트드릴, 해머드릴, 철공용드릴비트, 전선릴, 드릴비트, 목공용드릴비트, 로터리해머드릴",충전드릴,,충전식(무선),,False,충전드릴,True
granite4.1:8b,(56)바이스플라이어(5인치),success,바이스그립플라이어,"바이스그립플라이어, 플라이어, 스냅링플라이어, 워터펌프플라이어, 플라이어렌치, 롱노즈플라이어, 플라이어세트, 다이아고날플라이어, 굽은노즈플라이어, 와이어스트리퍼, 다이스세트, 드라이버, 충전임팩트드라이버, 전동드라이버, 양용드라이버",바이스그립플라이어,,,5인치,False,바이스그립플라이어,True
granite4.1:8b,(57)레이저거리측정기,success,레이저거리측정기,"레이저거리측정기, 라돈측정기, 레이저수평기, 정밀드라이버세트, 육각렌치, 플라이어렌치, 육각렌치세트, 와이어스트리퍼, 검전기, 수평기, 직소기, 전동압착기, 사다리, 기어렌치세트, 플라이어",레이저거리측정기,,,,False,레이저거리측정기,True
granite4.1:8b,(58)해머 드릴비트세트,success,드릴비트세트,"드릴비트세트, 드릴비트, 철공용드릴비트세트, 해머드릴, 콘크리트드릴비트세트, 비트세트, 충전해머드릴, SDS드릴비트, 목공용드릴비트, 로터리해머드릴, 철공용드릴비트, 콘크리트용드릴비트, 세트, 드라이버세트, 임팩트드릴",드릴비트세트,,,,True,,
granite4.1:8b,(59)접톱 2,success,접톱,"접톱, 목공용접톱, 톱, 쇠톱, 원형톱, 테이블톱, 전정톱, 목공톱, 왕복톱(레시프로쏘), 공구함, 직각자, 끌세트, 에어펌프, 안전장갑, 핀펀치",목공용접톱,,,,False,,
granite4.1:8b,(6)줄자,success,줄자,"줄자, 목공줄, 직각자, 사다리, 자전거펌프, 전자산업용니퍼, 절단석, A형사다리, 임팩트드릴, 전선릴, 커터칼, 충전드릴, 드라이버, 전동드릴, 도끼",줄자,,,,False,,
granite4.1:8b,(7)쇠톱,success,쇠톱,"쇠톱, 쇠지렛대, 접톱, 톱, 테이블톱, 전정톱, 원형톱, 목공톱, 왕복톱(레시프로쏘), 목공용접톱, 사다리, 도끼, 망치, 핸드카트, 고무망치",쇠톱,,,,False,쇠톱,True
granite4.1:8b,(8)전선릴,success,전선릴,"전선릴, 전동드릴, 충전드릴, 전정톱, 충전해머드릴, 임팩트드릴, 적외선온도계, 전지가위, 전동압착기, 전동타카, 전동공구세트, 해머드릴, 전동드라이버, 로터리해머드릴, LED손전등",전선릴,,,,False,,
granite4.1:8b,(9)핸드톱,success,핸드카트,"핸드카트, T핸드드라이버, 톱, 접톱, 테이블톱, 쇠톱, 원형톱, 목공톱, 전정톱, 목공용접톱, 왕복톱(레시프로쏘), 해머드릴, 전동드릴, 임팩트드릴, 드라이버",톱,,,,False,,
granite4.1:8b,(불가),success,전지가위,"전지가위, 고지가위, 철판가위, 가스토치, 다목적가위, 대패, 줄자, 사다리, 에어컴프레서, 타카, 세트, 렌치, 직각자, 드라이버, 석고대패",전지가위,,,,True,,
granite4.1:8b,(불가)다카핀,success,타카핀,"타카핀, 다목적가위, 타카, 핀펀치, 다림추, 사다리, 철판가위, 전동타카, 다이스세트, 에어타카, 건타카, 손타카, A형사다리, 핸드카트, 가스토치",타카핀,,,,False,,
granite4.1:8b,(불가)소켓렌치세트,success,소켓렌치세트,"소켓렌치세트, 별렌치세트, 라쳇렌치세트, 육각렌치세트, 조합렌치세트, 볼렌치세트, 기어렌치세트, T렌치세트, 렌치, 옵셋렌치, 육각렌치, 몽키렌치, 세트, 토크렌치, 만능렌치",소켓렌치세트,,,,False,,
granite4.1:8b,(불가)스크류 드라이버 비트세트,success,드라이버세트,"드라이버세트, 비트세트, 정밀드라이버세트, 드라이버, 드릴비트세트, 임팩트드라이버, 콘크리트드릴비트세트, 전동드라이버, 철공용드릴비트세트, 양용드라이버, 충전임팩트드라이버, T핸드드라이버, 플라이어세트, 스크레퍼, 다이스세트",비트세트,,,,False,,
granite4.1:8b,(불가)육각 기리세트,success,육각렌치세트,"육각렌치세트, 육각렌치, 세트, 기어렌치세트, 공구세트, 비트세트, 끌세트, 다이스세트, 탭세트, 스패너세트, 콘크리트드릴비트세트, 플라이어세트, 드릴비트세트, 직각자, 공구함세트",육각렌치세트,,,,False,,
granite4.1:8b,(불가)일자드라이버,success,드라이버,"드라이버, 양용드라이버, 전동드라이버, 임팩트드라이버, 드라이버세트, T핸드드라이버, 충전임팩트드라이버, 정밀드라이버세트, 플라이어, 줄자, 타일컷터, 직각자, 다이아고날플라이어, 플라이어렌치, 롱노즈플라이어",양용드라이버,,,,False,,
granite4.1:8b,.몽키스패너200mm,success,스패너,"스패너, 편구스패너, 몽키렌치, 스패너세트, 대패, 버니어캘리퍼스, 석고대패, 스크레퍼, 스냅링플라이어, 롱노즈플라이어, 멀티테스터, 방진마스크, 와이어스트리퍼, 스프링배관청소기, 바이스그립플라이어",편구스패너,,,200mm,False,몽키렌치,False
granite4.1:8b,.몽키스패너300mm,success,스패너,"스패너, 편구스패너, 몽키렌치, 스패너세트, 대패, 스크레퍼, 롱노즈플라이어, 버니어캘리퍼스, 멀티테스터, 스냅링플라이어, 바이스그립플라이어, 석고대패, 와이어스트리퍼, 방진마스크, 스프링배관청소기",편구스패너,,,크기: 300mm,False,몽키렌치,False
granite4.1:8b,12P 3종 기리세트(육각씽크),success,육각렌치세트,"육각렌치세트, 육각렌치, 세트, 콘크리트드릴비트세트, 기어렌치세트, 공구세트, 비트세트, 플라이어세트, 탭세트, 드릴비트세트, 스패너세트, 다이스세트, 공구함세트, 전동공구세트, 끌세트",육각렌치세트,,,,False,드릴비트세트,False
granite4.1:8b,12인치 몽키스패너,success,스패너,"스패너, 몽키렌치, 편구스패너, 스패너세트, 대패, 앵글그라인더, 센터펀치, 망치, 석고대패, 핀펀치, 스크레퍼, 가스토치, 펜치, 고무망치, 버니어캘리퍼스",스패너,,,12인치,True,몽키렌치,False
granite4.1:8b,13RE,success,LED투광기,"LED투광기, LED손전등, LED작업등, 렌치, 망치, 라쳇렌치세트, 대패, 레이저수평기, 조합렌치세트, 레이저거리측정기, 기어렌치세트, 세트, 플라이어렌치, 냉동라쳇렌치, 소켓렌치세트",망치,,,,False,해머드릴,False
granite4.1:8b,18V 밧데리(디월트),success,PVC컷터,"PVC컷터, 디지털수평기, 콘크리트드릴비트세트, 콘크리트용드릴비트, 배터리팩, 콘크리트니퍼, 사다리, 장도리, 와이어스트리퍼, 실리콘건, A형사다리, 드릴비트세트, 비트세트, 로터리해머드릴, 레이저거리측정기",배터리팩,디월트,배터리,,False,배터리팩,True
granite4.1:8b,1단 사다리,success,사다리,"사다리, A형사다리, 절단석, 고속절단기, 다목적가위, 실리콘건, 다림추, 배터리팩, 점프케이블, 로터리해머드릴, 다이아고날플라이어, 와이어스트리퍼, 다이스세트, 원형톱, 콘크리트니퍼",사다리,,,,False,,
granite4.1:8b,250 세신 파이프렌치,success,파이프렌치,"파이프렌치, 렌치, 플라이어렌치, 볼렌치세트, 소켓렌치세트, 육각렌치, 별렌치세트, 육각렌치세트, 볼렌치, 옵셋렌치, 기어렌치세트, 조합렌치세트, 만능렌치, 라쳇렌치세트, 토크렌치",파이프렌치,세신,,,False,파이프렌치,True
granite4.1:8b,2단 사다리,success,사다리,"사다리, A형사다리, 절단석, 고속절단기, 다목적가위, 실리콘건, 다림추, 다이아고날플라이어, 배터리팩, 점프케이블, 와이어스트리퍼, 로터리해머드릴, 타일컷터, 다이스세트, 콘크리트니퍼",사다리,,,,False,사다리,True
granite4.1:8b,2단 스크래퍼,success,스크레퍼,"스크레퍼, 방진마스크, 콘크리트니퍼, 와이어스트리퍼, 절단석, 버니어캘리퍼스, 고속절단기, 니퍼, 스냅링플라이어, 강력니퍼, 스패너, 토크렌치, 스패너세트, 앤드컷팅니퍼, 편구스패너",스크레퍼,,,,False,,
granite4.1:8b,2단 양손가위(K-5100),success,철판가위,"철판가위, 다목적가위, 고지가위, 전지가위, 양용드라이버, 손타카, LED손전등, 절단석, 고속절단기, 가스토치, 목공톱, T핸드드라이버, 테이블톱, 커터칼, 핸드카트",다목적가위,,,,False,,
granite4.1:8b,2단사다리,success,사다리,"사다리, A형사다리, 절단석, 고속절단기, 다목적가위, 실리콘건, 다이아고날플라이어, 다림추, 배터리팩, 로터리해머드릴, 타일컷터, 다이스세트, 점프케이블, 와이어스트리퍼, 목공줄",A형사다리,,,,False,사다리,False
granite4.1:8b,3.6v 전동드라이버,success,전동드라이버,"전동드라이버, 드라이버, 전동드릴, 양용드라이버, 임팩트드라이버, 드라이버세트, 충전임팩트드라이버, T핸드드라이버, 정밀드라이버세트, 전동타카, 전동압착기, 전동공구세트, 플라이어, 충전드릴, 플라이어렌치",전동드라이버,,배터리,,False,전동드라이버,True
granite4.1:8b,300mm첼라,success,플라이어,"플라이어, 드라이버, 열화상카메라, 라돈측정기, 플라이어렌치, 라쳇렌치세트, 냉동라쳇렌치, 플라이어세트, 앵글그라인더, 드라이버세트, 전동드라이버, 롱노즈플라이어, 양용드라이버, 스냅링플라이어, 정밀드라이버세트",앵글그라인더,,,300mm,False,워터펌프플라이어,False
granite4.1:8b,30M 작업닐선,success,LED작업등,"LED작업등, 전선릴, 적외선온도계, 전자산업용니퍼, 목공줄, 목공용접톱, 케이블컷터, 충전드릴, 충전해머드릴, 목공용드릴비트, 타일컷터, 목공톱, 롱노즈플라이어, 점프케이블, 철공용드릴비트세트",전선릴,,,,False,전선릴,True
granite4.1:8b,30m 줄자,success,줄자,"줄자, 목공줄, 직각자, 자전거펌프, 임팩트드릴, 전자산업용니퍼, 전선릴, 사다리, 클램프미터, 충전드릴, 볼트컷터, A형사다리, 타일컷터, 절단석, 고속절단기",줄자,,,30m,False,줄자,True
granite4.1:8b,30m작업닐선,success,LED작업등,"LED작업등, 전선릴, 전자산업용니퍼, 적외선온도계, 목공줄, 목공용접톱, 케이블컷터, 목공용드릴비트, 롱노즈플라이어, 충전드릴, 타일컷터, 목공톱, 충전해머드릴, 철공용드릴비트, 철공용드릴비트세트",전선릴,,,,False,,
granite4.1:8b,3M줄자,success,줄자,"줄자, 목공줄, 직각자, 자전거펌프, 볼트컷터, 임팩트드릴, 전자산업용니퍼, 클램프미터, 전선릴, 전동드릴, 충전해머드릴, 충전드릴, 케이블컷터, 목공용드릴비트, 사다리",줄자,,,,False,줄자,True
granite4.1:8b,3공펀치,success,핀펀치,"핀펀치, 센터펀치, 목공톱, 목공줄, 공구함, 펜치, 공구세트, 그립망치, 망치, 파이프렌치, 렌치, 목공용접톱, 전동공구세트, 볼렌치, 고무망치",핀펀치,,,,False,,
granite4.1:8b,3단 사다리,success,사다리,"사다리, A형사다리, 절단석, 고속절단기, 다목적가위, 실리콘건, 다림추, 배터리팩, 다이스세트, 점프케이블, 대패, 로터리해머드릴, 콘크리트용드릴비트, 타일컷터, 콘크리트니퍼",사다리,,,,False,사다리,True
granite4.1:8b,3단 사다리(접이식),success,사다리,"사다리, A형사다리, 접톱, 목공용접톱, 절단석, 고속절단기, 다이아고날플라이어, 다이스세트, 다목적가위, 와이어스트리퍼, 플라이어렌치, 플라이어, 점프케이블, 레이저거리측정기, 플라이어세트",사다리,,,,False,사다리,True
granite4.1:8b,3단매트,success,절단석,"절단석, 고속절단기, 세트, 드릴비트세트, 핸드카트, 콘크리트드릴비트세트, 비트세트, 탭세트, 공구세트, 드릴비트, 볼트컷터, 콘크리트용드릴비트, 끌세트, T렌치세트, 별렌치세트",세트,,,,False,,
granite4.1:8b,3단사다리,success,사다리,"사다리, A형사다리, 절단석, 고속절단기, 다목적가위, 실리콘건, 대패, 배터리팩, 다이스세트, 다림추, 로터리해머드릴, 타일컷터, 레이저거리측정기, 콘크리트드릴비트세트, 점프케이블",A형사다리,,,,False,사다리,False
granite4.1:8b,3단핸드카트,success,핸드카트,"핸드카트, T핸드드라이버, 전동타카, 고속절단기, 절단석, 타카, 손타카, 드릴비트, SDS드릴비트, 드릴비트세트, 에어타카, 타카핀, 건타카, 드라이버세트, 볼트컷터",핸드카트,,,,False,,
granite4.1:8b,4구 코드릴,success,충전드릴,"충전드릴, 전동드릴, 드릴비트, 해머드릴, 임팩트드릴, 드릴비트세트, 충전해머드릴, 목공용드릴비트, SDS드릴비트, 철공용드릴비트, 로터리해머드릴, 공구함, 콘크리트용드릴비트, 전선릴, 철공용드릴비트세트",전선릴,,,,False,전선릴,True
granite4.1:8b,4단 A형사다리,success,A형사다리,"A형사다리, 사다리, 원형톱, 고속절단기, 절단석, 다목적가위, F클램프, 다이아고날플라이어, 실리콘건, 다림추, 다이스세트, 배터리팩, 플라이어렌치, 목공줄, 와이어스트리퍼",A형사다리,,,,False,,
granite4.1:8b,4단 사다리,success,사다리,"사다리, A형사다리, 절단석, 고속절단기, 다목적가위, 실리콘건, 다림추, 배터리팩, 점프케이블, 다이스세트, 와이어스트리퍼, 타일컷터, F클램프, 전동타카, 플라이어렌치",사다리,,,,False,사다리,True
granite4.1:8b,4단 접이식 사다리,success,사다리,"사다리, A형사다리, 접톱, 고속절단기, 절단석, 목공용접톱, 플라이어렌치, 다목적가위, 다이아고날플라이어, 다이스세트, 와이어스트리퍼, 플라이어세트, 플라이어, 점프케이블, 레이저거리측정기",사다리,,,,False,,
granite4.1:8b,4단사다리,success,사다리,"사다리, A형사다리, 절단석, 고속절단기, 다목적가위, 실리콘건, 다림추, 배터리팩, 다이스세트, 타일컷터, 와이어스트리퍼, 점프케이블, F클램프, 대패, 에어건",사다리,,,,False,사다리,True
granite4.1:8b,4단접이식사다리(다목적용),success,사다리,"사다리, 다목적가위, A형사다리, 목공용접톱, 접톱, 다림추, 다이스세트, 다이아고날플라이어, 목공용드릴비트, 목공톱, 고속절단기, 목공줄, 절단석, 콘크리트용드릴비트, 양용드라이버",A형사다리,,,,False,,
granite4.1:8b,4방항 냉동라쳇,success,냉동라쳇렌치,"냉동라쳇렌치, 라쳇렌치세트, 전동타카, 전동드릴, 전동드라이버, 전동공구세트, 전동압착기, 방진마스크, 라돈측정기, 플라이어렌치, 공구함, 공구함세트, 먹통, 로터리해머드릴, 열화상카메라",냉동라쳇렌치,,,,False,냉동라쳇렌치,True
granite4.1:8b,4방향 냉동라쳇,success,냉동라쳇렌치,"냉동라쳇렌치, 라쳇렌치세트, 전동드릴, 전동타카, 전동드라이버, 전동공구세트, 방진마스크, 전동압착기, 라돈측정기, 플라이어렌치, 만능렌치, 로터리해머드릴, 소켓렌치세트, 열화상카메라, 조합렌치세트",냉동라쳇렌치,,,,False,냉동라쳇렌치,True
granite4.1:8b,4인용파라솔세트,success,세트,"세트, 플라이어세트, 라쳇렌치세트, 탭세트, 드라이버세트, 공구세트, 끌세트, 철공용드릴비트세트, 비트세트, 스패너세트, T렌치세트, 공구함세트, 별렌치세트, 볼렌치세트, 전동공구세트",세트,,,,False,,
granite4.1:8b,4인치 그라인더,success,앵글그라인더,"앵글그라인더, 그립망치, 전기인두, 샌더, 플라이어렌치, 바이스그립플라이어, 플라이어, 냉동라쳇렌치, 육각렌치, 만능렌치, 핀펀치, 기어렌치세트, 렌치, 전동드라이버, T핸드드라이버",앵글그라인더,,,4인치,False,앵글그라인더,True
granite4.1:8b,4인치 절단석(A형),success,절단석,"절단석, A형사다리, 고속절단기, 연마석, 원형톱, 석고대패, 앵글그라인더, 전기인두, 육각렌치, 직각자, 핀펀치, 망치, 커터칼, 돌망치, 플라이어렌치",절단석,,,4인치,False,,
granite4.1:8b,50m 줄자,success,줄자,"줄자, 목공줄, 직각자, 자전거펌프, 임팩트드릴, 사다리, 전자산업용니퍼, 목공용드릴비트, A형사다리, 수평기, 볼트컷터, 목공톱, 케이블컷터, 클램프미터, 충전드릴",줄자,,,50m,False,줄자,True
granite4.1:8b,50m릴선(작업선),success,전선릴,"전선릴, LED작업등, 적외선온도계, 목공용드릴비트, 목공줄, 충전드릴, 전동드릴, 철공용드릴비트, 임팩트드릴, 전자산업용니퍼, 드릴비트, 해머드릴, 충전해머드릴, 철공용드릴비트세트, 드릴비트세트",전선릴,,,,False,전선릴,True
granite4.1:8b,5단 사다리,success,사다리,"사다리, A형사다리, 절단석, 고속절단기, 다목적가위, 실리콘건, 다림추, 다이스세트, 배터리팩, 로터리해머드릴, 다이아고날플라이어, 쇠톱, 점프케이블, 와이어스트리퍼, 콘크리트니퍼",사다리,,,,False,사다리,True
granite4.1:8b,6각 렌치,success,육각렌치,"육각렌치, 육각렌치세트, 렌치, 만능렌치, 옵셋렌치, 별렌치세트, 볼렌치, 몽키렌치, 냉동라쳇렌치, 라쳇렌치세트, 소켓렌치세트, 토크렌치, 조합렌치세트, 플라이어렌치, 볼렌치세트",육각렌치,,,,False,육각렌치,True
granite4.1:8b,6각 링고리 세트,success,육각렌치세트,"육각렌치세트, 세트, 비트세트, 탭세트, 공구세트, 끌세트, 콘크리트드릴비트세트, 스패너세트, 기어렌치세트, 드릴비트세트, 별렌치세트, 전동공구세트, 다이스세트, 공구함세트, 볼렌치세트",육각렌치세트,,,,False,,
granite4.1:8b,6각렌치세트 1개,success,육각렌치세트,"육각렌치세트, 육각렌치, 별렌치세트, 소켓렌치세트, 라쳇렌치세트, 조합렌치세트, 볼렌치세트, 기어렌치세트, T렌치세트, 렌치, 만능렌치, 옵셋렌치, 세트, 냉동라쳇렌치, 몽키렌치",육각렌치세트,,,,False,,
granite4.1:8b,6각렌치세트 9개,success,육각렌치세트,"육각렌치세트, 육각렌치, 별렌치세트, 소켓렌치세트, 조합렌치세트, 라쳇렌치세트, 기어렌치세트, 볼렌치세트, T렌치세트, 렌치, 만능렌치, 옵셋렌치, 세트, 냉동라쳇렌치, 몽키렌치",육각렌치세트,,,,False,육각렌치세트,True
granite4.1:8b,6단 사다리,success,사다리,"사다리, A형사다리, 절단석, 고속절단기, 다목적가위, 실리콘건, 다이스세트, 배터리팩, 다림추, 육각렌치, 로터리해머드릴, 목공줄, 다이아고날플라이어, 점프케이블, 쇠톱",사다리,,,,False,,
granite4.1:8b,8인치 펜치,success,펜치,"펜치, 렌치, 망치, 핀펀치, 만능렌치, 옵셋렌치, 토크렌치, 육각렌치, 그립망치, 볼렌치, 몽키렌치, 별렌치세트, 센터펀치, 플라이어렌치, 고무망치",펜치,,,8인치,False,펜치,True
granite4.1:8b,8피스 플라이어세트,success,플라이어세트,"플라이어세트, 플라이어, 플라이어렌치, 스냅링플라이어, 롱노즈플라이어, 바이스그립플라이어, 굽은노즈플라이어, 워터펌프플라이어, 다이아고날플라이어, 드라이버세트, 피스제거용비트, 다이스세트, 스패너세트, 세트, 공구세트",플라이어세트,,,,False,플라이어세트,True
granite4.1:8b,?드펌프,success,에어펌프,"에어펌프, 자전거펌프, 워터펌프플라이어, F클램프, 클램프미터, 안전로프, 파이프렌치, 드라이버, 핸드카트, T핸드드라이버, 점프케이블, 에어컴프레서, 앤드컷팅니퍼, 드릴비트, SDS드릴비트",에어펌프,,,,False,,
granite4.1:8b,?치,success,펜치,"펜치, 렌치, 망치, 볼렌치, 핀펀치, 돌망치, 가스토치, 토크렌치, 센터펀치, 그립망치, 몽키렌치, 옵셋렌치, 만능렌치, 육각렌치, 고무망치",망치,,,,False,,
granite4.1:8b,A형 4단 사다리,success,A형사다리,"A형사다리, 사다리, 원형톱, 고속절단기, 절단석, 다목적가위, 실리콘건, 다림추, F클램프, 배터리팩, 다이아고날플라이어, 와이어스트리퍼, 다이스세트, 레이저거리측정기, 타일컷터",A형사다리,,,,False,A형사다리,True
granite4.1:8b,A형 6단 사다리,success,A형사다리,"A형사다리, 사다리, 원형톱, 고속절단기, 절단석, 다목적가위, 배터리팩, 다이아고날플라이어, 로터리해머드릴, 육각렌치, 목공줄, 다림추, 실리콘건, 다이스세트, 레이저거리측정기",A형사다리,,,,False,,
granite4.1:8b,A형 사다리,success,A형사다리,"A형사다리, 사다리, 원형톱, 다목적가위, 다림추, 배터리팩, 다이아고날플라이어, 다이스세트, 와이어스트리퍼, 로터리해머드릴, 레이저거리측정기, 콘크리트니퍼, 실리콘건, 줄자, 목공줄",A형사다리,,,,False,A형사다리,True
granite4.1:8b,A형사다리(1.45M),success,A형사다리,"A형사다리, 사다리, 원형톱, 다목적가위, 다이아고날플라이어, 레이저거리측정기, 목공줄, 와이어스트리퍼, 콘크리트니퍼, 배터리팩, 로터리해머드릴, 줄자, 다림추, 수평기, 점프케이블",A형사다리,,,길이 1.45미터,False,A형사다리,True
granite4.1:8b,BOMANN 전동드릴,success,전동드릴,"전동드릴, 전동드라이버, 충전드릴, 전동타카, 전동압착기, 전동공구세트, 임팩트드릴, 충전해머드릴, 해머드릴, 목공용드릴비트, 철공용드릴비트, 로터리해머드릴, 드릴비트, 철공용드릴비트세트, 전선릴",전동드릴,보만(BOMANN),,,False,전동드릴,True
granite4.1:8b,BOSCH GSB18V-21,success,SDS드릴비트,"SDS드릴비트, PVC컷터, 고압세척기, 바이스그립플라이어, 다목적가위, LED손전등, 송풍기, 글루스틱, 스프링배관청소기, 고속절단기, 철판가위, 테이블톱, 왕복톱(레시프로쏘), 철공용드릴비트세트, 그립망치",드릴비트,보쉬(BOSCH),배터리,,False,충전해머드릴,False
granite4.1:8b,BOSCH Professional 전동드라이브,success,전동드라이버,"전동드라이버, 전동드릴, 드라이버, 전동타카, 전동압착기, 전동공구세트, 드라이버세트, 양용드라이버, T핸드드라이버, 충전임팩트드라이버, 정밀드라이버세트, PVC컷터, 임팩트드라이버, SDS드릴비트, 충전드릴",전동드라이버,보쉬(BOSCH),,,False,전동드라이버,True
granite4.1:8b,BOSCH 엑세서리 드릴 세트,success,드릴비트세트,"드릴비트세트, 콘크리트드릴비트세트, 철공용드릴비트세트, SDS드릴비트, 세트, 임팩트드릴, 공구세트, 충전드릴, 전동드릴, 드라이버세트, 끌세트, 탭세트, 공구함세트, 드릴비트, 콘크리트용드릴비트",드릴비트세트,보쉬(BOSCH),,,False,드릴비트세트,True
granite4.1:8b,BOSCH 전동드릴,success,전동드릴,"전동드릴, 전동드라이버, 충전드릴, SDS드릴비트, 전동압착기, 전동타카, 전동공구세트, 임팩트드릴, 해머드릴, 충전해머드릴, 목공용드릴비트, 철공용드릴비트, 전선릴, 철공용드릴비트세트, 드릴비트",전동드릴,보쉬(BOSCH),,,False,전동드릴,True
granite4.1:8b,F 클램프,success,F클램프,"F클램프, 클램프미터, 점프케이블, 자전거펌프, 에어펌프, 안전로프, 파이프렌치, 워터펌프플라이어, 그립망치, 에어컴프레서, 플라이어렌치, 스프링배관청소기, 핀펀치, 스냅링플라이어, T핸드드라이버",F클램프,,,,False,F클램프,True
granite4.1:8b,HSS쇠톱날,success,쇠톱,"쇠톱, SDS드릴비트, 쇠지렛대, 접톱, 톱, 전정톱, 목공톱, 원형톱, 테이블톱, 목공용접톱, 다이아고날플라이어, 왕복톱(레시프로쏘), 육각렌치, 그립망치, 전동드릴",쇠톱,,,,False,,
granite4.1:8b,Kamaki 전지가위(굵은 가지용),success,전지가위,"전지가위, 고지가위, 다목적가위, 철판가위, 쇠지렛대, 전정톱, 전동타카, 전동압착기, 가스토치, 디지털수평기, 전동공구세트, 충전해머드릴, 검전기, 충전드릴, 목공용접톱",전지가위,카마키(Kamaki),전지,굵은 가지용,False,전지가위,True
granite4.1:8b,Kamaki 전지가위(잔 가지용),success,전지가위,"전지가위, 고지가위, 다목적가위, 철판가위, 쇠지렛대, 전동타카, 전정톱, 가스토치, 전동압착기, 디지털수평기, 충전해머드릴, 전동공구세트, 충전드릴, 검전기, 자전거펌프",전지가위,카마키(Kamaki),전지,,False,전지가위,True
granite4.1:8b,LCD전자 현미경,success,LED손전등,"LED손전등, 전자산업용니퍼, LED투광기, LED작업등, 보안경, PVC컷터, 클램프미터, 자전거펌프, 직각자, 줄자, 검전기, SDS드릴비트, 전기인두, 전선릴, 전동드릴",LED작업등,,,,False,,
granite4.1:8b,LED 랜턴,success,LED손전등,"LED손전등, LED작업등, LED투광기, 렌치, 냉동라쳇렌치, 라쳇렌치세트, 라돈측정기, 만능렌치, 옵셋렌치, 레이저거리측정기, 별렌치세트, 플라이어렌치, 소켓렌치세트, 육각렌치, 테이블톱",LED투광기,,,,False,LED손전등,False
granite4.1:8b,LED 작업등,success,LED작업등,"LED작업등, LED손전등, LED투광기, 전자산업용니퍼, 안전장갑, 전동공구세트, 열화상카메라, 별렌치세트, SDS드릴비트, 공구세트, 만능렌치, 조합렌치세트, 목공톱, 다목적가위, 공구함",LED작업등,,,,False,LED작업등,True
granite4.1:8b,LED 투광기,success,LED투광기,"LED투광기, LED작업등, LED손전등, 레이저수평기, 전동압착기, 수평기, 라돈측정기, 레이저거리측정기, 고속절단기, 직소기, 검전기, 송풍기, 디지털수평기, 열풍기, 전기인두",LED투광기,,,,False,LED투광기,True
granite4.1:8b,LED 포토박스,success,LED손전등,"LED손전등, LED작업등, LED투광기, 가스토치, 토크렌치, 열화상카메라, SDS드릴비트, 배터리팩, 다이스세트, 멀티테스터, 스패너세트, 스크레퍼, 스냅링플라이어, 비트세트, 테이블톱",LED투광기,,,,False,,
granite4.1:8b,LED등,success,LED손전등,"LED손전등, LED작업등, LED투광기, SDS드릴비트, 안전장갑, 렌치, 별렌치세트, 옵셋렌치, 핸드카트, 열화상카메라, 케이블컷터, 라쳇렌치세트, 사다리, 냉동라쳇렌치, 소켓렌치세트",LED작업등,,,,False,,
granite4.1:8b,LED랜턴,success,LED손전등,"LED손전등, LED작업등, LED투광기, 렌치, 냉동라쳇렌치, 라쳇렌치세트, 라돈측정기, SDS드릴비트, 레이저거리측정기, 옵셋렌치, 별렌치세트, 플라이어렌치, 만능렌치, 소켓렌치세트, 육각렌치",LED손전등,,,,False,LED손전등,True
granite4.1:8b,LED램프,success,LED손전등,"LED손전등, LED작업등, LED투광기, F클램프, 클램프미터, 에어펌프, 자전거펌프, 안전로프, 점프케이블, 파이프렌치, 워터펌프플라이어, 렌치, 에어컴프레서, 옵셋렌치, 냉동라쳇렌치",LED손전등,,,,False,,
granite4.1:8b,LED작업등,success,LED작업등,"LED작업등, LED손전등, LED투광기, 전자산업용니퍼, SDS드릴비트, 안전장갑, 전동공구세트, 열화상카메라, 목공톱, 만능렌치, 조합렌치세트, 별렌치세트, 공구세트, 목공용접톱, 공구함",LED작업등,,,,False,LED작업등,True
granite4.1:8b,LED작업등(충전용),success,LED작업등,"LED작업등, LED손전등, LED투광기, 충전드릴, 충전해머드릴, 충전임팩트드라이버, 전자산업용니퍼, 양용드라이버, 철공용드릴비트, 안전장갑, 목공용접톱, 전동공구세트, 목공용드릴비트, 전정톱, 철공용드릴비트세트",LED작업등,,충전식,,False,LED작업등,True
granite4.1:8b,LED충전작업등,success,LED작업등,"LED작업등, LED손전등, LED투광기, 충전드릴, 충전해머드릴, 충전임팩트드라이버, 전자산업용니퍼, 전정톱, 안전장갑, 전동공구세트, 전동압착기, SDS드릴비트, 전동타카, 전지가위, 검전기",LED작업등,,충전식(무선),,False,LED작업등,True
granite4.1:8b,LED후레쉬,success,LED손전등,"LED손전등, LED투광기, LED작업등, 레이저수평기, 레이저거리측정기, 에어컴프레서, 왕복톱(레시프로쏘), SDS드릴비트, 스크레퍼, 옵셋렌치, 별렌치세트, 육각렌치, 렌치, 토크렌치, 파이프렌치",LED작업등,,,,False,LED손전등,False
granite4.1:8b,LS 사다리 3단,success,사다리,"사다리, A형사다리, SDS드릴비트, 절단석, 고속절단기, LED투광기, LED작업등, LED손전등, 다목적가위, 다이스세트, 실리콘건, 레이저거리측정기, 다림추, 로터리해머드릴, 롱노즈플라이어",사다리,LS,,,False,사다리,True
granite4.1:8b,LS사다리,success,사다리,"사다리, A형사다리, SDS드릴비트, 다이스세트, LED손전등, LED작업등, LED투광기, 로터리해머드릴, 레이저수평기, 다목적가위, 롱노즈플라이어, 다림추, 레이저거리측정기, 배터리팩, 장도리",사다리,LS,,,False,사다리,True
granite4.1:8b,LS사다리(1),success,사다리,"사다리, A형사다리, SDS드릴비트, 다이스세트, LED손전등, 로터리해머드릴, LED작업등, LED투광기, 다림추, 다목적가위, 배터리팩, 롱노즈플라이어, 레이저수평기, 레이저거리측정기, 실리콘건",사다리,LS,,,False,,
granite4.1:8b,LS사다리(3단),success,사다리,"사다리, A형사다리, SDS드릴비트, 절단석, 고속절단기, LED손전등, LED투광기, LED작업등, 다이스세트, 다목적가위, 레이저거리측정기, 로터리해머드릴, 실리콘건, 다림추, 롱노즈플라이어",사다리,LS,,3단,False,사다리,True
granite4.1:8b,L렌지세트,success,T렌치세트,"T렌치세트, 볼렌치세트, 별렌치세트, 세트, 육각렌치세트, 소켓렌치세트, 기어렌치세트, 라쳇렌치세트, 조합렌치세트, 탭세트, 끌세트, 비트세트, 공구세트, 스패너세트, 드릴비트세트",T렌치세트,,,,False,육각렌치세트,False
granite4.1:8b,L렌지셋트,success,옵셋렌치,"옵셋렌치, T렌치세트, 별렌치세트, 볼렌치세트, 소켓렌치세트, 육각렌치세트, 라쳇렌치세트, 기어렌치세트, 조합렌치세트, 렌치, LED손전등, 쇠지렛대, 전지가위, 세트, 고지가위",소켓렌치세트,,,,False,육각렌치세트,False
granite4.1:8b,L렌치 세트,success,T렌치세트,"T렌치세트, 볼렌치세트, 별렌치세트, 라쳇렌치세트, 육각렌치세트, 조합렌치세트, 기어렌치세트, 소켓렌치세트, 렌치, 세트, 볼렌치, 몽키렌치, 만능렌치, 육각렌치, 토크렌치",소켓렌치세트,,,,False,육각렌치세트,False
granite4.1:8b,L렌치세트,success,T렌치세트,"T렌치세트, 볼렌치세트, 별렌치세트, 라쳇렌치세트, 조합렌치세트, 기어렌치세트, 육각렌치세트, 소켓렌치세트, 렌치, 세트, 볼렌치, 만능렌치, 몽키렌치, 육각렌치, 옵셋렌치",소켓렌치세트,,,,False,육각렌치세트,False
granite4.1:8b,L렌치세트(9pcs),success,T렌치세트,"T렌치세트, 별렌치세트, 볼렌치세트, 라쳇렌치세트, 기어렌치세트, 조합렌치세트, 육각렌치세트, 소켓렌치세트, 렌치, 세트, 만능렌치, 볼렌치, 육각렌치, 옵셋렌치, 몽키렌치",소켓렌치세트,,,,False,육각렌치세트,False
granite4.1:8b,L형 랜치세트,success,볼렌치세트,"볼렌치세트, 별렌치세트, T렌치세트, 라쳇렌치세트, 소켓렌치세트, 육각렌치세트, 기어렌치세트, 조합렌치세트, 세트, 탭세트, 끌세트, 공구세트, 비트세트, 공구함세트, 스패너세트",소켓렌치세트,,,,False,,
granite4.1:8b,L형 렌치세트,success,별렌치세트,"별렌치세트, 라쳇렌치세트, T렌치세트, 조합렌치세트, 육각렌치세트, 소켓렌치세트, 볼렌치세트, 기어렌치세트, 렌치, 만능렌치, 옵셋렌치, 세트, 육각렌치, 볼렌치, 몽키렌치",소켓렌치세트,,,,False,육각렌치세트,False
granite4.1:8b,L형 렌치세트,success,별렌치세트,"별렌치세트, 라쳇렌치세트, T렌치세트, 조합렌치세트, 육각렌치세트, 소켓렌치세트, 볼렌치세트, 기어렌치세트, 렌치, 만능렌치, 옵셋렌치, 세트, 육각렌치, 볼렌치, 몽키렌치",소켓렌치세트,,,,False,육각렌치세트,False
granite4.1:8b,L형 렌치세트(9pcs),success,별렌치세트,"별렌치세트, 라쳇렌치세트, 조합렌치세트, 소켓렌치세트, 육각렌치세트, 볼렌치세트, 기어렌치세트, T렌치세트, 렌치, 만능렌치, 옵셋렌치, 육각렌치, 세트, 볼렌치, 냉동라쳇렌치",소켓렌치세트,,,,False,,
granite4.1:8b,L형 렌치센트,success,렌치,"렌치, 만능렌치, 라쳇렌치세트, 별렌치세트, 육각렌치, 육각렌치세트, 옵셋렌치, T렌치세트, 볼렌치세트, 조합렌치세트, 소켓렌치세트, 볼렌치, 기어렌치세트, 토크렌치, 센터펀치",소켓렌치세트,,,,False,육각렌치세트,False
granite4.1:8b,N플러스 보행보조차,success,보안경,"보안경, 스냅링플라이어, 조합렌치세트, 바이스그립플라이어, 플라이어세트, 플라이어, 스패너세트, 플라이어렌치, 스패너, 다이스세트, 굽은노즈플라이어, 롱노즈플라이어, 버니어캘리퍼스, 글루스틱, 워터펌프플라이어",보안경,,,,True,,
granite4.1:8b,OS-265,success,SDS드릴비트,"SDS드릴비트, 다이스세트, 배터리팩, 옵셋렌치, 드라이버세트, 비트세트, 드라이버, 디지털수평기, 스냅링플라이어, 충전임팩트드라이버, 드릴비트, 철공용드릴비트세트, 레이저수평기, 드릴비트세트, 정밀드라이버세트",드릴비트세트,,,,False,,
granite4.1:8b,PIPE렌치,success,렌치,"렌치, 파이프렌치, PVC컷터, 토크렌치, 옵셋렌치, 육각렌치, 몽키렌치, 볼렌치, 만능렌치, 플라이어렌치, 별렌치세트, 볼렌치세트, 기어렌치세트, 소켓렌치세트, 육각렌치세트",파이프렌치,,,,False,파이프렌치,True
granite4.1:8b,PVC 카타,success,PVC컷터,"PVC컷터, 전동타카, 타카, 에어타카, 건타카, 손타카, 타카핀, 핸드카트, 타일컷터, 열화상카메라, 카운터싱크, 케이블컷터, 전동공구세트, 전동압착기, 커터",PVC컷터,,,,False,,
granite4.1:8b,PVC카타,success,PVC컷터,"PVC컷터, 전동타카, 타카, 에어타카, 건타카, 핸드카트, 손타카, 타카핀, 타일컷터, 열화상카메라, 케이블컷터, 카운터싱크, 볼트컷터, 전동공구세트, 피스제거용비트",PVC컷터,,,,False,PVC컷터,True
granite4.1:8b,PVC카터,success,PVC컷터,"PVC컷터, 커터, 핸드카트, 케이블컷터, 볼트컷터, 전동타카, 타일컷터, 카운터싱크, 커터칼, 타카, 배터리팩, 클램프미터, 열화상카메라, 에어타카, 멀티테스터",PVC컷터,,,,False,,
granite4.1:8b,PVC커타,success,PVC컷터,"PVC컷터, 커터, 커터칼, 전동타카, 타일컷터, 타카, 에어타카, 건타카, 케이블컷터, 손타카, 타카핀, 볼트컷터, 고속절단기, 피스제거용비트, 핸드카트",PVC컷터,,,,False,PVC컷터,True
granite4.1:8b,PVC타카,success,PVC컷터,"PVC컷터, 전동타카, 타카, 손타카, 건타카, 에어타카, 타카핀, 타일컷터, 핸드카트, 카운터싱크, 열화상카메라, 고속절단기, 전정톱, 점프케이블, 전동압착기",전동타카,,,,False,,
granite4.1:8b,SB 수평,success,수평기,"수평기, 레이저수평기, 디지털수평기, SDS드릴비트, 바이스그립플라이어, 스냅링플라이어, 스패너, 스프링배관청소기, 테이블톱, 스크레퍼, 임팩트드릴, 사다리, 버니어캘리퍼스, 스패너세트, T핸드드라이버",수평기,,,,False,수평기,True
granite4.1:8b,SDS 기리,success,SDS드릴비트,"SDS드릴비트, 실리콘건, LED투광기, 장도리, 송풍기, 레이저거리측정기, 기어렌치세트, 사다리, 직소기, 수평기, 고압세척기, 열풍기, LED손전등, 디지털수평기, 도끼",SDS드릴비트,,,,False,SDS드릴비트,True
granite4.1:8b,SDS 앙카드릴,success,SDS드릴비트,"SDS드릴비트, 전동드릴, 충전드릴, 임팩트드릴, 해머드릴, 충전해머드릴, 로터리해머드릴, 목공용드릴비트, 콘크리트드릴비트세트, 핸드카트, 드릴비트세트, 드릴비트, 콘크리트용드릴비트, 철공용드릴비트, 철공용드릴비트세트",SDS드릴비트,,,,False,,
granite4.1:8b,SDS기리 (14×160),success,SDS드릴비트,"SDS드릴비트, LED투광기, 실리콘건, 레이저거리측정기, 디지털수평기, 수평기, LED손전등, 직소기, 송풍기, 레이저수평기, 전동압착기, LED작업등, 고속절단기, 장도리, 기어렌치세트",SDS드릴비트,,,14×160,False,SDS드릴비트,True
granite4.1:8b,SDS기리 (17×210),success,SDS드릴비트,"SDS드릴비트, LED투광기, 레이저거리측정기, 직소기, 실리콘건, 송풍기, LED손전등, 전동압착기, 열풍기, 디지털수평기, 수평기, 장도리, 사다리, 기어렌치세트, 콘크리트드릴비트세트",SDS드릴비트,,,17×210,True,,
granite4.1:8b,SDS척,success,SDS드릴비트,"SDS드릴비트, 고압세척기, LED손전등, LED투광기, 핸드카트, LED작업등, 다이스세트, 드릴비트, 드릴비트세트, 볼트컷터, 목공용드릴비트, 안전장갑, PVC컷터, 도끼, 전동드릴",SDS드릴비트,,,,False,,
granite4.1:8b,T렌치 세트,success,T렌치세트,"T렌치세트, 별렌치세트, 볼렌치세트, 소켓렌치세트, 육각렌치세트, 기어렌치세트, 조합렌치세트, 라쳇렌치세트, 렌치, 세트, 토크렌치, 몽키렌치, 탭세트, 육각렌치, 볼렌치",T렌치세트,,,,False,T렌치세트,True
granite4.1:8b,T자,success,줄자,"줄자, 직각자, T핸드드라이버, T렌치세트, 자전거펌프, 전자산업용니퍼, 타카, 톱, 손타카, 토크렌치, 전동타카, 타일컷터, 건타카, 타카핀, 에어타카",T핸드드라이버,,,,False,,
granite4.1:8b,T핸드 드라이버,success,T핸드드라이버,"T핸드드라이버, 드라이버, 전동드라이버, 양용드라이버, 임팩트드라이버, 드라이버세트, 핸드카트, 정밀드라이버세트, 충전임팩트드라이버, 플라이어, 플라이어렌치, 스냅링플라이어, 드릴비트, T렌치세트, 롱노즈플라이어",T핸드드라이버,,,,False,T핸드드라이버,True
granite4.1:8b,T핸드드라이버,success,T핸드드라이버,"T핸드드라이버, 드라이버, 양용드라이버, 전동드라이버, 임팩트드라이버, 핸드카트, 드라이버세트, 정밀드라이버세트, 충전임팩트드라이버, 플라이어, 스냅링플라이어, 플라이어렌치, 드릴비트, T렌치세트, 워터펌프플라이어",T핸드드라이버,,,,False,T핸드드라이버,True
granite4.1:8b,T형 드라이버핸들,success,T핸드드라이버,"T핸드드라이버, 드라이버, 드라이버세트, 양용드라이버, 전동드라이버, 임팩트드라이버, 정밀드라이버세트, 충전임팩트드라이버, 핸드카트, 플라이어, 플라이어렌치, 원형톱, A형사다리, T렌치세트, 스냅링플라이어",T핸드드라이버,,,,False,,
granite4.1:8b,USB몰래카메라탐지기,success,열화상카메라,"열화상카메라, SDS드릴비트, 라돈측정기, 디지털수평기, 전동타카, 레이저거리측정기, LED투광기, 쇠지렛대, 전동압착기, 핸드카트, 전지가위, 타카, 검전기, 충전임팩트드라이버, 고속절단기",열화상카메라,,,,False,,
granite4.1:8b,VIP 공구세트 (20PCS),success,공구세트,"공구세트, 전동공구세트, 공구함세트, PVC컷터, 공구함, 세트, 스패너세트, 철공용드릴비트세트, 탭세트, 플라이어세트, 비트세트, 끌세트, 드라이버세트, 볼렌치세트, SDS드릴비트",공구세트,,,,False,공구세트,True
granite4.1:8b,X100Ti,success,T핸드드라이버,"T핸드드라이버, T렌치세트, 충전임팩트드라이버, 고속절단기, 임팩트드라이버, 열풍기, 돌망치, F클램프, 육각렌치, 토크렌치, 배터리팩, 직각자, 임팩트드릴, 전동타카, 전동드라이버",전동드라이버,,,,False,,
granite4.1:8b,[고장]그라인더,success,앵글그라인더,"앵글그라인더, 샌더, 그립망치, 고무망치, 고지가위, 고속절단기, 바이스그립플라이어, 고압세척기, 플라이어, 플라이어렌치, 장도리, 안전장갑, 다이아고날플라이어, 석고대패, 드라이버",앵글그라인더,,,,False,,
granite4.1:8b,[보쉬]테이블쏘(10인치),success,테이블톱,"테이블톱, 케이블컷터, 점프케이블, 왕복톱(레시프로쏘), 보안경, 볼렌치세트, 멀티테스터, 펜치, 플라이어렌치, 볼렌치, 가스토치, 전기인두, 렌치, 파이프렌치, 토크렌치",테이블톱,BOSCH,,,False,테이블톱,True
granite4.1:8b,bosch,success,볼렌치,"볼렌치, 볼렌치세트, 렌치, 목공톱, 바이스그립플라이어, 볼트컷터, 가스토치, 송풍기, 펜치, 도끼, 톱, 토크렌치, 사다리, 목공줄, 배터리팩",볼렌치,보쉬(BOSCH),,,True,,
granite4.1:8b,bosch2(무선전동드릴),success,전동드릴,"전동드릴, 충전드릴, 전동드라이버, 전선릴, 임팩트드릴, 전동압착기, 충전해머드릴, 전동타카, 해머드릴, 전동공구세트, 목공용드릴비트, 철공용드릴비트, 철공용드릴비트세트, 드릴비트, SDS드릴비트",충전드릴,보쉬(BOSCH),충전식(무선),,False,충전드릴,True
granite4.1:8b,bosch3(무선전동드릴),success,전동드릴,"전동드릴, 충전드릴, 전동드라이버, 전선릴, 임팩트드릴, 전동압착기, 충전해머드릴, 전동타카, 전동공구세트, 해머드릴, 목공용드릴비트, 철공용드릴비트, 철공용드릴비트세트, 드릴비트, SDS드릴비트",전동드릴,보쉬(BOSCH),충전식(무선),,False,충전드릴,False
granite4.1:8b,led 작업등,success,LED작업등,"LED작업등, LED손전등, 전자산업용니퍼, LED투광기, 전동공구세트, 안전장갑, 별렌치세트, 공구세트, 열화상카메라, 조합렌치세트, 냉동라쳇렌치, 라쳇렌치세트, 공구함, 다목적가위, 목공용접톱",LED작업등,,,,False,LED작업등,True
granite4.1:8b,led손전등,success,LED손전등,"LED손전등, LED작업등, 손타카, 전정톱, 안전장갑, 전선릴, LED투광기, 전기인두, 전동공구세트, 전동타카, 안전모, 전동드릴, 안전로프, 전지가위, 검전기",LED손전등,,,,False,LED손전등,True
granite4.1:8b,pvc파이프커터,success,커터,"커터, 파이프렌치, 커터칼, PVC컷터, 케이블컷터, 워터펌프플라이어, 점프케이블, 클램프미터, 볼트컷터, 타일컷터, 에어펌프, F클램프, 자전거펌프, 와이어스트리퍼, 스프링배관청소기",PVC컷터,,,,False,PVC컷터,True
granite4.1:8b,ttc 펜치(6인치),success,펜치,"펜치, 렌치, 토크렌치, 망치, 육각렌치, 핀펀치, 옵셋렌치, T렌치세트, 만능렌치, 그립망치, 몽키렌치, 별렌치세트, 센터펀치, 육각렌치세트, 볼렌치",펜치,TTC,,6인치,False,펜치,True
granite4.1:8b,usb 충전식 드라이버,success,충전임팩트드라이버,"충전임팩트드라이버, 드라이버, 전동드라이버, 양용드라이버, 충전드릴, 드라이버세트, 임팩트드라이버, T핸드드라이버, 충전해머드릴, 정밀드라이버세트, 플라이어, 바이스그립플라이어, 플라이어렌치, 롱노즈플라이어, 스냅링플라이어",충전임팩트드라이버,,충전식(무선),,True,전동드라이버,False
granite4.1:8b,utp케이블타카,success,점프케이블,"점프케이블, 케이블컷터, 타카, 전동타카, 건타카, 손타카, 타카핀, 에어타카, 테이블톱, 타일컷터, 핸드카트, 카운터싱크, 충전임팩트드라이버, T핸드드라이버, 임팩트드라이버",타카,,,,False,,
granite4.1:8b,ㄷ자형 타카,success,타카,"타카, 전동타카, 손타카, 건타카, 타카핀, 에어타카, 원형톱, 줄자, 직각자, A형사다리, 타일컷터, 핸드카트, 자전거펌프, 카운터싱크, 열화상카메라",타카,,,,False,,
granite4.1:8b,ㄷ형 타카핀,success,타카핀,"타카핀, 타카, 전동타카, 손타카, 건타카, 에어타카, 원형톱, A형사다리, 타일컷터, 핀펀치, 핸드카트, 카운터싱크, T핸드드라이버, 열화상카메라, 점프케이블",타카핀,,,,False,타카핀,True
granite4.1:8b,가스 검지기,success,가스토치,"가스토치, 검전기, 고지가위, 전지가위, 라돈측정기, 디지털수평기, 쇠지렛대, 직소기, 스프링배관청소기, 열풍기, 송풍기, 레이저거리측정기, 글루스틱, 전동압착기, 고압세척기",가스토치,,가스,,False,,
granite4.1:8b,가스 누설 측정기,success,라돈측정기,"라돈측정기, 레이저거리측정기, 가스토치, 송풍기, 스프링배관청소기, 직소기, 고압세척기, 글루스틱, 고속절단기, 전정톱, 열풍기, 전동압착기, 수평기, 레이저수평기, 다목적가위",라돈측정기,,,,False,,
granite4.1:8b,가스검지기,success,가스토치,"가스토치, 검전기, 고지가위, 전지가위, 라돈측정기, 디지털수평기, 쇠지렛대, 직소기, 글루스틱, 고압세척기, 열풍기, 송풍기, 스프링배관청소기, 레이저거리측정기, 전동압착기",가스토치,,가스,,False,,
granite4.1:8b,가스탐지기,success,가스토치,"가스토치, 고지가위, 전지가위, 라돈측정기, 디지털수평기, 쇠지렛대, 송풍기, 직소기, 열풍기, 스프링배관청소기, 검전기, 글루스틱, 레이저거리측정기, 고압세척기, 다목적가위",라돈측정기,,,,False,,
granite4.1:8b,가스토치,success,가스토치,"가스토치, 토크렌치, 고지가위, 글루스틱, 펜치, 볼렌치, 렌치, 그립망치, 망치, 철판가위, 돌망치, 파이프렌치, 볼렌치세트, 전지가위, 핀펀치",가스토치,,가스,,False,가스토치,True
granite4.1:8b,가스토치(휴대용) 1개,success,가스토치,"가스토치, 토크렌치, 쇠지렛대, 글루스틱, 대패, 그립망치, 고지가위, 렌치, 피스제거용비트, 다목적가위, 펜치, 망치, 볼렌치세트, 멀티테스터, 철판가위",가스토치,,가스,휴대용,False,,
granite4.1:8b,가열총(열풍기),success,열풍기,"열풍기, 송풍기, 열화상카메라, 고압세척기, 가스토치, 고속절단기, 수평기, 다목적가위, 검전기, 철판가위, 에어펌프, 에어컴프레서, 전동압착기, 레이저수평기, 기어렌치세트",열풍기,,,,False,열풍기,True
granite4.1:8b,가위,success,철판가위,"철판가위, 다목적가위, 고지가위, 전지가위, 가스토치, 테이블톱, 쇠톱, 사다리, 도끼, 대패, 쇠지렛대, 망치, 수평기, 탭세트, 열풍기",철판가위,,,,False,,
granite4.1:8b,가위(고지가위),success,고지가위,"고지가위, 전지가위, 철판가위, 다목적가위, 가스토치, 쇠지렛대, 고무망치, 고압세척기, 석고대패, 사다리, 고속절단기, 왕복톱(레시프로쏘), 테이블톱, 쇠톱, 대패",고지가위,,,,False,,
granite4.1:8b,가위(다목적),success,다목적가위,"다목적가위, 철판가위, 고지가위, 전지가위, 목공톱, 사다리, 다림추, 목공용접톱, 목공줄, 목공용드릴비트, 가스토치, A형사다리, 다이스세트, 테이블톱, 적외선온도계",다목적가위,,,,False,,
granite4.1:8b,가위(양손),success,철판가위,"철판가위, 다목적가위, 고지가위, 전지가위, 손타카, 양용드라이버, LED손전등, 가스토치, 테이블톱, 쇠톱, 왕복톱(레시프로쏘), 목공톱, 사다리, 도끼, 대패",다목적가위,,,,False,,
granite4.1:8b,가위(양손_)대(자루),success,철판가위,"철판가위, 다목적가위, 고지가위, 전지가위, 대패, 손타카, 쇠지렛대, 줄자, 직각자, 석고대패, 글루건, 양용드라이버, LED손전등, 빠루망치, 글루스틱",다목적가위,,,,False,,
granite4.1:8b,가위류,success,철판가위,"철판가위, 다목적가위, 고지가위, 전지가위, 가스토치, 테이블톱, 쇠톱, 쇠지렛대, 탭세트, 수평기, 사다리, 버니어캘리퍼스, 와이어스트리퍼, 그립망치, 다림추",다목적가위,,,,False,,
granite4.1:8b,가정?차량용 공구세트,success,공구세트,"공구세트, 전동공구세트, 공구함세트, 공구함, 철공용드릴비트세트, 세트, 정밀드라이버세트, 드라이버세트, 스패너세트, 탭세트, 기어렌치세트, 끌세트, 플라이어세트, 비트세트, 볼렌치세트",공구세트,,,,False,,
granite4.1:8b,가정사다리 3단,success,사다리,"사다리, A형사다리, 다목적가위, 절단석, 전정톱, 고속절단기, 레이저거리측정기, 철판가위, 라돈측정기, 배터리팩, 로터리해머드릴, 다이스세트, 다림추, 전지가위, 고지가위",사다리,,,,False,,
granite4.1:8b,가정용 공구 세트,success,공구세트,"공구세트, 전동공구세트, 공구함세트, 공구함, 철공용드릴비트세트, 세트, 스패너세트, 정밀드라이버세트, 탭세트, 비트세트, 플라이어세트, 기어렌치세트, 볼렌치세트, 소켓렌치세트, 끌세트",공구세트,,,,False,,
granite4.1:8b,가정용 공구세트,success,공구세트,"공구세트, 전동공구세트, 공구함세트, 공구함, 철공용드릴비트세트, 세트, 스패너세트, 정밀드라이버세트, 탭세트, 플라이어세트, 비트세트, 소켓렌치세트, 기어렌치세트, 볼렌치세트, 드릴비트세트",공구세트,,,,False,공구세트,True
granite4.1:8b,가정용 공구세트,success,공구세트,"공구세트, 전동공구세트, 공구함세트, 공구함, 철공용드릴비트세트, 세트, 스패너세트, 정밀드라이버세트, 탭세트, 플라이어세트, 비트세트, 소켓렌치세트, 기어렌치세트, 볼렌치세트, 드릴비트세트",공구세트,,,,False,공구세트,True
granite4.1:8b,가정용 공구세트 #25PCS,success,공구세트,"공구세트, 전동공구세트, 공구함세트, 공구함, 철공용드릴비트세트, PVC컷터, 세트, 탭세트, 스패너세트, 정밀드라이버세트, 비트세트, 소켓렌치세트, 플라이어세트, 드릴비트세트, 기어렌치세트",공구세트,,,,False,,
granite4.1:8b,"가정용 공구세트 (예약시 전화주세요 02-2241-5084) 2박3일 1,000원",success,공구세트,"공구세트, 전동공구세트, 공구함세트, 공구함, 세트, 철공용드릴비트세트, 탭세트, 스패너세트, 비트세트, 끌세트, 플라이어세트, 볼렌치세트, 기어렌치세트, T렌치세트, 정밀드라이버세트",공구세트,,,,False,,
granite4.1:8b,가정용 공구세트18pcs,success,공구세트,"공구세트, 전동공구세트, 공구함세트, 공구함, 철공용드릴비트세트, 세트, 탭세트, 정밀드라이버세트, 스패너세트, 플라이어세트, 비트세트, 소켓렌치세트, 철공용드릴비트, 드릴비트세트, 끌세트",공구세트,,,,False,,
granite4.1:8b,가정용 공구세트20pcs,success,공구세트,"공구세트, 전동공구세트, 공구함세트, 공구함, 철공용드릴비트세트, 세트, 스패너세트, 정밀드라이버세트, 탭세트, 플라이어세트, 비트세트, 소켓렌치세트, 드릴비트세트, 목공용접톱, 끌세트",공구세트,,,,False,,
granite4.1:8b,가정용 공구셋트 1개,success,공구세트,"공구세트, 공구함세트, 공구함, 전동공구세트, 철공용드릴비트세트, 목공용접톱, 철공용드릴비트, 목공용드릴비트, 옵셋렌치, 정밀드라이버세트, 전정톱, 목공톱, 편구스패너, 목공줄, 세트",공구세트,,,,False,,
granite4.1:8b,가정용 기본공구세트,success,공구세트,"공구세트, 전동공구세트, 공구함세트, 공구함, 철공용드릴비트세트, 세트, 기어렌치세트, 정밀드라이버세트, 탭세트, 비트세트, 스패너세트, 목공용접톱, 플라이어세트, 드릴비트세트, 볼렌치세트",공구세트,,,,False,,
granite4.1:8b,가정용 미니드릴 Set,success,SDS드릴비트,"SDS드릴비트, 철공용드릴비트세트, 전동드릴, 목공용드릴비트, 철공용드릴비트, 충전드릴, 드릴비트세트, 해머드릴, 임팩트드릴, 드릴비트, 콘크리트용드릴비트, 콘크리트드릴비트세트, 충전해머드릴, 정밀드라이버세트, 로터리해머드릴",드릴비트세트,,,,False,충전드릴,False
granite4.1:8b,가정용 사다,success,사다리,"사다리, A형사다리, 다목적가위, 라돈측정기, 다림추, 전정톱, 양용드라이버, 철판가위, 다이스세트, 전지가위, 레이저거리측정기, 정밀드라이버세트, 철공용드릴비트, 가스토치, 고지가위",사다리,,,,False,,
granite4.1:8b,가정용 사다리,success,사다리,"사다리, A형사다리, 다목적가위, 전정톱, 레이저거리측정기, 철판가위, 콘크리트용드릴비트, 목공용접톱, 철공용드릴비트, 목공용드릴비트, 철공용드릴비트세트, 라돈측정기, 전지가위, 로터리해머드릴, 고지가위",사다리,,,,False,사다리,True
granite4.1:8b,가정용 소형 드릴,success,전동드릴,"전동드릴, 철공용드릴비트, 목공용드릴비트, 충전드릴, 해머드릴, 임팩트드릴, 철공용드릴비트세트, 드릴비트, 콘크리트용드릴비트, 드릴비트세트, 충전해머드릴, SDS드릴비트, 로터리해머드릴, 원형톱, 콘크리트드릴비트세트",전동드릴,,,,False,전동드릴,True
granite4.1:8b,가정용 일반 2단사다리,success,사다리,"사다리, A형사다리, 다목적가위, 타일컷터, 절단석, 전정톱, 목공용접톱, 레이저거리측정기, 고속절단기, 라돈측정기, 철판가위, 콘크리트용드릴비트, 철공용드릴비트, 목공용드릴비트, 양용드라이버",사다리,,,,False,,
granite4.1:8b,가정용 일반 3단사다리,success,사다리,"사다리, A형사다리, 다목적가위, 타일컷터, 절단석, 전정톱, 레이저거리측정기, 고속절단기, 목공용접톱, 라돈측정기, 콘크리트용드릴비트, 철판가위, 철공용드릴비트, 목공용드릴비트, 철공용드릴비트세트",사다리,,,,False,,
granite4.1:8b,가정용 절단기,success,고속절단기,"고속절단기, 절단석, 라돈측정기, 직소기, 케이블컷터, 레이저거리측정기, PVC컷터, 커터, 타일컷터, 목공용접톱, 전정톱, 검전기, 송풍기, 열풍기, 고압세척기",고속절단기,,,,False,,
granite4.1:8b,가정용공구 세트,success,공구세트,"공구세트, 전동공구세트, 공구함세트, 공구함, 철공용드릴비트세트, 세트, 정밀드라이버세트, 스패너세트, 탭세트, 비트세트, 플라이어세트, 기어렌치세트, 드릴비트세트, 볼렌치세트, 끌세트",공구세트,,,,False,,
granite4.1:8b,가정용공구세트,success,공구세트,"공구세트, 전동공구세트, 공구함세트, 공구함, 철공용드릴비트세트, 세트, 스패너세트, 정밀드라이버세트, 탭세트, 플라이어세트, 비트세트, 볼렌치세트, 기어렌치세트, 소켓렌치세트, 드릴비트세트",공구세트,,,,False,,
granite4.1:8b,가정용공구세트(18pcs),success,공구세트,"공구세트, 전동공구세트, 공구함세트, 공구함, 철공용드릴비트세트, 세트, 탭세트, 정밀드라이버세트, 스패너세트, 플라이어세트, 비트세트, 소켓렌치세트, 볼렌치세트, 끌세트, 드릴비트세트",공구세트,,,,False,공구세트,True
granite4.1:8b,가정용공구세트(25pcs),success,공구세트,"공구세트, 전동공구세트, 공구함세트, 공구함, 철공용드릴비트세트, 세트, 탭세트, 스패너세트, 정밀드라이버세트, 비트세트, 플라이어세트, 기어렌치세트, 소켓렌치세트, 볼렌치세트, 드릴비트세트",공구세트,,,,False,공구세트,True
granite4.1:8b,가정용공구셋트,success,공구세트,"공구세트, 전동공구세트, 공구함세트, 공구함, 철공용드릴비트세트, 철공용드릴비트, 목공용드릴비트, 목공용접톱, 정밀드라이버세트, 옵셋렌치, 전정톱, 세트, 목공톱, 목공줄, 소켓렌치세트",공구세트,,,,False,,
granite4.1:8b,가정용공구함세트,success,공구함세트,"공구함세트, 공구함, 공구세트, 전동공구세트, 철공용드릴비트세트, 세트, 탭세트, 스패너세트, 정밀드라이버세트, 목공용접톱, 비트세트, 플라이어세트, 소켓렌치세트, 볼렌치세트, 기어렌치세트",공구함세트,,,,False,,
granite4.1:8b,가정용사다리,success,사다리,"사다리, A형사다리, 다목적가위, 전정톱, 레이저거리측정기, 철판가위, 목공용접톱, 철공용드릴비트, 콘크리트용드릴비트, 목공용드릴비트, 철공용드릴비트세트, 라돈측정기, 전지가위, 로터리해머드릴, 다림추",사다리,,,,False,,
granite4.1:8b,가정용일반공구세트,success,공구세트,"공구세트, 전동공구세트, 공구함세트, 공구함, 철공용드릴비트세트, 세트, 정밀드라이버세트, 탭세트, 스패너세트, 드릴비트세트, 비트세트, 기어렌치세트, 플라이어세트, 철공용드릴비트, 목공용접톱",공구세트,,,,False,,
granite4.1:8b,가정용전동공구세트,success,전동공구세트,"전동공구세트, 공구세트, 공구함세트, 공구함, 철공용드릴비트세트, 전동드릴, 전동타카, 전동압착기, 세트, 전정톱, 정밀드라이버세트, 전동드라이버, 볼렌치세트, 탭세트, 스패너세트",전동공구세트,,,,False,,
granite4.1:8b,각도조절 작업용 LED 조명,success,LED작업등,"LED작업등, LED손전등, LED투광기, 조합렌치세트, 전자산업용니퍼, 직각자, 육각렌치, 육각렌치세트, 적외선온도계, 도끼, 목공용접톱, 고속절단기, 절단석, 장도리, 양용드라이버",LED작업등,,,,False,,
granite4.1:8b,각도컷팅기(몰딩겸용),success,앤드컷팅니퍼,"앤드컷팅니퍼, 볼트컷터, 타일컷터, 케이블컷터, PVC컷터, 직각자, 도끼, 육각렌치, 육각렌치세트, 장도리, 목공용접톱, 고속절단기, 적외선온도계, 직소기, 양용드라이버",고속절단기,,,,False,,
granite4.1:8b,각도톱,success,톱,"톱, 도끼, 쇠톱, 원형톱, 직각자, 접톱, 전정톱, 장도리, 테이블톱, 육각렌치, 목공톱, 육각렌치세트, 적외선온도계, 목공용접톱, 왕복톱(레시프로쏘)",전정톱,,,,False,,
granite4.1:8b,각삽,success,모종삽,"모종삽, 직각자, 육각렌치, 육각렌치세트, 전동압착기, 쇠톱, 접톱, 충전드릴, 안전장갑, 전동드릴, 전선릴, 세트, 사다리, 충전해머드릴, 카운터싱크",모종삽,,,,False,,
granite4.1:8b,각삽(1),success,모종삽,"모종삽, 직각자, 육각렌치, 육각렌치세트, 전동압착기, 쇠톱, 사다리, 접톱, 세트, 충전드릴, 안전장갑, 임팩트드릴, 전선릴, 충전해머드릴, 전동드릴",모종삽,,,,False,,
granite4.1:8b,갓다,success,사다리,"사다리, 다림추, A형사다리, 다목적가위, 다이스세트, 다이아고날플라이어, 건타카, 줄자, 고지가위, 가스토치, 도끼, 글루스틱, 손타카, 글루건, 타카",타카,,,,False,커터,False
granite4.1:8b,강력 절단기,success,고속절단기,"고속절단기, 절단석, 강력니퍼, 직소기, 고압세척기, 열풍기, 전동압착기, 케이블컷터, 커터, 검전기, 송풍기, PVC컷터, 수평기, 커터칼, 라돈측정기",강력니퍼,,,,False,,
granite4.1:8b,강력니퍼,success,강력니퍼,"강력니퍼, 니퍼, 콘크리트니퍼, 전자산업용니퍼, 앤드컷팅니퍼, 버니어캘리퍼스, 와이어스트리퍼, 스크레퍼, 임팩트드라이버, 만능렌치, 스패너, 플라이어, 굽은노즈플라이어, 충전임팩트드라이버, 점프케이블",강력니퍼,,,,False,강력니퍼,True
granite4.1:8b,강력절단기,success,고속절단기,"고속절단기, 절단석, 강력니퍼, 직소기, 고압세척기, 열풍기, 전동압착기, 검전기, 송풍기, 케이블컷터, 수평기, 라돈측정기, 커터, PVC컷터, 볼트컷터",강력니퍼,,,,False,볼트컷터,False
granite4.1:8b,강력절단기(45cm),success,고속절단기,"고속절단기, 절단석, 강력니퍼, 직소기, 고압세척기, 열풍기, 전동압착기, 검전기, 케이블컷터, 수평기, 라돈측정기, 송풍기, 스프링배관청소기, 커터, PVC컷터",고속절단기,,,길이 45cm,False,볼트컷터,False
granite4.1:8b,강력절단기45CM,success,고속절단기,"고속절단기, 절단석, 강력니퍼, PVC컷터, 직소기, 고압세척기, 열풍기, 검전기, 전동압착기, 케이블컷터, 수평기, 스프링배관청소기, 라돈측정기, 송풍기, 커터칼",고속절단기,,,45CM,False,,
granite4.1:8b,거리측정기,success,레이저거리측정기,"레이저거리측정기, 라돈측정기, 검전기, 송풍기, 열풍기, 고속절단기, 직소기, 수평기, 정밀드라이버세트, 전동압착기, 전정톱, 고압세척기, 클램프미터, 레이저수평기, 디지털수평기",레이저거리측정기,,,,False,레이저거리측정기,True
granite4.1:8b,거짓말탐지기,success,디지털수평기,"디지털수평기, 레이저거리측정기, 전지가위, 쇠지렛대, 자전거펌프, 고지가위, 피스제거용비트, 직소기, 검전기, 열풍기, 라돈측정기, 송풍기, 수평기, 전기인두, 전동압착기",디지털수평기,,,,False,,
granite4.1:8b,건 타카,success,건타카,"건타카, 타카, 손타카, 전동타카, 타카핀, 에어타카, 실리콘건, 에어건, 글루건, 핸드카트, 타일컷터, 카운터싱크, 열화상카메라, 톱, 탭세트",전동타카,,,,False,,
granite4.1:8b,건습식 청소기(집진형),success,스프링배관청소기,"스프링배관청소기, 직소기, 방진마스크, 원형톱, 건타카, 글루건, 고압세척기, 에어건, 송풍기, 열풍기, A형사다리, 실리콘건, 전동압착기, 소켓렌치세트, 라돈측정기",스프링배관청소기,,,,False,,
granite4.1:8b,건식다리미,success,사다리,"사다리, A형사다리, 실리콘건, 건타카, 다림추, 클램프미터, 에어건, 글루건, 다목적가위, 로터리해머드릴, 장도리, 다이스세트, 와이어스트리퍼, 배터리팩, 다이아고날플라이어",사다리,,,,False,,
granite4.1:8b,건타카,success,건타카,"건타카, 손타카, 타카, 전동타카, 에어타카, 타카핀, 글루건, 실리콘건, 핸드카트, 에어건, 카운터싱크, 타일컷터, 열화상카메라, 줄자, 연마석",건타카,,,,False,건타카,True
granite4.1:8b,건타카 AT-519 아펙스,success,건타카,"건타카, 타카, 에어타카, 손타카, 전동타카, 타카핀, A형사다리, T핸드드라이버, 에어건, 핸드카트, 다이아고날플라이어, 글루건, 카운터싱크, 실리콘건, 글루스틱",건타카,,,,False,,
granite4.1:8b,건타카(다기능),success,건타카,"건타카, 손타카, 전동타카, 타카, 에어타카, 타카핀, 다목적가위, 만능렌치, 핸드카트, 카운터싱크, 글루건, 다림추, 열풍기, 에어건, 실리콘건",건타카,,,,False,,
granite4.1:8b,건타카(다기능),success,건타카,"건타카, 손타카, 전동타카, 타카, 에어타카, 타카핀, 다목적가위, 만능렌치, 핸드카트, 카운터싱크, 글루건, 다림추, 열풍기, 에어건, 실리콘건",건타카,,,,False,,
granite4.1:8b,건타카(손타카),success,건타카,"건타카, 손타카, 타카, 전동타카, 에어타카, 타카핀, 핸드카트, 카운터싱크, LED손전등, 타일컷터, 글루건, 실리콘건, 에어건, 열화상카메라, 전정톱",건타카,,,,False,,
granite4.1:8b,건타카+타카핀,success,건타카,"건타카, 타카핀, 타카, 손타카, 전동타카, 에어타카, 카운터싱크, 핸드카트, 타일컷터, 글루건, 핀펀치, 실리콘건, 열화상카메라, 에어건, 글루스틱",건타카,,,,False,,
granite4.1:8b,건타카+핀,success,건타카,"건타카, 타카핀, 손타카, 타카, 에어타카, 전동타카, 핀펀치, 카운터싱크, 글루건, 실리콘건, 핸드카트, 에어건, 타일컷터, 열화상카메라, 앤드컷팅니퍼",건타카,,,,False,,
granite4.1:8b,건타카/타카핀 추가시 개당 500원 추가,success,타카핀,"타카핀, 건타카, 타카, 손타카, 전동타카, 에어타카, 다림추, 철판가위, 카운터싱크, 핸드카트, 다목적가위, 타일컷터, 가스토치, 원형톱, 고지가위",건타카,,,,False,,
granite4.1:8b,건타카핀,success,타카핀,"타카핀, 건타카, 타카, 손타카, 에어타카, 전동타카, 글루건, 핀펀치, 실리콘건, 핸드카트, 에어건, 카운터싱크, 타일컷터, 글루스틱, 열화상카메라",건타카,,,,False,,
granite4.1:8b,검전기,success,검전기,"검전기, 전기인두, 전동압착기, 직소기, 열풍기, 전정톱, 송풍기, 라돈측정기, 고속절단기, 전지가위, 수평기, 전동드릴, LED투광기, 레이저거리측정기, 디지털수평기",검전기,,,,False,검전기,True
granite4.1:8b,검전드라이버,success,드라이버,"드라이버, 전동드라이버, 검전기, 양용드라이버, 드라이버세트, 임팩트드라이버, T핸드드라이버, 정밀드라이버세트, 충전임팩트드라이버, 충전드릴, 플라이어, 플라이어렌치, 전동드릴, 다이아고날플라이어, 롱노즈플라이어",검전기,,,,False,검전기,True
granite4.1:8b,겸용드라이버,success,양용드라이버,"양용드라이버, 드라이버, 전동드라이버, 드라이버세트, 임팩트드라이버, T핸드드라이버, 충전임팩트드라이버, 정밀드라이버세트, 철공용드릴비트, 목공용드릴비트, 플라이어, 철공용드릴비트세트, 콘크리트용드릴비트, 플라이어렌치, 플라이어세트",양용드라이버,,,,False,양용드라이버,True
granite4.1:8b,겸용드라이버(4150),success,양용드라이버,"양용드라이버, 드라이버, 전동드라이버, 드라이버세트, 임팩트드라이버, T핸드드라이버, 충전임팩트드라이버, 정밀드라이버세트, 철공용드릴비트, 목공용드릴비트, 철공용드릴비트세트, 플라이어, 콘크리트용드릴비트, 플라이어렌치, 워터펌프플라이어",양용드라이버,,,,False,,
granite4.1:8b,겸용드라이버(6200),success,양용드라이버,"양용드라이버, 드라이버, 전동드라이버, 드라이버세트, 임팩트드라이버, 충전임팩트드라이버, T핸드드라이버, 정밀드라이버세트, 철공용드릴비트, 목공용드릴비트, 철공용드릴비트세트, 플라이어, 콘크리트용드릴비트, 스냅링플라이어, 다이아고날플라이어",양용드라이버,,,,False,,
granite4.1:8b,겸용해머드릴(GBH5-38X),success,해머드릴,"해머드릴, 충전해머드릴, 로터리해머드릴, 철공용드릴비트, 충전드릴, 임팩트드릴, 철공용드릴비트세트, 전동드릴, 목공용드릴비트, 콘크리트용드릴비트, 드릴비트, 드릴비트세트, SDS드릴비트, 콘크리트드릴비트세트, 양용드라이버",해머드릴,,,,False,해머드릴,True
granite4.1:8b,경광등,success,보안경,"보안경, LED투광기, LED작업등, LED손전등, 고무망치, F클램프, 앵글그라인더, 클램프미터, 돌망치, 글루스틱, 그립망치, 버니어캘리퍼스, 검전기, 안전장갑, 쇠지렛대",LED작업등,,,,False,,
granite4.1:8b,경랑첼라(10인치),success,보안경,"보안경, 앵글그라인더, 전기인두, 냉동라쳇렌치, 플라이어렌치, 라쳇렌치세트, 렌치, 망치, 돌망치, 그립망치, 볼렌치, 고무망치, 펜치, 몽키렌치, 별렌치세트",보안경,,,10인치,True,,
granite4.1:8b,경랑첼라(12인치),success,보안경,"보안경, 앵글그라인더, 전기인두, 냉동라쳇렌치, 플라이어렌치, 라쳇렌치세트, 렌치, 망치, 돌망치, 볼렌치, 고무망치, 별렌치세트, 그립망치, 센터펀치, 펜치",보안경,,,12인치,True,,
granite4.1:8b,경량 몽키,success,몽키렌치,"몽키렌치, 보안경, 고무망치, 망치, 소켓렌치세트, 토크렌치, 도끼, 정밀드라이버세트, 전동타카, 공구세트, 전정톱, 센터펀치, 카운터싱크, 핸드카트, 송풍기",몽키렌치,,,,False,,
granite4.1:8b,경량 몽키렌치,success,몽키렌치,"몽키렌치, 렌치, 토크렌치, 육각렌치, 소켓렌치세트, 만능렌치, 별렌치세트, 볼렌치, 플라이어렌치, 볼렌치세트, 육각렌치세트, 옵셋렌치, T렌치세트, 조합렌치세트, 기어렌치세트",몽키렌치,,,,False,몽키렌치,True
granite4.1:8b,경량몽키,success,몽키렌치,"몽키렌치, 보안경, 고무망치, 소켓렌치세트, 망치, 도끼, 토크렌치, 정밀드라이버세트, 송풍기, 돌망치, 카운터싱크, 센터펀치, 양용드라이버, 공구세트, 그립망치",몽키렌치,,,,False,몽키렌치,True
granite4.1:8b,경량몽키(10인치),success,몽키렌치,"몽키렌치, 보안경, 전기인두, 망치, 앵글그라인더, 고무망치, 핀펀치, 돌망치, 렌치, 토크렌치, 센터펀치, 납볼망치, 소켓렌치세트, 그립망치, 펜치",몽키렌치,,,10인치,False,,
granite4.1:8b,경량몽키(8인치),success,몽키렌치,"몽키렌치, 보안경, 전기인두, 망치, 앵글그라인더, 고무망치, 납볼망치, 렌치, 토크렌치, 돌망치, 핀펀치, 그립망치, 센터펀치, 소켓렌치세트, 육각렌치",몽키렌치,,,"경량, 8인치",False,,
granite4.1:8b,경량몽키(칼라),success,몽키렌치,"몽키렌치, 커터칼, 보안경, 라돈측정기, 플라이어, 플라이어렌치, 롱노즈플라이어, 양용드라이버, 플라이어세트, 충전임팩트드라이버, 정밀드라이버세트, 드라이버, 다이아고날플라이어, 앵글그라인더, 드라이버세트",몽키렌치,,,,False,,
granite4.1:8b,경량몽키렌치,success,몽키렌치,"몽키렌치, 렌치, 토크렌치, 소켓렌치세트, 육각렌치, 별렌치세트, 만능렌치, 볼렌치, 육각렌치세트, 플라이어렌치, 볼렌치세트, 옵셋렌치, 조합렌치세트, 기어렌치세트, T렌치세트",몽키렌치,,,,False,,
granite4.1:8b,경량안전발판 3단,success,안전모,"안전모, 안전장갑, 안전로프, 보안경, 절단석, 고속절단기, 철판가위, LED손전등, 전선릴, 전동타카, 전정톱, 충전드릴, 전동압착기, 충전임팩트드라이버, 전자산업용니퍼",사다리,,,,False,,
granite4.1:8b,계단용 수레,success,레이저수평기,"레이저수평기, 절단석, 수평기, 스크레퍼, 고속절단기, 적외선온도계, 디지털수평기, 목공용접톱, 레이저거리측정기, 에어컴프레서, 목공용드릴비트, 전자산업용니퍼, 양용드라이버, 왕복톱(레시프로쏘), 철공용드릴비트",스크레퍼,,,,False,,
granite4.1:8b,계양임팩드릴,success,임팩트드릴,"임팩트드릴, 임팩트드라이버, 충전임팩트드라이버, 해머드릴, 전동드릴, 충전드릴, 충전해머드릴, 로터리해머드릴, 드릴비트, 목공용드릴비트, 철공용드릴비트, 철공용드릴비트세트, 양용드라이버, 드릴비트세트, SDS드릴비트",해머드릴,계양,,,False,임팩트드릴,False
granite4.1:8b,계양전동드릴,success,전동드릴,"전동드릴, 충전드릴, 전동드라이버, 전동압착기, 임팩트드릴, 충전해머드릴, 전동공구세트, 해머드릴, 전동타카, 전선릴, 철공용드릴비트, 로터리해머드릴, 목공용드릴비트, 철공용드릴비트세트, SDS드릴비트",전동드릴,계양,,,False,전동드릴,True
granite4.1:8b,고글,success,글루건,"글루건, 글루스틱, 고무망치, 앵글그라인더, 고지가위, 고속절단기, 고압세척기, 석고대패, 다이아고날플라이어, 도끼, 톱, 안전장갑, 점프케이블, 토크렌치, 원형톱",글루건,,,,True,보안경,False
granite4.1:8b,고글 (보안경),success,보안경,"보안경, 안전장갑, 안전모, 안전로프, 앵글그라인더, 고무망치, 글루건, 고지가위, 고압세척기, 고속절단기, 글루스틱, 석고대패, 다이아고날플라이어, 톱, 도끼",보안경,,,,False,,
granite4.1:8b,고글(보안경),success,보안경,"보안경, 안전장갑, 안전모, 안전로프, 앵글그라인더, 고무망치, 글루건, 고지가위, 고압세척기, 고속절단기, 글루스틱, 석고대패, 다이아고날플라이어, 톱, 점프케이블",보안경,,,,False,,
granite4.1:8b,고급 드라이버7종세트,success,드라이버세트,"드라이버세트, 정밀드라이버세트, 드라이버, 전동드라이버, 양용드라이버, 임팩트드라이버, T핸드드라이버, 충전임팩트드라이버, 플라이어세트, 드릴비트세트, 세트, 다이스세트, 공구세트, 콘크리트드릴비트세트, 철공용드릴비트세트",드라이버세트,,,,False,,
granite4.1:8b,고무 망치(중) 1개,success,고무망치,"고무망치, 망치, 그립망치, 돌망치, 납볼망치, 빠루망치, 렌치, 고속절단기, 만능렌치, 펜치, 핀펀치, 소켓렌치세트, 볼렌치세트, 기어렌치세트, 몽키렌치",고무망치,,,,False,,
granite4.1:8b,고무 피복줄자(7.2M25),success,줄자,"줄자, 고무망치, 목공줄, 고속절단기, 왕복톱(레시프로쏘), 직각자, 피스제거용비트, 고압세척기, 고지가위, 석고대패, 자전거펌프, 다이아고날플라이어, 임팩트드릴, 전자산업용니퍼, 사다리",줄자,,,,False,,
granite4.1:8b,고무롤러,success,고무망치,"고무망치, 고압세척기, 고속절단기, 고지가위, 전동드릴, 석고대패, 다이아고날플라이어, 전동드라이버, 로터리해머드릴, 전동압착기, 충전드릴, 볼트컷터, 충전해머드릴, 해머드릴, 임팩트드릴",고무망치,,,,False,,
granite4.1:8b,고무망치,success,고무망치,"고무망치, 망치, 돌망치, 그립망치, 빠루망치, 납볼망치, 렌치, 몽키렌치, 고속절단기, 만능렌치, 펜치, 핀펀치, 볼렌치, 옵셋렌치, 토크렌치",고무망치,,,,False,고무망치,True
granite4.1:8b,고무망치(검정),success,고무망치,"고무망치, 망치, 돌망치, 그립망치, 납볼망치, 빠루망치, 검전기, 렌치, 전정톱, 고속절단기, 옵셋렌치, 몽키렌치, 펜치, 만능렌치, 핀펀치",고무망치,,,,False,,
granite4.1:8b,고무압축기 1개,success,고무망치,"고무망치, 고압세척기, 전동압착기, 고속절단기, 송풍기, 열풍기, 고지가위, 직소기, 수평기, 석고대패, 검전기, 라돈측정기, 레이저수평기, 기어렌치세트, 레이저거리측정기",고무망치,,,,False,,
granite4.1:8b,고무양용드라이버,success,양용드라이버,"양용드라이버, 드라이버, 전동드라이버, 드라이버세트, 고무망치, 임팩트드라이버, T핸드드라이버, 충전임팩트드라이버, 정밀드라이버세트, 철공용드릴비트, 목공용드릴비트, 콘크리트용드릴비트, 다이아고날플라이어, 철공용드릴비트세트, 고속절단기",양용드라이버,,,,False,,
granite4.1:8b,고무피복줄자,success,줄자,"줄자, 고무망치, 목공줄, 왕복톱(레시프로쏘), 고속절단기, 직각자, 고압세척기, 피스제거용비트, 고지가위, 석고대패, 다이아고날플라이어, 전자산업용니퍼, 철공용드릴비트, 철공용드릴비트세트, 임팩트드릴",줄자,,,,False,줄자,True
granite4.1:8b,고무피복줄자,success,줄자,"줄자, 고무망치, 목공줄, 왕복톱(레시프로쏘), 고속절단기, 직각자, 고압세척기, 피스제거용비트, 고지가위, 석고대패, 다이아고날플라이어, 전자산업용니퍼, 철공용드릴비트, 철공용드릴비트세트, 임팩트드릴",줄자,,,,False,줄자,True
granite4.1:8b,고무피복줄자(3),success,줄자,"줄자, 고무망치, 목공줄, 왕복톱(레시프로쏘), 직각자, 고속절단기, 고압세척기, 피스제거용비트, 고지가위, 석고대패, 전자산업용니퍼, 다이아고날플라이어, 자전거펌프, 임팩트드릴, 사다리",줄자,,,,False,,
granite4.1:8b,고무피복줄자(5.5M),success,줄자,"줄자, 고무망치, 목공줄, 왕복톱(레시프로쏘), 고속절단기, 직각자, 고압세척기, 피스제거용비트, 고지가위, 자전거펌프, 다이아고날플라이어, 전자산업용니퍼, 석고대패, 임팩트드릴, 철공용드릴비트세트",줄자,,,길이 5.5M,False,줄자,True
granite4.1:8b,고무피복줄자(7.5M),success,줄자,"줄자, 고무망치, 목공줄, 왕복톱(레시프로쏘), 고속절단기, 고압세척기, 직각자, 피스제거용비트, 고지가위, 자전거펌프, 다이아고날플라이어, 석고대패, 전자산업용니퍼, 임팩트드릴, 안전모",줄자,,,길이 7.5미터,False,,
granite4.1:8b,고무호스,success,고무망치,"고무망치, 고압세척기, 고지가위, 고속절단기, 석고대패, 글루스틱, 편구스패너, 방진마스크, 가스토치, 멀티테스터, 스패너, 다이스세트, 다이아고날플라이어, 스패너세트, 피스제거용비트",고압세척기,,,,False,,
granite4.1:8b,고속스팀해빙기,success,고속절단기,"고속절단기, 고압세척기, 해머드릴, 열풍기, 고지가위, 송풍기, 충전해머드릴, 고무망치, 수평기, 로터리해머드릴, 스프링배관청소기, 전동압착기, 글루스틱, 직소기, 레이저수평기",고압세척기,,,,False,,
granite4.1:8b,고속절단기,success,고속절단기,"고속절단기, 절단석, 고압세척기, 직소기, 고무망치, 전동압착기, 열풍기, 검전기, 송풍기, 고지가위, 라돈측정기, 수평기, 케이블컷터, PVC컷터, 석고대패",고속절단기,,,,False,고속절단기,True
granite4.1:8b,고압 세척기,success,고압세척기,"고압세척기, 고속절단기, 전동압착기, 열풍기, 송풍기, 고지가위, 직소기, 고무망치, 기어렌치세트, 스프링배관청소기, 수평기, 라돈측정기, 세트, 석고대패, 전동공구세트",고압세척기,,,,False,고압세척기,True
granite4.1:8b,"고압력 쌍발 발펌프(자동차,오토바이,자전거)",success,자전거펌프,"자전거펌프, 에어펌프, 고압세척기, 전동압착기, 워터펌프플라이어, 바이스그립플라이어, 전동드라이버, 전동드릴, 줄자, 직각자, 고속절단기, 전동타카, 전자산업용니퍼, 클램프미터, F클램프",에어펌프,,,,False,,
granite4.1:8b,고압세척기,success,고압세척기,"고압세척기, 고속절단기, 전동압착기, 열풍기, 송풍기, 고지가위, 직소기, 고무망치, 기어렌치세트, 스프링배관청소기, 라돈측정기, 세트, 수평기, 전동공구세트, 석고대패",고압세척기,,,,False,고압세척기,True
granite4.1:8b,고압용세척기,success,고압세척기,"고압세척기, 고속절단기, 전동압착기, 열풍기, 송풍기, 직소기, 고지가위, 기어렌치세트, 목공용접톱, 양용드라이버, 고무망치, 철공용드릴비트세트, 스프링배관청소기, 라돈측정기, 전동공구세트",고압세척기,,,,False,,
granite4.1:8b,고전지가위,success,고지가위,"고지가위, 전지가위, 철판가위, 다목적가위, 고압세척기, 쇠지렛대, 고속절단기, 고무망치, 가스토치, 검전기, 전정톱, 전동압착기, 전동드릴, 석고대패, 디지털수평기",고지가위,,,,False,,
granite4.1:8b,고지가위,success,고지가위,"고지가위, 전지가위, 철판가위, 다목적가위, 가스토치, 고압세척기, 쇠지렛대, 고무망치, 고속절단기, 석고대패, 디지털수평기, 다이아고날플라이어, 글루스틱, 톱, 도끼",고지가위,,,,False,고지가위,True
granite4.1:8b,고지가위(5m),success,고지가위,"고지가위, 전지가위, 철판가위, 다목적가위, 고압세척기, 가스토치, 쇠지렛대, 고무망치, 고속절단기, 디지털수평기, 석고대패, 사다리, 다이아고날플라이어, 수평기, 테이블톱",고지가위,,,5m,False,고지가위,True
granite4.1:8b,고프로,success,왕복톱(레시프로쏘),"왕복톱(레시프로쏘), 안전로프, 고지가위, 고압세척기, 고속절단기, 고무망치, 석고대패, 에어컴프레서, 점프케이블, 로터리해머드릴, 에어펌프, F클램프, 클램프미터, 파이프렌치, 자전거펌프",왕복톱(레시프로쏘),,,,True,,
granite4.1:8b,곡선 전정톱,success,전정톱,"전정톱, 전선릴, 톱, 원형톱, 테이블톱, 접톱, 목공톱, 쇠톱, 전지가위, 라돈측정기, 전동드릴, 목공용접톱, 왕복톱(레시프로쏘), 전동타카, 전동공구세트",전정톱,,,,False,,
granite4.1:8b,곡선톱,success,톱,"톱, 전선릴, 쇠톱, 원형톱, 전정톱, 접톱, 테이블톱, 목공톱, 적외선온도계, 목공용접톱, 왕복톱(레시프로쏘), 탭세트, 타일컷터, 볼트컷터, 전동드릴",목공용접톱,,,,False,,
granite4.1:8b,공간살균기,success,공구함,"공구함, 목공톱, 공구세트, 열풍기, 목공줄, 수평기, 송풍기, 직소기, 검전기, 공구함세트, 전동공구세트, 라돈측정기, 고압세척기, 목공용접톱, 고속절단기",고압세척기,,,,False,,
granite4.1:8b,공구Box 1개,success,공구함,"공구함, 공구세트, 공구함세트, 전동공구세트, 목공톱, 목공줄, 편구스패너, 목공용접톱, 철공용드릴비트세트, 철공용드릴비트, 목공용드릴비트, 배터리팩, 스패너세트, 충전드릴, 볼트컷터",공구함,,,,False,,
granite4.1:8b,공구가방세트(가정용) jaya,success,공구세트,"공구세트, 공구함세트, 전동공구세트, 공구함, 철공용드릴비트세트, 세트, 다목적가위, 탭세트, 철판가위, 스패너세트, 플라이어세트, 끌세트, 정밀드라이버세트, 전지가위, 비트세트",공구함세트,자야(JAYA),,,False,,
granite4.1:8b,공구가위,success,공구함,"공구함, 철판가위, 다목적가위, 공구세트, 전지가위, 고지가위, 공구함세트, 전동공구세트, 목공톱, 편구스패너, 목공줄, 목공용접톱, 가스토치, 철공용드릴비트, 목공용드릴비트",다목적가위,,,,False,,
granite4.1:8b,공구놀이세트,success,공구세트,"공구세트, 공구함세트, 전동공구세트, 공구함, 세트, 플라이어세트, 다이스세트, 스패너세트, 탭세트, 비트세트, 철공용드릴비트세트, 드라이버세트, 끌세트, 볼렌치세트, T렌치세트",공구세트,,,,False,,
granite4.1:8b,공구박스,success,공구함,"공구함, 공구세트, 공구함세트, 전동공구세트, 편구스패너, 목공톱, 목공줄, 목공용접톱, 스패너세트, 스크레퍼, 철공용드릴비트세트, 철공용드릴비트, 스패너, 목공용드릴비트, 글루스틱",공구세트,,,,False,,
granite4.1:8b,공구박스 1개,success,공구함,"공구함, 공구세트, 공구함세트, 전동공구세트, 편구스패너, 목공톱, 목공줄, 목공용접톱, 스패너세트, 철공용드릴비트세트, 스크레퍼, 목공용드릴비트, 스패너, 철공용드릴비트, 멀티테스터",공구함,,,,False,,
granite4.1:8b,공구박스(대),success,공구함,"공구함, 공구세트, 공구함세트, 전동공구세트, 대패, 편구스패너, 목공톱, 석고대패, 쇠지렛대, 목공줄, 목공용접톱, 스패너세트, 스크레퍼, 철공용드릴비트세트, 스패너",공구함,,,,False,,
granite4.1:8b,공구세트,success,공구세트,"공구세트, 전동공구세트, 공구함세트, 공구함, 세트, 스패너세트, 탭세트, 철공용드릴비트세트, 끌세트, 비트세트, 플라이어세트, T렌치세트, 볼렌치세트, 드라이버세트, 기어렌치세트",공구세트,,,,False,공구세트,True
granite4.1:8b,공구세트,success,공구세트,"공구세트, 전동공구세트, 공구함세트, 공구함, 세트, 스패너세트, 탭세트, 철공용드릴비트세트, 끌세트, 비트세트, 플라이어세트, T렌치세트, 볼렌치세트, 드라이버세트, 기어렌치세트",공구세트,,,,False,공구세트,True
granite4.1:8b,공구세트,success,공구세트,"공구세트, 전동공구세트, 공구함세트, 공구함, 세트, 스패너세트, 탭세트, 철공용드릴비트세트, 끌세트, 비트세트, 플라이어세트, T렌치세트, 볼렌치세트, 드라이버세트, 기어렌치세트",공구세트,,,,False,공구세트,True
granite4.1:8b,공구세트 (12pcs),success,공구세트,"공구세트, 전동공구세트, 공구함세트, 공구함, 세트, 철공용드릴비트세트, 스패너세트, 탭세트, 플라이어세트, 비트세트, 끌세트, 드라이버세트, 드릴비트세트, 볼렌치세트, 소켓렌치세트",공구세트,,,,False,,
granite4.1:8b,공구세트 16pcs,success,공구세트,"공구세트, 전동공구세트, 공구함세트, 공구함, 세트, 철공용드릴비트세트, 스패너세트, 플라이어세트, 탭세트, 비트세트, 볼렌치세트, 소켓렌치세트, 끌세트, 라쳇렌치세트, T렌치세트",공구세트,,,,False,,
granite4.1:8b,공구세트 1개,success,공구세트,"공구세트, 전동공구세트, 공구함세트, 공구함, 세트, 스패너세트, 철공용드릴비트세트, 탭세트, 플라이어세트, 끌세트, 비트세트, 드라이버세트, 소켓렌치세트, 볼렌치세트, 기어렌치세트",공구세트,,,,False,,
granite4.1:8b,공구세트 1개(소켓 18개),success,공구세트,"공구세트, 전동공구세트, 소켓렌치세트, 공구함세트, 공구함, 세트, 철공용드릴비트세트, 탭세트, 스패너세트, 비트세트, 플라이어세트, 드릴비트세트, 끌세트, 라쳇렌치세트, 콘크리트드릴비트세트",소켓렌치세트,,,,False,,
granite4.1:8b,공구세트 25pcs,success,공구세트,"공구세트, 전동공구세트, 공구함세트, 공구함, 세트, 철공용드릴비트세트, 탭세트, 스패너세트, 끌세트, 비트세트, 플라이어세트, 소켓렌치세트, 기어렌치세트, 볼렌치세트, 드릴비트세트",공구세트,,,,False,,
granite4.1:8b,공구세트 2개,success,공구세트,"공구세트, 전동공구세트, 공구함세트, 공구함, 세트, 스패너세트, 철공용드릴비트세트, 탭세트, 플라이어세트, 끌세트, 비트세트, T렌치세트, 소켓렌치세트, 볼렌치세트, 기어렌치세트",공구세트,,,,False,,
granite4.1:8b,공구세트 3개,success,공구세트,"공구세트, 전동공구세트, 공구함세트, 공구함, 세트, 스패너세트, 철공용드릴비트세트, 탭세트, 플라이어세트, 끌세트, 비트세트, T렌치세트, 드라이버세트, 볼렌치세트, 드릴비트세트",공구세트,,,,False,,
granite4.1:8b,공구세트(1),success,공구세트,"공구세트, 전동공구세트, 공구함세트, 공구함, 세트, 스패너세트, 탭세트, 철공용드릴비트세트, 끌세트, 플라이어세트, 비트세트, 드라이버세트, 소켓렌치세트, 볼렌치세트, 기어렌치세트",공구세트,,,,False,,
granite4.1:8b,공구세트(12종),success,공구세트,"공구세트, 전동공구세트, 공구함세트, 공구함, 세트, 스패너세트, 철공용드릴비트세트, 탭세트, 플라이어세트, 끌세트, 비트세트, 드라이버세트, 볼렌치세트, 드릴비트세트, 다이스세트",공구세트,,,,False,,
granite4.1:8b,공구세트(JAYA JTS80),success,공구세트,"공구세트, 전동공구세트, 공구함세트, 공구함, T렌치세트, 세트, A형사다리, 철공용드릴비트세트, 스패너세트, 플라이어세트, 끌세트, 탭세트, 비트세트, 다이스세트, 볼렌치세트",공구세트,자야,,,False,공구세트,True
granite4.1:8b,공구세트(대),success,공구세트,"공구세트, 전동공구세트, 공구함세트, 공구함, 세트, 스패너세트, 탭세트, 철공용드릴비트세트, 끌세트, 플라이어세트, 비트세트, T렌치세트, 다이스세트, 드라이버세트, 드릴비트세트",공구세트,,,,False,,
granite4.1:8b,공구세트(대)-139pcs,success,공구세트,"공구세트, 전동공구세트, 공구함세트, 공구함, 세트, 철공용드릴비트세트, 탭세트, 끌세트, 스패너세트, 플라이어세트, 조합렌치세트, 소켓렌치세트, 기어렌치세트, T렌치세트, 라쳇렌치세트",공구세트,,,,False,공구세트,True
granite4.1:8b,공구세트(대)-HARDEN,success,공구세트,"공구세트, 전동공구세트, 공구함세트, 공구함, 세트, 탭세트, 스패너세트, 철공용드릴비트세트, 끌세트, 라쳇렌치세트, LED작업등, T렌치세트, 볼렌치세트, 소켓렌치세트, 비트세트",공구세트,하든(HARDEN),,,False,공구세트,True
granite4.1:8b,공구세트(소),success,공구세트,"공구세트, 전동공구세트, 공구함세트, 공구함, 세트, 소켓렌치세트, 스패너세트, 탭세트, 철공용드릴비트세트, 끌세트, 비트세트, 플라이어세트, 다이스세트, 드라이버세트, T렌치세트",공구세트,,,,False,,
granite4.1:8b,공구세트(소) JTS-14,success,공구세트,"공구세트, 전동공구세트, 공구함세트, 공구함, 소켓렌치세트, T렌치세트, 철공용드릴비트세트, 세트, 탭세트, SDS드릴비트, 비트세트, 끌세트, 스패너세트, 드릴비트세트, 플라이어세트",공구세트,,,,False,,
granite4.1:8b,공구세트(중),success,공구세트,"공구세트, 전동공구세트, 공구함세트, 공구함, 세트, 탭세트, 끌세트, 스패너세트, 철공용드릴비트세트, 플라이어세트, 비트세트, T렌치세트, 볼렌치세트, 다이스세트, 드라이버세트",공구세트,,,,False,,
granite4.1:8b,공구세트(중) JTS-20,success,공구세트,"공구세트, 전동공구세트, 공구함세트, 공구함, T렌치세트, 세트, 철공용드릴비트세트, 탭세트, 끌세트, 비트세트, SDS드릴비트, 스패너세트, 플라이어세트, 소켓렌치세트, 드릴비트세트",공구세트,,,,False,,
granite4.1:8b,공구세트3개,success,공구세트,"공구세트, 전동공구세트, 공구함세트, 공구함, 세트, 스패너세트, 철공용드릴비트세트, 탭세트, 플라이어세트, 끌세트, 비트세트, T렌치세트, 드라이버세트, 드릴비트세트, 볼렌치세트",공구세트,,,,False,,
granite4.1:8b,공구셋트,success,공구세트,"공구세트, 공구함세트, 공구함, 전동공구세트, 옵셋렌치, 철공용드릴비트세트, 세트, 목공줄, 편구스패너, 목공톱, 소켓렌치세트, 스패너세트, 철공용드릴비트, 목공용드릴비트, 기어렌치세트",공구세트,,,,False,공구세트,True
granite4.1:8b,공구셋트 1개,success,공구세트,"공구세트, 공구함세트, 공구함, 전동공구세트, 철공용드릴비트세트, 옵셋렌치, 세트, 편구스패너, 목공톱, 목공줄, 철공용드릴비트, 목공용드릴비트, 스패너세트, 소켓렌치세트, 목공용접톱",공구세트,,,,False,,
granite4.1:8b,공구셋트(16pcs)(1),success,공구세트,"공구세트, 공구함세트, 공구함, 전동공구세트, 옵셋렌치, 철공용드릴비트세트, 목공톱, 편구스패너, 목공줄, 세트, 목공용드릴비트, 목공용접톱, 철공용드릴비트, 스패너세트, 소켓렌치세트",공구세트,,,,False,,
granite4.1:8b,"공구셋트(18pcs,5개)",success,공구세트,"공구세트, 공구함세트, 공구함, 전동공구세트, 옵셋렌치, 철공용드릴비트세트, 목공톱, 세트, 목공줄, 편구스패너, 철공용드릴비트, 목공용드릴비트, 소켓렌치세트, 콘크리트드릴비트세트, 탭세트",공구세트,,,"18피스, 5개",False,,
granite4.1:8b,공구셋트(25pcs)(1),success,공구세트,"공구세트, 공구함, 공구함세트, 전동공구세트, 옵셋렌치, 철공용드릴비트세트, 목공톱, 목공줄, 편구스패너, 철공용드릴비트, 세트, 목공용드릴비트, 소켓렌치세트, 목공용접톱, 콘크리트드릴비트세트",공구세트,,,,False,,
granite4.1:8b,"공구셋트(25pcs,5개)",success,공구세트,"공구세트, 공구함세트, 공구함, 전동공구세트, 철공용드릴비트세트, 옵셋렌치, 목공톱, 목공줄, 세트, 편구스패너, 철공용드릴비트, 목공용드릴비트, 소켓렌치세트, 콘크리트드릴비트세트, 목공용접톱",공구세트,,,"25개, 5개",False,,
granite4.1:8b,공구셋트SMATO(16),success,공구세트,"공구세트, 공구함, 공구함세트, 전동공구세트, SDS드릴비트, T렌치세트, 철공용드릴비트세트, 옵셋렌치, 목공톱, A형사다리, 목공용드릴비트, 목공줄, 철공용드릴비트, 세트, 스패너세트",공구세트,스마토(SMATO),,,False,공구세트,True
granite4.1:8b,공구셋트SMATO(25),success,공구세트,"공구세트, 공구함세트, 공구함, 전동공구세트, SDS드릴비트, T렌치세트, 철공용드릴비트세트, 옵셋렌치, A형사다리, 목공톱, 목공용드릴비트, 스패너세트, 목공줄, 철공용드릴비트, 세트",공구세트,스마토(SMATO),,,False,공구세트,True
granite4.1:8b,공구주머니,success,공구함,"공구함, 공구세트, 공구함세트, 전동공구세트, 충전해머드릴, 목공톱, 목공줄, 로터리해머드릴, 해머드릴, 니퍼, 편구스패너, 강력니퍼, 목공용접톱, 버니어캘리퍼스, 철공용드릴비트",공구함,,,,False,,
granite4.1:8b,공구통,success,공구함,"공구함, 공구세트, 공구함세트, 전동공구세트, 먹통, 목공톱, 목공줄, 편구스패너, 목공용접톱, 철공용드릴비트, 철공용드릴비트세트, 목공용드릴비트, 핸드카트, 전동드릴, 전동타카",공구함,,,,False,,
granite4.1:8b,공구함,success,공구함,"공구함, 공구함세트, 공구세트, 전동공구세트, 목공톱, 목공줄, 목공용접톱, 편구스패너, 목공용드릴비트, 철공용드릴비트, 철공용드릴비트세트, 로터리해머드릴, 충전해머드릴, 충전드릴, 핸드카트",공구함,,,,False,,
granite4.1:8b,공구함 키트 박스,success,공구함,"공구함, 공구함세트, 공구세트, 전동공구세트, 편구스패너, 철공용드릴비트세트, 스패너세트, 목공톱, 철공용드릴비트, 목공용드릴비트, 몽키렌치, 피스제거용비트, 목공용접톱, 목공줄, 비트세트",공구세트,,,,False,,
granite4.1:8b,공구함(내용물 미포함),success,공구함,"공구함, 공구함세트, 공구세트, 전동공구세트, 목공용접톱, 목공톱, 목공용드릴비트, 철공용드릴비트, 철공용드릴비트세트, 목공줄, 편구스패너, 클램프미터, 충전해머드릴, 배터리팩, 충전드릴",공구함,,,,False,,
granite4.1:8b,공구함(특4호) 420x220x210,success,공구함,"공구함, 공구함세트, 공구세트, 전동공구세트, 목공톱, 편구스패너, 목공용접톱, 목공줄, 철공용드릴비트, 철공용드릴비트세트, 목공용드릴비트, 로터리해머드릴, 다목적가위, 안전모, 충전해머드릴",공구함,,,420x220x210,False,,
granite4.1:8b,공구함세트,success,공구함세트,"공구함세트, 공구함, 공구세트, 전동공구세트, 세트, 탭세트, 철공용드릴비트세트, 스패너세트, 비트세트, 끌세트, 플라이어세트, 소켓렌치세트, 라쳇렌치세트, 드릴비트세트, 기어렌치세트",공구함세트,,,,False,,
granite4.1:8b,공구함키트박스(디월트),success,공구함,"공구함, 공구함세트, 공구세트, 전동공구세트, 철공용드릴비트세트, 목공용드릴비트, 철공용드릴비트, 핸드카트, 다이스세트, 콘크리트드릴비트세트, 드릴비트세트, 볼트컷터, 임팩트드릴, 스패너세트, 목공톱",공구함세트,디월트,,,False,공구함,False
granite4.1:8b,공기오염측정기,success,라돈측정기,"라돈측정기, 레이저거리측정기, 열풍기, 검전기, 송풍기, 수평기, 고속절단기, 고압세척기, 직소기, 레이저수평기, 디지털수평기, 전동압착기, LED투광기, 스프링배관청소기, 전정톱",라돈측정기,,,,False,,
granite4.1:8b,공업용 청소기,success,스프링배관청소기,"스프링배관청소기, 직소기, 전자산업용니퍼, 목공용접톱, 철공용드릴비트, 공구함, 목공용드릴비트, 고압세척기, 철공용드릴비트세트, LED작업등, 공구세트, 전동공구세트, 목공톱, 공구함세트, 목공줄",스프링배관청소기,,,,False,,
granite4.1:8b,공예용니퍼 1개,success,전자산업용니퍼,"전자산업용니퍼, 니퍼, 강력니퍼, 콘크리트니퍼, 앤드컷팅니퍼, 버니어캘리퍼스, 목공용접톱, 공구세트, 스크레퍼, 철공용드릴비트, 와이어스트리퍼, 목공용드릴비트, 철공용드릴비트세트, 공구함, 목공톱",니퍼,,,,False,,
granite4.1:8b,공유 우산,success,전자산업용니퍼,"전자산업용니퍼, 공구함, 목공줄, 목공톱, 공구세트, 공구함세트, 목공용접톱, 전동공구세트, 철공용드릴비트, 목공용드릴비트, 철공용드릴비트세트, 안전장갑, 보안경, 열풍기, 조합렌치세트",공구함,,,,False,,
granite4.1:8b,공유(양)우산,success,양용드라이버,"양용드라이버, 전자산업용니퍼, 공구함, 목공줄, 목공톱, 공구세트, 공구함세트, 목공용접톱, 전동공구세트, 목공용드릴비트, 철공용드릴비트, 철공용드릴비트세트, 보안경, 안전장갑, 글루건",목공줄,,,,False,,
granite4.1:8b,공유우산,success,전자산업용니퍼,"전자산업용니퍼, 공구함, 목공톱, 목공줄, 공구세트, 공구함세트, 목공용접톱, 전동공구세트, 철공용드릴비트, 목공용드릴비트, 철공용드릴비트세트, 보안경, 안전장갑, 글루건, 카운터싱크",보안경,,,,False,,
granite4.1:8b,공유우산,success,전자산업용니퍼,"전자산업용니퍼, 공구함, 목공톱, 목공줄, 공구세트, 공구함세트, 목공용접톱, 전동공구세트, 철공용드릴비트, 목공용드릴비트, 철공용드릴비트세트, 보안경, 안전장갑, 글루건, 카운터싱크",보안경,,,,False,,
granite4.1:8b,관통기,success,먹통,"먹통, 스프링배관청소기, 수평기, 열풍기, 직소기, 송풍기, 검전기, 라돈측정기, LED투광기, 고압세척기, 고속절단기, 전기인두, 전동압착기, 디지털수평기, 레이저수평기",검전기,,,,False,,
granite4.1:8b,광폭몽키스패너,success,스패너,"스패너, 편구스패너, 스패너세트, 몽키렌치, LED투광기, 대패, 스크레퍼, 석고대패, 멀티테스터, 롱노즈플라이어, 스냅링플라이어, 방진마스크, 바이스그립플라이어, 앵글그라인더, 글루스틱",스패너,,,,True,,
granite4.1:8b,교자상,success,줄자,"줄자, 직각자, 열화상카메라, 자전거펌프, 전자산업용니퍼, 타일컷터, 사다리, 커터, 커터칼, 공구함, 다이아고날플라이어, 전지가위, 절단석, A형사다리, 전동타카",사다리,,,,False,,
granite4.1:8b,교체식 만능접톱,success,접톱,"접톱, 만능렌치, 목공용접톱, 전정톱, 원형톱, 목공톱, 톱, 쇠톱, 테이블톱, 왕복톱(레시프로쏘), 모종삽, 다목적가위, 전동압착기, 공구세트, 충전해머드릴",만능렌치,,,,False,,
granite4.1:8b,교환식톱,success,톱,"톱, 접톱, 전정톱, 쇠톱, 원형톱, 테이블톱, 목공톱, 목공용접톱, 왕복톱(레시프로쏘), 탭세트, 육각렌치, 철판가위, 공구함, 배터리팩, 육각렌치세트",왕복톱(레시프로쏘),,,,False,,
granite4.1:8b,구급Box 1개,success,공구함,"공구함, 공구세트, 공구함세트, 편구스패너, 전동공구세트, 배터리팩, 안전장갑, 드라이버세트, 드라이버, 점프케이블, 볼트컷터, 충전드릴, T핸드드라이버, 안전모, 안전로프",안전모,,,,False,,
granite4.1:8b,구두칼,success,커터칼,"커터칼, 전기인두, 공구함, 공구세트, 편구스패너, 공구함세트, 전동공구세트, 핸드카트, 전동드릴, 글루스틱, 도끼, 목공톱, 안전장갑, 쇠톱, 절단석",도끼,,,,False,,
granite4.1:8b,구르마,success,연마석,"연마석, 공구함, 방진마스크, 공구세트, 편구스패너, 공구함세트, 전동공구세트, 글루건, 글루스틱, 고압세척기, 타카, 클램프미터, 드라이버, 건타카, 줄자",드라이버,,,,False,,
granite4.1:8b,구리스주입기,success,편구스패너,"편구스패너, 공구함, 버니어캘리퍼스, 와이어스트리퍼, 공구세트, 글루스틱, 스프링배관청소기, 공구함세트, 레이저거리측정기, 직소기, 사다리, 전동공구세트, 수평기, 열풍기, 장도리",장도리,,,,False,,
granite4.1:8b,구명조끼,success,도끼,"도끼, 공구함, 조합렌치세트, 공구세트, 공구함세트, 편구스패너, 전동공구세트, 안전장갑, 방진마스크, 안전모, 점프케이블, 사다리, 그립망치, 와이어스트리퍼, 핸드카트",그립망치,,,,False,,
granite4.1:8b,구자말이공구 1개,success,공구함,"공구함, 공구세트, 공구함세트, 전동공구세트, 편구스패너, 줄자, 직각자, 목공톱, 목공줄, 목공용접톱, 자전거펌프, 다이아고날플라이어, 케이블컷터, 워터펌프플라이어, 바이스그립플라이어",공구함,,,,False,,
granite4.1:8b,굽은 노즈,success,굽은노즈플라이어,"굽은노즈플라이어, 롱노즈플라이어, 글루스틱, 사다리, 쇠톱, 글루건, 톱, 그립망치, 강력니퍼, 콘크리트니퍼, 가스토치, 끌세트, 접톱, 플라이어, 플라이어렌치",굽은노즈플라이어,,,,False,,
granite4.1:8b,굽은 노즈 플라이어,success,굽은노즈플라이어,"굽은노즈플라이어, 롱노즈플라이어, 플라이어, 플라이어세트, 플라이어렌치, 스냅링플라이어, 워터펌프플라이어, 바이스그립플라이어, 다이아고날플라이어, 드라이버, 와이어스트리퍼, T핸드드라이버, 임팩트드라이버, 전동드라이버, 드라이버세트",굽은노즈플라이어,,,,False,굽은노즈플라이어,True
granite4.1:8b,굽은 노즈플라이어,success,굽은노즈플라이어,"굽은노즈플라이어, 롱노즈플라이어, 플라이어, 스냅링플라이어, 플라이어렌치, 플라이어세트, 바이스그립플라이어, 워터펌프플라이어, 다이아고날플라이어, 와이어스트리퍼, 드라이버, T핸드드라이버, 임팩트드라이버, 양용드라이버, 전동드라이버",굽은노즈플라이어,,,,False,,
granite4.1:8b,굽은노즈플라이어,success,굽은노즈플라이어,"굽은노즈플라이어, 롱노즈플라이어, 플라이어, 스냅링플라이어, 플라이어세트, 바이스그립플라이어, 플라이어렌치, 워터펌프플라이어, 다이아고날플라이어, 와이어스트리퍼, 드라이버, T핸드드라이버, 양용드라이버, 임팩트드라이버, 전동드라이버",굽은노즈플라이어,,,,False,,
granite4.1:8b,굽은롱노우즈,success,굽은노즈플라이어,"굽은노즈플라이어, 롱노즈플라이어, 글루스틱, 글루건, 왕복톱(레시프로쏘), 스냅링플라이어, 그립망치, 톱, 고지가위, 다림추, 다이아고날플라이어, 가스토치, 돌망치, 버니어캘리퍼스, 사다리",굽은노즈플라이어,,,,False,,
granite4.1:8b,권총인두,success,전기인두,"전기인두, 앵글그라인더, 임팩트드릴, 원형톱, 핀펀치, 전정톱, 모종삽, 전동드릴, 목공톱, 만능렌치, 커터칼, 전선릴, 대패, 임팩트드라이버, 콘크리트니퍼",전기인두,,,,False,,
granite4.1:8b,권총인두(60W),success,전기인두,"전기인두, 앵글그라인더, 모종삽, 전정톱, 임팩트드릴, 목공톱, 충전임팩트드라이버, 왕복톱(레시프로쏘), 강력니퍼, 전동압착기, 원형톱, 충전드릴, 스냅링플라이어, 전자산업용니퍼, 만능렌치",전기인두,,,,False,전기인두,True
granite4.1:8b,권총인두(납땜기),success,전기인두,"전기인두, 납볼망치, 전동압착기, 앵글그라인더, 검전기, 직소기, 수평기, 라돈측정기, 열풍기, 송풍기, 고속절단기, 목공톱, LED투광기, 모종삽, 임팩트드릴",전기인두,,,,False,,
granite4.1:8b,그늘막모기장,success,안전모,"안전모, 모종삽, 그립망치, 안전장갑, 장도리, 앵글그라인더, 열풍기, 송풍기, 검전기, 수평기, 직소기, 고속절단기, 바이스그립플라이어, 전동압착기, 고압세척기",송풍기,,,,False,,
granite4.1:8b,그라인다,success,앵글그라인더,"앵글그라인더, 그립망치, 사다리, 전기인두, 글루스틱, 다이아고날플라이어, 다림추, 바이스그립플라이어, A형사다리, 줄자, 글루건, 드라이버, 다목적가위, 다이스세트, 플라이어",앵글그라인더,,,,False,앵글그라인더,True
granite4.1:8b,그라인더,success,앵글그라인더,"앵글그라인더, 샌더, 그립망치, 플라이어, 바이스그립플라이어, 플라이어렌치, 드라이버, 스크레퍼, 글루건, 글루스틱, 전기인두, 스냅링플라이어, T핸드드라이버, 스패너, 전동드라이버",앵글그라인더,,,,False,앵글그라인더,True
granite4.1:8b,그라인더,success,앵글그라인더,"앵글그라인더, 샌더, 그립망치, 플라이어, 바이스그립플라이어, 플라이어렌치, 드라이버, 스크레퍼, 글루건, 글루스틱, 전기인두, 스냅링플라이어, T핸드드라이버, 스패너, 전동드라이버",앵글그라인더,,,,False,앵글그라인더,True
granite4.1:8b,그라인더 (ACT-100SN),success,앵글그라인더,"앵글그라인더, 샌더, SDS드릴비트, T핸드드라이버, 그립망치, PVC컷터, T렌치세트, 냉동라쳇렌치, 스냅링플라이어, A형사다리, 플라이어렌치, 바이스그립플라이어, 라돈측정기, 플라이어, 굽은노즈플라이어",앵글그라인더,,,,False,,
granite4.1:8b,그라인더 1개,success,앵글그라인더,"앵글그라인더, 샌더, 그립망치, 플라이어, 바이스그립플라이어, 플라이어렌치, 스냅링플라이어, 플라이어세트, 스크레퍼, 드라이버, 와이어스트리퍼, T핸드드라이버, 전기인두, 스패너세트, 줄자",앵글그라인더,,,,False,,
granite4.1:8b,그라인더 GWS6-100,success,앵글그라인더,"앵글그라인더, 그립망치, 샌더, SDS드릴비트, 바이스그립플라이어, 고압세척기, 굽은노즈플라이어, 전기인두, 고속절단기, 글루스틱, 플라이어, 롱노즈플라이어, 직소기, 플라이어세트, T핸드드라이버",앵글그라인더,,,,False,,
granite4.1:8b,그라인더 날,success,앵글그라인더,"앵글그라인더, 샌더, 그립망치, 다이아고날플라이어, 플라이어, 플라이어렌치, 바이스그립플라이어, 드라이버, 스냅링플라이어, 전기인두, 글루건, 글루스틱, 스크레퍼, 줄자, 양용드라이버",앵글그라인더,,,,False,,
granite4.1:8b,그라인더 날(3m),success,앵글그라인더,"앵글그라인더, 샌더, 그립망치, 다이아고날플라이어, 플라이어, 플라이어렌치, 바이스그립플라이어, 굽은노즈플라이어, 롱노즈플라이어, 스냅링플라이어, 라돈측정기, 플라이어세트, 레이저거리측정기, 클램프미터, 전기인두",앵글그라인더,,,,False,,
granite4.1:8b,그라인더 옵셋 (4인치),success,앵글그라인더,"앵글그라인더, 옵셋렌치, 그립망치, 전기인두, 샌더, 플라이어렌치, 라쳇렌치세트, 기어렌치세트, 육각렌치세트, 냉동라쳇렌치, 별렌치세트, 육각렌치, 렌치, 소켓렌치세트, 조합렌치세트",앵글그라인더,,,,False,,
granite4.1:8b,그라인더 절단석 (4인치),success,절단석,"절단석, 앵글그라인더, 고속절단기, 샌더, 그립망치, 전기인두, 연마석, 플라이어렌치, 석고대패, 냉동라쳇렌치, 육각렌치, 케이블컷터, PVC컷터, 타일컷터, 커터",절단석,,,,False,,
granite4.1:8b,그라인더 페퍼,success,앵글그라인더,"앵글그라인더, 샌더, 스크레퍼, 니퍼, 콘크리트니퍼, 그립망치, 플라이어, 와이어스트리퍼, 강력니퍼, 플라이어렌치, 바이스그립플라이어, 버니어캘리퍼스, 전자산업용니퍼, 스패너, 앤드컷팅니퍼",앵글그라인더,,,,False,,
granite4.1:8b,"그라인더(100mm, 125mm)",success,앵글그라인더,"앵글그라인더, 샌더, 그립망치, 플라이어, 플라이어렌치, 바이스그립플라이어, 냉동라쳇렌치, 와이어스트리퍼, 전동드라이버, 양용드라이버, 플라이어세트, 스냅링플라이어, 레이저거리측정기, 스크레퍼, 드라이버",앵글그라인더,,,"크기: 100mm, 125mm",False,,
granite4.1:8b,그라인더(4″),success,앵글그라인더,"앵글그라인더, 샌더, 그립망치, 플라이어, 플라이어렌치, 바이스그립플라이어, 드라이버, 플라이어세트, 스냅링플라이어, 스크레퍼, 전기인두, 냉동라쳇렌치, 양용드라이버, T핸드드라이버, 굽은노즈플라이어",앵글그라인더,,,4″,False,,
granite4.1:8b,그라인더(4인치 앵글),success,앵글그라인더,"앵글그라인더, 그립망치, 샌더, 플라이어렌치, 전기인두, 글루건, 플라이어, 렌치, 글루스틱, 냉동라쳇렌치, 육각렌치, 스냅링플라이어, 만능렌치, 바이스그립플라이어, 핀펀치",앵글그라인더,,,4인치,False,,
granite4.1:8b,그라인더(보쉬),success,앵글그라인더,"앵글그라인더, 샌더, 그립망치, 보안경, 바이스그립플라이어, 플라이어, 플라이어렌치, 볼렌치, 드라이버, 볼렌치세트, 렌치, 스냅링플라이어, 굽은노즈플라이어, 냉동라쳇렌치, 플라이어세트",앵글그라인더,보쉬(BOSCH),,,False,앵글그라인더,True
granite4.1:8b,그라인더(유선),success,앵글그라인더,"앵글그라인더, 샌더, 전선릴, 그립망치, 적외선온도계, 플라이어, 전기인두, 바이스그립플라이어, 플라이어렌치, 글루스틱, 드라이버, 글루건, 와이어스트리퍼, 케이블컷터, 양용드라이버",앵글그라인더,,유선,,False,앵글그라인더,True
granite4.1:8b,그라인더3개,success,앵글그라인더,"앵글그라인더, 샌더, 그립망치, 플라이어, 플라이어렌치, 플라이어세트, 바이스그립플라이어, 스냅링플라이어, 기어렌치세트, 전기인두, 스크레퍼, 굽은노즈플라이어, 스패너세트, 드라이버, 냉동라쳇렌치",앵글그라인더,,,,False,,
granite4.1:8b,그라인더날,success,앵글그라인더,"앵글그라인더, 샌더, 그립망치, 다이아고날플라이어, 플라이어렌치, 플라이어, 바이스그립플라이어, 글루건, 글루스틱, 드라이버, 스냅링플라이어, 전기인두, 양용드라이버, 기어렌치세트, T핸드드라이버",앵글그라인더,,,,False,,
granite4.1:8b,그라인딩 휠백마,success,앵글그라인더,"앵글그라인더, 연마석, 그립망치, 바이스그립플라이어, 방진마스크, T핸드드라이버, 전기인두, 플라이어렌치, F클램프, 전동드라이버, 충전임팩트드라이버, 스냅링플라이어, 드라이버, 양용드라이버, 굽은노즈플라이어",앵글그라인더,,,,False,,
granite4.1:8b,그립망치,success,그립망치,"그립망치, 망치, 고무망치, 돌망치, 납볼망치, 빠루망치, 바이스그립플라이어, 렌치, 앵글그라인더, 펜치, 육각렌치, 핀펀치, 가스토치, 플라이어렌치, 토크렌치",그립망치,,,,False,그립망치,True
granite4.1:8b,그립플라이어,success,바이스그립플라이어,"바이스그립플라이어, 플라이어, 그립망치, 스냅링플라이어, 워터펌프플라이어, 굽은노즈플라이어, 플라이어세트, 플라이어렌치, 롱노즈플라이어, 다이아고날플라이어, 와이어스트리퍼, 드라이버, T핸드드라이버, 양용드라이버, 앵글그라인더",그립망치,,,,False,,
granite4.1:8b,그립플라이어 4개,success,바이스그립플라이어,"바이스그립플라이어, 플라이어, 스냅링플라이어, 그립망치, 플라이어세트, 워터펌프플라이어, 굽은노즈플라이어, 플라이어렌치, 롱노즈플라이어, 다이아고날플라이어, 와이어스트리퍼, 드라이버, 앵글그라인더, 양용드라이버, T핸드드라이버",플라이어,,,,False,,
granite4.1:8b,글로건,success,글루건,"글루건, 에어건, 글루스틱, 실리콘건, 건타카, 안전로프, 앵글그라인더, 로터리해머드릴, 왕복톱(레시프로쏘), 드라이버, 줄자, 플라이어, 드릴비트, 스크레퍼, 돌망치",글루건,,,,False,글루건,True
granite4.1:8b,글로건 심,success,글루건,"글루건, 에어건, 글루스틱, 실리콘건, 앵글그라인더, 건타카, 안전로프, 로터리해머드릴, 왕복톱(레시프로쏘), 줄자, 드라이버, 드릴비트, 플라이어, 고속절단기, 카운터싱크",글루건,,,,False,,
granite4.1:8b,글로건심,success,글루건,"글루건, 에어건, 글루스틱, 실리콘건, 건타카, 앵글그라인더, 안전로프, 로터리해머드릴, 왕복톱(레시프로쏘), 드릴비트, 그립망치, 플라이어, 돌망치, 고속절단기, 줄자",글루건,,,,False,,
granite4.1:8b,글루건,success,글루건,"글루건, 글루스틱, 에어건, 실리콘건, 건타카, 빠루망치, 앵글그라인더, 드라이버, 그립망치, 돌망치, 플라이어, 줄자, 고속절단기, 송풍기, 드릴비트",글루건,,,,False,글루건,True
granite4.1:8b,글루건,success,글루건,"글루건, 글루스틱, 에어건, 실리콘건, 건타카, 빠루망치, 앵글그라인더, 드라이버, 그립망치, 돌망치, 플라이어, 줄자, 고속절단기, 송풍기, 드릴비트",글루건,,,,False,글루건,True
granite4.1:8b,글루건 1개,success,글루건,"글루건, 글루스틱, 에어건, 실리콘건, 빠루망치, 앵글그라인더, 건타카, 그립망치, 줄자, 플라이어, 드라이버, 돌망치, 스크레퍼, 플라이어세트, 드릴비트",글루건,,,,False,,
granite4.1:8b,글루건 건,success,글루건,"글루건, 글루스틱, 에어건, 실리콘건, 건타카, 앵글그라인더, 빠루망치, 그립망치, 돌망치, 드릴비트, 줄자, 플라이어, 고무망치, 절단석, 토크렌치",글루건,,,,False,,
granite4.1:8b,글루건 심,success,글루건,"글루건, 글루스틱, 에어건, 실리콘건, 앵글그라인더, 건타카, 빠루망치, 줄자, 고속절단기, 클램프미터, 굽은노즈플라이어, 그립망치, 드라이버, LED투광기, 플라이어",글루건,,,,False,,
granite4.1:8b,글루건 핫멜트,success,글루건,"글루건, 글루스틱, 에어건, 실리콘건, 건타카, 빠루망치, 앵글그라인더, 세트, 핸드카트, T렌치세트, 클램프미터, 해머드릴, 드릴비트세트, 그립망치, 고속절단기",글루건,,,,False,,
granite4.1:8b,글루건&글루스틱,success,글루스틱,"글루스틱, 글루건, 앵글그라인더, 에어건, 실리콘건, 빠루망치, 건타카, 가스토치, 그립망치, 방진마스크, 굽은노즈플라이어, 바이스그립플라이어, 고속절단기, 스크레퍼, 스냅링플라이어",글루건,,,,False,글루건,True
granite4.1:8b,글루건(&심),success,글루건,"글루건, 글루스틱, 에어건, 실리콘건, 앵글그라인더, 빠루망치, 건타카, 플라이어, 줄자, 드릴비트, 굽은노즈플라이어, 그립망치, F클램프, 스크레퍼, 드라이버",글루건,,,,False,글루건,True
granite4.1:8b,글루건(20W)(RG-20),success,글루건,"글루건, 글루스틱, 에어건, 실리콘건, 앵글그라인더, 빠루망치, 건타카, LED투광기, 라돈측정기, 적외선온도계, 굽은노즈플라이어, 고속절단기, 레이저거리측정기, 스냅링플라이어, 플라이어렌치",글루건,,,"20W, RG-20",False,글루건,True
granite4.1:8b,글루건(80W),success,글루건,"글루건, 글루스틱, 에어건, 실리콘건, 앵글그라인더, 건타카, 빠루망치, LED투광기, 플라이어, 그립망치, 고압세척기, 고속절단기, 클램프미터, 워터펌프플라이어, 굽은노즈플라이어",글루건,,,80W,False,글루건,True
granite4.1:8b,글루건(AC-280A),success,글루건,"글루건, 글루스틱, A형사다리, 에어건, 실리콘건, PVC컷터, 앵글그라인더, 빠루망치, 건타카, 송풍기, 줄자, 충전드릴, 고압세척기, 클램프미터, 굽은노즈플라이어",글루건,,,,False,,
granite4.1:8b,글루건(소모품포함),success,글루건,"글루건, 글루스틱, 에어건, 공구함, 실리콘건, 직소기, 안전모, 모종삽, 공구함세트, 소켓렌치세트, 스프링배관청소기, 건타카, 빠루망치, 앵글그라인더, 공구세트",글루건,,,,False,,
granite4.1:8b,글루건(심),success,글루건,"글루건, 글루스틱, 에어건, 실리콘건, 앵글그라인더, 빠루망치, 건타카, 플라이어, 줄자, 클램프미터, 굽은노즈플라이어, 드라이버, 드릴비트, 돌망치, F클램프",글루건,,,,False,,
granite4.1:8b,글루건(전기인두본드접착제),success,글루건,"글루건, 전기인두, 글루스틱, 검전기, 전동압착기, 앵글그라인더, 에어건, 접톱, 실리콘건, 충전드릴, LED투광기, 빠루망치, 전동드릴, 고속절단기, 충전임팩트드라이버",글루건,,,,False,,
granite4.1:8b,글루건(플라스틱용기접지),success,글루건,"글루건, 글루스틱, 플라이어, 스냅링플라이어, 플라이어렌치, 플라이어세트, 에어건, 목공용접톱, 접톱, 굽은노즈플라이어, 실리콘건, 바이스그립플라이어, 앵글그라인더, 워터펌프플라이어, 다이아고날플라이어",글루건,,,,False,,
granite4.1:8b,글루건+막대본드,success,글루건,"글루건, 글루스틱, 에어건, 앵글그라인더, 실리콘건, 빠루망치, 대패, 석고대패, 쇠지렛대, 건타카, T핸드드라이버, 그립망치, 드릴비트, 드라이버, 충전드릴",글루건,,,,False,,
granite4.1:8b,"글루건, 핫멜트봉",success,글루건,"글루건, 글루스틱, 에어건, 실리콘건, 건타카, 빠루망치, 앵글그라인더, 핸드카트, 임팩트드릴, 드릴비트, 볼트컷터, 드릴비트세트, 세트, 비트세트, 끌세트",글루건,,,,False,,
granite4.1:8b,글루건/막대본드 추가시 개당 500원,success,글루건,"글루건, 글루스틱, 에어건, 빠루망치, 앵글그라인더, 대패, 실리콘건, 다림추, 원형톱, 쇠지렛대, 철판가위, 충전드릴, 석고대패, 왕복톱(레시프로쏘), 다목적가위",글루건,,,,False,,
granite4.1:8b,글루건알,success,글루건,"글루건, 글루스틱, 에어건, 실리콘건, 건타카, 앵글그라인더, 빠루망치, 그립망치, 커터칼, 고속절단기, 돌망치, 충전드릴, 줄자, 다이아고날플라이어, 임팩트드릴",글루건,,,,False,,
granite4.1:8b,글루건총,success,글루건,"글루건, 글루스틱, 에어건, 실리콘건, 건타카, 빠루망치, 앵글그라인더, 그립망치, 고속절단기, 클램프미터, LED투광기, 고무망치, 굽은노즈플라이어, 돌망치, 줄자",글루건,,,,False,,
granite4.1:8b,글루건펜,success,글루건,"글루건, 글루스틱, 펜치, 에어건, 실리콘건, 건타카, 앵글그라인더, 빠루망치, 그립망치, 고속절단기, 고압세척기, 굽은노즈플라이어, 석고대패, 스크레퍼, 돌망치",글루건,,,,False,,
granite4.1:8b,글루스틱,success,글루스틱,"글루스틱, 글루건, 가스토치, 앵글그라인더, 빠루망치, 방진마스크, 바이스그립플라이어, 다이스세트, 스크레퍼, 멀티테스터, 스냅링플라이어, 그립망치, 와이어스트리퍼, 스패너, 피스제거용비트",글루스틱,,,,False,글루스틱,True
granite4.1:8b,금속용 절단석,success,절단석,"절단석, 고속절단기, 연마석, 석고대패, 콘크리트용드릴비트, 목공용접톱, 철공용드릴비트, 철공용드릴비트세트, 목공용드릴비트, 커터칼, 피스제거용비트, 양용드라이버, 실리콘건, 전자산업용니퍼, 직각자",고속절단기,,,,False,,
granite4.1:8b,기계식드릴(1),success,전동드릴,"전동드릴, 충전드릴, 해머드릴, 임팩트드릴, 드릴비트, 드릴비트세트, 충전해머드릴, 목공용드릴비트, 철공용드릴비트, SDS드릴비트, 로터리해머드릴, 철공용드릴비트세트, 콘크리트용드릴비트, 콘크리트드릴비트세트, 적외선온도계",전동드릴,,,,False,,
granite4.1:8b,기리세트,success,세트,"세트, 기어렌치세트, 비트세트, 공구세트, 끌세트, 탭세트, 다이스세트, 콘크리트드릴비트세트, 드릴비트세트, T렌치세트, 공구함세트, 플라이어세트, 드라이버세트, 전동공구세트, 스패너세트",공구세트,,,,False,드릴비트세트,False
granite4.1:8b,기리세트 1,success,세트,"세트, 기어렌치세트, 비트세트, 공구세트, 탭세트, 끌세트, 콘크리트드릴비트세트, 드릴비트세트, 다이스세트, 플라이어세트, 공구함세트, 드라이버세트, T렌치세트, 스패너세트, 볼렌치세트",공구세트,,,,False,,
granite4.1:8b,기리세트 2,success,세트,"세트, 기어렌치세트, 비트세트, 공구세트, 끌세트, 탭세트, 콘크리트드릴비트세트, 다이스세트, 플라이어세트, T렌치세트, 드릴비트세트, 공구함세트, 스패너세트, 볼렌치세트, 드라이버세트",공구세트,,,,False,,
granite4.1:8b,기리세트(10p),success,세트,"세트, 기어렌치세트, 공구세트, 비트세트, 탭세트, 끌세트, 콘크리트드릴비트세트, 드릴비트세트, 다이스세트, 스패너세트, 공구함세트, 플라이어세트, T렌치세트, 전동공구세트, 볼렌치세트",비트세트,,,,False,드릴비트세트,False
granite4.1:8b,기리세트(계양용),success,양용드라이버,"양용드라이버, 세트, 기어렌치세트, 공구세트, 철공용드릴비트세트, 끌세트, 비트세트, 탭세트, 다이스세트, 플라이어세트, 공구함세트, 스패너세트, 드릴비트세트, 콘크리트드릴비트세트, 드라이버세트",공구세트,계양,,,False,,
granite4.1:8b,"기리세트(드라이버,해머)",success,드라이버세트,"드라이버세트, 드라이버, 정밀드라이버세트, 전동드라이버, 양용드라이버, 해머드릴, 임팩트드라이버, T핸드드라이버, 로터리해머드릴, 충전임팩트드라이버, 플라이어세트, 충전해머드릴, 세트, 기어렌치세트, 다이스세트",임팩트드라이버,,,,False,,
granite4.1:8b,기리셋,success,옵셋렌치,"옵셋렌치, 레이저거리측정기, 실리콘건, 기어렌치세트, 사다리, 열풍기, 장도리, 직소기, 검전기, 배터리팩, 수평기, 와이어스트리퍼, 송풍기, 고압세척기, 고속절단기",기어렌치세트,,,,False,,
granite4.1:8b,기리셋트,success,옵셋렌치,"옵셋렌치, 기어렌치세트, 콘크리트드릴비트세트, 레이저거리측정기, 와이어스트리퍼, 실리콘건, 콘크리트용드릴비트, 콘크리트니퍼, 사다리, 세트, 장도리, 비트세트, 열풍기, 직소기, 배터리팩",세트,,,,False,드릴비트세트,False
granite4.1:8b,기리셋트 19PCS,success,PVC컷터,"PVC컷터, SDS드릴비트, 기어렌치세트, 옵셋렌치, 콘크리트드릴비트세트, 레이저거리측정기, 와이어스트리퍼, 비트세트, 실리콘건, 세트, 플라이어세트, 콘크리트니퍼, 콘크리트용드릴비트, 공구세트, 철공용드릴비트세트",비트세트,,,,False,,
granite4.1:8b,기리셋트(10),success,옵셋렌치,"옵셋렌치, 기어렌치세트, 콘크리트드릴비트세트, 와이어스트리퍼, 레이저거리측정기, 사다리, 실리콘건, 콘크리트니퍼, 콘크리트용드릴비트, 장도리, 세트, 배터리팩, 직소기, 열풍기, 비트세트",비트세트,,,,False,,
granite4.1:8b,기리종합세트,success,기어렌치세트,"기어렌치세트, 조합렌치세트, 세트, 공구세트, 비트세트, 탭세트, 끌세트, 콘크리트드릴비트세트, 공구함세트, 드릴비트세트, 다이스세트, 전동공구세트, 스패너세트, 드라이버세트, T렌치세트",공구세트,,,,False,,
granite4.1:8b,기본철물종합세트,success,조합렌치세트,"조합렌치세트, 철공용드릴비트세트, 세트, 기어렌치세트, 공구세트, 비트세트, 탭세트, 끌세트, 공구함세트, 전동공구세트, 드릴비트세트, 드라이버세트, 다이스세트, 별렌치세트, 볼렌치세트",공구세트,,,,False,,
granite4.1:8b,기아렌치 1세트,success,기어렌치세트,"기어렌치세트, 별렌치세트, 볼렌치세트, T렌치세트, 조합렌치세트, 라쳇렌치세트, 소켓렌치세트, 육각렌치세트, 렌치, 만능렌치, 볼렌치, 세트, 육각렌치, 몽키렌치, 옵셋렌치",기어렌치세트,,,,False,,
granite4.1:8b,기어라쳇 렌치세트(9종),success,기어렌치세트,"기어렌치세트, 라쳇렌치세트, 별렌치세트, 냉동라쳇렌치, 조합렌치세트, 소켓렌치세트, 육각렌치세트, 볼렌치세트, T렌치세트, 렌치, 플라이어렌치, 플라이어세트, 만능렌치, 옵셋렌치, 육각렌치",기어렌치세트,,,,False,,
granite4.1:8b,기어라쳇렌치 세트,success,라쳇렌치세트,"라쳇렌치세트, 기어렌치세트, 냉동라쳇렌치, 소켓렌치세트, 조합렌치세트, 별렌치세트, 육각렌치세트, 볼렌치세트, T렌치세트, 플라이어렌치, 렌치, 플라이어세트, 만능렌치, 육각렌치, 세트",기어렌치세트,,,,False,,
granite4.1:8b,기어렌치세트,success,기어렌치세트,"기어렌치세트, 별렌치세트, 라쳇렌치세트, 볼렌치세트, 소켓렌치세트, 조합렌치세트, T렌치세트, 육각렌치세트, 플라이어렌치, 렌치, 세트, 플라이어세트, 만능렌치, 육각렌치, 옵셋렌치",기어렌치세트,,,,False,기어렌치세트,True
granite4.1:8b,기타 일반공구,success,공구함,"공구함, 공구세트, 전동공구세트, 공구함세트, 타일컷터, 목공톱, 목공줄, 직소기, 목공용접톱, 전동타카, 타카, 편구스패너, 철공용드릴비트, 송풍기, 열풍기",공구함,,,,False,,
granite4.1:8b,길이조절 양손 전지가위,success,전지가위,"전지가위, 고지가위, 다목적가위, 철판가위, LED손전등, 양용드라이버, 전정톱, 손타카, 전동압착기, 고속절단기, 전선릴, 충전드릴, 전동드릴, 쇠지렛대, 조합렌치세트",전지가위,,전지,길이조절,False,,
granite4.1:8b,김장매트,success,장도리,"장도리, 안전장갑, 핸드카트, 비트세트, 콘크리트드릴비트세트, 탭세트, 세트, 공구세트, 볼트컷터, 드릴비트세트, 콘크리트용드릴비트, 별렌치세트, 끌세트, 철공용드릴비트세트, 소켓렌치세트",장도리,,,,False,,
granite4.1:8b,김장매트(대형),success,대패,"대패, 원형톱, 장도리, 안전장갑, 석고대패, 쇠지렛대, A형사다리, 핸드카트, 세트, 탭세트, 콘크리트드릴비트세트, 비트세트, 드릴비트세트, 공구세트, 볼트컷터",대패,,,,False,,
granite4.1:8b,김장매트(중형),success,원형톱,"원형톱, 장도리, 안전장갑, A형사다리, 핸드카트, 세트, 탭세트, 콘크리트드릴비트세트, 비트세트, 드릴비트세트, 공구세트, 콘크리트용드릴비트, 볼트컷터, 공구함세트, 끌세트",세트,,,,False,,
granite4.1:8b,김장용매트,success,장도리,"장도리, 안전장갑, 콘크리트용드릴비트, 철공용드릴비트, 목공용드릴비트, 철공용드릴비트세트, 피스제거용비트, 목공용접톱, 양용드라이버, 핸드카트, 전자산업용니퍼, 콘크리트드릴비트세트, 비트세트, 탭세트, 세트",목공용접톱,,,,False,,
granite4.1:8b,꼼짝마,success,연마석,"연마석, 방진마스크, 사다리, 먹통, 핸드카트, 클램프미터, 임팩트드라이버, 전동타카, 핀펀치, 앵글그라인더, 톱, 그립망치, 점프케이블, 도끼, 안전모",사다리,,,,False,,
granite4.1:8b,끌,success,끌세트,"끌세트, 충전드릴, 줄자, 점프케이블, 전동드릴, 임팩트드릴, 전선릴, 다림추, 커터칼, 도끼, 사다리, 볼트컷터, 케이블컷터, F클램프, 목공줄",끌세트,,,,False,,
granite4.1:8b,"끌(19,50mm)",success,끌세트,"끌세트, 커터칼, 전선릴, 임팩트드릴, 충전드릴, 목공줄, 전동드릴, 도끼, 줄자, 볼트컷터, 클램프미터, 다림추, 케이블컷터, 점프케이블, 납볼망치",다림추,,,19.5mm,False,,
granite4.1:8b,끌(19mm),success,끌세트,"끌세트, 커터칼, 클램프미터, 도끼, 다림추, 충전드릴, 전선릴, 줄자, 전동드릴, 임팩트드릴, 볼트컷터, 목공줄, 점프케이블, 케이블컷터, 모종삽",모종삽,,,19mm,False,,
granite4.1:8b,끌(22mm),success,끌세트,"끌세트, 커터칼, 클램프미터, 다림추, 임팩트드릴, 목공줄, 충전드릴, 전동드릴, 줄자, 목공용접톱, 전선릴, 도끼, 점프케이블, 볼트컷터, 모종삽",목공용접톱,,,22mm,False,,
granite4.1:8b,끌(38mm),success,끌세트,"끌세트, 임팩트드릴, 클램프미터, 다림추, 목공줄, 커터칼, 전동드릴, 충전드릴, 도끼, 목공용접톱, 모종삽, 전선릴, 전동압착기, 워터펌프플라이어, 점프케이블",목공줄,,,38mm,False,,
granite4.1:8b,끌(50m),success,끌세트,"끌세트, 충전드릴, 클램프미터, 사다리, 목공줄, 점프케이블, 임팩트드릴, 커터칼, 다림추, 줄자, 전선릴, 전동드릴, 케이블컷터, 도끼, 볼트컷터",전선릴,,,길이 50m,False,,
granite4.1:8b,끌(50mm),success,끌세트,"끌세트, 커터칼, 충전드릴, 클램프미터, 임팩트드릴, 목공줄, 케이블컷터, 도끼, 목공용접톱, 다림추, 전동드릴, 볼트컷터, 점프케이블, 전선릴, 커터",목공줄,,,크기·규격: 50mm,False,,
granite4.1:8b,끌(9m),success,끌세트,"끌세트, 점프케이블, 목공줄, 임팩트드릴, 충전드릴, 클램프미터, 다림추, 줄자, 전동드릴, 사다리, 전선릴, 커터칼, 볼트컷터, 도끼, 롱노즈플라이어",전선릴,,,길이 9m,False,,
granite4.1:8b,끌세트,success,끌세트,"끌세트, 세트, 탭세트, 드릴비트세트, 비트세트, 공구세트, T렌치세트, 다이스세트, 볼렌치세트, 콘크리트드릴비트세트, 드라이버세트, 별렌치세트, 플라이어세트, 전동공구세트, 공구함세트",끌세트,,,,False,끌세트,True
granite4.1:8b,끌톱(알미늄 톱대),success,톱,"톱, 쇠톱, 접톱, 테이블톱, 원형톱, 전정톱, 끌세트, 목공톱, 목공용접톱, 왕복톱(레시프로쏘), 클램프미터, 대패, 쇠지렛대, 석고대패, 콘크리트용드릴비트",목공용접톱,,,,False,,
granite4.1:8b,나리온 무선 충전 그라인더,success,앵글그라인더,"앵글그라인더, 충전드릴, 충전해머드릴, 충전임팩트드라이버, 적외선온도계, 전선릴, 전기인두, 바이스그립플라이어, 샌더, 그립망치, 레이저거리측정기, 플라이어, 플라이어세트, 배터리팩, 플라이어렌치",앵글그라인더,나리온,충전식(무선),,False,앵글그라인더,True
granite4.1:8b,나무 빠루망치,success,빠루망치,"빠루망치, 고무망치, 망치, 돌망치, 납볼망치, 그립망치, 파이프렌치, 글루건, 플라이어렌치, 몽키렌치, 글루스틱, 렌치, 펜치, 육각렌치, 핀펀치",빠루망치,,,,False,,
granite4.1:8b,나무기리 셋트 1개,success,고무망치,"고무망치, 옵셋렌치, 기어렌치세트, 콘크리트드릴비트세트, 콘크리트니퍼, 레이저거리측정기, 콘크리트용드릴비트, 사다리, 와이어스트리퍼, 세트, 장도리, 실리콘건, 배터리팩, 공구세트, 직소기",공구세트,,,,False,,
granite4.1:8b,나무망치,success,고무망치,"고무망치, 망치, 돌망치, 납볼망치, 그립망치, 빠루망치, 렌치, 펜치, 몽키렌치, 파이프렌치, 핀펀치, 토크렌치, 만능렌치, 옵셋렌치, 육각렌치",고무망치,,,,False,,
granite4.1:8b,나무인두,success,전기인두,"전기인두, 고무망치, 앵글그라인더, 목공용드릴비트, 임팩트드릴, 목공톱, 목공줄, 모종삽, 납볼망치, 다림추, 도끼, 충전임팩트드라이버, 임팩트드라이버, 글루스틱, 콘크리트니퍼",고무망치,,,,False,,
granite4.1:8b,나무톱,success,톱,"톱, 쇠톱, 목공톱, 접톱, 원형톱, 테이블톱, 고무망치, 전정톱, 목공용접톱, 왕복톱(레시프로쏘), 도끼, 목공줄, 사다리, 다목적가위, 핸드카트",목공톱,,,,False,목공톱,True
granite4.1:8b,나무톱 1개,success,톱,"톱, 쇠톱, 원형톱, 고무망치, 목공톱, 접톱, 테이블톱, 전정톱, 목공용접톱, 왕복톱(레시프로쏘), 도끼, 사다리, 목공줄, 콘크리트니퍼, 그립망치",목공톱,,,,False,,
granite4.1:8b,나무톱(1),success,톱,"톱, 쇠톱, 고무망치, 접톱, 목공톱, 원형톱, 테이블톱, 전정톱, 목공용접톱, 왕복톱(레시프로쏘), 도끼, 사다리, 목공줄, 납볼망치, 핸드카트",목공톱,,,,False,,
granite4.1:8b,나무톱(2),success,톱,"톱, 쇠톱, 고무망치, 접톱, 목공톱, 원형톱, 테이블톱, 전정톱, 목공용접톱, 왕복톱(레시프로쏘), 도끼, 사다리, 공구함, 목공줄, 앤드컷팅니퍼",목공톱,,,,False,,
granite4.1:8b,나사,success,사다리,"사다리, A형사다리, 타카, 손타카, 에어타카, 전동타카, 니퍼, 줄자, 강력니퍼, 렌치, 스냅링플라이어, 글루스틱, 커터, 망치, 다이스세트",사다리,,,,True,,
granite4.1:8b,나사못세트,success,세트,"세트, 탭세트, 끌세트, 공구세트, 비트세트, 다이스세트, 공구함세트, 스패너세트, 드릴비트세트, 전동공구세트, T렌치세트, 별렌치세트, 플라이어세트, 볼렌치세트, 육각렌치세트",끌세트,,,,False,,
granite4.1:8b,나사세트,success,세트,"세트, 공구세트, 탭세트, 비트세트, 끌세트, 다이스세트, 공구함세트, 스패너세트, 전동공구세트, T렌치세트, 드릴비트세트, 플라이어세트, 드라이버세트, 별렌치세트, 기어렌치세트",비트세트,,,,False,,
granite4.1:8b,나사피스세트,success,다이스세트,"다이스세트, 피스제거용비트, 세트, 스패너세트, 탭세트, 공구세트, 비트세트, 끌세트, 플라이어세트, 드릴비트세트, 공구함세트, 전동공구세트, T렌치세트, 드라이버세트, 소켓렌치세트",드라이버세트,,,,False,,
granite4.1:8b,낙엽 송풍기,success,송풍기,"송풍기, 열풍기, 고압세척기, 수평기, 레이저수평기, 직소기, LED투광기, 전동압착기, 고속절단기, 레이저거리측정기, 에어컴프레서, 스프링배관청소기, 디지털수평기, 검전기, 라돈측정기",송풍기,,,,False,,
granite4.1:8b,날개페퍼(4″),success,니퍼,"니퍼, 스크레퍼, 다이아고날플라이어, 강력니퍼, 콘크리트니퍼, 와이어스트리퍼, 앤드컷팅니퍼, 버니어캘리퍼스, 전자산업용니퍼, 플라이어렌치, 플라이어, 플라이어세트, 편구스패너, 에어컴프레서, 바이스그립플라이어",니퍼,,,4″,False,,
granite4.1:8b,납,success,납볼망치,"납볼망치, 대패, 충전드릴, 전자산업용니퍼, 충전해머드릴, 라돈측정기, 강력니퍼, 공구함, 스냅링플라이어, 클램프미터, 배터리팩, 샌더, 카운터싱크, 스패너, 전동압착기",납볼망치,,,,False,,
granite4.1:8b,납 인두,success,전기인두,"전기인두, 납볼망치, 앵글그라인더, 임팩트드릴, 충전임팩트드라이버, 모종삽, 충전드릴, 대패, 임팩트드라이버, 스냅링플라이어, 라돈측정기, 클램프미터, 다림추, 전자산업용니퍼, 만능렌치",전기인두,,,,False,,
granite4.1:8b,납 인두기& 흡입기 등,success,전기인두,"전기인두, 납볼망치, 라돈측정기, 송풍기, 검전기, 전동압착기, 열풍기, 직소기, 수평기, LED투광기, 레이저거리측정기, 레이저수평기, 고압세척기, 앵글그라인더, 고속절단기",앵글그라인더,,,,False,,
granite4.1:8b,납땜기,success,납볼망치,"납볼망치, 직소기, 수평기, 전동압착기, 검전기, 열풍기, 송풍기, 라돈측정기, 고압세척기, 고속절단기, 전기인두, LED투광기, 기어렌치세트, 디지털수평기, 레이저수평기",납볼망치,,,,False,,
granite4.1:8b,납볼 망치,success,납볼망치,"납볼망치, 망치, 그립망치, 돌망치, 고무망치, 빠루망치, 볼렌치, 볼렌치세트, 볼트컷터, 핀펀치, 렌치, 육각렌치, 플라이어렌치, 센터펀치, 별렌치세트",납볼망치,,,,False,,
granite4.1:8b,납볼망치,success,납볼망치,"납볼망치, 망치, 돌망치, 그립망치, 빠루망치, 고무망치, 볼렌치, 볼렌치세트, 볼트컷터, 핀펀치, 렌치, 펜치, 파이프렌치, 몽키렌치, 옵셋렌치",납볼망치,,,,False,,
granite4.1:8b,낫,success,톱,"톱, 세트, 강력니퍼, 핸드카트, 납볼망치, 망치, 쇠톱, 배터리팩, 굽은노즈플라이어, 도끼, 콘크리트니퍼, 커터, 니퍼, 테이블톱, 볼트컷터",니퍼,,,,False,,
granite4.1:8b,냉동라쳇,success,냉동라쳇렌치,"냉동라쳇렌치, 라쳇렌치세트, 전동드라이버, 전동드릴, 전동타카, 전동공구세트, 라돈측정기, 전동압착기, 로터리해머드릴, 공구함, 열화상카메라, 플라이어렌치, 앵글그라인더, 공구함세트, 전선릴",라쳇렌치세트,,,,False,,
granite4.1:8b,네모삽,success,모종삽,"모종삽, 안전모, 목공톱, 목공줄, 에어펌프, 목공용접톱, 사다리, 충전해머드릴, 쇠톱, 접톱, 도끼, 전동드릴, 연마석, 공구함, 안전장갑",모종삽,,,,True,,
granite4.1:8b,네일헤머,success,타일컷터,"타일컷터, 해머드릴, 충전해머드릴, 로터리해머드릴, 니퍼, 강력니퍼, 스크레퍼, 와이어스트리퍼, 콘크리트니퍼, 플라이어, 앵글그라인더, T핸드드라이버, 전자산업용니퍼, 굽은노즈플라이어, 케이블컷터",강력니퍼,,,,False,,
granite4.1:8b,노기스,success,롱노즈플라이어,"롱노즈플라이어, 굽은노즈플라이어, 스프링배관청소기, 직소기, 송풍기, 수평기, 스패너, 열풍기, 검전기, 글루스틱, 편구스패너, 가스토치, 스크레퍼, 다이스세트, 전기인두",롱노즈플라이어,,,,True,버니어캘리퍼스,False
granite4.1:8b,노루발못뽑이,success,빠루망치,"빠루망치, 롱노즈플라이어, 글루건, 굽은노즈플라이어, 글루스틱, 케이블컷터, 테이블톱, 점프케이블, 다이아고날플라이어, 드라이버, 바이스그립플라이어, 플라이어, 스냅링플라이어, 레이저수평기, 파이프렌치",플라이어,,,,False,,
granite4.1:8b,노루발장도리,success,장도리,"장도리, 빠루망치, 도끼, 롱노즈플라이어, 굽은노즈플라이어, 글루건, 안전장갑, 적외선온도계, 글루스틱, 사다리, A형사다리, 로터리해머드릴, 쇠톱, 배터리팩, 납볼망치",장도리,,,,False,,
granite4.1:8b,노즈 플라이어,success,굽은노즈플라이어,"굽은노즈플라이어, 롱노즈플라이어, 플라이어, 플라이어세트, 플라이어렌치, 스냅링플라이어, 바이스그립플라이어, 워터펌프플라이어, 다이아고날플라이어, 와이어스트리퍼, 드라이버, T핸드드라이버, 임팩트드라이버, 전동드라이버, 드라이버세트",굽은노즈플라이어,,,,False,,
granite4.1:8b,농구공,success,공구함,"공구함, 공구세트, 공구함세트, 전동공구세트, 목공줄, 목공톱, 목공용드릴비트, 목공용접톱, 철공용드릴비트, 편구스패너, 철공용드릴비트세트, 커터칼, 사다리, 볼트컷터, 대패",사다리,,,,False,,
granite4.1:8b,눈금자,success,줄자,"줄자, 직각자, 자전거펌프, 전자산업용니퍼, 그립망치, 돌망치, 렌치, 고무망치, 육각렌치, 망치, 플라이어렌치, 스패너, 플라이어, 옵셋렌치, 만능렌치",줄자,,,,False,,
granite4.1:8b,뉴 경질 7~8인용 코펠,success,보안경,"보안경, 전기인두, 앵글그라인더, 목공용접톱, 전자산업용니퍼, 양용드라이버, 목공용드릴비트, 피스제거용비트, 철공용드릴비트, 콘크리트용드릴비트, 철공용드릴비트세트, 강력니퍼, 굽은노즈플라이어, 점프케이블, 끌세트",콘크리트용드릴비트,,,,False,,
granite4.1:8b,니퍼,success,니퍼,"니퍼, 강력니퍼, 전자산업용니퍼, 콘크리트니퍼, 앤드컷팅니퍼, 버니어캘리퍼스, 스크레퍼, 와이어스트리퍼, 스패너, 플라이어, 에어컴프레서, 에어펌프, 스패너세트, 드라이버, 파이프렌치",니퍼,,,,False,니퍼,True
granite4.1:8b,니퍼,success,니퍼,"니퍼, 강력니퍼, 전자산업용니퍼, 콘크리트니퍼, 앤드컷팅니퍼, 버니어캘리퍼스, 스크레퍼, 와이어스트리퍼, 스패너, 플라이어, 에어컴프레서, 에어펌프, 스패너세트, 드라이버, 파이프렌치",니퍼,,,,False,니퍼,True
granite4.1:8b,니퍼 (150mm),success,니퍼,"니퍼, 강력니퍼, 전자산업용니퍼, 콘크리트니퍼, 앤드컷팅니퍼, 버니어캘리퍼스, 스크레퍼, 와이어스트리퍼, 스패너, 레이저거리측정기, 커터, 플라이어, 클램프미터, 수평기, 에어펌프",니퍼,,,150mm,False,니퍼,True
granite4.1:8b,니퍼 1개,success,니퍼,"니퍼, 강력니퍼, 콘크리트니퍼, 전자산업용니퍼, 앤드컷팅니퍼, 버니어캘리퍼스, 스크레퍼, 와이어스트리퍼, 스패너, 스패너세트, 플라이어, 점프케이블, 드라이버, 톱, 커터",니퍼,,,,False,,
granite4.1:8b,니퍼 2개,success,니퍼,"니퍼, 강력니퍼, 콘크리트니퍼, 전자산업용니퍼, 앤드컷팅니퍼, 버니어캘리퍼스, 스크레퍼, 와이어스트리퍼, 스패너, 플라이어, 스패너세트, 에어컴프레서, 점프케이블, 에어펌프, 플라이어세트",니퍼,,,,True,,
granite4.1:8b,니퍼 5개,success,니퍼,"니퍼, 강력니퍼, 콘크리트니퍼, 전자산업용니퍼, 앤드컷팅니퍼, 버니어캘리퍼스, 스크레퍼, 와이어스트리퍼, 스패너, 스패너세트, 플라이어, 톱, 멀티테스터, 플라이어세트, 점프케이블",니퍼,,,,True,,
granite4.1:8b,니퍼 6,success,니퍼,"니퍼, 강력니퍼, 전자산업용니퍼, 콘크리트니퍼, 앤드컷팅니퍼, 버니어캘리퍼스, 스크레퍼, 와이어스트리퍼, 스패너, 에어컴프레서, 드라이버, 플라이어, 에어펌프, 커터, 스패너세트",니퍼,,,,False,,
granite4.1:8b,니퍼 6″,success,니퍼,"니퍼, 강력니퍼, 콘크리트니퍼, 전자산업용니퍼, 앤드컷팅니퍼, 버니어캘리퍼스, 스크레퍼, 와이어스트리퍼, 육각렌치, 스패너, 에어컴프레서, 굽은노즈플라이어, 육각렌치세트, 플라이어, 커터",니퍼,,,6″,False,,
granite4.1:8b,니퍼 6인치,success,니퍼,"니퍼, 강력니퍼, 전자산업용니퍼, 콘크리트니퍼, 앤드컷팅니퍼, 버니어캘리퍼스, 스크레퍼, 전기인두, 앵글그라인더, 와이어스트리퍼, 육각렌치, 렌치, 육각렌치세트, 망치, 핀펀치",니퍼,,,6인치,False,니퍼,True
granite4.1:8b,니퍼 7,success,니퍼,"니퍼, 강력니퍼, 콘크리트니퍼, 전자산업용니퍼, 앤드컷팅니퍼, 버니어캘리퍼스, 스크레퍼, 와이어스트리퍼, 스패너, 에어컴프레서, 드라이버, 플라이어, 스패너세트, 에어펌프, 점프케이블",니퍼,,,,False,,
granite4.1:8b,니퍼 7'' 2개,success,니퍼,"니퍼, 강력니퍼, 콘크리트니퍼, 전자산업용니퍼, 앤드컷팅니퍼, 버니어캘리퍼스, 스크레퍼, 와이어스트리퍼, 스패너세트, 스패너, 플라이어세트, 플라이어, 에어컴프레서, 세트, 굽은노즈플라이어",니퍼,,,"7'', 2개",False,,
granite4.1:8b,니퍼(1),success,니퍼,"니퍼, 강력니퍼, 전자산업용니퍼, 콘크리트니퍼, 앤드컷팅니퍼, 버니어캘리퍼스, 스크레퍼, 와이어스트리퍼, 스패너, 플라이어, 드라이버, 샌더, 에어컴프레서, 스패너세트, 에어펌프",니퍼,,,,False,,
granite4.1:8b,"니퍼(180mm,200mm)",success,니퍼,"니퍼, 강력니퍼, 전자산업용니퍼, 콘크리트니퍼, 앤드컷팅니퍼, 버니어캘리퍼스, 스크레퍼, 와이어스트리퍼, 플라이어, 클램프미터, 레이저거리측정기, 굽은노즈플라이어, 스패너, 스패너세트, 점프케이블",니퍼,,,길이 180mm와 200mm,False,,
granite4.1:8b,니퍼(2),success,니퍼,"니퍼, 강력니퍼, 전자산업용니퍼, 콘크리트니퍼, 앤드컷팅니퍼, 버니어캘리퍼스, 스크레퍼, 와이어스트리퍼, 스패너, 에어컴프레서, 플라이어, 스패너세트, 드라이버, 에어펌프, 톱",니퍼,,,2,False,,
granite4.1:8b,니퍼(6#),success,니퍼,"니퍼, 강력니퍼, 전자산업용니퍼, 콘크리트니퍼, 앤드컷팅니퍼, 버니어캘리퍼스, 스크레퍼, 와이어스트리퍼, 스패너, 플라이어, 드라이버, 굽은노즈플라이어, 커터, 톱, 샌더",니퍼,,,6#,False,,
granite4.1:8b,니퍼(6'') 1개,success,니퍼,"니퍼, 강력니퍼, 전자산업용니퍼, 콘크리트니퍼, 앤드컷팅니퍼, 버니어캘리퍼스, 스크레퍼, 와이어스트리퍼, 스패너세트, 스패너, 커터, 육각렌치세트, 플라이어세트, 테이블톱, 플라이어",니퍼,,,6'',False,,
granite4.1:8b,니퍼(6) 3개,success,니퍼,"니퍼, 강력니퍼, 전자산업용니퍼, 콘크리트니퍼, 앤드컷팅니퍼, 버니어캘리퍼스, 스크레퍼, 와이어스트리퍼, 스패너, 스패너세트, 플라이어, 커터, 멀티테스터, 플라이어세트, 세트",니퍼,,,"6, 3개",False,,
granite4.1:8b,니퍼(6″),success,니퍼,"니퍼, 강력니퍼, 전자산업용니퍼, 콘크리트니퍼, 앤드컷팅니퍼, 버니어캘리퍼스, 스크레퍼, 와이어스트리퍼, 스패너, 육각렌치, 플라이어, 커터, 굽은노즈플라이어, 스패너세트, 에어컴프레서",니퍼,,,6″,False,,
granite4.1:8b,니퍼(6인치),success,니퍼,"니퍼, 강력니퍼, 전자산업용니퍼, 콘크리트니퍼, 앤드컷팅니퍼, 버니어캘리퍼스, 스크레퍼, 전기인두, 앵글그라인더, 와이어스트리퍼, 렌치, 육각렌치, 망치, 펜치, 핀펀치",니퍼,,,6인치,False,니퍼,True
granite4.1:8b,니퍼(7inch),success,니퍼,"니퍼, 강력니퍼, 콘크리트니퍼, 전자산업용니퍼, 앤드컷팅니퍼, 버니어캘리퍼스, 스크레퍼, 와이어스트리퍼, 스패너, 렌치, 플라이어, 커터, 스패너세트, 굽은노즈플라이어, 파이프렌치",니퍼,,,7인치,False,,
granite4.1:8b,니퍼(7인치),success,니퍼,"니퍼, 강력니퍼, 콘크리트니퍼, 전자산업용니퍼, 앤드컷팅니퍼, 버니어캘리퍼스, 스크레퍼, 전기인두, 와이어스트리퍼, 앵글그라인더, 렌치, 펜치, 망치, 납볼망치, 핀펀치",니퍼,,,7인치,False,니퍼,True
granite4.1:8b,니퍼(8인치),success,니퍼,"니퍼, 강력니퍼, 전자산업용니퍼, 콘크리트니퍼, 앤드컷팅니퍼, 버니어캘리퍼스, 스크레퍼, 전기인두, 앵글그라인더, 와이어스트리퍼, 렌치, 망치, 납볼망치, 펜치, 파이프렌치",니퍼,,,8인치,False,니퍼,True
granite4.1:8b,"니퍼, 펜치",success,펜치,"펜치, 니퍼, 강력니퍼, 콘크리트니퍼, 앤드컷팅니퍼, 전자산업용니퍼, 렌치, 버니어캘리퍼스, 스크레퍼, 핀펀치, 망치, 파이프렌치, 몽키렌치, 센터펀치, 옵셋렌치",니퍼,,,,False,,
granite4.1:8b,니퍼/펜치/플라이어,success,플라이어,"플라이어, 플라이어렌치, 펜치, 니퍼, 플라이어세트, 스냅링플라이어, 굽은노즈플라이어, 롱노즈플라이어, 워터펌프플라이어, 강력니퍼, 바이스그립플라이어, 다이아고날플라이어, 콘크리트니퍼, 전자산업용니퍼, 앤드컷팅니퍼",니퍼,,,,False,,
granite4.1:8b,니퍼2706,success,니퍼,"니퍼, 강력니퍼, 전자산업용니퍼, 콘크리트니퍼, 앤드컷팅니퍼, 버니어캘리퍼스, 스크레퍼, 와이어스트리퍼, 충전임팩트드라이버, 임팩트드라이버, 에어컴프레서, 굽은노즈플라이어, 해머드릴, 직소기, 임팩트드릴",니퍼,,,,False,,
granite4.1:8b,니퍼2개,success,니퍼,"니퍼, 강력니퍼, 콘크리트니퍼, 전자산업용니퍼, 앤드컷팅니퍼, 버니어캘리퍼스, 스크레퍼, 와이어스트리퍼, 스패너, 스패너세트, 플라이어, 점프케이블, 에어컴프레서, 플라이어세트, 멀티테스터",니퍼,,,,False,,
granite4.1:8b,니퍼6＂,success,니퍼,"니퍼, 강력니퍼, 전자산업용니퍼, 콘크리트니퍼, 앤드컷팅니퍼, 버니어캘리퍼스, 스크레퍼, 와이어스트리퍼, 에어컴프레서, 육각렌치, 굽은노즈플라이어, 육각렌치세트, 드라이버, 충전임팩트드라이버, 에어펌프",니퍼,,,6인치,False,,
granite4.1:8b,니퍼7＂,success,니퍼,"니퍼, 강력니퍼, 콘크리트니퍼, 전자산업용니퍼, 앤드컷팅니퍼, 버니어캘리퍼스, 스크레퍼, 와이어스트리퍼, 에어컴프레서, 스패너, 플라이어, 드라이버, 스패너세트, 굽은노즈플라이어, 파이프렌치",니퍼,,,"7""",False,,
granite4.1:8b,니퍼8인치,success,니퍼,"니퍼, 강력니퍼, 전자산업용니퍼, 콘크리트니퍼, 앤드컷팅니퍼, 버니어캘리퍼스, 전기인두, 스크레퍼, 앵글그라인더, 와이어스트리퍼, 렌치, 파이프렌치, 핀펀치, 육각렌치, 망치",니퍼,,,8인치,False,,
granite4.1:8b,니퍼빅터,success,니퍼,"니퍼, 강력니퍼, 앤드컷팅니퍼, 전자산업용니퍼, 콘크리트니퍼, 버니어캘리퍼스, 커터, 스크레퍼, 커터칼, 와이어스트리퍼, 카운터싱크, 타일컷터, 케이블컷터, 볼트컷터, 배터리팩",니퍼,,,,False,,
granite4.1:8b,닌텐도 게임팩 JUST DANCE,success,임팩트드릴,"임팩트드릴, 임팩트드라이버, 충전임팩트드라이버, SDS드릴비트, LED손전등, LED작업등, T렌치세트, LED투광기, 도끼, A형사다리, 배터리팩, 장도리, PVC컷터, T핸드드라이버, 적외선온도계",임팩트드릴,,,,True,,
granite4.1:8b,닌텐도 게임팩 동물의 숲,success,임팩트드릴,"임팩트드릴, 임팩트드라이버, 충전임팩트드라이버, 도끼, 배터리팩, 장도리, 전동타카, 적외선온도계, 전동공구세트, 전동드릴, 냉동라쳇렌치, 전동드라이버, 전동압착기, 사다리, 니퍼",임팩트드릴,,,,True,,
granite4.1:8b,닌텐도 게임팩 마리오와 소닉 2020 도쿄 올림픽,success,장도리,"장도리, 도끼, 임팩트드릴, 임팩트드라이버, 배터리팩, 충전임팩트드라이버, 적외선온도계, 와이어스트리퍼, 연마석, 다림추, 사다리, 방진마스크, 소켓렌치세트, 직소기, A형사다리",장도리,,,,True,,
granite4.1:8b,닌텐도 게임팩 슈퍼마리오 U디럭스,success,임팩트드릴,"임팩트드릴, 임팩트드라이버, 충전임팩트드라이버, 배터리팩, 장도리, 버니어캘리퍼스, 방진마스크, 와이어스트리퍼, 도끼, 콘크리트니퍼, 연마석, 스크레퍼, 니퍼, 강력니퍼, 디지털수평기",임팩트드릴,,,,True,,
granite4.1:8b,닌텐도 게임팩 슈퍼마리오 디럭스8,success,임팩트드릴,"임팩트드릴, 임팩트드라이버, 충전임팩트드라이버, 배터리팩, 장도리, 버니어캘리퍼스, 방진마스크, 도끼, 와이어스트리퍼, 콘크리트니퍼, 스크레퍼, 니퍼, 연마석, 강력니퍼, 디지털수평기",임팩트드릴,,,,True,,
granite4.1:8b,닌텐도 게임팩 슈퍼마리오 파티,success,임팩트드릴,"임팩트드릴, 임팩트드라이버, 배터리팩, 충전임팩트드라이버, 장도리, 도끼, 콘크리트니퍼, 파이프렌치, 니퍼, 멀티테스터, 강력니퍼, 연마석, 버니어캘리퍼스, 방진마스크, 와이어스트리퍼",임팩트드릴,,,,True,,
granite4.1:8b,닌텐도 게임팩 테니스 에이스,success,임팩트드릴,"임팩트드릴, 다이스세트, 임팩트드라이버, 충전임팩트드라이버, 바이스그립플라이어, 멀티테스터, 테이블톱, 버니어캘리퍼스, 도끼, 배터리팩, 스패너, 니퍼, 스크레퍼, 스냅링플라이어, 스패너세트",임팩트드릴,,,,True,,
granite4.1:8b,닌텐도 게임팩 피파21,success,임팩트드릴,"임팩트드릴, 임팩트드라이버, 충전임팩트드라이버, 파이프렌치, 피스제거용비트, 배터리팩, 도끼, 적외선온도계, 장도리, 핀펀치, 니퍼, 드라이버세트, 플라이어세트, 사다리, 탭세트",임팩트드릴,,,,True,,
granite4.1:8b,닌텐도게임칩,success,도끼,"도끼, 장도리, 임팩트드릴, 적외선온도계, 임팩트드라이버, 충전임팩트드라이버, 핀펀치, 사다리, 콘크리트니퍼, 그립망치, 비트세트, 테이블톱, 전자산업용니퍼, 피스제거용비트, 니퍼",도끼,,,,True,,
granite4.1:8b,닌텐도스위치,success,도끼,"도끼, 가스토치, 전지가위, 장도리, 고지가위, 철판가위, 다목적가위, 적외선온도계, 망치, 렌치, 펜치, 핀펀치, 스크레퍼, 스패너, 그립망치",가스토치,,,,False,,
granite4.1:8b,닐선,success,전선릴,"전선릴, 적외선온도계, 실리콘건, 끌세트, 타일컷터, 케이블컷터, 핸드카트, F클램프, 니퍼, 다이스세트, 드릴비트, 납볼망치, 비트세트, 롱노즈플라이어, 드릴비트세트",전선릴,,,,False,,
granite4.1:8b,다가네드라이버,success,드라이버,"드라이버, 전동드라이버, 드라이버세트, 양용드라이버, 임팩트드라이버, T핸드드라이버, 충전임팩트드라이버, 정밀드라이버세트, 다이아고날플라이어, 플라이어, 롱노즈플라이어, 다목적가위, 다이스세트, 굽은노즈플라이어, 플라이어렌치",드라이버,,,,False,,
granite4.1:8b,다기능 안전건타카,success,건타카,"건타카, 전동타카, 손타카, 안전모, 타카, 에어타카, 안전장갑, 안전로프, 타카핀, 다목적가위, 만능렌치, 보안경, 실리콘건, 핸드카트, 에어건",건타카,,,,False,,
granite4.1:8b,다기능 탐지기,success,디지털수평기,"디지털수평기, 열풍기, 송풍기, 만능렌치, 검전기, 직소기, 라돈측정기, 수평기, 다목적가위, 전동압착기, 고압세척기, 고속절단기, 전기인두, LED투광기, 레이저수평기",만능렌치,,,,False,,
granite4.1:8b,다기능실리콘건,success,실리콘건,"실리콘건, 다목적가위, 에어건, 만능렌치, 콘크리트용드릴비트, 글루건, 콘크리트드릴비트세트, 다림추, 다이스세트, 콘크리트니퍼, 사다리, 다이아고날플라이어, A형사다리, SDS드릴비트, 건타카",실리콘건,,,,False,,
granite4.1:8b,다기능안전건타카,success,건타카,"건타카, 전동타카, 손타카, 타카, 안전모, 에어타카, 안전장갑, 안전로프, 타카핀, 다목적가위, 만능렌치, 보안경, 실리콘건, 핸드카트, 전동압착기",건타카,,,,False,,
granite4.1:8b,다목적 가위,success,다목적가위,"다목적가위, 철판가위, 고지가위, 전지가위, 목공톱, 목공용접톱, 사다리, 다림추, 목공줄, 목공용드릴비트, A형사다리, 다이스세트, 적외선온도계, 가스토치, 테이블톱",다목적가위,,,,False,다목적가위,True
granite4.1:8b,다목적 가위,success,다목적가위,"다목적가위, 철판가위, 고지가위, 전지가위, 목공톱, 목공용접톱, 사다리, 다림추, 목공줄, 목공용드릴비트, A형사다리, 다이스세트, 적외선온도계, 가스토치, 테이블톱",다목적가위,,,,False,다목적가위,True
granite4.1:8b,다목적 가위 P-300,success,다목적가위,"다목적가위, 철판가위, 고지가위, 전지가위, PVC컷터, 목공톱, 목공용접톱, 목공줄, 다림추, 사다리, 목공용드릴비트, A형사다리, 다이스세트, 적외선온도계, 도끼",다목적가위,,,,False,,
granite4.1:8b,다목적 가위(P-220),success,다목적가위,"다목적가위, 철판가위, 고지가위, 전지가위, PVC컷터, 목공톱, 목공용접톱, 다림추, 사다리, 목공용드릴비트, 목공줄, A형사다리, 적외선온도계, 가스토치, 다이스세트",다목적가위,,,,False,,
granite4.1:8b,다목적 공구세트,success,공구세트,"공구세트, 전동공구세트, 다목적가위, 공구함세트, 공구함, 세트, 다이스세트, 철공용드릴비트세트, 스패너세트, 목공톱, 탭세트, 목공줄, 비트세트, 드릴비트세트, 끌세트",공구세트,,,,False,,
granite4.1:8b,다목적 드릴비트 세트,success,드릴비트세트,"드릴비트세트, 드릴비트, 콘크리트드릴비트세트, 다목적가위, 목공용드릴비트, 철공용드릴비트세트, SDS드릴비트, 철공용드릴비트, 콘크리트용드릴비트, 비트세트, 다이스세트, 세트, 드라이버세트, 끌세트, 공구세트",드릴비트세트,,,,False,,
granite4.1:8b,다목적 드릴비트(육각),success,드릴비트,"드릴비트, 드릴비트세트, 다목적가위, 목공용드릴비트, SDS드릴비트, 철공용드릴비트, 콘크리트용드릴비트, 콘크리트드릴비트세트, 철공용드릴비트세트, 육각렌치, 육각렌치세트, 비트세트, 임팩트드릴, 전동드릴, 충전드릴",드릴비트,,,,False,,
granite4.1:8b,다목적 드릴비트세트,success,드릴비트세트,"드릴비트세트, 드릴비트, 철공용드릴비트세트, 콘크리트드릴비트세트, 목공용드릴비트, 다목적가위, SDS드릴비트, 비트세트, 철공용드릴비트, 콘크리트용드릴비트, 다이스세트, 세트, 드라이버세트, 끌세트, 임팩트드릴",드릴비트세트,,,,False,,
granite4.1:8b,다목적 비트세트,success,비트세트,"비트세트, 다목적가위, 드릴비트세트, 철공용드릴비트세트, 콘크리트드릴비트세트, 세트, 다이스세트, 목공용드릴비트, 드릴비트, 공구세트, 탭세트, 피스제거용비트, 전동공구세트, 끌세트, SDS드릴비트",다목적가위,,,,False,,
granite4.1:8b,다목적 전지가위(양손),success,다목적가위,"다목적가위, 전지가위, 고지가위, 철판가위, LED손전등, 전정톱, 양용드라이버, 목공톱, 전동압착기, 다림추, 목공용접톱, 손타카, 전동공구세트, 전동타카, 적외선온도계",전지가위,,배터리,,False,,
granite4.1:8b,다목적가위,success,다목적가위,"다목적가위, 철판가위, 고지가위, 전지가위, 목공톱, 목공용접톱, 다림추, 사다리, 목공줄, 목공용드릴비트, A형사다리, 다이스세트, 적외선온도계, 가스토치, 다이아고날플라이어",다목적가위,,,,False,다목적가위,True
granite4.1:8b,다목적가위(190MM),success,다목적가위,"다목적가위, 철판가위, 고지가위, 전지가위, 목공용접톱, 목공톱, 다림추, 목공줄, 사다리, 목공용드릴비트, 적외선온도계, A형사다리, 도끼, 다이스세트, 다이아고날플라이어",다목적가위,,,190MM,False,,
granite4.1:8b,다목적가위(190mm),success,다목적가위,"다목적가위, 철판가위, 고지가위, 전지가위, 목공톱, 목공용접톱, 다림추, 목공줄, 사다리, 목공용드릴비트, 적외선온도계, A형사다리, 도끼, 다이스세트, 다이아고날플라이어",다목적가위,,,190mm,False,,
granite4.1:8b,다목적가위(소),success,다목적가위,"다목적가위, 철판가위, 고지가위, 전지가위, 목공톱, 다림추, 사다리, 목공용접톱, 직소기, 목공줄, 목공용드릴비트, A형사다리, 가스토치, 다이스세트, 적외선온도계",다목적가위,,,,False,,
granite4.1:8b,다목적드릴비트세트,success,드릴비트세트,"드릴비트세트, 철공용드릴비트세트, 콘크리트드릴비트세트, 드릴비트, 목공용드릴비트, 비트세트, 다목적가위, SDS드릴비트, 철공용드릴비트, 콘크리트용드릴비트, 다이스세트, 세트, 임팩트드릴, 드라이버세트, 공구세트",다목적가위,,,,False,,
granite4.1:8b,다목적드릴비트세트(100PCS),success,드릴비트세트,"드릴비트세트, 철공용드릴비트세트, SDS드릴비트, 콘크리트드릴비트세트, 드릴비트, 목공용드릴비트, 비트세트, 다목적가위, 철공용드릴비트, 콘크리트용드릴비트, 다이스세트, 세트, 임팩트드릴, 드라이버세트, 공구세트",드릴비트세트,,,,False,,
granite4.1:8b,다목적드릴비트세트(33PCS),success,드릴비트세트,"드릴비트세트, 철공용드릴비트세트, SDS드릴비트, 콘크리트드릴비트세트, 드릴비트, 목공용드릴비트, 다목적가위, 비트세트, 철공용드릴비트, 콘크리트용드릴비트, 다이스세트, 세트, 임팩트드릴, 드라이버세트, 공구세트",드릴비트세트,,,,True,,
granite4.1:8b,다목적드릴비트세트(33pcs),success,드릴비트세트,"드릴비트세트, 철공용드릴비트세트, 콘크리트드릴비트세트, 드릴비트, 목공용드릴비트, 다목적가위, 비트세트, SDS드릴비트, 철공용드릴비트, 콘크리트용드릴비트, 다이스세트, 세트, 임팩트드릴, 드라이버세트, 공구세트",드릴비트세트,,,,False,,
granite4.1:8b,다목적드릴비트세트(50PCS),success,드릴비트세트,"드릴비트세트, 철공용드릴비트세트, SDS드릴비트, 콘크리트드릴비트세트, 드릴비트, 목공용드릴비트, 다목적가위, 비트세트, 철공용드릴비트, 콘크리트용드릴비트, 다이스세트, 임팩트드릴, 세트, 드라이버세트, 공구세트",드릴비트세트,,,50 PCS,True,,
granite4.1:8b,다목적드릴비트세트(TIN-338),success,드릴비트세트,"드릴비트세트, 철공용드릴비트세트, 콘크리트드릴비트세트, 드릴비트, 비트세트, 목공용드릴비트, 다목적가위, 철공용드릴비트, SDS드릴비트, 콘크리트용드릴비트, T렌치세트, 임팩트드릴, 다이스세트, 세트, 드라이버세트",다목적가위,,,,False,,
granite4.1:8b,다용도 공구세트,success,공구세트,"공구세트, 전동공구세트, 공구함세트, 공구함, 철공용드릴비트세트, 세트, 다이스세트, 스패너세트, 탭세트, 끌세트, 플라이어세트, 드릴비트세트, 볼렌치세트, 비트세트, T렌치세트",공구세트,,,,False,,
granite4.1:8b,다용도 매직렌치,success,렌치,"렌치, 만능렌치, 몽키렌치, 육각렌치, 볼렌치, 옵셋렌치, 토크렌치, 별렌치세트, 플라이어렌치, 육각렌치세트, 볼렌치세트, 파이프렌치, 조합렌치세트, 라쳇렌치세트, 냉동라쳇렌치",만능렌치,,,,False,,
granite4.1:8b,다용도 미니 조명,success,도끼,"도끼, 전자산업용니퍼, 다목적가위, 클램프미터, 장도리, 조합렌치세트, 니퍼, 다림추, 사다리, 강력니퍼, 적외선온도계, 다이스세트, 양용드라이버, A형사다리, 목공용접톱",다목적가위,,,,False,,
granite4.1:8b,다용도 전지가위,success,전지가위,"전지가위, 다목적가위, 고지가위, 철판가위, 전정톱, 전동압착기, 도끼, 다림추, 철공용드릴비트, 디지털수평기, 전동공구세트, 충전드릴, 충전해머드릴, 양용드라이버, 쇠지렛대",전지가위,,배터리,,False,,
granite4.1:8b,다용도 톱,success,톱,"톱, 목공용접톱, 도끼, 쇠톱, 원형톱, 접톱, 테이블톱, 전정톱, 목공톱, 다목적가위, 장도리, 사다리, 다림추, 왕복톱(레시프로쏘), 적외선온도계",목공톱,,,,False,,
granite4.1:8b,다용도가위,success,다목적가위,"다목적가위, 고지가위, 전지가위, 철판가위, 도끼, 장도리, 다림추, 다이스세트, 사다리, 양용드라이버, 적외선온도계, 목공용접톱, 가스토치, A형사다리, 다이아고날플라이어",다목적가위,,,,False,,
granite4.1:8b,다용도톱,success,목공용접톱,"목공용접톱, 톱, 도끼, 원형톱, 쇠톱, 접톱, 전정톱, 테이블톱, 다목적가위, 목공톱, 장도리, 사다리, 다림추, 다이스세트, 적외선온도계",목공톱,,,,False,,
granite4.1:8b,다운트랜스 2개,success,다이스세트,"다이스세트, 카운터싱크, 다림추, 사다리, 스패너세트, 다목적가위, A형사다리, 멀티테스터, 와이어스트리퍼, 다이아고날플라이어, 스패너, 편구스패너, 글루스틱, 피스제거용비트, 스크레퍼",다이아고날플라이어,,,,False,,
granite4.1:8b,다이아타입 플라이어,success,다이아고날플라이어,"다이아고날플라이어, 플라이어, 플라이어세트, 플라이어렌치, 스냅링플라이어, 워터펌프플라이어, 바이스그립플라이어, 롱노즈플라이어, 굽은노즈플라이어, 다이스세트, 드라이버, 에어타카, 와이어스트리퍼, 양용드라이버, 전동드라이버",다이아고날플라이어,,,,False,다이아고날플라이어,True
granite4.1:8b,단렌치,success,렌치,"렌치, 볼렌치, 만능렌치, 몽키렌치, 토크렌치, 옵셋렌치, 육각렌치, 볼렌치세트, 별렌치세트, 파이프렌치, 소켓렌치세트, 라쳇렌치세트, 냉동라쳇렌치, 조합렌치세트, 플라이어렌치",만능렌치,,,,False,,
granite4.1:8b,단면톱,success,톱,"톱, 쇠톱, 원형톱, 접톱, 절단석, 전정톱, 테이블톱, 목공톱, 고속절단기, 목공용접톱, 왕복톱(레시프로쏘), LED손전등, 손타카, 핸드카트, 안전장갑",쇠톱,,,,False,,
granite4.1:8b,단용드라이버(6인치),success,양용드라이버,"양용드라이버, 드라이버, 전동드라이버, 드라이버세트, 임팩트드라이버, T핸드드라이버, 충전임팩트드라이버, 정밀드라이버세트, 철공용드릴비트, 목공용드릴비트, 콘크리트용드릴비트, 플라이어, 플라이어렌치, 철공용드릴비트세트, 롱노즈플라이어",양용드라이버,,,,False,,
granite4.1:8b,단일지향 미니마이크,success,방진마스크,"방진마스크, 콘크리트니퍼, 타일컷터, 클램프미터, 연마석, 절단석, 니퍼, 고속절단기, 쇠지렛대, 전지가위, 카운터싱크, 토크렌치, 고지가위, 디지털수평기, 강력니퍼",방진마스크,,,,True,,
granite4.1:8b,대각커팅니퍼,success,앤드컷팅니퍼,"앤드컷팅니퍼, 니퍼, 강력니퍼, 콘크리트니퍼, 전자산업용니퍼, 커터, 커터칼, 버니어캘리퍼스, 대패, 직각자, 육각렌치, 육각렌치세트, 스크레퍼, 와이어스트리퍼, 석고대패",앤드컷팅니퍼,,,,False,,
granite4.1:8b,대드라이버,success,드라이버,"드라이버, 전동드라이버, 양용드라이버, 임팩트드라이버, 드라이버세트, T핸드드라이버, 정밀드라이버세트, 충전임팩트드라이버, 대패, 플라이어, 롱노즈플라이어, 플라이어렌치, 바이스그립플라이어, 다이아고날플라이어, 석고대패",임팩트드라이버,,,,False,,
granite4.1:8b,대여용 장바구니 캐리어,success,장도리,"장도리, 버니어캘리퍼스, 대패, 안전장갑, 공구함, 콘크리트니퍼, 바이스그립플라이어, 공구세트, 전자산업용니퍼, 공구함세트, 쇠지렛대, 편구스패너, 석고대패, 와이어스트리퍼, 니퍼",공구함,,,,False,,
granite4.1:8b,대일손타카(8mm),success,손타카,"손타카, 타카, 건타카, 전동타카, 에어타카, 타카핀, 타일컷터, 대패, LED손전등, 쇠지렛대, 석고대패, 핸드카트, 카운터싱크, 열화상카메라, 목공톱",손타카,,,8mm,False,,
granite4.1:8b,대진스프링청소기,success,스프링배관청소기,"스프링배관청소기, 직소기, 스냅링플라이어, 방진마스크, 대패, 송풍기, 고압세척기, 열풍기, 석고대패, 에어펌프, 디지털수평기, 자전거펌프, 수평기, 레이저수평기, 에어컴프레서",스프링배관청소기,,,,False,,
granite4.1:8b,대차,success,대패,"대패, 석고대패, 쇠지렛대, 드라이버, 렌치, 사다리, 전동타카, 전동드라이버, 타카, 육각렌치, 가스토치, 임팩트드라이버, 양용드라이버, 토크렌치, 전동드릴",대패,,,,False,,
granite4.1:8b,대차(P),success,대패,"대패, 석고대패, PVC컷터, 쇠지렛대, 드라이버, 렌치, 양용드라이버, 사다리, 육각렌치, A형사다리, 전동드라이버, 임팩트드라이버, 펜치, 고속절단기, 옵셋렌치",대패,,,,False,,
granite4.1:8b,대타카(CT-64),success,타카,"타카, 건타카, 손타카, 전동타카, 에어타카, 타카핀, 대패, PVC컷터, 쇠지렛대, T핸드드라이버, 타일컷터, 석고대패, 핸드카트, 카운터싱크, T렌치세트",대패,,,,False,,
granite4.1:8b,대톱,success,대패,"대패, 톱, 쇠톱, 접톱, 원형톱, 테이블톱, 전정톱, 목공톱, 석고대패, 쇠지렛대, 목공용접톱, 왕복톱(레시프로쏘), 도끼, 그립망치, 가스토치",대패,,,,False,,
granite4.1:8b,대패,success,대패,"대패, 석고대패, 스패너, 편구스패너, 쇠지렛대, 스패너세트, 사다리, 도끼, 테이블톱, 커터칼, 먹통, 드라이버, 열풍기, 에어컴프레서, 쇠톱",대패,,,,False,대패,True
granite4.1:8b,대형고무대야 2,success,고무망치,"고무망치, 석고대패, 대패, 쇠지렛대, 원형톱, 고지가위, 고압세척기, 고속절단기, A형사다리, 다이아고날플라이어, 에어컴프레서, 다목적가위, 버니어캘리퍼스, 앵글그라인더, 멀티테스터",고무망치,,,,False,,
granite4.1:8b,대형줄자(50m),success,줄자,"줄자, 목공줄, A형사다리, 대패, 직각자, 원형톱, 쇠지렛대, 석고대패, 자전거펌프, 사다리, 수평기, 임팩트드릴, 볼트컷터, 케이블컷터, 워터펌프플라이어",줄자,,,길이 50m,False,,
granite4.1:8b,더블디40,success,샌더,"샌더, 디지털수평기, 테이블톱, 점프케이블, 앵글그라인더, 케이블컷터, SDS드릴비트, 드라이버, T핸드드라이버, 임팩트드라이버, 양용드라이버, 임팩트드릴, 다목적가위, 드라이버세트, 멀티테스터",드라이버세트,,,,False,,
granite4.1:8b,덤벨 세트,success,세트,"세트, 탭세트, 끌세트, 공구세트, 드릴비트세트, 비트세트, 다이스세트, 드라이버세트, T렌치세트, 스패너세트, 전동공구세트, 볼렌치세트, 공구함세트, 플라이어세트, 별렌치세트",세트,,,,False,,
granite4.1:8b,데크트럭,success,콘크리트니퍼,"콘크리트니퍼, 콘크리트용드릴비트, 콘크리트드릴비트세트, 토크렌치, 스크레퍼, 카운터싱크, 방진마스크, 핸드카트, 비트세트, 볼트컷터, 드릴비트세트, 드릴비트, 세트, 임팩트드릴, 임팩트드라이버",드릴비트세트,,,,False,,
granite4.1:8b,데크트럭(대차),success,대패,"대패, 석고대패, 쇠지렛대, 콘크리트용드릴비트, 콘크리트니퍼, 토크렌치, 콘크리트드릴비트세트, 스크레퍼, 카운터싱크, 방진마스크, 핸드카트, 드릴비트, 드릴비트세트, 임팩트드라이버, 임팩트드릴",핸드카트,,,,False,,
granite4.1:8b,도끼,success,도끼,"도끼, 장도리, 적외선온도계, 토크렌치, 고무망치, 사다리, 쇠톱, 다림추, 망치, 전동드릴, 그립망치, 드라이버, 접톱, 돌망치, 대패",도끼,,,,False,도끼,True
granite4.1:8b,도배 사다리,success,사다리,"사다리, A형사다리, 도끼, 배터리팩, 장도리, 다목적가위, 스프링배관청소기, 다림추, 로터리해머드릴, 다이아고날플라이어, 와이어스트리퍼, 다이스세트, 콘크리트니퍼, 대패, 적외선온도계",사다리,,,,False,,
granite4.1:8b,도배사다리,success,사다리,"사다리, A형사다리, 도끼, 배터리팩, 장도리, 다목적가위, 스프링배관청소기, 다림추, 로터리해머드릴, 다이아고날플라이어, 다이스세트, 와이어스트리퍼, 적외선온도계, 점프케이블, 전동타카",사다리,,,,False,,
granite4.1:8b,"도스키 톱날, 톱대(300)",success,톱,"톱, 쇠톱, 접톱, 원형톱, 전정톱, 목공톱, 도끼, 테이블톱, 목공용접톱, 몽키렌치, 왕복톱(레시프로쏘), 대패, 장도리, 쇠지렛대, 석고대패",도끼,,,,False,,
granite4.1:8b,도청카메라탐지기,success,열화상카메라,"열화상카메라, 도끼, 라돈측정기, 디지털수평기, 스프링배관청소기, 레이저거리측정기, 적외선온도계, 타카, 전동타카, LED투광기, 검전기, 송풍기, 열풍기, 쇠지렛대, 핸드카트",도끼,,,,False,,
granite4.1:8b,도청카메라탐지기세트,success,열화상카메라,"열화상카메라, 세트, 공구세트, 드라이버세트, 라쳇렌치세트, 정밀드라이버세트, 기어렌치세트, 소켓렌치세트, 전동공구세트, 비트세트, 탭세트, 공구함세트, 플라이어세트, 스패너세트, 볼렌치세트",공구세트,,,,False,,
granite4.1:8b,돌 망치,success,돌망치,"돌망치, 망치, 고무망치, 납볼망치, 그립망치, 빠루망치, 렌치, 핀펀치, 펜치, 몽키렌치, 볼렌치, 토크렌치, 플라이어렌치, 센터펀치, 만능렌치",돌망치,,,,False,,
granite4.1:8b,돌망치,success,돌망치,"돌망치, 망치, 고무망치, 그립망치, 빠루망치, 납볼망치, 볼렌치, 렌치, 펜치, 몽키렌치, 볼렌치세트, 별렌치세트, 핀펀치, 육각렌치, 토크렌치",돌망치,,,,False,돌망치,True
granite4.1:8b,돌망치,success,돌망치,"돌망치, 망치, 고무망치, 그립망치, 빠루망치, 납볼망치, 볼렌치, 렌치, 펜치, 몽키렌치, 볼렌치세트, 별렌치세트, 핀펀치, 육각렌치, 토크렌치",돌망치,,,,False,돌망치,True
granite4.1:8b,돌망치 0.9kg,success,돌망치,"돌망치, 망치, 고무망치, 납볼망치, 빠루망치, 그립망치, 볼렌치, 렌치, 볼렌치세트, 펜치, 몽키렌치, 육각렌치, 핀펀치, 별렌치세트, 옵셋렌치",돌망치,,,0.9kg,False,,
granite4.1:8b,돌망치(고무자루),success,돌망치,"돌망치, 고무망치, 빠루망치, 망치, 그립망치, 납볼망치, 글루건, 렌치, 몽키렌치, 줄자, 직각자, 볼렌치, 글루스틱, 볼렌치세트, 자전거펌프",돌망치,,,,False,,
granite4.1:8b,돌망치(중 사이즈),success,돌망치,"돌망치, 망치, 고무망치, 빠루망치, 납볼망치, 그립망치, 렌치, 사다리, 플라이어렌치, 볼렌치, 몽키렌치, 펜치, 별렌치세트, 볼렌치세트, 육각렌치",돌망치,,,중 사이즈,False,,
granite4.1:8b,동력예취기,success,전동압착기,"전동압착기, 강력니퍼, 열풍기, 전동타카, 전동드릴, 송풍기, 직소기, 전동드라이버, 수평기, 전동공구세트, 검전기, 전기인두, 냉동라쳇렌치, 고속절단기, 고압세척기",전동드릴,,,,False,,
granite4.1:8b,동커팅기,success,커터,"커터, 커터칼, 전동압착기, 앤드컷팅니퍼, 직소기, 전동타카, 전동드릴, 수평기, 열풍기, 고속절단기, 검전기, 전동공구세트, 송풍기, 냉동라쳇렌치, 디지털수평기",고속절단기,,,,False,,
granite4.1:8b,동파이프 커터,success,커터,"커터, 파이프렌치, 커터칼, 케이블컷터, 클램프미터, 타일컷터, 워터펌프플라이어, 볼트컷터, 점프케이블, PVC컷터, 전동드라이버, 에어펌프, 자전거펌프, F클램프, 다이아고날플라이어",파이프렌치,,,,False,,
granite4.1:8b,드라이버,success,드라이버,"드라이버, 전동드라이버, 드라이버세트, 양용드라이버, 임팩트드라이버, T핸드드라이버, 정밀드라이버세트, 충전임팩트드라이버, 플라이어, 플라이어렌치, 플라이어세트, 스냅링플라이어, 다이아고날플라이어, 워터펌프플라이어, 롱노즈플라이어",드라이버,,,,False,드라이버,True
granite4.1:8b,드라이버 (투명양용),success,양용드라이버,"양용드라이버, 드라이버, 전동드라이버, 드라이버세트, 임팩트드라이버, T핸드드라이버, 충전임팩트드라이버, 정밀드라이버세트, 플라이어, LED투광기, 플라이어렌치, 워터펌프플라이어, 다이아고날플라이어, 스냅링플라이어, 플라이어세트",양용드라이버,,,,False,,
granite4.1:8b,드라이버 2개,success,드라이버,"드라이버, 드라이버세트, 전동드라이버, 양용드라이버, 임팩트드라이버, T핸드드라이버, 정밀드라이버세트, 충전임팩트드라이버, 플라이어, 플라이어세트, 플라이어렌치, 롱노즈플라이어, 스냅링플라이어, 다이아고날플라이어, 워터펌프플라이어",드라이버세트,,,,False,,
granite4.1:8b,드라이버 3개,success,드라이버,"드라이버, 드라이버세트, 전동드라이버, 양용드라이버, 임팩트드라이버, T핸드드라이버, 정밀드라이버세트, 충전임팩트드라이버, 플라이어, 플라이어세트, 플라이어렌치, 롱노즈플라이어, 스냅링플라이어, 다이아고날플라이어, 워터펌프플라이어",드라이버세트,,,,False,,
granite4.1:8b,드라이버 5개,success,드라이버,"드라이버, 드라이버세트, 전동드라이버, 양용드라이버, 임팩트드라이버, T핸드드라이버, 충전임팩트드라이버, 정밀드라이버세트, 플라이어, 플라이어세트, 플라이어렌치, 스냅링플라이어, 다이아고날플라이어, 롱노즈플라이어, 워터펌프플라이어",드라이버세트,,,,False,,
granite4.1:8b,드라이버 8종세트,success,드라이버세트,"드라이버세트, 드라이버, 정밀드라이버세트, 전동드라이버, 양용드라이버, 임팩트드라이버, T핸드드라이버, 충전임팩트드라이버, 플라이어세트, 드릴비트세트, 다이스세트, 세트, 공구세트, 철공용드릴비트세트, 플라이어",드라이버세트,,,,False,,
granite4.1:8b,"드라이버 대(2), 중(1)",success,드라이버,"드라이버, 드라이버세트, 양용드라이버, 전동드라이버, 임팩트드라이버, T핸드드라이버, 정밀드라이버세트, 충전임팩트드라이버, 플라이어, 대패, 플라이어세트, 롱노즈플라이어, 플라이어렌치, 다이아고날플라이어, 스냅링플라이어",드라이버세트,,,,False,,
granite4.1:8b,드라이버 드릴,success,드라이버,"드라이버, 드라이버세트, 전동드라이버, 양용드라이버, T핸드드라이버, 임팩트드라이버, 정밀드라이버세트, 전동드릴, 충전임팩트드라이버, 충전드릴, 임팩트드릴, 드릴비트, 해머드릴, SDS드릴비트, 드릴비트세트",전동드라이버,,,,False,,
granite4.1:8b,드라이버 드릴 비트,success,드라이버,"드라이버, 드릴비트, 드라이버세트, 전동드라이버, 드릴비트세트, SDS드릴비트, 임팩트드라이버, 목공용드릴비트, 양용드라이버, 철공용드릴비트, T핸드드라이버, 정밀드라이버세트, 콘크리트용드릴비트, 충전임팩트드라이버, 철공용드릴비트세트",드라이버,,,,True,,
granite4.1:8b,드라이버 비트,success,드라이버,"드라이버, 드라이버세트, 전동드라이버, 임팩트드라이버, 양용드라이버, T핸드드라이버, 정밀드라이버세트, 충전임팩트드라이버, 드릴비트, 비트세트, 드릴비트세트, SDS드릴비트, 목공용드릴비트, 철공용드릴비트, 콘크리트용드릴비트",비트세트,,,,False,,
granite4.1:8b,드라이버 비트 세트,success,드라이버세트,"드라이버세트, 드라이버, 정밀드라이버세트, 비트세트, 드릴비트세트, 임팩트드라이버, 전동드라이버, 양용드라이버, T핸드드라이버, 충전임팩트드라이버, 콘크리트드릴비트세트, 철공용드릴비트세트, 드릴비트, 플라이어세트, 세트",비트세트,,,,False,,
granite4.1:8b,드라이버 비트 세트(37PCS),success,드라이버세트,"드라이버세트, 정밀드라이버세트, 드라이버, 비트세트, 임팩트드라이버, 드릴비트세트, 전동드라이버, SDS드릴비트, 양용드라이버, 충전임팩트드라이버, T핸드드라이버, 콘크리트드릴비트세트, 철공용드릴비트세트, 플라이어세트, 드릴비트",비트세트,,,,False,,
granite4.1:8b,드라이버 비트 토션비트 110mm,success,드라이버,"드라이버, 드라이버세트, 드릴비트, 임팩트드라이버, 전동드라이버, 드릴비트세트, 정밀드라이버세트, 양용드라이버, 비트세트, T핸드드라이버, SDS드릴비트, 목공용드릴비트, 철공용드릴비트, 충전임팩트드라이버, 콘크리트용드릴비트",비트세트,,,"토션비트, 110mm",False,,
granite4.1:8b,"드라이버 비트(대,중,소)",success,드라이버,"드라이버, 드라이버세트, 전동드라이버, 양용드라이버, 임팩트드라이버, T핸드드라이버, 정밀드라이버세트, 충전임팩트드라이버, 드릴비트, 드릴비트세트, SDS드릴비트, 비트세트, 목공용드릴비트, 철공용드릴비트, 콘크리트용드릴비트",비트세트,,,,False,,
granite4.1:8b,드라이버 비트세트,success,드라이버세트,"드라이버세트, 비트세트, 드라이버, 정밀드라이버세트, 드릴비트세트, 임팩트드라이버, 전동드라이버, 양용드라이버, 콘크리트드릴비트세트, 철공용드릴비트세트, T핸드드라이버, 충전임팩트드라이버, 드릴비트, 플라이어세트, 세트",드라이버세트,,,,False,,
granite4.1:8b,드라이버 세트,success,드라이버세트,"드라이버세트, 드라이버, 정밀드라이버세트, 전동드라이버, 양용드라이버, 임팩트드라이버, T핸드드라이버, 충전임팩트드라이버, 플라이어세트, 세트, 다이스세트, 드릴비트세트, 공구세트, 비트세트, 스패너세트",드라이버세트,,,,False,,
granite4.1:8b,드라이버 수공구세트,success,드라이버세트,"드라이버세트, 공구세트, 드라이버, 정밀드라이버세트, 전동공구세트, 공구함세트, 전동드라이버, 양용드라이버, 임팩트드라이버, T핸드드라이버, 충전임팩트드라이버, 공구함, 플라이어세트, 철공용드릴비트세트, 다이스세트",드라이버세트,,,,False,,
granite4.1:8b,드라이버 십자 단용 8+,success,드라이버,"드라이버, 양용드라이버, 드라이버세트, 전동드라이버, T핸드드라이버, 임팩트드라이버, 정밀드라이버세트, 충전임팩트드라이버, 플라이어, 줄자, 플라이어세트, 플라이어렌치, 전자산업용니퍼, 직각자, 다이아고날플라이어",양용드라이버,,,,False,,
granite4.1:8b,드라이버 양용,success,양용드라이버,"양용드라이버, 드라이버, 드라이버세트, 전동드라이버, 임팩트드라이버, T핸드드라이버, 충전임팩트드라이버, 정밀드라이버세트, 플라이어, 플라이어렌치, 다이아고날플라이어, 스냅링플라이어, 철공용드릴비트, 플라이어세트, 롱노즈플라이어",양용드라이버,,,,False,,
granite4.1:8b,"드라이버(-,+)",success,드라이버,"드라이버, 드라이버세트, 전동드라이버, 양용드라이버, 임팩트드라이버, T핸드드라이버, 충전임팩트드라이버, 정밀드라이버세트, 플라이어, 다이아고날플라이어, 플라이어세트, 플라이어렌치, 스냅링플라이어, 워터펌프플라이어, 롱노즈플라이어",드라이버,,,,False,,
granite4.1:8b,드라이버(-자),success,드라이버,"드라이버, 전동드라이버, 드라이버세트, 양용드라이버, 임팩트드라이버, T핸드드라이버, 충전임팩트드라이버, 정밀드라이버세트, 플라이어, 줄자, 플라이어렌치, 직각자, 다이아고날플라이어, 플라이어세트, 스냅링플라이어",드라이버,,,,False,,
granite4.1:8b,드라이버(2),success,드라이버,"드라이버, 드라이버세트, 전동드라이버, 양용드라이버, 임팩트드라이버, T핸드드라이버, 정밀드라이버세트, 충전임팩트드라이버, 플라이어, 플라이어렌치, 다이아고날플라이어, 플라이어세트, 롱노즈플라이어, 스냅링플라이어, 워터펌프플라이어",드라이버세트,,,,False,,
granite4.1:8b,드라이버(2150mm),success,드라이버,"드라이버, 전동드라이버, 양용드라이버, 드라이버세트, 임팩트드라이버, T핸드드라이버, 정밀드라이버세트, 충전임팩트드라이버, 플라이어, 플라이어렌치, 다이아고날플라이어, 워터펌프플라이어, 롱노즈플라이어, 플라이어세트, 스냅링플라이어",드라이버,,,2150mm,False,,
granite4.1:8b,드라이버(4),success,드라이버,"드라이버, 전동드라이버, 드라이버세트, 양용드라이버, 임팩트드라이버, T핸드드라이버, 정밀드라이버세트, 충전임팩트드라이버, 플라이어, 플라이어렌치, 다이아고날플라이어, 플라이어세트, 스냅링플라이어, 롱노즈플라이어, 워터펌프플라이어",드라이버세트,,,,False,,
granite4.1:8b,드라이버(대),success,드라이버,"드라이버, 전동드라이버, 드라이버세트, 양용드라이버, 임팩트드라이버, T핸드드라이버, 정밀드라이버세트, 충전임팩트드라이버, 플라이어, 대패, 플라이어렌치, 다이아고날플라이어, 플라이어세트, 롱노즈플라이어, 워터펌프플라이어",드라이버,,,,False,,
granite4.1:8b,드라이버(소),success,드라이버,"드라이버, 전동드라이버, 드라이버세트, 양용드라이버, 임팩트드라이버, T핸드드라이버, 정밀드라이버세트, 충전임팩트드라이버, 플라이어, 직소기, 플라이어렌치, 플라이어세트, 다이아고날플라이어, 스냅링플라이어, 롱노즈플라이어",드라이버,,,,False,,
granite4.1:8b,드라이버(십자),success,드라이버,"드라이버, 드라이버세트, 전동드라이버, 양용드라이버, 임팩트드라이버, T핸드드라이버, 충전임팩트드라이버, 정밀드라이버세트, 플라이어, 줄자, 직각자, 플라이어렌치, 플라이어세트, 다이아고날플라이어, 롱노즈플라이어",T핸드드라이버,,,,False,,
granite4.1:8b,"드라이버(십자, 일자 겸용)",success,드라이버,"드라이버, 양용드라이버, 드라이버세트, 전동드라이버, 임팩트드라이버, T핸드드라이버, 정밀드라이버세트, 충전임팩트드라이버, 줄자, 직각자, 플라이어, 전자산업용니퍼, 자전거펌프, 플라이어렌치, 플라이어세트",양용드라이버,,,,False,,
granite4.1:8b,드라이버(양용),success,양용드라이버,"양용드라이버, 드라이버, 드라이버세트, 전동드라이버, 임팩트드라이버, T핸드드라이버, 충전임팩트드라이버, 정밀드라이버세트, 플라이어, 플라이어렌치, 다이아고날플라이어, 플라이어세트, 스냅링플라이어, 워터펌프플라이어, 철공용드릴비트",양용드라이버,,,,False,,
granite4.1:8b,드라이버(양용) 3개,success,양용드라이버,"양용드라이버, 드라이버, 드라이버세트, 전동드라이버, 임팩트드라이버, T핸드드라이버, 정밀드라이버세트, 충전임팩트드라이버, 플라이어, 플라이어세트, 플라이어렌치, 다이아고날플라이어, 철공용드릴비트, 목공용드릴비트, 롱노즈플라이어",양용드라이버,,,,False,,
granite4.1:8b,드라이버(일자),success,드라이버,"드라이버, 전동드라이버, 드라이버세트, 양용드라이버, 임팩트드라이버, T핸드드라이버, 정밀드라이버세트, 충전임팩트드라이버, 플라이어, 줄자, 타일컷터, 플라이어렌치, 다이아고날플라이어, 직각자, 플라이어세트",드라이버,,,,False,,
granite4.1:8b,"드라이버(일자3,십자1)",success,드라이버,"드라이버, 드라이버세트, 전동드라이버, 양용드라이버, 임팩트드라이버, T핸드드라이버, 정밀드라이버세트, 충전임팩트드라이버, 줄자, 직각자, 플라이어, 자전거펌프, 타일컷터, 플라이어세트, 플라이어렌치",드라이버,,,"일자 3개, 십자 1개",False,,
granite4.1:8b,드라이버(중),success,드라이버,"드라이버, 전동드라이버, 드라이버세트, 양용드라이버, 임팩트드라이버, T핸드드라이버, 충전임팩트드라이버, 정밀드라이버세트, 플라이어, 플라이어렌치, 스냅링플라이어, 다이아고날플라이어, 플라이어세트, 롱노즈플라이어, 워터펌프플라이어",드라이버,,,,False,,
granite4.1:8b,드라이버(충전),success,드라이버,"드라이버, 충전임팩트드라이버, 전동드라이버, 드라이버세트, 양용드라이버, 임팩트드라이버, 충전드릴, T핸드드라이버, 정밀드라이버세트, 충전해머드릴, 플라이어, 다이아고날플라이어, 스냅링플라이어, 워터펌프플라이어, 플라이어세트",드라이버,,충전식,,True,,
granite4.1:8b,드라이버6인치,success,드라이버,"드라이버, 드라이버세트, 전동드라이버, 양용드라이버, 임팩트드라이버, T핸드드라이버, 충전임팩트드라이버, 정밀드라이버세트, 플라이어, 플라이어렌치, 다이아고날플라이어, 앵글그라인더, 플라이어세트, 스냅링플라이어, 워터펌프플라이어",드라이버,,,6인치,False,,
granite4.1:8b,드라이버8인치,success,드라이버,"드라이버, 드라이버세트, 전동드라이버, 양용드라이버, 임팩트드라이버, T핸드드라이버, 충전임팩트드라이버, 정밀드라이버세트, 플라이어, 플라이어렌치, 다이아고날플라이어, 앵글그라인더, 플라이어세트, 스냅링플라이어, 워터펌프플라이어",드라이버,,,8인치,False,,
granite4.1:8b,드라이버드릴,success,드라이버,"드라이버, 드라이버세트, 전동드라이버, 양용드라이버, T핸드드라이버, 전동드릴, 임팩트드라이버, 정밀드라이버세트, 충전드릴, 해머드릴, 임팩트드릴, 충전임팩트드라이버, 드릴비트, SDS드릴비트, 드릴비트세트",전동드라이버,,,,False,,
granite4.1:8b,드라이버드릴(2),success,드라이버,"드라이버, 드라이버세트, 전동드라이버, 양용드라이버, T핸드드라이버, 임팩트드라이버, 정밀드라이버세트, 전동드릴, 충전임팩트드라이버, 충전드릴, 해머드릴, 임팩트드릴, 드릴비트, SDS드릴비트, 드릴비트세트",임팩트드라이버,,,,False,,
granite4.1:8b,드라이버라체트,success,드라이버세트,"드라이버세트, 드라이버, 전동드라이버, 양용드라이버, 임팩트드라이버, 정밀드라이버세트, T핸드드라이버, 충전임팩트드라이버, 플라이어세트, 플라이어, 플라이어렌치, 라쳇렌치세트, 드릴비트세트, 드릴비트, 다이아고날플라이어",드라이버세트,,,,False,,
granite4.1:8b,드라이버류,success,드라이버,"드라이버, 드라이버세트, 전동드라이버, 양용드라이버, 임팩트드라이버, T핸드드라이버, 정밀드라이버세트, 충전임팩트드라이버, 플라이어, 플라이어렌치, 플라이어세트, 다이아고날플라이어, 워터펌프플라이어, 스냅링플라이어, 바이스그립플라이어",드라이버세트,,,,False,,
granite4.1:8b,드라이버비트,success,드라이버,"드라이버, 드라이버세트, 임팩트드라이버, 양용드라이버, 전동드라이버, 드릴비트, T핸드드라이버, 정밀드라이버세트, 충전임팩트드라이버, SDS드릴비트, 드릴비트세트, 콘크리트용드릴비트, 비트세트, 철공용드릴비트, 목공용드릴비트",드릴비트세트,,,,False,,
granite4.1:8b,드라이버비트 1세트,success,드라이버세트,"드라이버세트, 드라이버, 정밀드라이버세트, 드릴비트세트, 비트세트, 임팩트드라이버, 양용드라이버, 전동드라이버, 드릴비트, T핸드드라이버, 콘크리트드릴비트세트, 충전임팩트드라이버, 철공용드릴비트세트, 플라이어세트, SDS드릴비트",비트세트,,,,False,,
granite4.1:8b,드라이버비트5P,success,드라이버,"드라이버, 드라이버세트, 양용드라이버, 임팩트드라이버, 전동드라이버, T핸드드라이버, 정밀드라이버세트, 충전임팩트드라이버, 드릴비트, SDS드릴비트, 드릴비트세트, 콘크리트용드릴비트, 철공용드릴비트, 비트세트, 목공용드릴비트",드릴비트세트,,,,False,,
granite4.1:8b,드라이버비트날,success,드라이버,"드라이버, 드라이버세트, 전동드라이버, 양용드라이버, 임팩트드라이버, T핸드드라이버, 정밀드라이버세트, 충전임팩트드라이버, 드릴비트, 드릴비트세트, SDS드릴비트, 비트세트, 철공용드릴비트, 목공용드릴비트, 콘크리트용드릴비트",드릴비트,,,,False,,
granite4.1:8b,드라이버비트세트 33pcs,success,드라이버세트,"드라이버세트, 드릴비트세트, 비트세트, 정밀드라이버세트, 드라이버, 콘크리트드릴비트세트, 임팩트드라이버, 철공용드릴비트세트, 양용드라이버, 전동드라이버, 충전임팩트드라이버, T핸드드라이버, 드릴비트, 플라이어세트, 다이스세트",드라이버세트,,,,False,,
granite4.1:8b,드라이버세트,success,드라이버세트,"드라이버세트, 정밀드라이버세트, 드라이버, 전동드라이버, 양용드라이버, 임팩트드라이버, T핸드드라이버, 충전임팩트드라이버, 플라이어세트, 다이스세트, 세트, 드릴비트세트, 비트세트, 공구세트, 끌세트",드라이버세트,,,,False,드라이버세트,True
granite4.1:8b,드라이버세트 10pcs,success,드라이버세트,"드라이버세트, 정밀드라이버세트, 드라이버, 전동드라이버, 임팩트드라이버, 양용드라이버, T핸드드라이버, 충전임팩트드라이버, 플라이어세트, 드릴비트세트, 다이스세트, 세트, 콘크리트드릴비트세트, 공구세트, 비트세트",드라이버세트,,,,False,,
granite4.1:8b,드라이버세트(6PCS),success,드라이버세트,"드라이버세트, 정밀드라이버세트, 드라이버, 전동드라이버, 양용드라이버, 임팩트드라이버, T핸드드라이버, 충전임팩트드라이버, 플라이어세트, 다이스세트, 드릴비트세트, SDS드릴비트, 세트, PVC컷터, 콘크리트드릴비트세트",드라이버세트,,,,False,,
granite4.1:8b,드라이버세트라체트,success,드라이버세트,"드라이버세트, 정밀드라이버세트, 드라이버, 임팩트드라이버, 전동드라이버, 양용드라이버, T핸드드라이버, 충전임팩트드라이버, 플라이어세트, 드릴비트세트, 라쳇렌치세트, 다이스세트, 세트, 비트세트, 콘크리트드릴비트세트",드라이버세트,,,,False,,
granite4.1:8b,드라이버세트라체트 14WAY,success,드라이버세트,"드라이버세트, 정밀드라이버세트, 드라이버, 임팩트드라이버, 양용드라이버, 전동드라이버, T핸드드라이버, 플라이어세트, 충전임팩트드라이버, 드릴비트세트, 라쳇렌치세트, 세트, 다이스세트, 콘크리트드릴비트세트, 비트세트",라쳇렌치세트,,,,False,,
granite4.1:8b,드라이버양용,success,양용드라이버,"양용드라이버, 드라이버, 드라이버세트, 전동드라이버, 임팩트드라이버, T핸드드라이버, 충전임팩트드라이버, 정밀드라이버세트, 플라이어, 플라이어렌치, 다이아고날플라이어, 철공용드릴비트, 플라이어세트, 목공용드릴비트, 스냅링플라이어",양용드라이버,,,,False,,
granite4.1:8b,드라이버충전드릴(4개),success,충전드릴,"충전드릴, 드라이버, 충전임팩트드라이버, 충전해머드릴, 전동드라이버, 드라이버세트, 양용드라이버, 전동드릴, 임팩트드라이버, 정밀드라이버세트, T핸드드라이버, 임팩트드릴, 드릴비트, 해머드릴, SDS드릴비트",충전드릴,,충전식(무선),,True,,
granite4.1:8b,드라이버툴세트,success,드라이버세트,"드라이버세트, 정밀드라이버세트, 드라이버, 전동드라이버, 양용드라이버, 임팩트드라이버, T핸드드라이버, 충전임팩트드라이버, 플라이어세트, 드릴비트세트, 다이스세트, 세트, 공구세트, 탭세트, 끌세트",드라이버세트,,,,False,,
granite4.1:8b,드라이브,success,드라이버,"드라이버, 드라이버세트, 전동드라이버, 양용드라이버, 임팩트드라이버, T핸드드라이버, 충전임팩트드라이버, 정밀드라이버세트, 플라이어, 플라이어세트, 스냅링플라이어, 플라이어렌치, 다이아고날플라이어, 롱노즈플라이어, 바이스그립플라이어",드라이버,,,,False,,
granite4.1:8b,드라이브비트세트,success,드릴비트세트,"드릴비트세트, 비트세트, 드라이버세트, 콘크리트드릴비트세트, 정밀드라이버세트, 철공용드릴비트세트, 드릴비트, SDS드릴비트, 드라이버, 플라이어세트, 다이스세트, 세트, 임팩트드라이버, 콘크리트용드릴비트, 목공용드릴비트",드라이버세트,,,,False,,
granite4.1:8b,드릴,success,전동드릴,"전동드릴, 충전드릴, 임팩트드릴, 해머드릴, 드릴비트, 드릴비트세트, SDS드릴비트, 충전해머드릴, 철공용드릴비트, 목공용드릴비트, 로터리해머드릴, 콘크리트용드릴비트, 철공용드릴비트세트, 콘크리트드릴비트세트, 전선릴",전동드릴,,,,False,전동드릴,True
granite4.1:8b,드릴 날 세트,success,드릴비트세트,"드릴비트세트, 철공용드릴비트세트, 콘크리트드릴비트세트, 드릴비트, 세트, 임팩트드릴, 전동드릴, 충전드릴, 해머드릴, 목공용드릴비트, 철공용드릴비트, 끌세트, SDS드릴비트, 드라이버세트, 탭세트",드릴비트세트,,,,False,,
granite4.1:8b,드릴 비트,success,드릴비트,"드릴비트, 드릴비트세트, SDS드릴비트, 목공용드릴비트, 철공용드릴비트, 콘크리트용드릴비트, 철공용드릴비트세트, 콘크리트드릴비트세트, 임팩트드릴, 비트세트, 전동드릴, 충전드릴, 해머드릴, 피스제거용비트, 충전해머드릴",드릴비트,,,,False,,
granite4.1:8b,드릴 비트세트,success,드릴비트세트,"드릴비트세트, 철공용드릴비트세트, 비트세트, 콘크리트드릴비트세트, 드릴비트, SDS드릴비트, 목공용드릴비트, 철공용드릴비트, 콘크리트용드릴비트, 세트, 임팩트드릴, 드라이버세트, 끌세트, 전동드릴, 충전드릴",드릴비트세트,,,,False,,
granite4.1:8b,드릴(무선),success,전동드릴,"전동드릴, 충전드릴, 전선릴, 임팩트드릴, 해머드릴, 드릴비트, 충전해머드릴, 드릴비트세트, 목공용드릴비트, SDS드릴비트, 철공용드릴비트, 로터리해머드릴, 콘크리트용드릴비트, 철공용드릴비트세트, 고무망치",충전드릴,,충전식(무선),,False,충전드릴,True
granite4.1:8b,"드릴(무선14,4V)",success,전동드릴,"전동드릴, 충전드릴, 전선릴, 임팩트드릴, 해머드릴, 드릴비트, 충전해머드릴, 드릴비트세트, 목공용드릴비트, 철공용드릴비트, SDS드릴비트, 로터리해머드릴, 철공용드릴비트세트, 콘크리트용드릴비트, 콘크리트드릴비트세트",충전드릴,,충전식(무선),,False,,
granite4.1:8b,드릴(유선),success,전동드릴,"전동드릴, 충전드릴, 전선릴, 임팩트드릴, 해머드릴, 드릴비트, 드릴비트세트, 충전해머드릴, 목공용드릴비트, 철공용드릴비트, SDS드릴비트, 로터리해머드릴, 콘크리트용드릴비트, 철공용드릴비트세트, 콘크리트드릴비트세트",전동드릴,,유선,,False,전동드릴,True
granite4.1:8b,드릴(충전),success,충전드릴,"충전드릴, 충전해머드릴, 전동드릴, 임팩트드릴, 해머드릴, 드릴비트, 충전임팩트드라이버, 드릴비트세트, 철공용드릴비트, SDS드릴비트, 목공용드릴비트, 로터리해머드릴, 철공용드릴비트세트, 콘크리트용드릴비트, 콘크리트드릴비트세트",충전드릴,,충전식,,False,,
granite4.1:8b,드릴공구,success,공구함,"공구함, 공구세트, 목공용드릴비트, 철공용드릴비트, 전동공구세트, 전동드릴, 드릴비트, 충전드릴, 공구함세트, 철공용드릴비트세트, 드릴비트세트, 임팩트드릴, 해머드릴, SDS드릴비트, 충전해머드릴",전동드릴,,,,False,,
granite4.1:8b,드릴기리세트,success,드릴비트세트,"드릴비트세트, 콘크리트드릴비트세트, 철공용드릴비트세트, 드릴비트, 콘크리트용드릴비트, 세트, 전동드릴, 기어렌치세트, SDS드릴비트, 임팩트드릴, 드라이버세트, 충전드릴, 목공용드릴비트, 철공용드릴비트, 로터리해머드릴",드라이버세트,,,,False,,
granite4.1:8b,드릴날 및 드라이버비트 생활공구피스세트,success,드릴비트세트,"드릴비트세트, 드라이버세트, 철공용드릴비트세트, 드릴비트, 철공용드릴비트, 목공용드릴비트, 정밀드라이버세트, 드라이버, 콘크리트드릴비트세트, 공구세트, SDS드릴비트, 콘크리트용드릴비트, 피스제거용비트, 전동공구세트, 공구함세트",드릴비트세트,,,,True,,
granite4.1:8b,드릴날세트,success,드릴비트세트,"드릴비트세트, 철공용드릴비트세트, 드릴비트, 콘크리트드릴비트세트, 전동드릴, 세트, 충전드릴, 임팩트드릴, 끌세트, SDS드릴비트, 철공용드릴비트, 목공용드릴비트, 드라이버세트, 해머드릴, 콘크리트용드릴비트",드릴비트세트,,,,True,,
granite4.1:8b,드릴날세트(SCORE),success,드릴비트세트,"드릴비트세트, SDS드릴비트, 철공용드릴비트세트, 드릴비트, 콘크리트드릴비트세트, 세트, 전동드릴, 임팩트드릴, 충전드릴, 끌세트, 드라이버세트, 철공용드릴비트, 목공용드릴비트, 해머드릴, 콘크리트용드릴비트",드라이버세트,,,,False,,
granite4.1:8b,드릴머신 1개,success,해머드릴,"해머드릴, 충전해머드릴, 드릴비트, 로터리해머드릴, 전동드릴, 충전드릴, 드릴비트세트, 임팩트드릴, SDS드릴비트, 목공용드릴비트, 철공용드릴비트, 콘크리트용드릴비트, 철공용드릴비트세트, 콘크리트드릴비트세트, T핸드드라이버",전동드릴,,,,False,,
granite4.1:8b,드릴비트,success,드릴비트,"드릴비트, 드릴비트세트, SDS드릴비트, 목공용드릴비트, 철공용드릴비트, 콘크리트용드릴비트, 콘크리트드릴비트세트, 철공용드릴비트세트, 비트세트, 임팩트드릴, 충전드릴, 전동드릴, 해머드릴, 피스제거용비트, 충전해머드릴",드릴비트,,,,False,,
granite4.1:8b,드릴비트 1개,success,드릴비트,"드릴비트, 드릴비트세트, SDS드릴비트, 목공용드릴비트, 철공용드릴비트, 콘크리트용드릴비트, 콘크리트드릴비트세트, 철공용드릴비트세트, 비트세트, 임팩트드릴, 충전드릴, 전동드릴, 해머드릴, 피스제거용비트, 충전해머드릴",드릴비트,,,,False,,
granite4.1:8b,드릴비트 세트,success,드릴비트세트,"드릴비트세트, 드릴비트, 콘크리트드릴비트세트, 철공용드릴비트세트, SDS드릴비트, 목공용드릴비트, 콘크리트용드릴비트, 철공용드릴비트, 비트세트, 세트, 드라이버세트, 끌세트, 탭세트, 임팩트드릴, 공구세트",드릴비트세트,,,,False,드릴비트세트,True
granite4.1:8b,드릴비트 세트(대)(50pcs),success,드릴비트세트,"드릴비트세트, 드릴비트, 콘크리트드릴비트세트, 철공용드릴비트세트, SDS드릴비트, 목공용드릴비트, 철공용드릴비트, 콘크리트용드릴비트, 비트세트, 세트, 드라이버세트, 끌세트, 임팩트드릴, 탭세트, 공구세트",드릴비트세트,,,,False,,
granite4.1:8b,드릴비트 세트(중)(33pcs),success,드릴비트세트,"드릴비트세트, 드릴비트, 콘크리트드릴비트세트, 철공용드릴비트세트, SDS드릴비트, 목공용드릴비트, 철공용드릴비트, 콘크리트용드릴비트, 비트세트, 세트, 끌세트, 드라이버세트, 탭세트, 임팩트드릴, 공구세트",드릴비트세트,,,,False,,
granite4.1:8b,드릴비트 파우치 세트,success,드릴비트세트,"드릴비트세트, 드릴비트, 콘크리트드릴비트세트, 철공용드릴비트세트, SDS드릴비트, 목공용드릴비트, 철공용드릴비트, 콘크리트용드릴비트, 비트세트, 볼렌치세트, 세트, 드라이버세트, T렌치세트, 탭세트, 별렌치세트",드릴비트세트,,,,False,,
granite4.1:8b,드릴비트(box),success,드릴비트,"드릴비트, 드릴비트세트, SDS드릴비트, 목공용드릴비트, 철공용드릴비트, 콘크리트용드릴비트, 콘크리트드릴비트세트, 철공용드릴비트세트, 비트세트, 임팩트드릴, 충전드릴, 전동드릴, 해머드릴, 피스제거용비트, 충전해머드릴",드릴비트,,,,False,,
granite4.1:8b,드릴비트(기리세트),success,드릴비트세트,"드릴비트세트, 드릴비트, 콘크리트드릴비트세트, 철공용드릴비트세트, 콘크리트용드릴비트, SDS드릴비트, 목공용드릴비트, 철공용드릴비트, 비트세트, 세트, 드라이버세트, 끌세트, 임팩트드릴, 기어렌치세트, 탭세트",드릴비트세트,,,,False,,
granite4.1:8b,드릴비트세트,success,드릴비트세트,"드릴비트세트, 드릴비트, 콘크리트드릴비트세트, 철공용드릴비트세트, 비트세트, SDS드릴비트, 목공용드릴비트, 콘크리트용드릴비트, 철공용드릴비트, 세트, 드라이버세트, 끌세트, 임팩트드릴, 탭세트, 다이스세트",드릴비트세트,,,,False,드릴비트세트,True
granite4.1:8b,드릴비트세트,success,드릴비트세트,"드릴비트세트, 드릴비트, 콘크리트드릴비트세트, 철공용드릴비트세트, 비트세트, SDS드릴비트, 목공용드릴비트, 콘크리트용드릴비트, 철공용드릴비트, 세트, 드라이버세트, 끌세트, 임팩트드릴, 탭세트, 다이스세트",드릴비트세트,,,,False,드릴비트세트,True
granite4.1:8b,드릴비트세트다목적,success,드릴비트세트,"드릴비트세트, 드릴비트, 철공용드릴비트세트, 콘크리트드릴비트세트, 목공용드릴비트, 다목적가위, SDS드릴비트, 비트세트, 철공용드릴비트, 콘크리트용드릴비트, 다이스세트, 세트, 드라이버세트, 끌세트, 임팩트드릴",드릴비트세트,,,,False,,
granite4.1:8b,드릴비트셋3개,success,드릴비트세트,"드릴비트세트, 드릴비트, SDS드릴비트, 목공용드릴비트, 콘크리트드릴비트세트, 철공용드릴비트세트, 철공용드릴비트, 콘크리트용드릴비트, 비트세트, 임팩트드릴, 전동드릴, 충전드릴, 해머드릴, 충전해머드릴, 피스제거용비트",드릴비트세트,,,,False,,
granite4.1:8b,드릴비트셋트 2개,success,드릴비트세트,"드릴비트세트, 드릴비트, SDS드릴비트, 콘크리트드릴비트세트, 목공용드릴비트, 철공용드릴비트세트, 콘크리트용드릴비트, 철공용드릴비트, 비트세트, 임팩트드릴, 전동드릴, 충전드릴, 피스제거용비트, 드라이버세트, 해머드릴",드릴비트세트,,,,False,,
granite4.1:8b,드릴세트,success,드릴비트세트,"드릴비트세트, 콘크리트드릴비트세트, 철공용드릴비트세트, 드릴비트, 세트, 전동드릴, 끌세트, 임팩트드릴, 충전드릴, 드라이버세트, SDS드릴비트, 해머드릴, 목공용드릴비트, 탭세트, 철공용드릴비트",드라이버세트,,,,False,,
granite4.1:8b,드릴세트 13pcs,success,드릴비트세트,"드릴비트세트, 철공용드릴비트세트, 콘크리트드릴비트세트, 드릴비트, 임팩트드릴, 전동드릴, 세트, 충전드릴, 끌세트, 해머드릴, SDS드릴비트, 목공용드릴비트, 철공용드릴비트, 드라이버세트, 공구세트",드라이버세트,,,,False,,
granite4.1:8b,드릴세트 2개,success,드릴비트세트,"드릴비트세트, 콘크리트드릴비트세트, 철공용드릴비트세트, 드릴비트, 세트, 전동드릴, 임팩트드릴, 충전드릴, 끌세트, 해머드릴, 드라이버세트, 공구세트, 목공용드릴비트, SDS드릴비트, 철공용드릴비트",드릴비트세트,,,,True,,
granite4.1:8b,드릴용 드라이버,success,드라이버,"드라이버, 양용드라이버, 전동드라이버, 드라이버세트, T핸드드라이버, 임팩트드라이버, 정밀드라이버세트, 충전임팩트드라이버, 전동드릴, 철공용드릴비트, 목공용드릴비트, 드릴비트, 충전드릴, 콘크리트용드릴비트, 임팩트드릴",전동드라이버,,,,False,,
granite4.1:8b,드릴용 양용 드라이버,success,양용드라이버,"양용드라이버, 드라이버, 전동드라이버, 드라이버세트, T핸드드라이버, 철공용드릴비트, 임팩트드라이버, 목공용드릴비트, 정밀드라이버세트, 충전임팩트드라이버, 콘크리트용드릴비트, 충전드릴, 철공용드릴비트세트, 전동드릴, 드릴비트",양용드라이버,,,,False,,
granite4.1:8b,드릴촉,success,드릴비트,"드릴비트, 전동드릴, 드릴비트세트, 임팩트드릴, 충전드릴, 해머드릴, SDS드릴비트, 철공용드릴비트, 목공용드릴비트, 충전해머드릴, 콘크리트용드릴비트, 로터리해머드릴, 철공용드릴비트세트, 콘크리트드릴비트세트, 전선릴",드릴비트,,,,False,,
granite4.1:8b,드릴프레스(13MM),success,에어컴프레서,"에어컴프레서, 드릴비트, 전동드릴, 충전드릴, 해머드릴, 임팩트드릴, 드릴비트세트, 철공용드릴비트, SDS드릴비트, 목공용드릴비트, 충전해머드릴, 콘크리트용드릴비트, 철공용드릴비트세트, 스크레퍼, 콘크리트드릴비트세트",전동드릴,,,13MM,False,,
granite4.1:8b,등대기톱 1개,success,톱,"톱, 대패, 쇠톱, 원형톱, 쇠지렛대, 접톱, 전정톱, 테이블톱, 석고대패, 목공톱, LED손전등, LED작업등, 목공용접톱, 왕복톱(레시프로쏘), 수평기",목공용접톱,,,,False,,
granite4.1:8b,등대긴톱(목공톱),success,목공톱,"목공톱, 목공용접톱, 목공줄, 쇠톱, 톱, 테이블톱, 전정톱, 원형톱, 접톱, 왕복톱(레시프로쏘), 목공용드릴비트, 대패, 쇠지렛대, 석고대패, 다목적가위",목공톱,,,,False,,
granite4.1:8b,등산스틱,success,글루스틱,"글루스틱, LED손전등, 전자산업용니퍼, LED작업등, 와이어스트리퍼, 방진마스크, 다이스세트, 스크레퍼, 버니어캘리퍼스, 바이스그립플라이어, 편구스패너, 가스토치, 사다리, 스패너세트, 스패너",사다리,,,,False,,
granite4.1:8b,등산용 아이젠 대,success,전자산업용니퍼,"전자산업용니퍼, 대패, 다이아고날플라이어, 쇠지렛대, 석고대패, 양용드라이버, LED손전등, LED작업등, 목공용접톱, 피스제거용비트, 철공용드릴비트, 철공용드릴비트세트, 다이스세트, 목공용드릴비트, 점프케이블",대패,,,,False,,
granite4.1:8b,등산용 아이젠 소,success,전자산업용니퍼,"전자산업용니퍼, 직소기, 다이아고날플라이어, 소켓렌치세트, 양용드라이버, LED손전등, LED작업등, 피스제거용비트, 스프링배관청소기, 목공용접톱, 철공용드릴비트, 철공용드릴비트세트, 목공용드릴비트, 테이블톱, 점프케이블",전자산업용니퍼,,,,True,,
granite4.1:8b,등산용 아이젠 중,success,전자산업용니퍼,"전자산업용니퍼, 다이아고날플라이어, 양용드라이버, LED손전등, LED작업등, 피스제거용비트, 목공용접톱, 철공용드릴비트, 철공용드릴비트세트, 점프케이블, 다이스세트, 목공용드릴비트, 플라이어세트, 플라이어, 플라이어렌치",전자산업용니퍼,,,,True,,
granite4.1:8b,디럭스 공구세트,success,공구세트,"공구세트, 전동공구세트, 공구함세트, 공구함, 다이스세트, 세트, 드라이버세트, 스패너세트, 철공용드릴비트세트, 탭세트, 드릴비트세트, 끌세트, 정밀드라이버세트, 플라이어세트, 육각렌치세트",공구세트,,,,False,,
granite4.1:8b,디스크 그라인다4,success,앵글그라인더,"앵글그라인더, 스크레퍼, 방진마스크, 다이스세트, 바이스그립플라이어, 그립망치, 디지털수평기, 다이아고날플라이어, 전기인두, 글루스틱, 사다리, 스냅링플라이어, 다림추, A형사다리, 토크렌치",앵글그라인더,,,,False,,
granite4.1:8b,디스크 그라인더,success,앵글그라인더,"앵글그라인더, 스크레퍼, 샌더, 바이스그립플라이어, 디지털수평기, 방진마스크, 그립망치, 스냅링플라이어, 드라이버, 전동드라이버, 와이어스트리퍼, 콘크리트니퍼, 글루스틱, 플라이어, 플라이어렌치",앵글그라인더,,,,False,앵글그라인더,True
granite4.1:8b,디스크그라인더,success,앵글그라인더,"앵글그라인더, 스크레퍼, 바이스그립플라이어, 샌더, 디지털수평기, 방진마스크, 그립망치, 스냅링플라이어, 드라이버, 다이스세트, 콘크리트니퍼, 다이아고날플라이어, 와이어스트리퍼, 플라이어, 전동드라이버",앵글그라인더,,,,False,,
granite4.1:8b,디스크샌더페파(100방),success,샌더,"샌더, 방진마스크, 스크레퍼, 파이프렌치, 디지털수평기, 스패너세트, 편구스패너, 스패너, 카운터싱크, 콘크리트니퍼, 다이스세트, 와이어스트리퍼, 스냅링플라이어, 버니어캘리퍼스, 앵글그라인더",샌더,,,,False,,
granite4.1:8b,디스크샌더페파(240방),success,샌더,"샌더, 방진마스크, 스크레퍼, 디지털수평기, 파이프렌치, 스패너세트, 스패너, 카운터싱크, 콘크리트니퍼, 편구스패너, 앵글그라인더, 스냅링플라이어, 와이어스트리퍼, 다이스세트, 토크렌치",샌더,,,,False,,
granite4.1:8b,디월트,success,디지털수평기,"디지털수평기, 드릴비트, 드릴비트세트, 비트세트, 콘크리트드릴비트세트, 세트, SDS드릴비트, 핸드카트, 다이스세트, 볼트컷터, 콘크리트용드릴비트, 임팩트드릴, 끌세트, 탭세트, 철공용드릴비트세트",디지털수평기,디월트(DeWalt),,,True,,
granite4.1:8b,디월트 DCD709L2,success,LED작업등,"LED작업등, LED손전등, LED투광기, SDS드릴비트, 디지털수평기, PVC컷터, 드릴비트세트, 콘크리트드릴비트세트, 콘크리트용드릴비트, 다이스세트, 드릴비트, 핸드카트, 목공용드릴비트, 철공용드릴비트세트, 육각렌치세트",드릴비트세트,디월트(DeWalt),,,False,충전드릴,False
granite4.1:8b,디월트 공구함세트,success,공구함세트,"공구함세트, 공구함, 공구세트, 전동공구세트, 철공용드릴비트세트, 세트, 드릴비트세트, 탭세트, 콘크리트드릴비트세트, 다이스세트, 비트세트, 스패너세트, 드라이버세트, 끌세트, 볼렌치세트",공구함세트,디월트(DeWalt),,,False,공구함세트,True
granite4.1:8b,디월트 전동드릴(전화 문의),success,전동드릴,"전동드릴, 전동드라이버, 충전드릴, 임팩트드릴, 전동압착기, 전동공구세트, 전동타카, 드릴비트, 충전해머드릴, SDS드릴비트, 드릴비트세트, 전선릴, 목공용드릴비트, 철공용드릴비트, 콘크리트용드릴비트",전동드릴,디월트(DeWalt),,,False,전동드릴,True
granite4.1:8b,디월트 타카,success,타카,"타카, 전동타카, 손타카, 건타카, 타카핀, 에어타카, 핸드카트, 타일컷터, 디지털수평기, 드릴비트, 카운터싱크, 드릴비트세트, 비트세트, SDS드릴비트, 임팩트드라이버",타카,디월트(DeWalt),,,False,건타카,False
granite4.1:8b,디지메틱켈퍼 1개,success,디지털수평기,"디지털수평기, 니퍼, 글루스틱, 강력니퍼, 스크레퍼, 버니어캘리퍼스, 열화상카메라, 전자산업용니퍼, 콘크리트니퍼, 와이어스트리퍼, 쇠지렛대, 앤드컷팅니퍼, 전지가위, 고지가위, 클램프미터",니퍼,,,,False,,
granite4.1:8b,디지털 멀티미터,success,디지털수평기,"디지털수평기, 멀티테스터, 클램프미터, 쇠지렛대, SDS드릴비트, 전지가위, 카운터싱크, 커터, 케이블컷터, 볼트컷터, 고지가위, 드릴비트세트, 타일컷터, 드릴비트, PVC컷터",멀티테스터,,,,False,,
granite4.1:8b,디지털멀티메타,success,디지털수평기,"디지털수평기, 멀티테스터, 건타카, 열화상카메라, SDS드릴비트, 에어타카, 전동타카, 타카, 전지가위, 드릴비트, 쇠지렛대, 손타카, 드릴비트세트, 드라이버, 고지가위",멀티테스터,,,,False,,
granite4.1:8b,디지털소음계,success,디지털수평기,"디지털수평기, 적외선온도계, 직소기, 소켓렌치세트, SDS드릴비트, 쇠지렛대, 전지가위, 스프링배관청소기, 고지가위, 다이스세트, 라돈측정기, 다이아고날플라이어, 드릴비트세트, 카운터싱크, 클램프미터",적외선온도계,,,,False,,
granite4.1:8b,디지털염도계,success,디지털수평기,"디지털수평기, 적외선온도계, 도끼, 장도리, 전지가위, 쇠지렛대, 고지가위, 라돈측정기, 충전해머드릴, SDS드릴비트, 열화상카메라, 다이스세트, 다이아고날플라이어, 열풍기, 드릴비트세트",적외선온도계,,,,False,,
granite4.1:8b,디지털클램프,success,F클램프,"F클램프, 클램프미터, 디지털수평기, 자전거펌프, 점프케이블, 에어펌프, 워터펌프플라이어, 안전로프, 다이아고날플라이어, 드릴비트, SDS드릴비트, 쇠지렛대, 파이프렌치, 스냅링플라이어, 임팩트드릴",F클램프,,,,False,,
granite4.1:8b,디지털테스터기,success,디지털수평기,"디지털수평기, 멀티테스터, 직소기, 라돈측정기, 다이스세트, 검전기, 테이블톱, 열풍기, 고압세척기, 송풍기, 고속절단기, 쇠지렛대, 레이저거리측정기, 커터, 타일컷터",멀티테스터,,,,False,,
granite4.1:8b,땜납,success,납볼망치,"납볼망치, 대패, 전동압착기, 쇠톱, 카운터싱크, 케이블컷터, 사다리, 쇠지렛대, 전동드릴, 접톱, 콘크리트니퍼, 배터리팩, 도끼, 타일컷터, 목공톱",납볼망치,,,,False,,
granite4.1:8b,라돈기,success,라돈측정기,"라돈측정기, 직소기, 검전기, 수평기, 레이저거리측정기, 레이저수평기, 열풍기, 라쳇렌치세트, 전동압착기, 냉동라쳇렌치, 고속절단기, 송풍기, LED투광기, 고압세척기, 전기인두",라돈측정기,,,,False,,
granite4.1:8b,라돈측정기,success,라돈측정기,"라돈측정기, 레이저거리측정기, 레이저수평기, 전정톱, 정밀드라이버세트, 검전기, 적외선온도계, 라쳇렌치세트, 전동압착기, 냉동라쳇렌치, 열풍기, 직소기, 고속절단기, LED투광기, 고압세척기",라돈측정기,,,,False,라돈측정기,True
granite4.1:8b,라디오 펜치,success,펜치,"펜치, 렌치, 플라이어렌치, 라쳇렌치세트, 냉동라쳇렌치, 망치, 만능렌치, 몽키렌치, 토크렌치, 핀펀치, 별렌치세트, 옵셋렌치, 소켓렌치세트, 육각렌치, 파이프렌치",펜치,,,,False,,
granite4.1:8b,라디오펜지,success,펜치,"펜치, 디지털수평기, 전지가위, 쇠지렛대, 고지가위, 라쳇렌치세트, 라돈측정기, 냉동라쳇렌치, 플라이어렌치, 렌치, 앵글그라인더, 플라이어, 드라이버, 스냅링플라이어, 토크렌치",플라이어,,,,False,,
granite4.1:8b,라디오펜찌,success,펜치,"펜치, 디지털수평기, 라쳇렌치세트, 냉동라쳇렌치, 플라이어렌치, 라돈측정기, 렌치, 드라이버, 플라이어, 앵글그라인더, 스냅링플라이어, 드라이버세트, 열화상카메라, 플라이어세트, 정밀드라이버세트",플라이어,,,,False,,
granite4.1:8b,라디오펜치,success,펜치,"펜치, 렌치, 라쳇렌치세트, 냉동라쳇렌치, 플라이어렌치, 몽키렌치, 토크렌치, 만능렌치, 소켓렌치세트, 망치, 별렌치세트, 육각렌치, 파이프렌치, 옵셋렌치, 핀펀치",펜치,,,,False,,
granite4.1:8b,라디오펜치(6#),success,펜치,"펜치, 렌치, 라쳇렌치세트, 냉동라쳇렌치, 플라이어렌치, 육각렌치, 몽키렌치, 망치, 별렌치세트, 만능렌치, 옵셋렌치, 토크렌치, 소켓렌치세트, 핀펀치, 육각렌치세트",펜치,,,,False,,
granite4.1:8b,라인칼라드라이버 4개,success,드라이버,"드라이버, 전동드라이버, 드라이버세트, 양용드라이버, 임팩트드라이버, T핸드드라이버, 충전임팩트드라이버, 정밀드라이버세트, 앵글그라인더, 플라이어, 롱노즈플라이어, 플라이어세트, 플라이어렌치, 다이아고날플라이어, 스냅링플라이어",드라이버세트,,,,False,,
granite4.1:8b,라챗핸들(3/8인치),success,핸드카트,"핸드카트, T핸드드라이버, 앵글그라인더, 라쳇렌치세트, 냉동라쳇렌치, 전기인두, 플라이어렌치, 렌치, 옵셋렌치, 육각렌치, 망치, 라돈측정기, 펜치, 만능렌치, 센터펀치",핸드카트,,,3/8인치,True,,
granite4.1:8b,라체트,success,라쳇렌치세트,"라쳇렌치세트, 드라이버세트, 플라이어세트, 임팩트드라이버, 정밀드라이버세트, 냉동라쳇렌치, 비트세트, 라돈측정기, 세트, 충전임팩트드라이버, 드라이버, 플라이어, 끌세트, 탭세트, 드릴비트세트",드라이버,,,,False,,
granite4.1:8b,라체트드라이버,success,드라이버,"드라이버, 임팩트드라이버, 드라이버세트, 전동드라이버, 충전임팩트드라이버, T핸드드라이버, 양용드라이버, 정밀드라이버세트, 라쳇렌치세트, 플라이어, 플라이어세트, 임팩트드릴, 롱노즈플라이어, 냉동라쳇렌치, 플라이어렌치",라쳇렌치세트,,,,False,,
granite4.1:8b,라쳇 렌치 소켓 세트,success,소켓렌치세트,"소켓렌치세트, 라쳇렌치세트, 냉동라쳇렌치, 조합렌치세트, 별렌치세트, 육각렌치세트, 기어렌치세트, 볼렌치세트, T렌치세트, 렌치, 옵셋렌치, 세트, 만능렌치, 육각렌치, 공구세트",라쳇렌치세트,,,,False,,
granite4.1:8b,라쳇드라이버 세트,success,드라이버세트,"드라이버세트, 라쳇렌치세트, 정밀드라이버세트, 드라이버, 전동드라이버, 임팩트드라이버, 양용드라이버, T핸드드라이버, 충전임팩트드라이버, 냉동라쳇렌치, 플라이어세트, 세트, 공구세트, 드릴비트세트, 소켓렌치세트",라쳇렌치세트,,,,False,,
granite4.1:8b,라쳇드라이버세트,success,드라이버세트,"드라이버세트, 라쳇렌치세트, 정밀드라이버세트, 드라이버, 전동드라이버, 임팩트드라이버, 양용드라이버, T핸드드라이버, 냉동라쳇렌치, 충전임팩트드라이버, 플라이어세트, 세트, 드릴비트세트, 소켓렌치세트, 공구세트",라쳇렌치세트,,,,False,,
granite4.1:8b,라쳇렌치,success,라쳇렌치세트,"라쳇렌치세트, 냉동라쳇렌치, 렌치, 옵셋렌치, 만능렌치, 육각렌치, 플라이어렌치, 소켓렌치세트, 볼렌치, 토크렌치, 별렌치세트, 조합렌치세트, 몽키렌치, 육각렌치세트, 볼렌치세트",라쳇렌치세트,,,,False,,
granite4.1:8b,라쳇세트3개,success,라쳇렌치세트,"라쳇렌치세트, 냉동라쳇렌치, 세트, 공구세트, 탭세트, 플라이어세트, 끌세트, 비트세트, 공구함세트, 소켓렌치세트, 드라이버세트, T렌치세트, 전동공구세트, 스패너세트, 조합렌치세트",라쳇렌치세트,,,,False,,
granite4.1:8b,라쳇소켓세트,success,소켓렌치세트,"소켓렌치세트, 라쳇렌치세트, 냉동라쳇렌치, 세트, 공구세트, 비트세트, 공구함세트, 탭세트, 플라이어세트, 드라이버세트, 전동공구세트, T렌치세트, 조합렌치세트, 끌세트, 스패너세트",라쳇렌치세트,,,,False,,
granite4.1:8b,라쳇핸들 1개,success,라쳇렌치세트,"라쳇렌치세트, 냉동라쳇렌치, 핸드카트, T핸드드라이버, 라돈측정기, 플라이어렌치, 드라이버, 플라이어, 플라이어세트, 앵글그라인더, 롱노즈플라이어, 드라이버세트, 로터리해머드릴, 전동드라이버, 스냅링플라이어",라쳇렌치세트,,,,False,,
granite4.1:8b,"라쳇핸들(6,35mm)",success,라쳇렌치세트,"라쳇렌치세트, 냉동라쳇렌치, 핸드카트, T핸드드라이버, 라돈측정기, 플라이어렌치, 드라이버, 롱노즈플라이어, 플라이어, 앵글그라인더, 플라이어세트, 드라이버세트, 전동드라이버, 양용드라이버, 옵셋렌치",라쳇렌치세트,,,6.35mm,False,,
granite4.1:8b,라쳇핸들(6.35mm),success,라쳇렌치세트,"라쳇렌치세트, 냉동라쳇렌치, 핸드카트, T핸드드라이버, 라돈측정기, 플라이어렌치, 드라이버, 롱노즈플라이어, 플라이어, 앵글그라인더, 드라이버세트, 플라이어세트, 전동드라이버, 양용드라이버, 옵셋렌치",라쳇렌치세트,,,6.35mm,True,,
granite4.1:8b,락킹 플라이어,success,플라이어,"플라이어, 스냅링플라이어, 플라이어세트, 플라이어렌치, 롱노즈플라이어, 굽은노즈플라이어, 워터펌프플라이어, 바이스그립플라이어, 다이아고날플라이어, 드라이버, 와이어스트리퍼, T핸드드라이버, 양용드라이버, 전동드라이버, 충전임팩트드라이버",플라이어,,,,False,바이스그립플라이어,False
granite4.1:8b,락킹플라이어,success,플라이어,"플라이어, 스냅링플라이어, 롱노즈플라이어, 플라이어세트, 플라이어렌치, 워터펌프플라이어, 굽은노즈플라이어, 바이스그립플라이어, 다이아고날플라이어, 와이어스트리퍼, 드라이버, 양용드라이버, T핸드드라이버, 충전임팩트드라이버, 임팩트드라이버",플라이어,,,,False,,
granite4.1:8b,락킹플라이어,success,플라이어,"플라이어, 스냅링플라이어, 롱노즈플라이어, 플라이어세트, 플라이어렌치, 워터펌프플라이어, 굽은노즈플라이어, 바이스그립플라이어, 다이아고날플라이어, 와이어스트리퍼, 드라이버, 양용드라이버, T핸드드라이버, 충전임팩트드라이버, 임팩트드라이버",플라이어,,,,False,,
granite4.1:8b,락킹플라이어 롱노우즈형,success,롱노즈플라이어,"롱노즈플라이어, 굽은노즈플라이어, 플라이어, 스냅링플라이어, 플라이어세트, 플라이어렌치, 워터펌프플라이어, 다이아고날플라이어, 바이스그립플라이어, 원형톱, 와이어스트리퍼, 양용드라이버, 드라이버, T핸드드라이버, 충전임팩트드라이버",롱노즈플라이어,,,,False,,
granite4.1:8b,래칫스크루드라이버세트,success,드라이버세트,"드라이버세트, 정밀드라이버세트, 드라이버, 임팩트드라이버, T핸드드라이버, 전동드라이버, 양용드라이버, 충전임팩트드라이버, 라쳇렌치세트, 플라이어세트, 스크레퍼, 소켓렌치세트, 콘크리트드릴비트세트, 다이스세트, 드릴비트세트",드라이버세트,,,,False,,
granite4.1:8b,랜턴,success,렌치,"렌치, 라쳇렌치세트, 샌더, 플라이어렌치, 냉동라쳇렌치, 라돈측정기, 카운터싱크, 옵셋렌치, 로터리해머드릴, 만능렌치, 볼렌치, 앵글그라인더, 토크렌치, 레이저거리측정기, 드라이버",렌치,,,,False,LED손전등,False
granite4.1:8b,랜턴(충전식),success,충전드릴,"충전드릴, 충전해머드릴, 충전임팩트드라이버, 전정톱, 검전기, 전동압착기, LED손전등, 전지가위, 전기인두, 전동타카, 자전거펌프, 전선릴, 렌치, 배터리팩, 안전장갑",LED손전등,,충전식,,False,,
granite4.1:8b,랜턴(충전용),success,충전드릴,"충전드릴, 충전해머드릴, 충전임팩트드라이버, 전자산업용니퍼, 전정톱, 검전기, 양용드라이버, LED손전등, 자전거펌프, 목공용접톱, 전기인두, 전동압착기, 전지가위, 전동타카, 전선릴",LED손전등,,충전식,,False,,
granite4.1:8b,러그 캠핑릴선 초슬림 4구 접지 코드릴 연장작업선,success,전선릴,"전선릴, LED작업등, 충전드릴, 전동드릴, 드릴비트, 임팩트드릴, 해머드릴, 충전해머드릴, 철공용드릴비트, 드릴비트세트, 목공용드릴비트, 적외선온도계, SDS드릴비트, 접톱, 로터리해머드릴",전선릴,,,,False,,
granite4.1:8b,러비더비(종치기),success,드릴비트,"드릴비트, 샌더, 모종삽, 비트세트, 드릴비트세트, SDS드릴비트, 철공용드릴비트, 목공용드릴비트, 피스제거용비트, 앵글그라인더, 콘크리트용드릴비트, 기어렌치세트, 콘크리트드릴비트세트, 철공용드릴비트세트, 렌치",피스제거용비트,,,,False,,
granite4.1:8b,레녹스 쇠톱대 12,success,쇠톱,"쇠톱, 쇠지렛대, 왕복톱(레시프로쏘), 접톱, 테이블톱, 톱, 스크레퍼, 원형톱, 대패, 전정톱, 목공톱, 목공용접톱, 석고대패, 레이저수평기, 가스토치",쇠톱,,,,False,,
granite4.1:8b,레이저 거리 측정기,success,레이저거리측정기,"레이저거리측정기, 레이저수평기, 라돈측정기, 정밀드라이버세트, 플라이어렌치, 적외선온도계, 기어렌치세트, 와이어스트리퍼, 스크레퍼, 플라이어, 수평기, 에어컴프레서, LED투광기, 전동압착기, 열풍기",레이저거리측정기,,,,False,,
granite4.1:8b,레이저 거리측정기,success,레이저거리측정기,"레이저거리측정기, 라돈측정기, 레이저수평기, 정밀드라이버세트, 플라이어렌치, 적외선온도계, 와이어스트리퍼, 기어렌치세트, 플라이어, 에어컴프레서, 검전기, 스크레퍼, 수평기, 롱노즈플라이어, LED투광기",레이저거리측정기,,,,False,,
granite4.1:8b,레이저 레벨기,success,레이저수평기,"레이저수평기, 레이저거리측정기, 스크레퍼, 라돈측정기, 에어컴프레서, 기어렌치세트, 왕복톱(레시프로쏘), 수평기, 플라이어렌치, 라쳇렌치세트, 렌치, 적외선온도계, 열풍기, 디지털수평기, LED투광기",레이저수평기,,,,False,,
granite4.1:8b,레이저 범위 측정기,success,레이저거리측정기,"레이저거리측정기, 레이저수평기, 라돈측정기, 정밀드라이버세트, 기어렌치세트, 전정톱, 플라이어렌치, 전지가위, 적외선온도계, 다목적가위, 디지털수평기, 스크레퍼, 수평기, 라쳇렌치세트, 검전기",레이저거리측정기,,,,False,,
granite4.1:8b,레이저 수평계,success,레이저수평기,"레이저수평기, 수평기, 레이저거리측정기, 디지털수평기, 적외선온도계, 스크레퍼, 에어컴프레서, 플라이어렌치, 라돈측정기, 플라이어, 스냅링플라이어, 왕복톱(레시프로쏘), 바이스그립플라이어, 옵셋렌치, 플라이어세트",레이저수평기,,,,False,,
granite4.1:8b,레이저 줄자,success,줄자,"줄자, 레이저수평기, 레이저거리측정기, 목공줄, 직각자, 스크레퍼, 플라이어렌치, 플라이어, 에어컴프레서, 라돈측정기, 드라이버, 케이블컷터, 자전거펌프, 롱노즈플라이어, 플라이어세트",레이저수평기,,,,False,,
granite4.1:8b,레이저 측정기,success,레이저거리측정기,"레이저거리측정기, 레이저수평기, 라돈측정기, 적외선온도계, 기어렌치세트, 정밀드라이버세트, 수평기, 플라이어렌치, 디지털수평기, 직소기, 검전기, 전동압착기, 에어컴프레서, 고압세척기, 스크레퍼",레이저거리측정기,,,,False,,
granite4.1:8b,레이저거리측정기,success,레이저거리측정기,"레이저거리측정기, 라돈측정기, 레이저수평기, 정밀드라이버세트, 플라이어렌치, 적외선온도계, 와이어스트리퍼, 검전기, 기어렌치세트, 전정톱, 전동압착기, LED투광기, 직소기, 수평기, 고속절단기",레이저거리측정기,,,,False,,
granite4.1:8b,"레이저레벨기(수평기),삼각대",success,레이저수평기,"레이저수평기, 수평기, 레이저거리측정기, 디지털수평기, 라돈측정기, 육각렌치, 스크레퍼, 육각렌치세트, 직소기, 직각자, 왕복톱(레시프로쏘), LED투광기, 열풍기, 전동압착기, 고압세척기",레이저수평기,,,,False,,
granite4.1:8b,레이저줄자,success,줄자,"줄자, 레이저수평기, 레이저거리측정기, 목공줄, 직각자, 플라이어렌치, 스크레퍼, 플라이어, 라쳇렌치세트, 에어컴프레서, 롱노즈플라이어, 케이블컷터, 렌치, 라돈측정기, 왕복톱(레시프로쏘)",레이저수평기,,,,False,,
granite4.1:8b,레이저측정기,success,레이저거리측정기,"레이저거리측정기, 라돈측정기, 레이저수평기, 검전기, 정밀드라이버세트, 적외선온도계, 수평기, 전정톱, 직소기, 기어렌치세트, 에어컴프레서, 플라이어렌치, 열풍기, 전동압착기, 송풍기",레이저거리측정기,,,,False,,
granite4.1:8b,레이져거리측정기,success,레이저거리측정기,"레이저거리측정기, 라돈측정기, 레이저수평기, 정밀드라이버세트, 기어렌치세트, 와이어스트리퍼, 플라이어렌치, 수평기, 검전기, 직소기, 전동압착기, 전정톱, 스크레퍼, 고속절단기, 에어컴프레서",레이저거리측정기,,,,False,,
granite4.1:8b,레이져거리측정기,success,레이저거리측정기,"레이저거리측정기, 라돈측정기, 레이저수평기, 정밀드라이버세트, 기어렌치세트, 와이어스트리퍼, 플라이어렌치, 수평기, 검전기, 직소기, 전동압착기, 전정톱, 스크레퍼, 고속절단기, 에어컴프레서",레이저거리측정기,,,,False,,
granite4.1:8b,레져용 구명조끼,success,도끼,"도끼, 조합렌치세트, 공구함, 공구세트, 스크레퍼, 레이저수평기, 공구함세트, 에어컴프레서, 레이저거리측정기, 편구스패너, 전동공구세트, 왕복톱(레시프로쏘), 목공용접톱, 양용드라이버, 피스제거용비트",도끼,,,,True,,
granite4.1:8b,렌찌(set) 링타입(일제),success,타일컷터,"타일컷터, 렌치, 별렌치세트, 라쳇렌치세트, 소켓렌치세트, 볼렌치세트, 기어렌치세트, 조합렌치세트, 타카, 육각렌치세트, 피스제거용비트, T렌치세트, 옵셋렌치, 스냅링플라이어, 육각렌치",소켓렌치세트,,,,False,,
granite4.1:8b,렌치,success,렌치,"렌치, 만능렌치, 옵셋렌치, 볼렌치, 육각렌치, 토크렌치, 몽키렌치, 별렌치세트, 라쳇렌치세트, 플라이어렌치, 볼렌치세트, 냉동라쳇렌치, 소켓렌치세트, T렌치세트, 조합렌치세트",렌치,,,,False,,
granite4.1:8b,렌치 SET,success,렌치,"렌치, T렌치세트, 별렌치세트, 라쳇렌치세트, 소켓렌치세트, 옵셋렌치, 조합렌치세트, 볼렌치세트, 만능렌치, 육각렌치세트, 기어렌치세트, 육각렌치, 볼렌치, 몽키렌치, 토크렌치",소켓렌치세트,,,,False,,
granite4.1:8b,렌치 세트 접육각 21171,success,육각렌치세트,"육각렌치세트, 육각렌치, 별렌치세트, 라쳇렌치세트, 조합렌치세트, 기어렌치세트, 소켓렌치세트, T렌치세트, 볼렌치세트, 렌치, 만능렌치, 옵셋렌치, 냉동라쳇렌치, 세트, 플라이어렌치",소켓렌치세트,,,접육각 21171,False,,
granite4.1:8b,렌치 세트 접육각 21172,success,육각렌치세트,"육각렌치세트, 육각렌치, 별렌치세트, 라쳇렌치세트, 조합렌치세트, 소켓렌치세트, 기어렌치세트, T렌치세트, 볼렌치세트, 렌치, 만능렌치, 옵셋렌치, 냉동라쳇렌치, 세트, 플라이어렌치",소켓렌치세트,,,접육각 21172,False,,
granite4.1:8b,렌치(41mm),success,렌치,"렌치, 만능렌치, 옵셋렌치, 육각렌치, 볼렌치, 몽키렌치, 별렌치세트, 토크렌치, 냉동라쳇렌치, 플라이어렌치, 라쳇렌치세트, 소켓렌치세트, 조합렌치세트, 육각렌치세트, 볼렌치세트",육각렌치세트,,,41mm,False,,
granite4.1:8b,렌치(44mm),success,렌치,"렌치, 만능렌치, 옵셋렌치, 육각렌치, 볼렌치, 몽키렌치, 별렌치세트, 토크렌치, 냉동라쳇렌치, 라쳇렌치세트, 육각렌치세트, 조합렌치세트, 플라이어렌치, 소켓렌치세트, 볼렌치세트",육각렌치,,,44mm,False,,
granite4.1:8b,렌치류,success,렌치,"렌치, 만능렌치, 육각렌치, 옵셋렌치, 볼렌치, 별렌치세트, 몽키렌치, 토크렌치, 라쳇렌치세트, 볼렌치세트, 소켓렌치세트, T렌치세트, 육각렌치세트, 냉동라쳇렌치, 조합렌치세트",렌치,,,,False,,
granite4.1:8b,렌치세트,success,별렌치세트,"별렌치세트, 라쳇렌치세트, T렌치세트, 조합렌치세트, 볼렌치세트, 소켓렌치세트, 기어렌치세트, 육각렌치세트, 렌치, 만능렌치, 옵셋렌치, 세트, 육각렌치, 몽키렌치, 볼렌치",소켓렌치세트,,,,False,,
granite4.1:8b,렌턴,success,렌치,"렌치, 볼렌치, 육각렌치, 옵셋렌치, 라쳇렌치세트, 만능렌치, 토크렌치, 몽키렌치, 별렌치세트, 냉동라쳇렌치, 볼렌치세트, T렌치세트, 기어렌치세트, 소켓렌치세트, 조합렌치세트",렌치,,,,False,,
granite4.1:8b,렝가고대,success,석고대패,"석고대패, 고지가위, 대패, 쇠지렛대, 전지가위, 가스토치, 고무망치, 철판가위, 고압세척기, 다목적가위, 고속절단기, 다이아고날플라이어, 앵글그라인더, 라쳇렌치세트, 끌세트",석고대패,,,,False,,
granite4.1:8b,로겐드라이버,success,드라이버,"드라이버, 전동드라이버, 양용드라이버, 임팩트드라이버, 드라이버세트, T핸드드라이버, 정밀드라이버세트, 충전임팩트드라이버, 플라이어, 로터리해머드릴, 롱노즈플라이어, 다이아고날플라이어, 플라이어렌치, 굽은노즈플라이어, 안전로프",임팩트드라이버,,,,False,,
granite4.1:8b,"로보스타(10#,12#)",success,보안경,"보안경, 안전로프, 타카, 왕복톱(레시프로쏘), 로터리해머드릴, 손타카, 건타카, 전동타카, 에어타카, 타카핀, 타일컷터, 멀티테스터, 가스토치, 글루스틱, 스크레퍼",전동타카,,배터리,크기/규격 정보가 없음,False,,
granite4.1:8b,로보스터 워터펌프 플라이어,success,워터펌프플라이어,"워터펌프플라이어, 플라이어, 스냅링플라이어, 플라이어세트, 플라이어렌치, 에어펌프, 롱노즈플라이어, 바이스그립플라이어, 굽은노즈플라이어, 자전거펌프, 다이아고날플라이어, 와이어스트리퍼, 멀티테스터, 로터리해머드릴, 클램프미터",워터펌프플라이어,,,,False,,
granite4.1:8b,로보스터 첼라 플라이어,success,플라이어,"플라이어, 플라이어세트, 플라이어렌치, 스냅링플라이어, 롱노즈플라이어, 워터펌프플라이어, 굽은노즈플라이어, 바이스그립플라이어, 다이아고날플라이어, 멀티테스터, 와이어스트리퍼, 드라이버, 전동드라이버, 로터리해머드릴, 드라이버세트",플라이어,,,,False,,
granite4.1:8b,로브스터 첼라,success,멀티테스터,"멀티테스터, 로터리해머드릴, 안전로프, 커터, 왕복톱(레시프로쏘), 커터칼, 센터펀치, 케이블컷터, 볼트컷터, 가스토치, 라쳇렌치세트, 스냅링플라이어, 스크레퍼, 냉동라쳇렌치, 타일컷터",왕복톱(레시프로쏘),,,,False,,
granite4.1:8b,로브스터첼라,success,멀티테스터,"멀티테스터, 로터리해머드릴, 안전로프, 왕복톱(레시프로쏘), 커터칼, 커터, 라쳇렌치세트, 냉동라쳇렌치, 스냅링플라이어, 볼트컷터, 가스토치, 케이블컷터, 글루스틱, 클램프미터, 센터펀치",클램프미터,,,,False,,
granite4.1:8b,로킹 프라이어,success,플라이어,"플라이어, 플라이어렌치, 워터펌프플라이어, 스냅링플라이어, 플라이어세트, 롱노즈플라이어, 굽은노즈플라이어, 다이아고날플라이어, 바이스그립플라이어, 안전로프, 드라이버, 와이어스트리퍼, 에어컴프레서, 임팩트드라이버, 양용드라이버",롱노즈플라이어,,,,False,,
granite4.1:8b,로터리 햄머(스탠리),success,로터리해머드릴,"로터리해머드릴, 배터리팩, 와이어스트리퍼, 버니어캘리퍼스, 해머드릴, 장도리, 사다리, 실리콘건, 멀티테스터, 충전해머드릴, 커터, 스패너, 콘크리트니퍼, 스크레퍼, 안전로프",로터리해머드릴,,,,False,,
granite4.1:8b,로터리해머,success,로터리해머드릴,"로터리해머드릴, 해머드릴, 충전해머드릴, 배터리팩, 커터, 볼트컷터, 커터칼, 안전로프, 와이어스트리퍼, 카운터싱크, 멀티테스터, 타일컷터, 공구함, 케이블컷터, 버니어캘리퍼스",로터리해머드릴,,,,False,,
granite4.1:8b,로터리햄머드릴,success,로터리해머드릴,"로터리해머드릴, 해머드릴, 충전해머드릴, 전동드릴, 배터리팩, 충전드릴, 임팩트드릴, 드릴비트, 드릴비트세트, 목공용드릴비트, 콘크리트드릴비트세트, 철공용드릴비트, 철공용드릴비트세트, 콘크리트용드릴비트, SDS드릴비트",로터리해머드릴,,,,False,,
granite4.1:8b,롱 노우즈,success,롱노즈플라이어,"롱노즈플라이어, 굽은노즈플라이어, 톱, 강력니퍼, 앤드컷팅니퍼, 센터펀치, 렌치, 고지가위, LED손전등, 적외선온도계, 안전로프, 콘크리트니퍼, 쇠톱, 원형톱, 니퍼",롱노즈플라이어,,,,False,,
granite4.1:8b,롱 노우즈 플라이어,success,롱노즈플라이어,"롱노즈플라이어, 굽은노즈플라이어, 플라이어, 플라이어세트, 플라이어렌치, 스냅링플라이어, 다이아고날플라이어, 워터펌프플라이어, 바이스그립플라이어, 드라이버, 와이어스트리퍼, 양용드라이버, T핸드드라이버, 임팩트드라이버, 전동드라이버",롱노즈플라이어,,,,False,,
granite4.1:8b,롱 노즈,success,롱노즈플라이어,"롱노즈플라이어, 굽은노즈플라이어, 톱, 렌치, 강력니퍼, 앤드컷팅니퍼, 쇠톱, 왕복톱(레시프로쏘), 도끼, LED손전등, 콘크리트니퍼, 라쳇렌치세트, 목공줄, 옵셋렌치, 전선릴",롱노즈플라이어,,,,False,,
granite4.1:8b,롱 로우즈 1개,success,롱노즈플라이어,"롱노즈플라이어, 안전로프, 왕복톱(레시프로쏘), 굽은노즈플라이어, 로터리해머드릴, 톱, 렌치, 라쳇렌치세트, 조합렌치세트, 옵셋렌치, 냉동라쳇렌치, 사다리, 테이블톱, 소켓렌치세트, 원형톱",롱노즈플라이어,,,,False,,
granite4.1:8b,롱L볼렌치셋트,success,볼렌치세트,"볼렌치세트, 볼렌치, 옵셋렌치, 별렌치세트, 라쳇렌치세트, 조합렌치세트, 렌치, 소켓렌치세트, T렌치세트, 기어렌치세트, 육각렌치세트, 만능렌치, 육각렌치, 납볼망치, 몽키렌치",볼렌치세트,,,,False,,
granite4.1:8b,롱노우즈,success,롱노즈플라이어,"롱노즈플라이어, 굽은노즈플라이어, LED손전등, 톱, 쇠톱, 왕복톱(레시프로쏘), 적외선온도계, 대패, 안전로프, 장도리, 핀펀치, 앤드컷팅니퍼, 센터펀치, 도끼, 원형톱",롱노즈플라이어,,,,False,,
granite4.1:8b,롱노우즈 1개,success,롱노즈플라이어,"롱노즈플라이어, 굽은노즈플라이어, 톱, 원형톱, LED손전등, 왕복톱(레시프로쏘), 라쳇렌치세트, 쇠톱, 테이블톱, 적외선온도계, 끌세트, 도끼, 세트, 핀펀치, 사다리",롱노즈플라이어,,,,False,,
granite4.1:8b,롱노우즈 바이스 플라이어,success,롱노즈플라이어,"롱노즈플라이어, 바이스그립플라이어, 굽은노즈플라이어, 플라이어, 스냅링플라이어, 플라이어세트, 다이아고날플라이어, 플라이어렌치, 워터펌프플라이어, 와이어스트리퍼, 다이스세트, 드라이버, 양용드라이버, T핸드드라이버, 전동드라이버",롱노즈플라이어,,,,False,,
granite4.1:8b,롱노우즈 프라이어,success,롱노즈플라이어,"롱노즈플라이어, 굽은노즈플라이어, 플라이어, 워터펌프플라이어, 플라이어세트, 플라이어렌치, 스냅링플라이어, 다이아고날플라이어, 바이스그립플라이어, 드라이버, 양용드라이버, 에어컴프레서, 와이어스트리퍼, 임팩트드라이버, T핸드드라이버",롱노즈플라이어,,,,False,,
granite4.1:8b,롱노우즈 플라이어,success,롱노즈플라이어,"롱노즈플라이어, 굽은노즈플라이어, 플라이어, 플라이어세트, 플라이어렌치, 스냅링플라이어, 다이아고날플라이어, 워터펌프플라이어, 바이스그립플라이어, 드라이버, 와이어스트리퍼, 양용드라이버, T핸드드라이버, 전동드라이버, 임팩트드라이버",롱노즈플라이어,,,,False,,
granite4.1:8b,롱노우즈 플라이어(6인치),success,롱노즈플라이어,"롱노즈플라이어, 굽은노즈플라이어, 플라이어, 플라이어렌치, 플라이어세트, 스냅링플라이어, 다이아고날플라이어, 워터펌프플라이어, 바이스그립플라이어, 드라이버, 와이어스트리퍼, 앵글그라인더, 양용드라이버, T핸드드라이버, 충전임팩트드라이버",롱노즈플라이어,,,6인치,False,,
granite4.1:8b,롱노우즈라디오펜치,success,롱노즈플라이어,"롱노즈플라이어, 펜치, 굽은노즈플라이어, 라쳇렌치세트, 렌치, 냉동라쳇렌치, 플라이어렌치, 별렌치세트, 몽키렌치, 육각렌치, 조합렌치세트, 소켓렌치세트, 핀펀치, 만능렌치, 옵셋렌치",롱노즈플라이어,,,,False,,
granite4.1:8b,롱노우즈플라이어,success,롱노즈플라이어,"롱노즈플라이어, 굽은노즈플라이어, 플라이어, 스냅링플라이어, 플라이어세트, 다이아고날플라이어, 워터펌프플라이어, 플라이어렌치, 바이스그립플라이어, 와이어스트리퍼, 드라이버, 양용드라이버, T핸드드라이버, 임팩트드라이버, 전동드라이버",롱노즈플라이어,,,,False,,
granite4.1:8b,롱노우즈플라이어 1개,success,롱노즈플라이어,"롱노즈플라이어, 굽은노즈플라이어, 플라이어, 스냅링플라이어, 플라이어세트, 다이아고날플라이어, 플라이어렌치, 워터펌프플라이어, 바이스그립플라이어, 와이어스트리퍼, 드라이버, 양용드라이버, T핸드드라이버, 충전임팩트드라이버, 전동드라이버",롱노즈플라이어,,,,False,,
granite4.1:8b,롱노우즈플라이어 8'' 2개,success,롱노즈플라이어,"롱노즈플라이어, 굽은노즈플라이어, 플라이어, 플라이어세트, 스냅링플라이어, 플라이어렌치, 다이아고날플라이어, 워터펌프플라이어, 바이스그립플라이어, 와이어스트리퍼, 드라이버, 양용드라이버, T핸드드라이버, 드라이버세트, 충전임팩트드라이버",롱노즈플라이어,,,"길이 8'', 수량 2개",False,,
granite4.1:8b,롱노즈,success,롱노즈플라이어,"롱노즈플라이어, 굽은노즈플라이어, 왕복톱(레시프로쏘), 쇠톱, 톱, LED손전등, 장도리, 렌치, 라쳇렌치세트, 도끼, 직소기, 핀펀치, 안전로프, 가스토치, 적외선온도계",롱노즈플라이어,,,,False,롱노즈플라이어,True
granite4.1:8b,롱노즈 6,success,롱노즈플라이어,"롱노즈플라이어, 굽은노즈플라이어, 왕복톱(레시프로쏘), LED손전등, 육각렌치, 육각렌치세트, 직소기, 쇠톱, 톱, 레이저거리측정기, 렌치, T핸드드라이버, 라쳇렌치세트, 앵글그라인더, 드라이버",롱노즈플라이어,,,,False,,
granite4.1:8b,롱노즈 6인치,success,롱노즈플라이어,"롱노즈플라이어, 굽은노즈플라이어, 전기인두, 앵글그라인더, 육각렌치, 렌치, 육각렌치세트, 핀펀치, 그립망치, 옵셋렌치, 라쳇렌치세트, 가스토치, 망치, 만능렌치, 펜치",롱노즈플라이어,,,6인치,False,,
granite4.1:8b,롱노즈 플라이어,success,롱노즈플라이어,"롱노즈플라이어, 굽은노즈플라이어, 플라이어, 플라이어세트, 플라이어렌치, 스냅링플라이어, 다이아고날플라이어, 워터펌프플라이어, 바이스그립플라이어, 드라이버, 와이어스트리퍼, 양용드라이버, T핸드드라이버, 전동드라이버, 임팩트드라이버",롱노즈플라이어,,,,False,,
granite4.1:8b,롱노즈 플라이어(150mm),success,롱노즈플라이어,"롱노즈플라이어, 굽은노즈플라이어, 플라이어, 플라이어세트, 플라이어렌치, 스냅링플라이어, 워터펌프플라이어, 다이아고날플라이어, 바이스그립플라이어, 와이어스트리퍼, 드라이버, 레이저거리측정기, 양용드라이버, T핸드드라이버, 전동드라이버",롱노즈플라이어,,,150mm,False,,
granite4.1:8b,롱노즈6',success,롱노즈플라이어,"롱노즈플라이어, 굽은노즈플라이어, 왕복톱(레시프로쏘), 육각렌치, 육각렌치세트, LED손전등, 레이저거리측정기, 쇠톱, 라쳇렌치세트, 직소기, T핸드드라이버, 렌치, 톱, 전선릴, 옵셋렌치",롱노즈플라이어,,,,False,,
granite4.1:8b,롱노즈플라이어,success,롱노즈플라이어,"롱노즈플라이어, 굽은노즈플라이어, 플라이어, 스냅링플라이어, 다이아고날플라이어, 플라이어세트, 바이스그립플라이어, 플라이어렌치, 워터펌프플라이어, 와이어스트리퍼, 드라이버, 양용드라이버, T핸드드라이버, 전동드라이버, 임팩트드라이버",롱노즈플라이어,,,,False,,
granite4.1:8b,롱로우즈,success,롱노즈플라이어,"롱노즈플라이어, 안전로프, 왕복톱(레시프로쏘), 굽은노즈플라이어, 로터리해머드릴, 렌치, 앵글그라인더, 장도리, 톱, LED손전등, 핸드카트, 몽키렌치, 양용드라이버, 옵셋렌치, 조합렌치세트",롱노즈플라이어,,,,False,롱노즈플라이어,True
granite4.1:8b,롱로우즈 2개,success,롱노즈플라이어,"롱노즈플라이어, 안전로프, 왕복톱(레시프로쏘), 굽은노즈플라이어, 로터리해머드릴, 렌치, 톱, 라쳇렌치세트, 양용드라이버, 조합렌치세트, 테이블톱, 스냅링플라이어, 핸드카트, 사다리, 별렌치세트",롱노즈플라이어,,,,False,,
granite4.1:8b,롱로우즈 6″,success,롱노즈플라이어,"롱노즈플라이어, 안전로프, 왕복톱(레시프로쏘), 굽은노즈플라이어, 로터리해머드릴, 육각렌치, 육각렌치세트, LED손전등, 렌치, 앵글그라인더, 목공톱, 옵셋렌치, 라쳇렌치세트, 조합렌치세트, 냉동라쳇렌치",롱노즈플라이어,,,,False,,
granite4.1:8b,롱로우즈 곡선 45도 11인치(TL),success,롱노즈플라이어,"롱노즈플라이어, 적외선온도계, T렌치세트, 전선릴, 도끼, 장도리, 안전로프, 전기인두, LED투광기, 앵글그라인더, LED손전등, T핸드드라이버, 왕복톱(레시프로쏘), LED작업등, 굽은노즈플라이어",롱노즈플라이어,,,"곡선 45도, 길이 11인치 (TL)",False,,
granite4.1:8b,롱로우즈(6인치),success,롱노즈플라이어,"롱노즈플라이어, 안전로프, 전기인두, 앵글그라인더, 왕복톱(레시프로쏘), 굽은노즈플라이어, 로터리해머드릴, 렌치, 육각렌치, 옵셋렌치, 망치, 펜치, 핀펀치, 육각렌치세트, 몽키렌치",롱노즈플라이어,,,6인치,False,,
granite4.1:8b,롱로우즈(8' 펜치),success,펜치,"펜치, 롱노즈플라이어, 렌치, 안전로프, 핀펀치, 옵셋렌치, 육각렌치, 센터펀치, 왕복톱(레시프로쏘), 망치, 몽키렌치, 별렌치세트, 그립망치, 토크렌치, 굽은노즈플라이어",펜치,,,8',False,,
granite4.1:8b,롱로우즈6,success,롱노즈플라이어,"롱노즈플라이어, 안전로프, 왕복톱(레시프로쏘), 굽은노즈플라이어, 로터리해머드릴, T핸드드라이버, LED손전등, 육각렌치, 육각렌치세트, 앵글그라인더, 렌치, 핸드카트, 양용드라이버, 조합렌치세트, 스냅링플라이어",롱노즈플라이어,,,,False,,
granite4.1:8b,롱로우즈플라이어 4개,success,롱노즈플라이어,"롱노즈플라이어, 굽은노즈플라이어, 플라이어, 플라이어세트, 스냅링플라이어, 플라이어렌치, 워터펌프플라이어, 바이스그립플라이어, 다이아고날플라이어, 와이어스트리퍼, 드라이버, 양용드라이버, T핸드드라이버, 드라이버세트, 전동드라이버",롱노즈플라이어,,,,False,,
granite4.1:8b,롱로즈,success,롱노즈플라이어,"롱노즈플라이어, 안전로프, 왕복톱(레시프로쏘), 굽은노즈플라이어, 로터리해머드릴, 장도리, 렌치, 몽키렌치, 전선릴, 토크렌치, 톱, 앵글그라인더, 별렌치세트, LED손전등, 핸드카트",롱노즈플라이어,,,,False,롱노즈플라이어,True
granite4.1:8b,롱로즈 1개,success,롱노즈플라이어,"롱노즈플라이어, 안전로프, 왕복톱(레시프로쏘), 굽은노즈플라이어, 로터리해머드릴, 렌치, 톱, 전선릴, 별렌치세트, 라쳇렌치세트, 조합렌치세트, 핸드카트, 테이블톱, 볼렌치세트, 몽키렌치",롱노즈플라이어,,,,False,,
granite4.1:8b,롱로즈 2개,success,롱노즈플라이어,"롱노즈플라이어, 안전로프, 왕복톱(레시프로쏘), 굽은노즈플라이어, 로터리해머드릴, 렌치, 톱, 별렌치세트, 전선릴, 조합렌치세트, 라쳇렌치세트, 볼렌치세트, 핸드카트, 몽키렌치, 양용드라이버",롱노즈플라이어,,,,False,,
granite4.1:8b,롱로즈 플라이어 1개,success,롱노즈플라이어,"롱노즈플라이어, 플라이어, 굽은노즈플라이어, 플라이어세트, 플라이어렌치, 스냅링플라이어, 워터펌프플라이어, 다이아고날플라이어, 바이스그립플라이어, 와이어스트리퍼, 드라이버, 양용드라이버, T핸드드라이버, 드라이버세트, 안전로프",롱노즈플라이어,,,,False,,
granite4.1:8b,롱로즈 플라이어 2개,success,롱노즈플라이어,"롱노즈플라이어, 플라이어, 굽은노즈플라이어, 플라이어세트, 플라이어렌치, 스냅링플라이어, 워터펌프플라이어, 다이아고날플라이어, 바이스그립플라이어, 와이어스트리퍼, 드라이버, 양용드라이버, T핸드드라이버, 드라이버세트, 안전로프",롱노즈플라이어,,,,False,,
granite4.1:8b,롱로즈(1),success,롱노즈플라이어,"롱노즈플라이어, 안전로프, 왕복톱(레시프로쏘), 굽은노즈플라이어, 로터리해머드릴, 렌치, 장도리, 몽키렌치, 앵글그라인더, 톱, 핸드카트, 전선릴, 옵셋렌치, 목공줄, 망치",롱노즈플라이어,,,,False,,
granite4.1:8b,롱로즈(2),success,롱노즈플라이어,"롱노즈플라이어, 안전로프, 왕복톱(레시프로쏘), 굽은노즈플라이어, 로터리해머드릴, 렌치, 몽키렌치, 장도리, 톱, 앵글그라인더, 핸드카트, 옵셋렌치, 별렌치세트, 토크렌치, 라쳇렌치세트",롱노즈플라이어,,,,False,,
granite4.1:8b,롱로즈(6″),success,롱노즈플라이어,"롱노즈플라이어, 안전로프, 왕복톱(레시프로쏘), 굽은노즈플라이어, 로터리해머드릴, 육각렌치, 렌치, 육각렌치세트, LED손전등, 몽키렌치, 옵셋렌치, 핸드카트, 쇠톱, 목공톱, 별렌치세트",롱노즈플라이어,,,,False,,
granite4.1:8b,롱별렌치세트(T10~T40),success,별렌치세트,"별렌치세트, T렌치세트, 육각렌치세트, 라쳇렌치세트, 조합렌치세트, 소켓렌치세트, 기어렌치세트, 볼렌치세트, 렌치, 육각렌치, 옵셋렌치, 만능렌치, 토크렌치, 냉동라쳇렌치, 몽키렌치",별렌치세트,,,크기 범위 T10~T40 포함,False,,
granite4.1:8b,롱볼렌치세트,success,볼렌치세트,"볼렌치세트, 별렌치세트, 라쳇렌치세트, 조합렌치세트, T렌치세트, 볼렌치, 육각렌치세트, 소켓렌치세트, 기어렌치세트, 렌치, 육각렌치, 세트, 만능렌치, 옵셋렌치, 몽키렌치",볼렌치세트,,,,False,,
granite4.1:8b,롱볼렌치세트(9pcs),success,볼렌치세트,"볼렌치세트, 별렌치세트, 볼렌치, 라쳇렌치세트, 소켓렌치세트, 육각렌치세트, 조합렌치세트, 기어렌치세트, T렌치세트, 렌치, 만능렌치, 육각렌치, 옵셋렌치, 세트, 몽키렌치",볼렌치세트,,,,False,,
granite4.1:8b,롱볼렌치셋트(육각렌치),success,육각렌치,"육각렌치, 육각렌치세트, 볼렌치세트, 볼렌치, 옵셋렌치, 렌치, 별렌치세트, 조합렌치세트, 소켓렌치세트, 라쳇렌치세트, 기어렌치세트, T렌치세트, 몽키렌치, 만능렌치, 토크렌치",볼렌치세트,,,,False,,
granite4.1:8b,루미큐브,success,글루건,"글루건, 글루스틱, 클램프미터, 빠루망치, LED투광기, 레이저수평기, 로터리해머드릴, 점프케이블, 볼트컷터, 실리콘건, 레이저거리측정기, 에어컴프레서, LED작업등, 목공줄, 만능렌치",LED작업등,,,,False,,
granite4.1:8b,루핑루이,success,글루건,"글루건, 글루스틱, 빠루망치, 스냅링플라이어, 점프케이블, 바이스그립플라이어, 파이프렌치, 롱노즈플라이어, 레이저수평기, 플라이어, 워터펌프플라이어, 플라이어렌치, 와이어스트리퍼, 드라이버, 테이블톱",플라이어,,,,False,,
granite4.1:8b,룩스패드43 203스탠드,success,스패너,"스패너, 편구스패너, 스패너세트, 스크레퍼, 다이스세트, 글루스틱, 대패, 멀티테스터, 가스토치, 와이어스트리퍼, 방진마스크, 스냅링플라이어, T핸드드라이버, 핸드카트, 피스제거용비트",스패너,,,,True,,
granite4.1:8b,리드선,success,전선릴,"전선릴, 적외선온도계, 로터리해머드릴, 실리콘건, 사다리, 장도리, T핸드드라이버, 핸드카트, 드라이버, 콘크리트용드릴비트, 배터리팩, 콘크리트드릴비트세트, 레이저거리측정기, A형사다리, 드라이버세트",전선릴,,,,False,,
granite4.1:8b,리베터,success,배터리팩,"배터리팩, 로터리해머드릴, 커터, 볼트컷터, 케이블컷터, 타일컷터, 사다리, 커터칼, 실리콘건, 카운터싱크, PVC컷터, 버니어캘리퍼스, 멀티테스터, 와이어스트리퍼, 센터펀치",버니어캘리퍼스,,,,False,,
granite4.1:8b,리베트건,success,실리콘건,"실리콘건, 에어건, 글루건, 건타카, 콘크리트드릴비트세트, 비트세트, 콘크리트용드릴비트, 콘크리트니퍼, 로터리해머드릴, 배터리팩, 사다리, 와이어스트리퍼, 드릴비트세트, 장도리, 세트",실리콘건,,,,False,,
granite4.1:8b,리벳건,success,실리콘건,"실리콘건, 에어건, 글루건, 건타카, 사다리, 배터리팩, 로터리해머드릴, A형사다리, 장도리, 콘크리트드릴비트세트, 레이저거리측정기, 콘크리트니퍼, 와이어스트리퍼, 콘크리트용드릴비트, 버니어캘리퍼스",실리콘건,,,,False,,
granite4.1:8b,리벳트건,success,실리콘건,"실리콘건, 에어건, 글루건, 건타카, 콘크리트드릴비트세트, 비트세트, 콘크리트용드릴비트, 콘크리트니퍼, 사다리, 로터리해머드릴, 와이어스트리퍼, 배터리팩, 드릴비트세트, 볼트컷터, 세트",실리콘건,,,,False,,
granite4.1:8b,리튬이온 밧데리,success,배터리팩,"배터리팩, 사다리, 장도리, 레이저거리측정기, 실리콘건, 와이어스트리퍼, 로터리해머드릴, 적외선온도계, A형사다리, 콘크리트니퍼, 버니어캘리퍼스, 콘크리트용드릴비트, 콘크리트드릴비트세트, 충전임팩트드라이버, 케이블컷터",배터리팩,,,,False,,
granite4.1:8b,리튬이온 배터리 충전기,success,배터리팩,"배터리팩, 충전드릴, 충전해머드릴, 충전임팩트드라이버, 로터리해머드릴, 검전기, 전기인두, 레이저거리측정기, 적외선온도계, 전동압착기, 실리콘건, 라돈측정기, 케이블컷터, 사다리, 스프링배관청소기",배터리팩,,,,False,,
granite4.1:8b,리튬충전드릴 1개,success,충전드릴,"충전드릴, 충전해머드릴, 전동드릴, 로터리해머드릴, 충전임팩트드라이버, 임팩트드릴, 해머드릴, 콘크리트드릴비트세트, 드릴비트, 철공용드릴비트, 콘크리트용드릴비트, 철공용드릴비트세트, 목공용드릴비트, 드릴비트세트, 전선릴",충전드릴,,충전식(무선),,False,,
granite4.1:8b,리튬헤머드릴,success,해머드릴,"해머드릴, 로터리해머드릴, 충전해머드릴, 전동드릴, 충전드릴, 임팩트드릴, 드릴비트, 목공용드릴비트, 철공용드릴비트, 콘크리트드릴비트세트, 콘크리트용드릴비트, 드릴비트세트, 철공용드릴비트세트, SDS드릴비트, 전선릴",충전해머드릴,,충전식,,False,,
granite4.1:8b,릴 선,success,전선릴,"전선릴, 적외선온도계, 충전드릴, 드릴비트, 전동드릴, 임팩트드릴, 드릴비트세트, 해머드릴, 로터리해머드릴, 충전해머드릴, 목공용드릴비트, 철공용드릴비트, SDS드릴비트, 콘크리트드릴비트세트, 철공용드릴비트세트",전선릴,,,,False,,
granite4.1:8b,릴 전선(50m),success,전선릴,"전선릴, 전동드릴, 충전드릴, 충전해머드릴, 적외선온도계, 전정톱, 로터리해머드릴, 임팩트드릴, 해머드릴, 목공줄, 전지가위, 전동압착기, 안전장갑, 검전기, 목공용드릴비트",전선릴,,,길이 50m,False,,
granite4.1:8b,릴선,success,전선릴,"전선릴, 적외선온도계, 드릴비트, 충전드릴, 전동드릴, 드릴비트세트, 임팩트드릴, 해머드릴, 로터리해머드릴, 충전해머드릴, SDS드릴비트, 목공용드릴비트, 철공용드릴비트, 콘크리트드릴비트세트, 철공용드릴비트세트",전선릴,,,,False,,
granite4.1:8b,"릴선 1,530M",success,전선릴,"전선릴, 적외선온도계, 충전드릴, 임팩트드릴, 전동드릴, 드릴비트, 충전해머드릴, 해머드릴, 로터리해머드릴, 드릴비트세트, 목공용드릴비트, SDS드릴비트, 철공용드릴비트, 철공용드릴비트세트, 콘크리트드릴비트세트",전선릴,,,,False,,
granite4.1:8b,릴선 1개,success,전선릴,"전선릴, 적외선온도계, 충전드릴, 드릴비트, 전동드릴, 드릴비트세트, 임팩트드릴, 해머드릴, 충전해머드릴, 로터리해머드릴, SDS드릴비트, 목공용드릴비트, 콘크리트드릴비트세트, 철공용드릴비트, 철공용드릴비트세트",전선릴,,,,False,,
granite4.1:8b,릴선(28M),success,전선릴,"전선릴, 적외선온도계, 충전드릴, 전동드릴, 드릴비트, 임팩트드릴, 해머드릴, 드릴비트세트, 충전해머드릴, 목공용드릴비트, 로터리해머드릴, SDS드릴비트, 철공용드릴비트, 콘크리트드릴비트세트, 철공용드릴비트세트",전선릴,,,,False,,
granite4.1:8b,릴선(30M),success,전선릴,"전선릴, 적외선온도계, 충전드릴, 전동드릴, 충전해머드릴, 드릴비트, 임팩트드릴, 해머드릴, 로터리해머드릴, 드릴비트세트, 목공용드릴비트, SDS드릴비트, 철공용드릴비트, 철공용드릴비트세트, 콘크리트드릴비트세트",전선릴,,,길이 30미터,False,,
granite4.1:8b,릴선(45M),success,전선릴,"전선릴, 적외선온도계, 충전드릴, 드릴비트, 임팩트드릴, 전동드릴, 충전해머드릴, 해머드릴, 드릴비트세트, 로터리해머드릴, 목공용드릴비트, 철공용드릴비트, SDS드릴비트, 철공용드릴비트세트, 콘크리트드릴비트세트",전선릴,,,,False,,
granite4.1:8b,릴선(48M),success,전선릴,"전선릴, 적외선온도계, 충전드릴, 드릴비트, 전동드릴, 해머드릴, 드릴비트세트, 임팩트드릴, 충전해머드릴, 목공용드릴비트, 로터리해머드릴, SDS드릴비트, 콘크리트드릴비트세트, 철공용드릴비트, 콘크리트용드릴비트",전선릴,,,,False,,
granite4.1:8b,릴선(50M),success,전선릴,"전선릴, 적외선온도계, 충전드릴, 드릴비트, 전동드릴, 임팩트드릴, 충전해머드릴, 해머드릴, 드릴비트세트, 로터리해머드릴, 목공용드릴비트, SDS드릴비트, 철공용드릴비트, 철공용드릴비트세트, 콘크리트드릴비트세트",전선릴,,,길이 50미터,False,,
granite4.1:8b,릴전선,success,전선릴,"전선릴, 전동드릴, 충전드릴, 적외선온도계, 충전해머드릴, 전정톱, 검전기, 드릴비트, 전지가위, 전동타카, 드릴비트세트, 임팩트드릴, 로터리해머드릴, LED손전등, 전동압착기",전선릴,,,,False,,
granite4.1:8b,릴전선(50mm),success,전선릴,"전선릴, 전동드릴, 충전드릴, 적외선온도계, 충전해머드릴, 전정톱, 검전기, 로터리해머드릴, 전동압착기, LED손전등, 목공용드릴비트, 임팩트드릴, 드릴비트, 철공용드릴비트, 자전거펌프",전선릴,,,크기·규격: 50mm,False,,
granite4.1:8b,릴호스,success,전선릴,"전선릴, 드릴비트, 글루스틱, 가스토치, 스패너, 다이스세트, 스크레퍼, 충전드릴, 해머드릴, 멀티테스터, 전동드릴, 드릴비트세트, 피스제거용비트, 방진마스크, 편구스패너",전선릴,,,,False,,
granite4.1:8b,릴호스(20M),success,전선릴,"전선릴, 드릴비트, 스패너, 글루스틱, 해머드릴, 가스토치, 충전드릴, 스크레퍼, 다이스세트, 전동드릴, 멀티테스터, 방진마스크, 임팩트드릴, 편구스패너, 로터리해머드릴",전선릴,,,,False,,
granite4.1:8b,링 육각렌치,success,육각렌치,"육각렌치, 육각렌치세트, 렌치, 옵셋렌치, 만능렌치, 냉동라쳇렌치, 별렌치세트, 라쳇렌치세트, 몽키렌치, 플라이어렌치, 소켓렌치세트, 토크렌치, 기어렌치세트, 조합렌치세트, 볼렌치",육각렌치,,,,False,,
granite4.1:8b,링고리렌치,success,렌치,"렌치, 몽키렌치, 볼렌치, 육각렌치, 토크렌치, 옵셋렌치, 만능렌치, 별렌치세트, 기어렌치세트, 플라이어렌치, 볼렌치세트, 조합렌치세트, 라쳇렌치세트, 파이프렌치, 냉동라쳇렌치",몽키렌치,,,,False,,
granite4.1:8b,링고리세트,success,세트,"세트, 비트세트, 공구세트, 탭세트, 끌세트, 콘크리트드릴비트세트, 기어렌치세트, T렌치세트, 볼렌치세트, 별렌치세트, 스패너세트, 드릴비트세트, 다이스세트, 공구함세트, 전동공구세트",공구세트,,,,False,,
granite4.1:8b,링고리셋트,success,옵셋렌치,"옵셋렌치, 콘크리트드릴비트세트, 고무망치, 고지가위, 스냅링플라이어, 실리콘건, 세트, 콘크리트니퍼, 석고대패, 와이어스트리퍼, 고압세척기, 장도리, 콘크리트용드릴비트, 고속절단기, 스프링배관청소기",세트,,,,False,,
granite4.1:8b,마끼다 충전해머드릴(무선),success,충전해머드릴,"충전해머드릴, 충전드릴, 해머드릴, 로터리해머드릴, 충전임팩트드라이버, 전동드릴, 전선릴, 임팩트드릴, 도끼, 목공용드릴비트, 드릴비트, 철공용드릴비트, 드릴비트세트, 철공용드릴비트세트, SDS드릴비트",충전해머드릴,마키타,충전식(무선),,False,충전해머드릴,True
granite4.1:8b,마끼다 해머드릴(유선),success,해머드릴,"해머드릴, 충전해머드릴, 로터리해머드릴, 충전드릴, 전동드릴, 임팩트드릴, 전선릴, 도끼, 목공용드릴비트, 드릴비트, 철공용드릴비트, 드릴비트세트, 철공용드릴비트세트, SDS드릴비트, 연마석",해머드릴,마끼다,유선,,False,해머드릴,True
granite4.1:8b,마끼타 송풍기,success,송풍기,"송풍기, 열풍기, 도끼, 손타카, 에어타카, 타카, 전동타카, 건타카, 고압세척기, 연마석, 방진마스크, 수평기, 타카핀, 스프링배관청소기, 타일컷터",송풍기,마끼다,,,False,,
granite4.1:8b,마모된 피스 제거용 비트세트,success,피스제거용비트,"피스제거용비트, 비트세트, 철공용드릴비트세트, 드릴비트세트, 콘크리트드릴비트세트, 세트, 철공용드릴비트, 목공용드릴비트, 공구세트, 스패너세트, 다이스세트, 콘크리트용드릴비트, 드릴비트, 공구함세트, 전동공구세트",피스제거용비트,,,,False,,
granite4.1:8b,마모된 피스제거용 비트,success,피스제거용비트,"피스제거용비트, 비트세트, 철공용드릴비트, 철공용드릴비트세트, 목공용드릴비트, 콘크리트용드릴비트, 드릴비트, 드릴비트세트, SDS드릴비트, 콘크리트드릴비트세트, 방진마스크, 안전모, 다이스세트, 연마석, 모종삽",피스제거용비트,,,,False,피스제거용비트,True
granite4.1:8b,마사지 매트,success,연마석,"연마석, 사다리, 방진마스크, A형사다리, 쇠지렛대, 전지가위, 고지가위, 디지털수평기, 핸드카트, 세트, 드릴비트세트, 비트세트, 탭세트, 콘크리트드릴비트세트, 끌세트",연마석,,,,True,,
granite4.1:8b,마사지건,success,에어건,"에어건, 연마석, 글루건, 사다리, 실리콘건, 방진마스크, 건타카, 쇠지렛대, A형사다리, 전지가위, 고지가위, 디지털수평기, 핸드카트, 임팩트드릴, 충전해머드릴",에어건,,,,False,,
granite4.1:8b,마스크 1박스,success,방진마스크,"방진마스크, 스크레퍼, 글루스틱, 멀티테스터, 연마석, 스패너, 스패너세트, 편구스패너, 가스토치, 다이스세트, 토크렌치, 와이어스트리퍼, 배터리팩, 버니어캘리퍼스, 안전장갑",방진마스크,,,,False,,
granite4.1:8b,막대본드,success,대패,"대패, 석고대패, 쇠지렛대, T핸드드라이버, 드라이버, 핸드카트, 해머드릴, 충전드릴, 전동드릴, 드릴비트, 임팩트드릴, 충전해머드릴, 양용드라이버, 임팩트드라이버, 드라이버세트",양용드라이버,,,,False,,
granite4.1:8b,막삽,success,모종삽,"모종삽, 목공용접톱, 공구함, 전동압착기, 충전드릴, 목공톱, 임팩트드릴, 전동드릴, 충전해머드릴, 카운터싱크, 안전장갑, 목공줄, 접톱, F클램프, 핸드카트",모종삽,,,,False,,
granite4.1:8b,막삽(2),success,모종삽,"모종삽, 목공톱, 전동압착기, 목공용접톱, 공구함, 목공줄, 카운터싱크, 접톱, 임팩트드릴, 충전드릴, 안전장갑, 사다리, 멀티테스터, 왕복톱(레시프로쏘), 전동드릴",모종삽,,,,False,,
granite4.1:8b,막줄자,success,줄자,"줄자, 목공줄, 직각자, 임팩트드릴, 사다리, 자전거펌프, 목공톱, 전동드릴, 충전드릴, 임팩트드라이버, 만능렌치, 케이블컷터, 전동압착기, 쇠지렛대, 해머드릴",줄자,,,,False,,
granite4.1:8b,"막줄자(5,5M)",success,줄자,"줄자, 목공줄, 직각자, 임팩트드릴, 자전거펌프, 충전드릴, 목공톱, 사다리, 케이블컷터, 충전해머드릴, 목공용접톱, 전동압착기, 전동드릴, 클램프미터, 전자산업용니퍼",줄자,,,"길이 5m, 너비 5mm",False,,
granite4.1:8b,만능 렌치,success,만능렌치,"만능렌치, 렌치, 옵셋렌치, 육각렌치, 몽키렌치, 라쳇렌치세트, 볼렌치, 별렌치세트, 토크렌치, 육각렌치세트, 볼렌치세트, 냉동라쳇렌치, 조합렌치세트, 소켓렌치세트, 플라이어렌치",만능렌치,,,,False,,
granite4.1:8b,만능관통기,success,만능렌치,"만능렌치, 먹통, 스프링배관청소기, 직소기, 수평기, 열풍기, 라돈측정기, LED투광기, 레이저수평기, 검전기, 고압세척기, 전기인두, 디지털수평기, 송풍기, 고속절단기",만능렌치,,,,False,,
granite4.1:8b,만능드라이버핸들,success,만능렌치,"만능렌치, T핸드드라이버, 드라이버, 드라이버세트, 전동드라이버, 양용드라이버, 임팩트드라이버, 정밀드라이버세트, 충전임팩트드라이버, 핸드카트, 플라이어렌치, 플라이어, 플라이어세트, 롱노즈플라이어, 바이스그립플라이어",만능렌치,,,,False,,
granite4.1:8b,만능랜지,success,만능렌치,"만능렌치, 전지가위, 쇠지렛대, 고지가위, 디지털수평기, 렌치, 육각렌치, 라쳇렌치세트, 냉동라쳇렌치, 볼렌치세트, 육각렌치세트, 토크렌치, 몽키렌치, 옵셋렌치, 소켓렌치세트",만능렌치,,,,False,,
granite4.1:8b,만능렌지,success,만능렌치,"만능렌치, 렌치, 육각렌치, 냉동라쳇렌치, 라쳇렌치세트, 육각렌치세트, 별렌치세트, 옵셋렌치, 볼렌치세트, 몽키렌치, 소켓렌치세트, 조합렌치세트, 토크렌치, 기어렌치세트, 볼렌치",만능렌치,,,,False,,
granite4.1:8b,만능렌치,success,만능렌치,"만능렌치, 렌치, 옵셋렌치, 육각렌치, 몽키렌치, 볼렌치, 라쳇렌치세트, 별렌치세트, 볼렌치세트, 냉동라쳇렌치, 토크렌치, 조합렌치세트, 육각렌치세트, 소켓렌치세트, 플라이어렌치",만능렌치,,,,False,만능렌치,True
granite4.1:8b,만능작업대,success,만능렌치,"만능렌치, LED작업등, 쇠지렛대, 대패, 석고대패, 전자산업용니퍼, 공구세트, 전동공구세트, 직각자, 고압세척기, 다목적가위, 열풍기, 공구함, 직소기, 전동압착기",공구세트,,,,False,,
granite4.1:8b,만능지렛대,success,쇠지렛대,"쇠지렛대, 만능렌치, 대패, 고지가위, 전지가위, 디지털수평기, 석고대패, 직각자, 볼렌치세트, 멀티테스터, 공구세트, 기어렌치세트, 다목적가위, 전동드릴, 고압세척기",만능렌치,,,,False,,
granite4.1:8b,만능톱,success,만능렌치,"만능렌치, 톱, 원형톱, 전정톱, 테이블톱, 쇠톱, 접톱, 목공톱, 왕복톱(레시프로쏘), 목공용접톱, 강력니퍼, 직각자, 탭세트, 모종삽, 핀펀치",만능렌치,,,,False,,
granite4.1:8b,만능톱 실톱용 톱날,success,만능렌치,"만능렌치, 톱, 접톱, 전정톱, 원형톱, 쇠톱, 목공톱, 목공용접톱, 테이블톱, 왕복톱(레시프로쏘), 실리콘건, 철공용드릴비트, 다이아고날플라이어, 철공용드릴비트세트, 콘크리트용드릴비트",만능렌치,,,,False,,
granite4.1:8b,만능톱 패키지,success,만능렌치,"만능렌치, 톱, 전정톱, 원형톱, 테이블톱, 접톱, 목공톱, 쇠톱, 스패너세트, 몽키렌치, 왕복톱(레시프로쏘), 대패, 편구스패너, 목공용접톱, 스패너",만능렌치,,,,False,,
granite4.1:8b,망원경,success,망치,"망치, 보안경, 원형톱, 돌망치, 고무망치, 그립망치, 납볼망치, 빠루망치, 만능렌치, 렌치, 옵셋렌치, 육각렌치, 전정톱, 직각자, 검전기",보안경,,,,False,,
granite4.1:8b,망치,success,망치,"망치, 돌망치, 고무망치, 그립망치, 납볼망치, 빠루망치, 렌치, 펜치, 핀펀치, 몽키렌치, 만능렌치, 볼렌치, 옵셋렌치, 육각렌치, 토크렌치",망치,,,,False,망치,True
granite4.1:8b,망치 1개,success,망치,"망치, 돌망치, 고무망치, 그립망치, 납볼망치, 빠루망치, 렌치, 펜치, 핀펀치, 몽키렌치, 만능렌치, 토크렌치, 플라이어렌치, 소켓렌치세트, 볼렌치",망치,,,,False,,
granite4.1:8b,망치 대,success,망치,"망치, 돌망치, 그립망치, 고무망치, 납볼망치, 빠루망치, 대패, 쇠지렛대, 석고대패, 렌치, 펜치, 몽키렌치, 핀펀치, 만능렌치, 육각렌치",대패,,,,False,,
granite4.1:8b,"망치 대,중,소",success,망치,"망치, 돌망치, 고무망치, 그립망치, 납볼망치, 빠루망치, 대패, 소켓렌치세트, 직소기, 쇠지렛대, 석고대패, 렌치, 펜치, 핀펀치, 몽키렌치",대패,,,,False,,
granite4.1:8b,망치 빠루,success,빠루망치,"빠루망치, 망치, 돌망치, 그립망치, 고무망치, 납볼망치, 펜치, 핀펀치, 렌치, 플라이어렌치, 몽키렌치, 센터펀치, 파이프렌치, 글루건, 만능렌치",빠루망치,,,,False,,
granite4.1:8b,망치 소,success,망치,"망치, 돌망치, 그립망치, 고무망치, 납볼망치, 빠루망치, 소켓렌치세트, 직소기, 펜치, 렌치, 몽키렌치, 핀펀치, 스프링배관청소기, 가스토치, 토크렌치",망치,,,,False,,
granite4.1:8b,망치 장도리,success,장도리,"장도리, 망치, 돌망치, 납볼망치, 그립망치, 고무망치, 빠루망치, 도끼, 안전장갑, 펜치, 렌치, 핀펀치, 가스토치, 몽키렌치, 별렌치세트",장도리,,,,False,,
granite4.1:8b,망치 중,success,망치,"망치, 돌망치, 그립망치, 고무망치, 납볼망치, 빠루망치, 렌치, 펜치, 핀펀치, 몽키렌치, 센터펀치, 토크렌치, 볼렌치, 플라이어렌치, 만능렌치",망치,,,,False,,
granite4.1:8b,망치(2),success,망치,"망치, 돌망치, 고무망치, 그립망치, 납볼망치, 빠루망치, 렌치, 펜치, 핀펀치, 몽키렌치, 옵셋렌치, 만능렌치, 볼렌치, 육각렌치, 토크렌치",망치,,,,False,,
granite4.1:8b,망치(中),success,망치,"망치, 돌망치, 고무망치, 납볼망치, 그립망치, 빠루망치, 렌치, 펜치, 핀펀치, 몽키렌치, 볼렌치, 만능렌치, 옵셋렌치, 센터펀치, 육각렌치",망치,,,,False,,
granite4.1:8b,"망치(노루발o,x)",success,망치,"망치, 빠루망치, 돌망치, 납볼망치, 고무망치, 그립망치, 글루건, 렌치, 글루스틱, 굽은노즈플라이어, 롱노즈플라이어, 펜치, 핀펀치, 몽키렌치, 플라이어렌치",망치,,,,False,,
granite4.1:8b,망치(대),success,망치,"망치, 돌망치, 고무망치, 그립망치, 납볼망치, 빠루망치, 대패, 쇠지렛대, 렌치, 석고대패, 펜치, 핀펀치, 몽키렌치, 만능렌치, 육각렌치",대패,,,,False,,
granite4.1:8b,"망치(대, 중, 소)",success,망치,"망치, 돌망치, 고무망치, 그립망치, 납볼망치, 빠루망치, 대패, 소켓렌치세트, 직소기, 쇠지렛대, 석고대패, 렌치, 펜치, 핀펀치, 몽키렌치",망치,,,,False,,
granite4.1:8b,"망치(대,소)",success,망치,"망치, 돌망치, 고무망치, 그립망치, 납볼망치, 빠루망치, 대패, 소켓렌치세트, 직소기, 쇠지렛대, 석고대패, 렌치, 펜치, 핀펀치, 몽키렌치",망치,,,,False,,
granite4.1:8b,망치(소),success,망치,"망치, 돌망치, 고무망치, 그립망치, 납볼망치, 빠루망치, 소켓렌치세트, 직소기, 렌치, 펜치, 핀펀치, 몽키렌치, 볼렌치, 옵셋렌치, 육각렌치",망치,,,,False,,
granite4.1:8b,망치(중),success,망치,"망치, 돌망치, 고무망치, 그립망치, 납볼망치, 빠루망치, 렌치, 펜치, 핀펀치, 몽키렌치, 센터펀치, 볼렌치, 옵셋렌치, 만능렌치, 육각렌치",망치,,,,False,,
granite4.1:8b,망치(중형) 2개,success,망치,"망치, 돌망치, 고무망치, 그립망치, 납볼망치, 빠루망치, 원형톱, 렌치, A형사다리, 펜치, 핀펀치, 만능렌치, 센터펀치, 몽키렌치, 육각렌치",망치,,,"중형, 2개",False,,
granite4.1:8b,망치(함마) 중형,success,망치,"망치, 고무망치, 돌망치, 납볼망치, 그립망치, 빠루망치, 원형톱, 공구함, 연마석, 공구함세트, A형사다리, 방진마스크, 렌치, 펜치, 센터펀치",망치,,,중형,False,,
granite4.1:8b,"망치, 고무망치",success,고무망치,"고무망치, 망치, 돌망치, 그립망치, 빠루망치, 납볼망치, 렌치, 핀펀치, 펜치, 몽키렌치, 만능렌치, 옵셋렌치, 토크렌치, 플라이어렌치, 볼렌치",고무망치,,,,False,,
granite4.1:8b,"망치,장도리",success,장도리,"장도리, 망치, 돌망치, 고무망치, 그립망치, 납볼망치, 빠루망치, 도끼, 안전장갑, 핀펀치, 렌치, 펜치, 사다리, 쇠톱, 몽키렌치",망치,,,,False,,
granite4.1:8b,망치/함마/장도리,success,장도리,"장도리, 망치, 고무망치, 돌망치, 그립망치, 납볼망치, 빠루망치, 도끼, 안전장갑, 공구함, 연마석, 렌치, 핀펀치, 사다리, 공구함세트",망치,,,,False,망치,True
granite4.1:8b,망치고데기,success,망치,"망치, 고무망치, 돌망치, 그립망치, 납볼망치, 빠루망치, 고속절단기, 고압세척기, 기어렌치세트, 석고대패, 직소기, 수평기, 검전기, 몽키렌치, 렌치",망치,,,,False,,
granite4.1:8b,망치빠루,success,빠루망치,"빠루망치, 망치, 돌망치, 그립망치, 납볼망치, 고무망치, 몽키렌치, 펜치, 핀펀치, 글루건, 렌치, 센터펀치, 글루스틱, 가스토치, 만능렌치",빠루망치,,,,False,,
granite4.1:8b,망치빠루(도규),success,빠루망치,"빠루망치, 망치, 돌망치, 고무망치, 납볼망치, 그립망치, 도끼, 장도리, 펜치, 몽키렌치, 토크렌치, 핀펀치, 가스토치, 렌치, 글루건",빠루망치,,,,False,,
granite4.1:8b,망치펜치,success,펜치,"펜치, 망치, 돌망치, 그립망치, 고무망치, 납볼망치, 빠루망치, 렌치, 몽키렌치, 핀펀치, 만능렌치, 볼렌치, 토크렌치, 별렌치세트, 육각렌치",펜치,,,,False,,
granite4.1:8b,매직락 KMC-34 5.5M,success,직소기,"직소기, 직각자, PVC컷터, 배터리팩, 목공톱, 테이블톱, 충전해머드릴, 충전임팩트드라이버, LED작업등, 쇠톱, 만능렌치, 임팩트드릴, 안전장갑, 접톱, 케이블컷터",목공톱,매직락(KMC),,5.5M,False,,
granite4.1:8b,매직렌치,success,렌치,"렌치, 만능렌치, 몽키렌치, 육각렌치, 볼렌치, 토크렌치, 옵셋렌치, 별렌치세트, 파이프렌치, 플라이어렌치, 볼렌치세트, 육각렌치세트, 라쳇렌치세트, 냉동라쳇렌치, 조합렌치세트",만능렌치,,,,False,만능렌치,True
granite4.1:8b,매직만능렌치,success,만능렌치,"만능렌치, 렌치, 육각렌치, 몽키렌치, 옵셋렌치, 라쳇렌치세트, 별렌치세트, 냉동라쳇렌치, 육각렌치세트, 플라이어렌치, 조합렌치세트, 볼렌치, 토크렌치, 소켓렌치세트, 볼렌치세트",만능렌치,,,,False,,
granite4.1:8b,매트,success,비트세트,"비트세트, 세트, 드릴비트세트, 탭세트, 핸드카트, 끌세트, 콘크리트드릴비트세트, 드릴비트, 볼트컷터, 콘크리트용드릴비트, 공구세트, 임팩트드릴, 스패너세트, T렌치세트, 철공용드릴비트세트",비트세트,,,,True,,
granite4.1:8b,매트리스 살균기,success,와이어스트리퍼,"와이어스트리퍼, 스프링배관청소기, 버니어캘리퍼스, 스패너세트, 피스제거용비트, 직소기, 송풍기, 열풍기, 다이스세트, 고압세척기, 레이저거리측정기, 수평기, 콘크리트드릴비트세트, 배터리팩, 실리콘건",고압세척기,,,,False,,
granite4.1:8b,맥그립 화이바줄자,success,줄자,"줄자, 바이스그립플라이어, 그립망치, 목공줄, 앵글그라인더, 직각자, 파이프렌치, 열화상카메라, 다이아고날플라이어, 롱노즈플라이어, 자전거펌프, F클램프, 충전임팩트드라이버, 플라이어렌치, 점프케이블",줄자,,,,False,,
granite4.1:8b,맥그립줄자(5.5m),success,줄자,"줄자, 그립망치, 바이스그립플라이어, 목공줄, 앵글그라인더, 직각자, 자전거펌프, 목공톱, 클램프미터, 목공용접톱, 임팩트드릴, 롱노즈플라이어, 전자산업용니퍼, 사다리, 충전드릴",줄자,,,길이 5.5m,False,,
granite4.1:8b,맥그립줄자(7.5m),success,줄자,"줄자, 그립망치, 바이스그립플라이어, 목공줄, 앵글그라인더, 직각자, 자전거펌프, 클램프미터, 목공톱, 사다리, 임팩트드릴, 목공용접톱, 충전드릴, 롱노즈플라이어, 전자산업용니퍼",줄자,,,길이 7.5m,False,,
granite4.1:8b,멀티 재봉틀,success,멀티테스터,"멀티테스터, 다목적가위, 안전장갑, 충전해머드릴, 충전드릴, 드릴비트세트, 로터리해머드릴, 왕복톱(레시프로쏘), 전동드릴, 배터리팩, 전동공구세트, 탭세트, 정밀드라이버세트, 철공용드릴비트세트, 전동압착기",다목적가위,,,,False,,
granite4.1:8b,멀티고기불판,success,멀티테스터,"멀티테스터, 철판가위, 고속절단기, 고압세척기, 석고대패, 열풍기, 고지가위, 다목적가위, 수평기, LED투광기, 고무망치, 송풍기, 직소기, 다이아고날플라이어, 디지털수평기",다목적가위,,,,False,,
granite4.1:8b,멀티공구세트,success,공구세트,"공구세트, 전동공구세트, 공구함세트, 멀티테스터, 공구함, 세트, 철공용드릴비트세트, 탭세트, 비트세트, 스패너세트, 끌세트, 플라이어세트, 드릴비트세트, T렌치세트, 볼렌치세트",공구세트,,,,False,,
granite4.1:8b,멀티손타카,success,손타카,"손타카, 멀티테스터, 전동타카, 타카, 건타카, 에어타카, 타카핀, 핸드카트, LED손전등, 카운터싱크, 타일컷터, 다목적가위, T핸드드라이버, 전정톱, 만능렌치",손타카,,,,False,,
granite4.1:8b,멀티카터,success,멀티테스터,"멀티테스터, 커터, 핸드카트, 케이블컷터, 카운터싱크, 타일컷터, 전동타카, 볼트컷터, 커터칼, 타카, PVC컷터, 배터리팩, 에어타카, 건타카, 손타카",커터,,,,False,,
granite4.1:8b,멀티커터,success,커터,"커터, 멀티테스터, 커터칼, 케이블컷터, 볼트컷터, 타일컷터, PVC컷터, 카운터싱크, 클램프미터, 고속절단기, 배터리팩, 로터리해머드릴, 앤드컷팅니퍼, 워터펌프플라이어, 센터펀치",커터,,,,False,,
granite4.1:8b,멀티커터날(스매시),success,멀티테스터,"멀티테스터, 커터, 커터칼, 스패너, 케이블컷터, 스패너세트, 타일컷터, 스냅링플라이어, 볼트컷터, 왕복톱(레시프로쏘), 편구스패너, PVC컷터, 다이아고날플라이어, 스크레퍼, 카운터싱크",커터,SMATO,,,False,,
granite4.1:8b,멀티타카,success,멀티테스터,"멀티테스터, 타카, 전동타카, 건타카, 손타카, 에어타카, 타카핀, 핸드카트, 카운터싱크, 타일컷터, 열화상카메라, 다목적가위, 배터리팩, 전정톱, T핸드드라이버",전동타카,,,,False,,
granite4.1:8b,멀티탭,success,멀티테스터,"멀티테스터, 탭세트, 테이블톱, 다목적가위, 원형톱, 톱, 배터리팩, 쇠톱, 접톱, 전정톱, 도끼, 전동타카, 만능렌치, 케이블컷터, 목공톱",멀티테스터,,,,False,,
granite4.1:8b,멀티테스터,success,멀티테스터,"멀티테스터, 테이블톱, 커터, 배터리팩, 카운터싱크, 클램프미터, 케이블컷터, 스크레퍼, 볼트컷터, 와이어스트리퍼, 커터칼, 로터리해머드릴, 가스토치, 글루스틱, 다이스세트",멀티테스터,,,,False,멀티테스터,True
granite4.1:8b,멍키렌치,success,몽키렌치,"몽키렌치, 렌치, 토크렌치, 볼렌치, 만능렌치, 육각렌치, 볼렌치세트, 별렌치세트, 옵셋렌치, 조합렌치세트, 파이프렌치, 플라이어렌치, 소켓렌치세트, T렌치세트, 육각렌치세트",몽키렌치,,,,False,,
granite4.1:8b,멍키스패너,success,편구스패너,"편구스패너, 스패너, 스패너세트, 몽키렌치, 대패, 바이스그립플라이어, 앵글그라인더, 글루스틱, 석고대패, 롱노즈플라이어, 와이어스트리퍼, 스냅링플라이어, 스크레퍼, 버니어캘리퍼스, 멀티테스터",몽키렌치,,,,False,,
granite4.1:8b,메가테스터기,success,멀티테스터,"멀티테스터, 가스토치, 열풍기, 라돈측정기, 테이블톱, 열화상카메라, 송풍기, 고압세척기, 직소기, 고속절단기, 검전기, 레이저거리측정기, 커터, 전지가위, 고지가위",멀티테스터,,,,False,,
granite4.1:8b,메리 네지러,success,열화상카메라,"열화상카메라, 쇠지렛대, 전지가위, 고지가위, 디지털수평기, 장도리, 사다리, 실리콘건, 배터리팩, 와이어스트리퍼, 콘크리트니퍼, 버니어캘리퍼스, 로터리해머드릴, A형사다리, 레이저거리측정기",콘크리트니퍼,,,,False,,
granite4.1:8b,메타보 직소,success,직소기,"직소기, 직각자, 보안경, 타카, 건타카, 전동타카, 타카핀, 열화상카메라, 에어타카, 손타카, 타일컷터, 스프링배관청소기, 소켓렌치세트, 목공줄, 절단석",직소기,,,,False,,
granite4.1:8b,면줄자,success,줄자,"줄자, 목공줄, 직각자, 볼트컷터, 자전거펌프, 전자산업용니퍼, 임팩트드릴, 전선릴, 수평기, 사다리, 케이블컷터, 타일컷터, 접톱, T핸드드라이버, 앵글그라인더",줄자,,,,False,,
granite4.1:8b,"면줄자(30,50M)",success,줄자,"줄자, 목공줄, 직각자, 자전거펌프, 볼트컷터, 전자산업용니퍼, 수평기, 전선릴, 케이블컷터, 임팩트드릴, 클램프미터, 워터펌프플라이어, 타일컷터, 접톱, 목공톱",줄자,,,길이 30~50미터,False,,
granite4.1:8b,면줄자(50M),success,줄자,"줄자, 목공줄, 직각자, 자전거펌프, 볼트컷터, 전자산업용니퍼, 수평기, 워터펌프플라이어, 케이블컷터, 클램프미터, 임팩트드릴, 목공톱, 전선릴, 접톱, 목공용접톱",줄자,,,길이 50M,False,,
granite4.1:8b,모두의마블,success,전기인두,"전기인두, 연마석, 모종삽, 안전모, 방진마스크, 점프케이블, 테이블톱, 케이블컷터, 만능렌치, 해머드릴, 멀티테스터, F클램프, 고무망치, 전선릴, 임팩트드릴",전기인두,,,,True,,
granite4.1:8b,모종삽,success,모종삽,"모종삽, 안전모, 전동드릴, 충전드릴, 임팩트드릴, 목공용접톱, 목공톱, 전동압착기, 도끼, 해머드릴, 접톱, 목공줄, 충전해머드릴, 원형톱, 목공용드릴비트",모종삽,,,,False,모종삽,True
granite4.1:8b,모종삽(소형),success,모종삽,"모종삽, 원형톱, 안전모, 소켓렌치세트, 직소기, A형사다리, 전동드릴, 충전드릴, 스프링배관청소기, 임팩트드릴, 목공톱, 목공용접톱, 전동압착기, 도끼, 공구함",모종삽,,,소형,False,,
granite4.1:8b,목고용쇠톱,success,쇠톱,"쇠톱, 목공톱, 목공용접톱, 목공용드릴비트, 쇠지렛대, 접톱, 목공줄, 원형톱, 톱, 전정톱, 테이블톱, 고무망치, 다목적가위, 왕복톱(레시프로쏘), 철공용드릴비트",쇠톱,,,,False,,
granite4.1:8b,목공 고무망치,success,고무망치,"고무망치, 목공톱, 망치, 목공줄, 돌망치, 그립망치, 목공용접톱, 납볼망치, 목공용드릴비트, 빠루망치, 고속절단기, 고압세척기, 렌치, 몽키렌치, 다목적가위",고무망치,,,,False,,
granite4.1:8b,목공 드릴비트,success,목공용드릴비트,"목공용드릴비트, 드릴비트, 드릴비트세트, 철공용드릴비트, SDS드릴비트, 철공용드릴비트세트, 콘크리트용드릴비트, 콘크리트드릴비트세트, 목공톱, 목공줄, 목공용접톱, 임팩트드릴, 전동드릴, 충전드릴, 비트세트",목공용드릴비트,,,,False,,
granite4.1:8b,목공 삼각자,success,직각자,"직각자, 목공톱, 목공줄, 목공용접톱, 목공용드릴비트, 육각렌치, 줄자, 육각렌치세트, 다목적가위, 공구함, 공구세트, 전동공구세트, 자전거펌프, 공구함세트, 철공용드릴비트",직각자,,,,False,,
granite4.1:8b,목공 톱날(대중소),success,목공톱,"목공톱, 목공용접톱, 목공줄, 목공용드릴비트, 톱, 대패, 전정톱, 원형톱, 테이블톱, 직소기, 쇠톱, 접톱, 쇠지렛대, 공구함, 석고대패",목공톱,,,,False,,
granite4.1:8b,목공기리,success,목공줄,"목공줄, 목공톱, 목공용접톱, 목공용드릴비트, 공구세트, 공구함, 전동공구세트, 다목적가위, 사다리, 열풍기, 장도리, 공구함세트, 직소기, 수평기, 고압세척기",목공줄,,,,False,,
granite4.1:8b,목공본드 1개,success,목공줄,"목공줄, 목공톱, 목공용접톱, 목공용드릴비트, 공구세트, 공구함, 철공용드릴비트, 철공용드릴비트세트, 전동공구세트, 다목적가위, 공구함세트, 전동드릴, T핸드드라이버, 핸드카트, 충전드릴",목공줄,,,,False,,
granite4.1:8b,목공쇠톱,success,목공톱,"목공톱, 쇠톱, 목공용접톱, 목공줄, 목공용드릴비트, 쇠지렛대, 접톱, 테이블톱, 원형톱, 톱, 전정톱, 다목적가위, 공구함, 왕복톱(레시프로쏘), 철공용드릴비트",쇠톱,,,,False,,
granite4.1:8b,목공용 끌,success,목공용접톱,"목공용접톱, 목공줄, 목공용드릴비트, 목공톱, 철공용드릴비트, 끌세트, 철공용드릴비트세트, 다목적가위, 공구함, 공구세트, 전동공구세트, 공구함세트, 콘크리트용드릴비트, 전자산업용니퍼, 양용드라이버",끌세트,,,,False,,
granite4.1:8b,목공용 쇠톱,success,쇠톱,"쇠톱, 목공용접톱, 목공톱, 목공용드릴비트, 목공줄, 철공용드릴비트, 테이블톱, 철공용드릴비트세트, 쇠지렛대, 접톱, 원형톱, 톱, 전정톱, 다목적가위, 왕복톱(레시프로쏘)",쇠톱,,,,False,,
granite4.1:8b,"목공용 쇠톱(전정톱, 곡선)",success,전정톱,"전정톱, 쇠톱, 목공톱, 목공용접톱, 목공줄, 목공용드릴비트, 톱, 원형톱, 테이블톱, 접톱, 왕복톱(레시프로쏘), 철공용드릴비트, 전선릴, 철공용드릴비트세트, 쇠지렛대",전정톱,,,곡선,False,,
granite4.1:8b,"목공용 쇠톱(전정톱, 직선)",success,전정톱,"전정톱, 쇠톱, 목공용접톱, 목공톱, 목공줄, 목공용드릴비트, 톱, 접톱, 원형톱, 테이블톱, 왕복톱(레시프로쏘), 철공용드릴비트, 전선릴, 철공용드릴비트세트, 직소기",전정톱,,,,False,,
granite4.1:8b,목공용 외날톱,success,목공용접톱,"목공용접톱, 목공톱, 목공용드릴비트, 목공줄, 철공용드릴비트, 철공용드릴비트세트, 원형톱, 톱, 전정톱, 테이블톱, 쇠톱, 접톱, 공구함, 다목적가위, 전자산업용니퍼",목공톱,,,,False,,
granite4.1:8b,목공용 접톱,success,목공용접톱,"목공용접톱, 접톱, 목공톱, 목공용드릴비트, 목공줄, 철공용드릴비트, 철공용드릴비트세트, 원형톱, 쇠톱, 전정톱, 테이블톱, 톱, 공구함, 다목적가위, 왕복톱(레시프로쏘)",목공용접톱,,,,False,목공용접톱,True
granite4.1:8b,목공용 톱,success,목공톱,"목공톱, 목공용접톱, 목공용드릴비트, 목공줄, 톱, 철공용드릴비트, 테이블톱, 원형톱, 철공용드릴비트세트, 전정톱, 접톱, 쇠톱, 공구함, 다목적가위, 왕복톱(레시프로쏘)",목공용접톱,,,,False,,
granite4.1:8b,목공용 톱(소),success,목공톱,"목공톱, 목공용접톱, 목공용드릴비트, 목공줄, 톱, 철공용드릴비트, 테이블톱, 철공용드릴비트세트, 원형톱, 전정톱, 쇠톱, 접톱, 왕복톱(레시프로쏘), 공구함, 직소기",목공톱,,,,False,,
granite4.1:8b,목공용 톱(톱자루+날),success,목공톱,"목공톱, 목공용접톱, 목공용드릴비트, 목공줄, 톱, 전정톱, 원형톱, 테이블톱, 쇠톱, 접톱, 철공용드릴비트, 철공용드릴비트세트, 왕복톱(레시프로쏘), 전자산업용니퍼, 줄자",목공톱,,,,False,,
granite4.1:8b,목공용 홀쑈,success,목공용접톱,"목공용접톱, 목공용드릴비트, 목공톱, 목공줄, 철공용드릴비트, 철공용드릴비트세트, 공구함, 다목적가위, 공구세트, 공구함세트, 전동공구세트, 로터리해머드릴, 콘크리트용드릴비트, 양용드라이버, 해머드릴",목공용접톱,,,,False,,
granite4.1:8b,목공용접톱,success,목공용접톱,"목공용접톱, 목공톱, 접톱, 목공용드릴비트, 목공줄, 철공용드릴비트, 철공용드릴비트세트, 원형톱, 테이블톱, 전정톱, 톱, 쇠톱, 공구함, 다목적가위, 왕복톱(레시프로쏘)",목공용접톱,,,,False,,
granite4.1:8b,목공용톱,success,목공용접톱,"목공용접톱, 목공톱, 목공용드릴비트, 목공줄, 철공용드릴비트, 철공용드릴비트세트, 톱, 원형톱, 전정톱, 테이블톱, 접톱, 쇠톱, 공구함, 다목적가위, 왕복톱(레시프로쏘)",목공톱,,,,False,,
granite4.1:8b,목공용톱 자루,success,목공용접톱,"목공용접톱, 목공톱, 목공용드릴비트, 목공줄, 철공용드릴비트, 철공용드릴비트세트, 톱, 원형톱, 전정톱, 테이블톱, 쇠톱, 접톱, 전자산업용니퍼, 공구함, 다목적가위",목공용접톱,,,,True,,
granite4.1:8b,목공용톱(265MM),success,목공용접톱,"목공용접톱, 목공톱, 목공용드릴비트, 목공줄, 철공용드릴비트, 철공용드릴비트세트, 톱, 원형톱, 전정톱, 테이블톱, 접톱, 쇠톱, 공구함, 왕복톱(레시프로쏘), 공구함세트",목공용접톱,,,265MM,True,,
granite4.1:8b,목공용톱(5개),success,목공용접톱,"목공용접톱, 목공톱, 목공용드릴비트, 목공줄, 철공용드릴비트, 철공용드릴비트세트, 톱, 전정톱, 테이블톱, 원형톱, 쇠톱, 접톱, 왕복톱(레시프로쏘), 공구함, 다목적가위",목공용접톱,,,,True,,
granite4.1:8b,목공용톱대,success,목공용접톱,"목공용접톱, 목공톱, 목공줄, 목공용드릴비트, 철공용드릴비트, 톱, 철공용드릴비트세트, 테이블톱, 원형톱, 전정톱, 접톱, 공구함, 대패, 쇠톱, 다목적가위",목공톱,,,,False,,
granite4.1:8b,목공줄,success,목공줄,"목공줄, 목공톱, 목공용접톱, 목공용드릴비트, 줄자, 공구함, 공구세트, 전동공구세트, 다목적가위, 철공용드릴비트, 공구함세트, 철공용드릴비트세트, 전동드릴, 전선릴, 충전드릴",목공줄,,,,False,목공줄,True
granite4.1:8b,목공줄 5380,success,목공줄,"목공줄, 목공톱, 목공용접톱, 목공용드릴비트, 줄자, 공구함, 공구세트, 다목적가위, 철공용드릴비트, 철공용드릴비트세트, 전동공구세트, 공구함세트, 임팩트드릴, 전동드릴, 충전드릴",목공줄,,,,False,,
granite4.1:8b,목공줄(200mm),success,목공줄,"목공줄, 목공톱, 목공용접톱, 목공용드릴비트, 줄자, 공구함, 다목적가위, 전동공구세트, 철공용드릴비트, 공구세트, 공구함세트, 철공용드릴비트세트, 전선릴, 전동드릴, 임팩트드릴",목공줄,,,200mm,False,,
granite4.1:8b,목공클램프 4개,success,F클램프,"F클램프, 클램프미터, 목공톱, 목공줄, 목공용접톱, 목공용드릴비트, 자전거펌프, 에어펌프, 점프케이블, 공구함, 공구세트, 전동공구세트, 다목적가위, 워터펌프플라이어, 공구함세트",목공용드릴비트,,,,False,,
granite4.1:8b,목공톱,success,목공톱,"목공톱, 목공용접톱, 목공줄, 목공용드릴비트, 톱, 전정톱, 원형톱, 테이블톱, 접톱, 쇠톱, 공구함, 왕복톱(레시프로쏘), 다목적가위, 공구세트, 철공용드릴비트",목공톱,,,,False,,
granite4.1:8b,목공톱 1개,success,목공톱,"목공톱, 목공용접톱, 목공줄, 목공용드릴비트, 톱, 원형톱, 전정톱, 테이블톱, 접톱, 쇠톱, 공구함, 왕복톱(레시프로쏘), 공구세트, 다목적가위, 전동공구세트",목공톱,,,,False,,
granite4.1:8b,목공형쇠톱,success,목공톱,"목공톱, 쇠톱, 목공용접톱, 목공줄, 원형톱, 목공용드릴비트, 쇠지렛대, 테이블톱, 접톱, 톱, 전정톱, A형사다리, 다목적가위, 왕복톱(레시프로쏘), 공구함",쇠톱,,,,False,,
granite4.1:8b,목공형쇠톱(전정톱),success,전정톱,"전정톱, 목공톱, 쇠톱, 목공용접톱, 원형톱, 목공줄, 톱, 테이블톱, 접톱, 목공용드릴비트, 왕복톱(레시프로쏘), 전동공구세트, 쇠지렛대, 다목적가위, A형사다리",전정톱,,,,False,,
granite4.1:8b,목발,success,목공톱,"목공톱, 목공줄, 목공용접톱, 목공용드릴비트, 다목적가위, 전기인두, 돌망치, 핸드카트, 해머드릴, 안전장갑, 톱, 안전모, LED손전등, 에어펌프, 모종삽",모종삽,,,,False,,
granite4.1:8b,목발 보행보조기,success,보안경,"보안경, 목공톱, 목공줄, 목공용접톱, 목공용드릴비트, 다목적가위, 조합렌치세트, 열풍기, 송풍기, 전기인두, 수평기, 전동압착기, 고압세척기, 라돈측정기, 검전기",보안경,,,,False,,
granite4.1:8b,목발(대/중/소),success,대패,"대패, 목공톱, 목공줄, 직소기, 석고대패, 목공용접톱, 쇠지렛대, 목공용드릴비트, 다목적가위, 소켓렌치세트, 스프링배관청소기, 전기인두, 왕복톱(레시프로쏘), 안전모, 안전장갑",목공톱,,,,False,,
granite4.1:8b,목재 톱,success,목공톱,"목공톱, 목공용접톱, 톱, 원형톱, 쇠톱, 테이블톱, 전정톱, 접톱, 목공줄, 다목적가위, 왕복톱(레시프로쏘), 목공용드릴비트, 도끼, 점프케이블, 그립망치",목공톱,,,,False,,
granite4.1:8b,목재용 직소날,success,직소기,"직소기, 목공용접톱, 목공용드릴비트, 목공줄, 목공톱, 직각자, 철공용드릴비트, 철공용드릴비트세트, 다이아고날플라이어, 다목적가위, 소켓렌치세트, 스프링배관청소기, 콘크리트용드릴비트, 전자산업용니퍼, 피스제거용비트",직소기,,,,True,,
granite4.1:8b,목재톱,success,목공톱,"목공톱, 목공용접톱, 톱, 목공줄, 원형톱, 전정톱, 쇠톱, 접톱, 테이블톱, 다목적가위, 목공용드릴비트, 왕복톱(레시프로쏘), 도끼, 철판가위, 공구함",목공톱,,,,False,,
granite4.1:8b,목톱,success,목공톱,"목공톱, 목공용접톱, 톱, 목공줄, 쇠톱, 접톱, 원형톱, 전정톱, 테이블톱, 목공용드릴비트, 다목적가위, 왕복톱(레시프로쏘), 핸드카트, 도끼, 전기인두",목공톱,,,,False,,
granite4.1:8b,몰딩빠루,success,빠루망치,"빠루망치, 글루건, 글루스틱, 스냅링플라이어, 센터펀치, 핀펀치, 롱노즈플라이어, 충전드릴, 플라이어, 앤드컷팅니퍼, 다이아고날플라이어, 전동드릴, 몽키렌치, 충전해머드릴, 굽은노즈플라이어",빠루망치,,,,False,,
granite4.1:8b,못,success,타카,"타카, 다림추, 핸드카트, 케이블컷터, 망치, 쇠지렛대, 빠루망치, 납볼망치, 도끼, 그립망치, 쇠톱, 커터칼, 목공줄, 점프케이블, 돌망치",목공줄,,,,False,,
granite4.1:8b,몽키,success,몽키렌치,"몽키렌치, 망치, 도끼, 톱, 돌망치, 토크렌치, 핀펀치, 센터펀치, 고무망치, 펜치, 세트, 사다리, 렌치, 전지가위, 볼렌치",몽키렌치,,,,False,몽키렌치,True
granite4.1:8b,몽키 06“,success,몽키렌치,"몽키렌치, 망치, 도끼, 세트, 돌망치, 톱, 고무망치, 전동타카, 사다리, 납볼망치, 핀펀치, 전지가위, 그립망치, 핸드카트, 육각렌치세트",육각렌치세트,,,6인치,False,,
granite4.1:8b,몽키 08“,success,몽키렌치,"몽키렌치, 망치, 돌망치, 세트, 도끼, 톱, 납볼망치, 토크렌치, 고무망치, 센터펀치, 핀펀치, 카운터싱크, 전동타카, 임팩트드라이버, 펜치",몽키렌치,,,"08"" (크기)",False,,
granite4.1:8b,몽키 10,success,몽키렌치,"몽키렌치, 망치, 톱, 도끼, 토크렌치, 센터펀치, 핀펀치, 세트, 돌망치, 카운터싱크, 고무망치, 전동타카, 사다리, 핸드카트, 납볼망치",몽키렌치,,,,False,,
granite4.1:8b,몽키 10',success,몽키렌치,"몽키렌치, 망치, 톱, 도끼, 센터펀치, 핀펀치, 세트, 토크렌치, 돌망치, 사다리, 고무망치, 카운터싱크, 납볼망치, 방진마스크, 펜치",몽키렌치,,,크기/규격: 10,False,,
granite4.1:8b,몽키 10“,success,몽키렌치,"몽키렌치, 망치, 도끼, 톱, 세트, 핀펀치, 센터펀치, 돌망치, 토크렌치, 핸드카트, 카운터싱크, 고무망치, 전동타카, 사다리, 납볼망치",몽키렌치,,,"10""",False,,
granite4.1:8b,몽키 10인치,success,몽키렌치,"몽키렌치, 망치, 전기인두, 핀펀치, 앵글그라인더, 펜치, 돌망치, 렌치, 토크렌치, 센터펀치, 납볼망치, 고무망치, 그립망치, 만능렌치, 육각렌치",만능렌치,,,10인치,False,몽키렌치,False
granite4.1:8b,몽키 10＂,success,몽키렌치,"몽키렌치, 망치, 톱, 도끼, 세트, 핀펀치, 센터펀치, 토크렌치, 돌망치, 카운터싱크, 핸드카트, 고무망치, 사다리, 전동타카, 펜치",몽키렌치,,,10인치,False,,
granite4.1:8b,몽키 12,success,몽키렌치,"몽키렌치, 망치, 톱, 도끼, 돌망치, 세트, 센터펀치, 고무망치, 납볼망치, 토크렌치, 핀펀치, 전동타카, 공구세트, 점프케이블, 펜치",몽키렌치,,,,False,,
granite4.1:8b,몽키 12“,success,몽키렌치,"몽키렌치, 망치, 세트, 돌망치, 도끼, 톱, 센터펀치, 납볼망치, 고무망치, 핀펀치, 공구세트, 전동타카, 토크렌치, 점프케이블, 타카",몽키렌치,,,12인치,False,,
granite4.1:8b,몽키 12인치,success,몽키렌치,"몽키렌치, 망치, 전기인두, 앵글그라인더, 핀펀치, 센터펀치, 돌망치, 납볼망치, 펜치, 렌치, 고무망치, 토크렌치, 볼렌치세트, 볼렌치, 만능렌치",몽키렌치,,,12인치,False,몽키렌치,True
granite4.1:8b,몽키 6',success,몽키렌치,"몽키렌치, 망치, 도끼, 톱, 세트, 전정톱, 고무망치, 돌망치, 핀펀치, 육각렌치, 사다리, 전지가위, 렌치, 목공톱, 전동타카",육각렌치,,,,False,,
granite4.1:8b,몽키 8',success,몽키렌치,"몽키렌치, 망치, 톱, 납볼망치, 도끼, 토크렌치, 돌망치, 고무망치, 핀펀치, 센터펀치, 세트, 펜치, 카운터싱크, 렌치, 볼렌치세트",몽키렌치,,,,False,,
granite4.1:8b,몽키 8인치,success,몽키렌치,"몽키렌치, 망치, 전기인두, 앵글그라인더, 납볼망치, 핀펀치, 토크렌치, 펜치, 돌망치, 렌치, 고무망치, 센터펀치, 그립망치, 볼렌치, 육각렌치",몽키렌치,,,8인치,False,몽키렌치,True
granite4.1:8b,몽키 8＂,success,몽키렌치,"몽키렌치, 망치, 톱, 납볼망치, 토크렌치, 도끼, 돌망치, 고무망치, 핀펀치, 센터펀치, 세트, 카운터싱크, 펜치, 렌치, 소켓렌치세트",몽키렌치,,,8인치,False,,
granite4.1:8b,몽키 大,success,몽키렌치,"몽키렌치, 망치, 도끼, 톱, 토크렌치, 돌망치, 전지가위, 센터펀치, 핀펀치, 멀티테스터, 세트, 볼렌치, 펜치, 전동타카, 고무망치",몽키렌치,,,,False,,
granite4.1:8b,몽키 小,success,몽키렌치,"몽키렌치, 망치, 도끼, 톱, 돌망치, 토크렌치, 전동타카, 핀펀치, 펜치, 고무망치, 납볼망치, 전정톱, 공구세트, 목공톱, 세트",몽키렌치,,,,False,,
granite4.1:8b,몽키 스패너,success,스패너,"스패너, 스패너세트, 편구스패너, 몽키렌치, 대패, 스크레퍼, 석고대패, 스냅링플라이어, 스프링배관청소기, 멀티테스터, 샌더, 와이어스트리퍼, 방진마스크, 가스토치, 버니어캘리퍼스",몽키렌치,,,,False,,
granite4.1:8b,몽키 스패너,success,스패너,"스패너, 스패너세트, 편구스패너, 몽키렌치, 대패, 스크레퍼, 석고대패, 스냅링플라이어, 스프링배관청소기, 멀티테스터, 샌더, 와이어스트리퍼, 방진마스크, 가스토치, 버니어캘리퍼스",몽키렌치,,,,False,,
granite4.1:8b,몽키 스패너 10',success,스패너,"스패너, 스패너세트, 편구스패너, 몽키렌치, 대패, 스크레퍼, 석고대패, 스냅링플라이어, 스프링배관청소기, 멀티테스터, 방진마스크, 와이어스트리퍼, 버니어캘리퍼스, 가스토치, 샌더",편구스패너,,,10'',False,,
granite4.1:8b,몽키 스패너 10inch,success,스패너,"스패너, 스패너세트, 편구스패너, 몽키렌치, 대패, 석고대패, 스크레퍼, 스냅링플라이어, 스프링배관청소기, 와이어스트리퍼, 방진마스크, 멀티테스터, 가스토치, 버니어캘리퍼스, 핀펀치",편구스패너,,,10인치,False,,
granite4.1:8b,몽키 스패너 10인치,success,스패너,"스패너, 스패너세트, 편구스패너, 몽키렌치, 대패, 석고대패, 앵글그라인더, 스크레퍼, 망치, 펜치, 스냅링플라이어, 스프링배관청소기, 가스토치, 전기인두, 핀펀치",편구스패너,,,10인치,False,,
granite4.1:8b,몽키 스패너 12inch,success,스패너,"스패너, 스패너세트, 편구스패너, 몽키렌치, 대패, 석고대패, 스크레퍼, 스냅링플라이어, 스프링배관청소기, 멀티테스터, 와이어스트리퍼, 버니어캘리퍼스, 가스토치, 센터펀치, 방진마스크",편구스패너,,,12인치,False,,
granite4.1:8b,몽키 스패너 12인치,success,스패너,"스패너, 스패너세트, 몽키렌치, 편구스패너, 대패, 앵글그라인더, 석고대패, 망치, 스크레퍼, 스냅링플라이어, 가스토치, 센터펀치, 펜치, 전기인두, 스프링배관청소기",스패너,,,12인치,False,,
granite4.1:8b,몽키 스패너 1개,success,스패너,"스패너, 스패너세트, 편구스패너, 몽키렌치, 대패, 스크레퍼, 석고대패, 스냅링플라이어, 스프링배관청소기, 멀티테스터, 와이어스트리퍼, 방진마스크, 버니어캘리퍼스, 샌더, 공구세트",스패너,,,,False,,
granite4.1:8b,몽키 스패너 8,success,스패너,"스패너, 스패너세트, 편구스패너, 몽키렌치, 대패, 스크레퍼, 석고대패, 스냅링플라이어, 멀티테스터, 스프링배관청소기, 와이어스트리퍼, 방진마스크, 버니어캘리퍼스, 가스토치, 망치",편구스패너,,,,False,,
granite4.1:8b,몽키 스패너 8inch,success,스패너,"스패너, 스패너세트, 편구스패너, 몽키렌치, 대패, 석고대패, 스크레퍼, 스프링배관청소기, 스냅링플라이어, 와이어스트리퍼, 멀티테스터, 버니어캘리퍼스, 가스토치, 방진마스크, 펜치",편구스패너,,,8인치,False,,
granite4.1:8b,몽키 스패너 8개,success,스패너,"스패너, 스패너세트, 편구스패너, 몽키렌치, 대패, 스크레퍼, 석고대패, 스냅링플라이어, 스프링배관청소기, 멀티테스터, 와이어스트리퍼, 방진마스크, 망치, 버니어캘리퍼스, 공구세트",스패너세트,,,,False,,
granite4.1:8b,몽키 스패너10,success,스패너,"스패너, 스패너세트, 편구스패너, 몽키렌치, 대패, 스크레퍼, 석고대패, 스냅링플라이어, 스프링배관청소기, 멀티테스터, 방진마스크, 와이어스트리퍼, 버니어캘리퍼스, 샌더, 가스토치",편구스패너,,,,False,,
granite4.1:8b,몽키 스패너10',success,스패너,"스패너, 스패너세트, 편구스패너, 몽키렌치, 대패, 스크레퍼, 석고대패, 스냅링플라이어, 스프링배관청소기, 멀티테스터, 방진마스크, 와이어스트리퍼, 버니어캘리퍼스, 가스토치, 샌더",편구스패너,,,,False,,
granite4.1:8b,몽키 스패너8,success,스패너,"스패너, 스패너세트, 편구스패너, 몽키렌치, 대패, 스크레퍼, 석고대패, 스냅링플라이어, 멀티테스터, 스프링배관청소기, 버니어캘리퍼스, 와이어스트리퍼, 방진마스크, 망치, 샌더",편구스패너,,,,False,,
granite4.1:8b,몽키 스페너,success,몽키렌치,"몽키렌치, 스패너, 스패너세트, 편구스패너, 스크레퍼, 멀티테스터, 스냅링플라이어, 스프링배관청소기, 와이어스트리퍼, 방진마스크, 버니어캘리퍼스, 가스토치, 다이스세트, 샌더, 글루스틱",몽키렌치,,,,False,,
granite4.1:8b,"몽키 이레가 8″,10″,12″ /스페인",success,몽키렌치,"몽키렌치, 스크레퍼, 가스토치, 전기인두, 레이저수평기, 다목적가위, 전지가위, 다이스세트, 고지가위, 레이저거리측정기, 철판가위, 앵글그라인더, 스패너, 스패너세트, 스냅링플라이어",몽키렌치,,,"크기: 8"", 10"", 12""",False,,
granite4.1:8b,몽키(10,success,몽키렌치,"몽키렌치, 망치, 톱, 도끼, 센터펀치, 세트, 돌망치, 핀펀치, 토크렌치, 카운터싱크, 고무망치, 사다리, 납볼망치, 핸드카트, 렌치",몽키렌치,,,,False,,
granite4.1:8b,몽키(10'') 1개,success,몽키렌치,"몽키렌치, 망치, 세트, 도끼, 톱, 공구세트, 핀펀치, 소켓렌치세트, 사다리, 돌망치, 납볼망치, 고무망치, 별렌치세트, 테이블톱, 스패너세트",몽키렌치,,,크기: 10'',False,,
granite4.1:8b,몽키(10) 1개,success,몽키렌치,"몽키렌치, 망치, 세트, 도끼, 톱, 사다리, 공구세트, 돌망치, 핀펀치, 멀티테스터, 납볼망치, 카운터싱크, 핸드카트, 고무망치, 소켓렌치세트",소켓렌치세트,,,크기/규격 정보가 포함된 '몽키(10)'는 소켓렌치 세트 중 하나의 크기를 나타냅니다.,False,,
granite4.1:8b,몽키(10″),success,몽키렌치,"몽키렌치, 망치, 톱, 도끼, 핀펀치, 돌망치, 센터펀치, 납볼망치, 세트, 목공톱, 핸드카트, 고무망치, 테이블톱, 토크렌치, 렌치",몽키렌치,,,10″,False,,
granite4.1:8b,몽키(10인치),success,몽키렌치,"몽키렌치, 망치, 전기인두, 앵글그라인더, 핀펀치, 돌망치, 렌치, 펜치, 센터펀치, 납볼망치, 토크렌치, 고무망치, 육각렌치, 만능렌치, 그립망치",만능렌치,,,10인치,False,,
granite4.1:8b,몽키(12'') 1개,success,몽키렌치,"몽키렌치, 세트, 망치, 공구세트, 도끼, 소켓렌치세트, 별렌치세트, 납볼망치, 돌망치, 테이블톱, 톱, 핀펀치, 스패너세트, 고무망치, 볼렌치세트",몽키렌치,,,크기: 12'',False,,
granite4.1:8b,몽키(12) 1개,success,몽키렌치,"몽키렌치, 망치, 세트, 도끼, 돌망치, 톱, 공구세트, 납볼망치, 사다리, 멀티테스터, 고무망치, 테이블톱, 별렌치세트, 소켓렌치세트, 핀펀치",소켓렌치세트,,,,False,,
granite4.1:8b,몽키(12인치),success,몽키렌치,"몽키렌치, 망치, 전기인두, 센터펀치, 앵글그라인더, 핀펀치, 돌망치, 렌치, 납볼망치, 펜치, 고무망치, 토크렌치, 별렌치세트, 소켓렌치세트, 볼렌치세트",몽키렌치,,,12인치,False,,
granite4.1:8b,몽키(12인치) 1개,success,몽키렌치,"몽키렌치, 망치, 전기인두, 핀펀치, 돌망치, 앵글그라인더, 납볼망치, 렌치, 고무망치, 펜치, 센터펀치, 소켓렌치세트, 별렌치세트, 토크렌치, 볼렌치세트",몽키렌치,,,12인치,False,,
granite4.1:8b,몽키(2),success,몽키렌치,"몽키렌치, 망치, 도끼, 톱, 세트, 돌망치, 사다리, 핀펀치, 토크렌치, 센터펀치, 렌치, 고무망치, 멀티테스터, 쇠톱, 펜치",몽키렌치,,,,False,,
granite4.1:8b,몽키(8,success,몽키렌치,"몽키렌치, 망치, 톱, 도끼, 돌망치, 납볼망치, 고무망치, 세트, 토크렌치, 카운터싱크, 센터펀치, 핀펀치, 펜치, 볼렌치, 렌치",몽키렌치,,,,False,,
granite4.1:8b,몽키(8'') 1개,success,몽키렌치,"몽키렌치, 망치, 톱, 납볼망치, 세트, 도끼, 공구세트, 소켓렌치세트, 돌망치, 핀펀치, 사다리, 고무망치, 별렌치세트, 테이블톱, 쇠톱",몽키렌치,,,8'',False,,
granite4.1:8b,몽키(8인치),success,몽키렌치,"몽키렌치, 망치, 전기인두, 앵글그라인더, 납볼망치, 핀펀치, 돌망치, 렌치, 펜치, 토크렌치, 센터펀치, 고무망치, 볼렌치, 그립망치, 볼렌치세트",몽키렌치,,,8인치,False,,
granite4.1:8b,몽키(8인치) 1개,success,몽키렌치,"몽키렌치, 망치, 전기인두, 앵글그라인더, 납볼망치, 핀펀치, 돌망치, 렌치, 펜치, 고무망치, 토크렌치, 소켓렌치세트, 센터펀치, 볼렌치세트, 별렌치세트",몽키렌치,,,8인치,False,,
granite4.1:8b,몽키(대),success,몽키렌치,"몽키렌치, 대패, 석고대패, 쇠지렛대, 망치, 톱, 도끼, 돌망치, 세트, 전지가위, 토크렌치, 사다리, 검전기, 렌치, 핀펀치",대패,,,,False,,
granite4.1:8b,몽키(중),success,몽키렌치,"몽키렌치, 망치, 센터펀치, 톱, 도끼, 세트, 전지가위, 돌망치, 검전기, 사다리, 핀펀치, 납볼망치, 손타카, 카운터싱크, 전정톱",몽키렌치,,,,False,,
granite4.1:8b,"몽키,렌치,스패너",success,몽키렌치,"몽키렌치, 스패너, 스패너세트, 편구스패너, 렌치, 토크렌치, 육각렌치, 만능렌치, 옵셋렌치, 볼렌치, 별렌치세트, 플라이어렌치, 소켓렌치세트, T렌치세트, 육각렌치세트",몽키렌치,,,,False,,
granite4.1:8b,"몽키/광폭(34mm,39mm)",success,몽키렌치,"몽키렌치, LED투광기, 망치, 톱, 클램프미터, 목공톱, 도끼, 테이블톱, 핀펀치, 렌치, 납볼망치, 전정톱, 사다리, 왕복톱(레시프로쏘), 먹통",렌치,,,"(34mm, 39mm)",False,,
granite4.1:8b,몽키/렌치/스패너,success,몽키렌치,"몽키렌치, 스패너, 스패너세트, 편구스패너, 렌치, 육각렌치, 토크렌치, 만능렌치, 별렌치세트, 옵셋렌치, 플라이어렌치, 소켓렌치세트, 볼렌치, 육각렌치세트, T렌치세트",몽키렌치,,,,False,,
granite4.1:8b,몽키2개,success,몽키렌치,"몽키렌치, 망치, 도끼, 공구세트, 톱, 세트, 핀펀치, 사다리, 고무망치, 돌망치, 전정톱, 멀티테스터, 토크렌치, 목공톱, 소켓렌치세트",소켓렌치세트,,,,False,,
granite4.1:8b,몽키8,success,몽키렌치,"몽키렌치, 망치, 토크렌치, 톱, 도끼, 돌망치, 납볼망치, 고무망치, 핀펀치, 카운터싱크, 센터펀치, 세트, 볼렌치세트, 전동타카, 멀티테스터",몽키렌치,,,,False,,
granite4.1:8b,몽키렌치,success,몽키렌치,"몽키렌치, 렌치, 토크렌치, 볼렌치, 만능렌치, 육각렌치, 별렌치세트, 볼렌치세트, 옵셋렌치, 파이프렌치, 플라이어렌치, 소켓렌치세트, T렌치세트, 육각렌치세트, 조합렌치세트",몽키렌치,,,,False,몽키렌치,True
granite4.1:8b,몽키렌치 (10),success,몽키렌치,"몽키렌치, 렌치, 토크렌치, 볼렌치, 만능렌치, 육각렌치, 별렌치세트, 옵셋렌치, 볼렌치세트, 파이프렌치, 소켓렌치세트, 플라이어렌치, 육각렌치세트, 조합렌치세트, T렌치세트",몽키렌치,,,10,False,,
granite4.1:8b,몽키렌치 (8),success,몽키렌치,"몽키렌치, 렌치, 토크렌치, 볼렌치, 육각렌치, 만능렌치, 별렌치세트, 볼렌치세트, 옵셋렌치, 파이프렌치, 소켓렌치세트, 플라이어렌치, 육각렌치세트, T렌치세트, 조합렌치세트",몽키렌치,,,(8),False,,
granite4.1:8b,몽키렌치(25cm),success,몽키렌치,"몽키렌치, 렌치, 토크렌치, 육각렌치, 볼렌치, 별렌치세트, 만능렌치, 소켓렌치세트, 볼렌치세트, 플라이어렌치, 옵셋렌치, 조합렌치세트, 육각렌치세트, 파이프렌치, 라쳇렌치세트",몽키렌치,,,길이 25cm,False,,
granite4.1:8b,몽키렌치(30cm),success,몽키렌치,"몽키렌치, 렌치, 토크렌치, 만능렌치, 육각렌치, 별렌치세트, 볼렌치, 플라이어렌치, 볼렌치세트, 소켓렌치세트, 파이프렌치, 옵셋렌치, 조합렌치세트, 육각렌치세트, T렌치세트",몽키렌치,,,길이 30cm,False,,
granite4.1:8b,몽키렌치15'' 1개,success,몽키렌치,"몽키렌치, 렌치, 토크렌치, 별렌치세트, 소켓렌치세트, 만능렌치, 볼렌치세트, 조합렌치세트, 육각렌치, 볼렌치, 플라이어렌치, 옵셋렌치, 육각렌치세트, 기어렌치세트, T렌치세트",몽키렌치,,,15,False,,
granite4.1:8b,몽키스패너,success,스패너,"스패너, 편구스패너, 몽키렌치, 스패너세트, 대패, 스크레퍼, 석고대패, 멀티테스터, 앵글그라인더, 롱노즈플라이어, 버니어캘리퍼스, 스냅링플라이어, 바이스그립플라이어, 방진마스크, 와이어스트리퍼",몽키렌치,,,,False,몽키렌치,True
granite4.1:8b,몽키스패너 10,success,스패너,"스패너, 편구스패너, 몽키렌치, 스패너세트, 대패, 스크레퍼, 석고대패, 멀티테스터, 롱노즈플라이어, 스냅링플라이어, 버니어캘리퍼스, 바이스그립플라이어, 방진마스크, 앵글그라인더, 와이어스트리퍼",편구스패너,,,,False,,
granite4.1:8b,몽키스패너 10',success,스패너,"스패너, 편구스패너, 몽키렌치, 스패너세트, 대패, 스크레퍼, 석고대패, 멀티테스터, 스냅링플라이어, 버니어캘리퍼스, 바이스그립플라이어, 롱노즈플라이어, 방진마스크, 센터펀치, 와이어스트리퍼",편구스패너,,,10'',False,,
granite4.1:8b,몽키스패너 12인치,success,스패너,"스패너, 몽키렌치, 편구스패너, 스패너세트, 대패, 앵글그라인더, 센터펀치, 망치, 석고대패, 가스토치, 핀펀치, 스크레퍼, 고무망치, 펜치, 버니어캘리퍼스",몽키렌치,,,12인치,False,,
granite4.1:8b,몽키스패너 1개,success,스패너,"스패너, 편구스패너, 몽키렌치, 스패너세트, 대패, 멀티테스터, 스크레퍼, 석고대패, 스냅링플라이어, 버니어캘리퍼스, 앵글그라인더, 롱노즈플라이어, 바이스그립플라이어, 방진마스크, 와이어스트리퍼",편구스패너,,,,False,,
granite4.1:8b,몽키스패너 200(8),success,스패너,"스패너, 편구스패너, 몽키렌치, 스패너세트, 대패, 석고대패, 스크레퍼, 멀티테스터, 버니어캘리퍼스, 앵글그라인더, 롱노즈플라이어, 스냅링플라이어, 망치, 바이스그립플라이어, 센터펀치",편구스패너,,,,False,,
granite4.1:8b,몽키스패너 250(10),success,스패너,"스패너, 편구스패너, 몽키렌치, 스패너세트, 대패, 멀티테스터, 스크레퍼, 석고대패, 롱노즈플라이어, 버니어캘리퍼스, 스냅링플라이어, 센터펀치, 와이어스트리퍼, 다이스세트, 핀펀치",편구스패너,,,"250mm 길이, 크기 10",False,,
granite4.1:8b,몽키스패너 2개,success,스패너,"스패너, 편구스패너, 몽키렌치, 스패너세트, 대패, 멀티테스터, 스크레퍼, 석고대패, 롱노즈플라이어, 스냅링플라이어, 버니어캘리퍼스, 방진마스크, 앵글그라인더, 와이어스트리퍼, 바이스그립플라이어",편구스패너,,,,False,,
granite4.1:8b,몽키스패너 8,success,스패너,"스패너, 편구스패너, 몽키렌치, 스패너세트, 대패, 석고대패, 스크레퍼, 멀티테스터, 버니어캘리퍼스, 앵글그라인더, 롱노즈플라이어, 스냅링플라이어, 바이스그립플라이어, 망치, 방진마스크",편구스패너,,,,False,,
granite4.1:8b,몽키스패너 8',success,스패너,"스패너, 편구스패너, 몽키렌치, 스패너세트, 대패, 석고대패, 스크레퍼, 멀티테스터, 버니어캘리퍼스, 바이스그립플라이어, 앵글그라인더, 스냅링플라이어, 롱노즈플라이어, 와이어스트리퍼, 방진마스크",편구스패너,,,8'',False,,
granite4.1:8b,몽키스패너 대,success,스패너,"스패너, 편구스패너, 몽키렌치, 스패너세트, 대패, 석고대패, 쇠지렛대, 멀티테스터, 스크레퍼, 롱노즈플라이어, 버니어캘리퍼스, 앵글그라인더, 바이스그립플라이어, 스냅링플라이어, 방진마스크",대패,,,,False,,
granite4.1:8b,"몽키스패너 대,중,소",success,스패너,"스패너, 편구스패너, 몽키렌치, 스패너세트, 대패, 석고대패, 직소기, 스프링배관청소기, 소켓렌치세트, 쇠지렛대, 스크레퍼, 멀티테스터, 롱노즈플라이어, 바이스그립플라이어, 버니어캘리퍼스",편구스패너,,,"대, 중, 소",False,,
granite4.1:8b,몽키스패너 소,success,스패너,"스패너, 편구스패너, 몽키렌치, 스패너세트, 대패, 직소기, 스프링배관청소기, 석고대패, 소켓렌치세트, 스크레퍼, 멀티테스터, 앵글그라인더, 롱노즈플라이어, 버니어캘리퍼스, 스냅링플라이어",편구스패너,,,,False,,
granite4.1:8b,몽키스패너 와이드(10인치),success,스패너,"스패너, 편구스패너, 몽키렌치, 스패너세트, 와이어스트리퍼, 대패, 앵글그라인더, 롱노즈플라이어, 바이스그립플라이어, 스냅링플라이어, 석고대패, 플라이어렌치, 다이스세트, 앤드컷팅니퍼, 다이아고날플라이어",편구스패너,,,"와이드, 10인치",False,,
granite4.1:8b,몽키스패너 와이드(12인치),success,스패너,"스패너, 편구스패너, 몽키렌치, 스패너세트, 와이어스트리퍼, 대패, 앵글그라인더, 바이스그립플라이어, 롱노즈플라이어, 스냅링플라이어, 다이스세트, 플라이어렌치, 센터펀치, 석고대패, 앤드컷팅니퍼",편구스패너,,,12인치,False,,
granite4.1:8b,몽키스패너 중,success,스패너,"스패너, 몽키렌치, 편구스패너, 스패너세트, 대패, 스크레퍼, 멀티테스터, 석고대패, 앵글그라인더, 버니어캘리퍼스, 스냅링플라이어, 롱노즈플라이어, 바이스그립플라이어, 센터펀치, 다이스세트",몽키렌치,,,,False,,
granite4.1:8b,"몽키스패너 중,소",success,스패너,"스패너, 편구스패너, 몽키렌치, 스패너세트, 대패, 직소기, 스프링배관청소기, 소켓렌치세트, 스크레퍼, 석고대패, 멀티테스터, 롱노즈플라이어, 버니어캘리퍼스, 스냅링플라이어, 바이스그립플라이어",편구스패너,,,,False,,
granite4.1:8b,"몽키스패너(10#,12#)",success,스패너,"스패너, 편구스패너, 몽키렌치, 스패너세트, 대패, 스크레퍼, 석고대패, 멀티테스터, 스냅링플라이어, 롱노즈플라이어, 버니어캘리퍼스, 와이어스트리퍼, 바이스그립플라이어, 센터펀치, 방진마스크",편구스패너,,,"10#, 12#",False,,
granite4.1:8b,"몽키스패너(10,12#)",success,스패너,"스패너, 편구스패너, 몽키렌치, 스패너세트, 대패, 스크레퍼, 석고대패, 멀티테스터, 버니어캘리퍼스, 스냅링플라이어, 롱노즈플라이어, 와이어스트리퍼, 센터펀치, 앵글그라인더, 바이스그립플라이어",편구스패너,,,"10,12#",False,,
granite4.1:8b,몽키스패너(10인치),success,스패너,"스패너, 몽키렌치, 편구스패너, 스패너세트, 대패, 앵글그라인더, 망치, 석고대패, 센터펀치, 핀펀치, 펜치, 스크레퍼, 고무망치, 가스토치, 납볼망치",스패너,,,10인치,True,,
granite4.1:8b,몽키스패너(12#),success,스패너,"스패너, 편구스패너, 몽키렌치, 스패너세트, 대패, 스크레퍼, 석고대패, 멀티테스터, 스냅링플라이어, 버니어캘리퍼스, 센터펀치, 앵글그라인더, 롱노즈플라이어, 와이어스트리퍼, 망치",편구스패너,,,12#,False,,
granite4.1:8b,몽키스패너(12인치),success,스패너,"스패너, 몽키렌치, 편구스패너, 스패너세트, 대패, 앵글그라인더, 센터펀치, 망치, 석고대패, 핀펀치, 스크레퍼, 펜치, 고무망치, 가스토치, 납볼망치",스패너,,,12인치,True,,
granite4.1:8b,몽키스패너(12인치) 1개,success,스패너,"스패너, 몽키렌치, 편구스패너, 스패너세트, 대패, 앵글그라인더, 망치, 센터펀치, 핀펀치, 스크레퍼, 고무망치, 펜치, 납볼망치, 석고대패, 멀티테스터",편구스패너,,,12인치,False,,
granite4.1:8b,몽키스패너(14인치) 1개,success,스패너,"스패너, 몽키렌치, 편구스패너, 스패너세트, 대패, 앵글그라인더, 망치, 고무망치, 석고대패, 펜치, 멀티테스터, 핀펀치, 스크레퍼, 버니어캘리퍼스, 돌망치",스패너,,,14인치,True,,
granite4.1:8b,몽키스패너(150mm),success,스패너,"스패너, 편구스패너, 몽키렌치, 스패너세트, 대패, 석고대패, 버니어캘리퍼스, 스크레퍼, 롱노즈플라이어, 스냅링플라이어, 멀티테스터, 방진마스크, 와이어스트리퍼, 바이스그립플라이어, 스프링배관청소기",편구스패너,,,150mm,False,,
granite4.1:8b,몽키스패너(15인치),success,스패너,"스패너, 몽키렌치, 편구스패너, 스패너세트, 대패, 앵글그라인더, 석고대패, 센터펀치, 망치, 스크레퍼, 펜치, 가스토치, 토크렌치, 고무망치, 핀펀치",스패너,,,15인치,True,,
granite4.1:8b,몽키스패너(2),success,스패너,"스패너, 편구스패너, 몽키렌치, 스패너세트, 대패, 스크레퍼, 멀티테스터, 석고대패, 앵글그라인더, 롱노즈플라이어, 버니어캘리퍼스, 스냅링플라이어, 바이스그립플라이어, 망치, 앤드컷팅니퍼",편구스패너,,,크기·규격 정보가 포함된 '2',False,,
granite4.1:8b,몽키스패너(200mm),success,스패너,"스패너, 편구스패너, 몽키렌치, 스패너세트, 대패, 석고대패, 스크레퍼, 버니어캘리퍼스, 멀티테스터, 스냅링플라이어, 롱노즈플라이어, 방진마스크, 바이스그립플라이어, 와이어스트리퍼, 앵글그라인더",편구스패너,,,200mm,False,,
granite4.1:8b,몽키스패너(250mm 세신),success,스패너,"스패너, 편구스패너, 스패너세트, 몽키렌치, 대패, 소켓렌치세트, 석고대패, 다이스세트, 스크레퍼, 육각렌치세트, 별렌치세트, 멀티테스터, 볼렌치세트, 라쳇렌치세트, 조합렌치세트",편구스패너,,,250mm,False,몽키렌치,False
granite4.1:8b,몽키스패너(250mm),success,스패너,"스패너, 편구스패너, 몽키렌치, 스패너세트, 대패, 석고대패, 멀티테스터, 스크레퍼, 버니어캘리퍼스, 롱노즈플라이어, 스냅링플라이어, 와이어스트리퍼, 센터펀치, 스프링배관청소기, 바이스그립플라이어",편구스패너,,,250mm,False,,
granite4.1:8b,몽키스패너(260mm),success,스패너,"스패너, 편구스패너, 몽키렌치, 스패너세트, 대패, 스크레퍼, 멀티테스터, 석고대패, 버니어캘리퍼스, 바이스그립플라이어, 롱노즈플라이어, 스냅링플라이어, 방진마스크, 앵글그라인더, 육각렌치",편구스패너,,,260mm,False,,
granite4.1:8b,몽키스패너(300mm),success,스패너,"스패너, 편구스패너, 몽키렌치, 스패너세트, 대패, 스크레퍼, 롱노즈플라이어, 멀티테스터, 버니어캘리퍼스, 석고대패, 스냅링플라이어, 바이스그립플라이어, 방진마스크, 와이어스트리퍼, 스프링배관청소기",편구스패너,,,길이 300mm,False,,
granite4.1:8b,몽키스패너(308mm),success,스패너,"스패너, 편구스패너, 몽키렌치, 스패너세트, 대패, 석고대패, 스크레퍼, 멀티테스터, 롱노즈플라이어, 버니어캘리퍼스, 방진마스크, 스냅링플라이어, 바이스그립플라이어, 앵글그라인더, 고무망치",편구스패너,,,308mm,False,,
granite4.1:8b,몽키스패너(375mm),success,스패너,"스패너, 편구스패너, 몽키렌치, 스패너세트, 대패, 석고대패, 롱노즈플라이어, 스크레퍼, 멀티테스터, 바이스그립플라이어, 와이어스트리퍼, 스냅링플라이어, 콘크리트니퍼, 방진마스크, 피스제거용비트",편구스패너,,,길이 375mm,False,,
granite4.1:8b,몽키스패너(450mm),success,스패너,"스패너, 편구스패너, 몽키렌치, 스패너세트, 대패, 석고대패, 스크레퍼, 버니어캘리퍼스, 롱노즈플라이어, 멀티테스터, 스냅링플라이어, 방진마스크, 고무망치, 육각렌치, 와이어스트리퍼",편구스패너,,,450mm,False,,
granite4.1:8b,몽키스패너(8),success,스패너,"스패너, 편구스패너, 몽키렌치, 스패너세트, 대패, 스크레퍼, 석고대패, 멀티테스터, 앵글그라인더, 버니어캘리퍼스, 망치, 롱노즈플라이어, 스냅링플라이어, 바이스그립플라이어, 앤드컷팅니퍼",편구스패너,,,8,False,,
granite4.1:8b,몽키스패너(8인치),success,스패너,"스패너, 몽키렌치, 편구스패너, 스패너세트, 앵글그라인더, 대패, 망치, 센터펀치, 석고대패, 펜치, 핀펀치, 스크레퍼, 납볼망치, 고무망치, 토크렌치",몽키렌치,,,8인치,False,,
granite4.1:8b,몽키스패너(8인치) 1개,success,스패너,"스패너, 몽키렌치, 편구스패너, 스패너세트, 대패, 앵글그라인더, 망치, 납볼망치, 펜치, 석고대패, 핀펀치, 스크레퍼, 고무망치, 멀티테스터, 센터펀치",편구스패너,,,8인치,False,,
granite4.1:8b,몽키스패너(8인치/10인치),success,몽키렌치,"몽키렌치, 스패너, 편구스패너, 스패너세트, 앵글그라인더, 전기인두, 망치, 펜치, 대패, 센터펀치, 핀펀치, 렌치, 토크렌치, 가스토치, 납볼망치",편구스패너,,,8인치/10인치,False,,
granite4.1:8b,몽키스패너(대),success,스패너,"스패너, 편구스패너, 몽키렌치, 스패너세트, 대패, 석고대패, 쇠지렛대, 스크레퍼, 멀티테스터, 롱노즈플라이어, 앵글그라인더, 버니어캘리퍼스, 바이스그립플라이어, 스냅링플라이어, 앤드컷팅니퍼",대패,,,,False,,
granite4.1:8b,"몽키스패너(대,중,소)",success,스패너,"스패너, 편구스패너, 몽키렌치, 스패너세트, 대패, 석고대패, 직소기, 스프링배관청소기, 쇠지렛대, 스크레퍼, 소켓렌치세트, 멀티테스터, 롱노즈플라이어, 버니어캘리퍼스, 앵글그라인더",편구스패너,,,,False,,
granite4.1:8b,"몽키스패너(대,중,소) 1개",success,스패너,"스패너, 편구스패너, 몽키렌치, 스패너세트, 대패, 석고대패, 직소기, 스프링배관청소기, 소켓렌치세트, 멀티테스터, 쇠지렛대, 스크레퍼, 버니어캘리퍼스, 롱노즈플라이어, 스냅링플라이어",편구스패너,,,,False,,
granite4.1:8b,몽키스패너(소),success,스패너,"스패너, 편구스패너, 몽키렌치, 스패너세트, 직소기, 대패, 스프링배관청소기, 석고대패, 스크레퍼, 소켓렌치세트, 멀티테스터, 롱노즈플라이어, 앵글그라인더, 버니어캘리퍼스, 스냅링플라이어",편구스패너,,,,False,,
granite4.1:8b,몽키스패너(중),success,스패너,"스패너, 편구스패너, 몽키렌치, 스패너세트, 대패, 스크레퍼, 석고대패, 멀티테스터, 앵글그라인더, 롱노즈플라이어, 버니어캘리퍼스, 스냅링플라이어, 바이스그립플라이어, 센터펀치, 앤드컷팅니퍼",편구스패너,,,,False,,
granite4.1:8b,몽키스패너10',success,스패너,"스패너, 편구스패너, 몽키렌치, 스패너세트, 대패, 스크레퍼, 석고대패, 멀티테스터, 스냅링플라이어, 버니어캘리퍼스, 롱노즈플라이어, 바이스그립플라이어, 방진마스크, 앵글그라인더, 센터펀치",편구스패너,,,,False,,
granite4.1:8b,몽키스패너10인치,success,스패너,"스패너, 몽키렌치, 편구스패너, 스패너세트, 대패, 앵글그라인더, 망치, 석고대패, 핀펀치, 센터펀치, 펜치, 고무망치, 가스토치, 롱노즈플라이어, 스크레퍼",몽키렌치,,,10인치,False,,
granite4.1:8b,몽키스패너10인치 1개,success,스패너,"스패너, 몽키렌치, 편구스패너, 스패너세트, 대패, 앵글그라인더, 망치, 핀펀치, 석고대패, 펜치, 고무망치, 센터펀치, 납볼망치, 스냅링플라이어, 가스토치",스패너,,,10인치,True,,
granite4.1:8b,몽키스패너12인치,success,스패너,"스패너, 몽키렌치, 편구스패너, 스패너세트, 대패, 앵글그라인더, 센터펀치, 망치, 석고대패, 핀펀치, 고무망치, 가스토치, 펜치, 버니어캘리퍼스, 납볼망치",몽키렌치,,,12인치,False,,
granite4.1:8b,몽키스패너6인치 1개,success,스패너,"스패너, 몽키렌치, 편구스패너, 스패너세트, 대패, 앵글그라인더, 망치, 육각렌치, 석고대패, 육각렌치세트, 펜치, 핀펀치, 고무망치, 가스토치, 전기인두",스패너,,,6인치,False,,
granite4.1:8b,몽키스패너8',success,스패너,"스패너, 편구스패너, 몽키렌치, 스패너세트, 대패, 석고대패, 스크레퍼, 멀티테스터, 버니어캘리퍼스, 앵글그라인더, 바이스그립플라이어, 스냅링플라이어, 롱노즈플라이어, 방진마스크, 망치",편구스패너,,,,False,,
granite4.1:8b,몽키스패너8인치,success,스패너,"스패너, 몽키렌치, 편구스패너, 스패너세트, 대패, 앵글그라인더, 망치, 석고대패, 센터펀치, 펜치, 납볼망치, 핀펀치, 고무망치, 육각렌치, 토크렌치",편구스패너,,,8인치,False,,
granite4.1:8b,몽키스패너8인치 1개,success,스패너,"스패너, 몽키렌치, 편구스패너, 스패너세트, 대패, 앵글그라인더, 망치, 납볼망치, 펜치, 석고대패, 핀펀치, 고무망치, 센터펀치, 토크렌치, 가스토치",스패너,,,"크기: 8인치, 수량: 1개",True,,
granite4.1:8b,몽키스패터,success,몽키렌치,"몽키렌치, 스패너, 편구스패너, 스패너세트, 대패, 멀티테스터, 커터, 석고대패, 센터펀치, 다이스세트, 스크레퍼, 볼트컷터, 커터칼, 배터리팩, 타일컷터",편구스패너,,,,False,,
granite4.1:8b,몽키스페너,success,몽키렌치,"몽키렌치, 스패너, 편구스패너, 스패너세트, 스크레퍼, 멀티테스터, 바이스그립플라이어, 롱노즈플라이어, 다이스세트, 버니어캘리퍼스, 와이어스트리퍼, 앵글그라인더, 글루스틱, 스냅링플라이어, 가스토치",몽키렌치,,,,False,,
granite4.1:8b,몽키스페너(250mm),success,몽키렌치,"몽키렌치, 편구스패너, 스패너, 스패너세트, 스크레퍼, 멀티테스터, 바이스그립플라이어, 와이어스트리퍼, 버니어캘리퍼스, 롱노즈플라이어, 스냅링플라이어, 다이스세트, 콘크리트니퍼, 방진마스크, 스프링배관청소기",스패너,,,250mm,False,,
granite4.1:8b,몽키스페너(300mm),success,몽키렌치,"몽키렌치, 편구스패너, 스패너, 스패너세트, 스크레퍼, 멀티테스터, 바이스그립플라이어, 롱노즈플라이어, 와이어스트리퍼, 버니어캘리퍼스, 다이스세트, 스냅링플라이어, 콘크리트니퍼, 방진마스크, 피스제거용비트",스패너,,,길이 300mm,False,,
granite4.1:8b,몽키스페너(대),success,몽키렌치,"몽키렌치, 스패너, 편구스패너, 스패너세트, 대패, 쇠지렛대, 석고대패, 멀티테스터, 스크레퍼, 바이스그립플라이어, 롱노즈플라이어, 버니어캘리퍼스, 다이스세트, 앵글그라인더, 와이어스트리퍼",대패,,,,False,,
granite4.1:8b,무선 광택기,success,LED투광기,"LED투광기, 전선릴, 고무망치, 적외선온도계, 직소기, 열풍기, 수평기, 레이저수평기, 라돈측정기, 검전기, 고속절단기, 고압세척기, 송풍기, 레이저거리측정기, 디지털수평기",LED투광기,,,,False,,
granite4.1:8b,무선 드라이버,success,드라이버,"드라이버, 전동드라이버, 드라이버세트, 양용드라이버, 임팩트드라이버, T핸드드라이버, 정밀드라이버세트, 충전임팩트드라이버, 플라이어, 플라이어렌치, 롱노즈플라이어, 전선릴, 플라이어세트, 바이스그립플라이어, 굽은노즈플라이어",전동드라이버,,충전식(무선),,False,,
granite4.1:8b,무선 전동 드라이버,success,전동드라이버,"전동드라이버, 드라이버, 양용드라이버, 드라이버세트, 충전임팩트드라이버, 임팩트드라이버, T핸드드라이버, 정밀드라이버세트, 전동드릴, 전동타카, 전동압착기, 전선릴, 전동공구세트, 플라이어, 충전드릴",충전드릴,,충전식(무선),,False,,
granite4.1:8b,무선 전동글루건,success,글루건,"글루건, 글루스틱, 전동드릴, 전동압착기, 전동타카, 전동공구세트, 전선릴, 전동드라이버, 에어건, 실리콘건, 고무망치, 앵글그라인더, 적외선온도계, 충전드릴, 전정톱",전동드릴,,충전식(무선),,False,,
granite4.1:8b,무선 전동드라이버,success,전동드라이버,"전동드라이버, 드라이버, 전동드릴, 양용드라이버, 충전임팩트드라이버, 드라이버세트, 임팩트드라이버, T핸드드라이버, 정밀드라이버세트, 전동타카, 전동압착기, 전선릴, 전동공구세트, 플라이어, 충전드릴",전동드라이버,,충전식(무선),,False,,
granite4.1:8b,무선 전동드릴,success,전동드릴,"전동드릴, 전동드라이버, 전선릴, 충전드릴, 전동타카, 전동압착기, 충전해머드릴, 전동공구세트, 임팩트드릴, 해머드릴, 드릴비트, 목공용드릴비트, 로터리해머드릴, SDS드릴비트, 드릴비트세트",전동드릴,,충전식(무선),,False,,
granite4.1:8b,무선 컷쏘,success,전선릴,"전선릴, 볼트컷터, 케이블컷터, 고무망치, 타일컷터, 왕복톱(레시프로쏘), PVC컷터, 적외선온도계, 앤드컷팅니퍼, 커터, 커터칼, 카운터싱크, 레이저거리측정기, 비트세트, 고속절단기",커터,,충전식(무선),,False,,
granite4.1:8b,무선/레이저 거리측정기,success,레이저거리측정기,"레이저거리측정기, 라돈측정기, 레이저수평기, 적외선온도계, 정밀드라이버세트, 와이어스트리퍼, 플라이어렌치, 전선릴, 고속절단기, 기어렌치세트, 에어컴프레서, 열풍기, 검전기, 플라이어, 직소기",레이저거리측정기,,충전식(무선),,False,,
granite4.1:8b,무선/전동드릴(드라이버),success,전동드라이버,"전동드라이버, 전동드릴, 드라이버, 드라이버세트, 양용드라이버, T핸드드라이버, 충전드릴, 정밀드라이버세트, 임팩트드라이버, 충전임팩트드라이버, 전선릴, 충전해머드릴, 임팩트드릴, 해머드릴, 드릴비트",임팩트드라이버,,충전식(무선),,False,,
granite4.1:8b,무선/전동타카,success,전동타카,"전동타카, 타카, 건타카, 손타카, 에어타카, 타카핀, 전동압착기, 전동드릴, 전동드라이버, 전동공구세트, 전선릴, 핸드카트, 전정톱, 고무망치, 타일컷터",전동타카,,충전식(무선),,False,,
granite4.1:8b,무선그라인더,success,앵글그라인더,"앵글그라인더, 전선릴, 샌더, 적외선온도계, 바이스그립플라이어, 그립망치, 고무망치, 플라이어렌치, 전기인두, 플라이어, 레이저거리측정기, 냉동라쳇렌치, 플라이어세트, 굽은노즈플라이어, 레이저수평기",앵글그라인더,,충전식(무선),,False,,
granite4.1:8b,무선글루건,success,글루건,"글루건, 글루스틱, 에어건, 전선릴, 실리콘건, 적외선온도계, 앵글그라인더, 고무망치, 빠루망치, 건타카, 굽은노즈플라이어, 보안경, 레이저거리측정기, 고속절단기, 바이스그립플라이어",글루건,,충전식(무선),,False,,
granite4.1:8b,무선드라이버드릴,success,드라이버,"드라이버, 드라이버세트, 전동드라이버, 양용드라이버, 정밀드라이버세트, T핸드드라이버, 임팩트드라이버, 전동드릴, 충전임팩트드라이버, 충전드릴, 임팩트드릴, 해머드릴, 드릴비트, SDS드릴비트, 충전해머드릴",전동드릴,,충전식(무선),,False,,
granite4.1:8b,무선드릴,success,전동드릴,"전동드릴, 충전드릴, 전선릴, 해머드릴, 임팩트드릴, 드릴비트, 충전해머드릴, 드릴비트세트, 목공용드릴비트, SDS드릴비트, 로터리해머드릴, 철공용드릴비트, 철공용드릴비트세트, 고무망치, 콘크리트드릴비트세트",충전드릴,,충전식(무선),,False,충전드릴,True
granite4.1:8b,무선드릴(충전식),success,충전드릴,"충전드릴, 충전해머드릴, 전동드릴, 전선릴, 임팩트드릴, 충전임팩트드라이버, 해머드릴, 드릴비트, 목공용드릴비트, 로터리해머드릴, 철공용드릴비트, SDS드릴비트, 드릴비트세트, 철공용드릴비트세트, 콘크리트드릴비트세트",충전드릴,,충전식(무선),,False,,
granite4.1:8b,무선소형전기톱세트(고장),success,검전기,"검전기, 원형톱, 소켓렌치세트, 전정톱, 전동공구세트, 전기인두, 고무망치, 전선릴, 직소기, 세트, 기어렌치세트, 공구세트, 탭세트, 고압세척기, 안전장갑",전동공구세트,,충전식,,False,,
granite4.1:8b,무선안마기,success,전선릴,"전선릴, 고무망치, 연마석, 적외선온도계, 안전모, 보안경, 안전장갑, 안전로프, 방진마스크, 열풍기, 송풍기, 수평기, 직소기, 전동압착기, 라돈측정기",전동압착기,,충전식,,False,,
granite4.1:8b,무선예초기,success,전선릴,"전선릴, 고무망치, 적외선온도계, 열풍기, 송풍기, 직소기, 수평기, 검전기, 레이저수평기, 전기인두, 고압세척기, 고속절단기, 라돈측정기, 전동압착기, 레이저거리측정기",검전기,,충전식(무선),,False,,
granite4.1:8b,무선전동 드라이버,success,전동드라이버,"전동드라이버, 드라이버, 드라이버세트, 양용드라이버, 충전임팩트드라이버, 임팩트드라이버, T핸드드라이버, 정밀드라이버세트, 전동드릴, 전동타카, 전동압착기, 전선릴, 전동공구세트, 플라이어, 충전드릴",충전드릴,,충전식(무선),,False,,
granite4.1:8b,무선전동드라이버,success,전동드라이버,"전동드라이버, 드라이버, 양용드라이버, 전동드릴, 충전임팩트드라이버, 드라이버세트, 임팩트드라이버, T핸드드라이버, 정밀드라이버세트, 전동타카, 전동압착기, 전동공구세트, 전선릴, 플라이어, 충전드릴",임팩트드라이버,,충전식(무선),,False,,
granite4.1:8b,무선전동드릴,success,전동드릴,"전동드릴, 충전드릴, 전동드라이버, 전선릴, 전동압착기, 충전해머드릴, 전동타카, 전동공구세트, 임팩트드릴, 해머드릴, 드릴비트, 목공용드릴비트, 로터리해머드릴, SDS드릴비트, 철공용드릴비트",충전드릴,,충전식(무선),,False,충전드릴,True
granite4.1:8b,무선진공청소기,success,스프링배관청소기,"스프링배관청소기, 직소기, 전선릴, 방진마스크, 열풍기, 목공톱, 고압세척기, 적외선온도계, 송풍기, 전동공구세트, 목공줄, 고속절단기, 라돈측정기, 레이저거리측정기, 고무망치",스프링배관청소기,,충전식,,False,,
granite4.1:8b,무선충전글루건,success,글루건,"글루건, 글루스틱, 충전드릴, 충전해머드릴, 충전임팩트드라이버, 에어건, 전선릴, 실리콘건, 적외선온도계, 고무망치, 앵글그라인더, 건타카, 검전기, 전동압착기, 빠루망치",글루스틱,,충전식(무선),,False,,
granite4.1:8b,무선충전드릴,success,충전드릴,"충전드릴, 충전해머드릴, 전동드릴, 전선릴, 임팩트드릴, 해머드릴, 충전임팩트드라이버, 로터리해머드릴, 드릴비트, 철공용드릴비트, 목공용드릴비트, SDS드릴비트, 철공용드릴비트세트, 드릴비트세트, 콘크리트드릴비트세트",충전드릴,,충전식(무선),,False,,
granite4.1:8b,무선컷소,success,전선릴,"전선릴, 직소기, 케이블컷터, 볼트컷터, 타일컷터, 고무망치, PVC컷터, 적외선온도계, 소켓렌치세트, 앤드컷팅니퍼, 스프링배관청소기, 커터, 고속절단기, 레이저거리측정기, 피스제거용비트",커터,,무선,,False,,
granite4.1:8b,무소음 콤프레샤,success,에어컴프레서,"에어컴프레서, 고무망치, 스프링배관청소기, 직소기, 왕복톱(레시프로쏘), 소켓렌치세트, 파이프렌치, 스크레퍼, 안전로프, F클램프, 레이저수평기, 에어펌프, 점프케이블, 클램프미터, 자전거펌프",에어컴프레서,,,,False,,
granite4.1:8b,무소음 콤프레셔,success,에어컴프레서,"에어컴프레서, 직소기, 스프링배관청소기, 고무망치, 왕복톱(레시프로쏘), 스크레퍼, 소켓렌치세트, 레이저수평기, 에어펌프, F클램프, 클램프미터, 안전로프, 레이저거리측정기, 파이프렌치, 워터펌프플라이어",에어컴프레서,,,,False,,
granite4.1:8b,무소음콤프레샤,success,에어컴프레서,"에어컴프레서, 고무망치, 스프링배관청소기, 직소기, 왕복톱(레시프로쏘), 소켓렌치세트, 파이프렌치, 스크레퍼, F클램프, 안전로프, 에어펌프, 레이저수평기, 점프케이블, 클램프미터, 자전거펌프",에어컴프레서,,,,False,,
granite4.1:8b,"무소음콤프레샤(1,5)",success,에어컴프레서,"에어컴프레서, 고무망치, 스프링배관청소기, 직소기, 왕복톱(레시프로쏘), 소켓렌치세트, 레이저수평기, 스크레퍼, 파이프렌치, 에어펌프, F클램프, 클램프미터, 안전로프, 레이저거리측정기, 점프케이블",에어컴프레서,,,,False,,
granite4.1:8b,무진동중망치,success,고무망치,"고무망치, 망치, 돌망치, 납볼망치, 그립망치, 빠루망치, 방진마스크, 냉동라쳇렌치, 전동드릴, 만능렌치, 렌치, 전동타카, 펜치, 육각렌치, 옵셋렌치",망치,,,,False,,
granite4.1:8b,물조리개,success,조합렌치세트,"조합렌치세트, 실리콘건, 사다리, 장도리, 배터리팩, 와이어스트리퍼, 로터리해머드릴, 콘크리트니퍼, A형사다리, 버니어캘리퍼스, 콘크리트용드릴비트, 레이저거리측정기, 콘크리트드릴비트세트, 워터펌프플라이어, 에어건",워터펌프플라이어,,,,False,,
granite4.1:8b,물호수,success,수평기,"수평기, 레이저수평기, 디지털수평기, 워터펌프플라이어, 에어건, 에어펌프, 글루건, 열풍기, 송풍기, 안전로프, 도끼, 커터칼, 자전거펌프, 먹통, 로터리해머드릴",레이저수평기,,,,False,,
granite4.1:8b,물호스,success,글루스틱,"글루스틱, 스패너, 가스토치, 방진마스크, 멀티테스터, 다이스세트, 스크레퍼, 편구스패너, 피스제거용비트, 스패너세트, 스냅링플라이어, 와이어스트리퍼, 스프링배관청소기, 바이스그립플라이어, 버니어캘리퍼스",스프링배관청소기,,,,False,,
granite4.1:8b,물호스20M,success,스패너,"스패너, 글루스틱, 방진마스크, 멀티테스터, 가스토치, 스크레퍼, 다이스세트, 편구스패너, 스패너세트, 피스제거용비트, 스냅링플라이어, 스프링배관청소기, 와이어스트리퍼, 바이스그립플라이어, 버니어캘리퍼스",스프링배관청소기,,,,False,,
granite4.1:8b,미니 공구세트,success,공구세트,"공구세트, 전동공구세트, 공구함세트, 공구함, 세트, 철공용드릴비트세트, 스패너세트, 탭세트, 비트세트, 플라이어세트, 끌세트, 소켓렌치세트, T렌치세트, 드릴비트세트, 볼렌치세트",공구세트,,,,False,,
granite4.1:8b,미니 드라이버 세트,success,드라이버세트,"드라이버세트, 정밀드라이버세트, 드라이버, 전동드라이버, 양용드라이버, 임팩트드라이버, T핸드드라이버, 충전임팩트드라이버, 플라이어세트, 세트, 드릴비트세트, 다이스세트, 공구세트, 콘크리트드릴비트세트, 비트세트",드라이버세트,,,,False,,
granite4.1:8b,미니 무선전동드라이버,success,전동드라이버,"전동드라이버, 드라이버, 양용드라이버, 전동드릴, 충전임팩트드라이버, 드라이버세트, T핸드드라이버, 정밀드라이버세트, 임팩트드라이버, 전동타카, 전동압착기, 전동공구세트, 전선릴, 충전드릴, 플라이어",임팩트드라이버,,충전식(무선),,False,,
granite4.1:8b,미니 손대패,success,대패,"대패, 석고대패, 손타카, LED손전등, 스패너, 스패너세트, 편구스패너, 쇠지렛대, 클램프미터, 니퍼, 앤드컷팅니퍼, 강력니퍼, 콘크리트니퍼, 버니어캘리퍼스, 핸드카트",대패,,,,False,,
granite4.1:8b,미니 옥집게,success,클램프미터,"클램프미터, 니퍼, 강력니퍼, 콘크리트니퍼, 앤드컷팅니퍼, 버니어캘리퍼스, 전자산업용니퍼, 탭세트, 석고대패, 끌세트, 테이블톱, 목공톱, 공구세트, 다목적가위, 적외선온도계",다목적가위,,,,False,,
granite4.1:8b,미니 전동드릴,success,전동드릴,"전동드릴, 전동드라이버, 충전드릴, 전동타카, 전동공구세트, 전동압착기, 임팩트드릴, 충전해머드릴, 해머드릴, 드릴비트, SDS드릴비트, 드릴비트세트, 로터리해머드릴, 전선릴, 목공용드릴비트",전동드릴,,,,False,,
granite4.1:8b,미니 컷소,success,앤드컷팅니퍼,"앤드컷팅니퍼, 직소기, 볼트컷터, 케이블컷터, 타일컷터, PVC컷터, 클램프미터, 니퍼, 소켓렌치세트, 강력니퍼, 콘크리트니퍼, 스프링배관청소기, 버니어캘리퍼스, 전자산업용니퍼, 커터",커터,,,,False,,
granite4.1:8b,미니 탈수기,success,수평기,"수평기, 디지털수평기, 레이저수평기, 클램프미터, 니퍼, 직소기, 송풍기, 열풍기, 강력니퍼, 콘크리트니퍼, 전동압착기, 고압세척기, 앤드컷팅니퍼, 라돈측정기, 스프링배관청소기",스프링배관청소기,,,,False,,
granite4.1:8b,미니 톱,success,톱,"톱, 쇠톱, 접톱, 원형톱, 테이블톱, 전정톱, 클램프미터, 니퍼, 목공톱, 강력니퍼, 목공용접톱, 앤드컷팅니퍼, 콘크리트니퍼, 왕복톱(레시프로쏘), 전자산업용니퍼",접톱,,,,False,,
granite4.1:8b,미니그라인더,success,앵글그라인더,"앵글그라인더, 샌더, 클램프미터, 그립망치, 바이스그립플라이어, 니퍼, 전기인두, 콘크리트니퍼, 전자산업용니퍼, 플라이어, 버니어캘리퍼스, 강력니퍼, 앤드컷팅니퍼, 플라이어렌치, 직소기",앵글그라인더,,,,False,,
granite4.1:8b,미니그라인더,success,앵글그라인더,"앵글그라인더, 샌더, 클램프미터, 그립망치, 바이스그립플라이어, 니퍼, 전기인두, 콘크리트니퍼, 전자산업용니퍼, 플라이어, 버니어캘리퍼스, 강력니퍼, 앤드컷팅니퍼, 플라이어렌치, 직소기",앵글그라인더,,,,False,,
granite4.1:8b,미니노즈플라이어,success,롱노즈플라이어,"롱노즈플라이어, 굽은노즈플라이어, 플라이어, 플라이어세트, 다이아고날플라이어, 스냅링플라이어, 바이스그립플라이어, 플라이어렌치, 워터펌프플라이어, 와이어스트리퍼, 드라이버, 버니어캘리퍼스, 충전임팩트드라이버, T핸드드라이버, 클램프미터",플라이어,,,,False,,
granite4.1:8b,미니당구대,success,대패,"대패, 쇠지렛대, 공구함, 공구세트, 클램프미터, 석고대패, 니퍼, 공구함세트, 편구스패너, 전동공구세트, 강력니퍼, 앤드컷팅니퍼, 콘크리트니퍼, 버니어캘리퍼스, 전자산업용니퍼",공구함,,,,False,,
granite4.1:8b,미니드릴,success,전동드릴,"전동드릴, 충전드릴, 해머드릴, 임팩트드릴, 드릴비트, 충전해머드릴, 드릴비트세트, SDS드릴비트, 목공용드릴비트, 철공용드릴비트, 로터리해머드릴, 철공용드릴비트세트, 콘크리트용드릴비트, 콘크리트드릴비트세트, 클램프미터",전동드릴,,,,False,,
granite4.1:8b,미니몽키,success,몽키렌치,"몽키렌치, 클램프미터, 니퍼, 강력니퍼, 콘크리트니퍼, 앤드컷팅니퍼, 전자산업용니퍼, 버니어캘리퍼스, 핀펀치, 공구세트, 카운터싱크, 도끼, 망치, 쇠톱, 핸드카트",몽키렌치,,,,False,,
granite4.1:8b,미니무선전동드릴,success,전동드릴,"전동드릴, 충전드릴, 전동드라이버, 전선릴, 충전해머드릴, 임팩트드릴, 전동타카, 전동압착기, 해머드릴, 전동공구세트, 목공용드릴비트, 드릴비트, 철공용드릴비트, 드릴비트세트, SDS드릴비트",충전드릴,,충전식(무선),,False,,
granite4.1:8b,미니빔프로젝터,success,클램프미터,"클램프미터, 왕복톱(레시프로쏘), 안전로프, 니퍼, 로터리해머드릴, 워터펌프플라이어, 강력니퍼, 콘크리트니퍼, 케이블컷터, 멀티테스터, 커터, 에어펌프, 볼트컷터, 전자산업용니퍼, 배터리팩",클램프미터,,,,True,,
granite4.1:8b,미니빠루,success,빠루망치,"빠루망치, 니퍼, 글루건, 클램프미터, 앤드컷팅니퍼, 강력니퍼, 콘크리트니퍼, 글루스틱, 전자산업용니퍼, 버니어캘리퍼스, 핀펀치, 배터리팩, 핸드카트, 몽키렌치, 멀티테스터",빠루망치,,,,False,,
granite4.1:8b,미니손전등,success,LED손전등,"LED손전등, 손타카, LED작업등, 클램프미터, 전자산업용니퍼, 전정톱, 니퍼, 안전장갑, 전기인두, 전동공구세트, 안전모, 강력니퍼, 전지가위, 앤드컷팅니퍼, 전동타카",LED손전등,,,,False,,
granite4.1:8b,미니수평,success,수평기,"수평기, 레이저수평기, 디지털수평기, 니퍼, 클램프미터, 강력니퍼, 앤드컷팅니퍼, 콘크리트니퍼, 전자산업용니퍼, 버니어캘리퍼스, LED손전등, SDS드릴비트, 워터펌프플라이어, 목공톱, 목공줄",디지털수평기,,,,False,,
granite4.1:8b,"미니스패너세트(10,12,13,14,17,19mm)",success,스패너세트,"스패너세트, 스패너, 편구스패너, 세트, 공구세트, 다이스세트, 전동공구세트, 소켓렌치세트, 플라이어세트, 탭세트, 공구함세트, 정밀드라이버세트, 별렌치세트, 육각렌치세트, 비트세트",스패너세트,,,"미니 스패너 세트, 크기 10, 12, 13, 14, 17, 19mm",False,,
granite4.1:8b,미니예초기,success,클램프미터,"클램프미터, 니퍼, 직소기, 강력니퍼, 열풍기, 송풍기, 수평기, 검전기, 전기인두, 앤드컷팅니퍼, 전자산업용니퍼, 콘크리트니퍼, 버니어캘리퍼스, 레이저수평기, 디지털수평기",직소기,,,,False,,
granite4.1:8b,미니전동드라이버,success,전동드라이버,"전동드라이버, 드라이버, 양용드라이버, 전동드릴, 드라이버세트, 충전임팩트드라이버, T핸드드라이버, 임팩트드라이버, 정밀드라이버세트, 전동타카, 전동압착기, 전동공구세트, 플라이어, 충전드릴, 다이아고날플라이어",전동드라이버,,,,False,,
granite4.1:8b,미니전동드라이버드릴,success,전동드라이버,"전동드라이버, 전동드릴, 드라이버, 드라이버세트, 양용드라이버, 정밀드라이버세트, T핸드드라이버, 충전드릴, 임팩트드라이버, 충전임팩트드라이버, 충전해머드릴, 임팩트드릴, 해머드릴, SDS드릴비트, 드릴비트",전동드라이버,,,,False,전동드라이버,True
granite4.1:8b,미니전동드릴,success,전동드릴,"전동드릴, 전동드라이버, 충전드릴, 전동타카, 전동공구세트, 전동압착기, 임팩트드릴, 충전해머드릴, 해머드릴, 드릴비트, 목공용드릴비트, 철공용드릴비트, SDS드릴비트, 드릴비트세트, 로터리해머드릴",전동드릴,,,,False,,
granite4.1:8b,미러리스카메라,success,열화상카메라,"열화상카메라, 와이어스트리퍼, 버니어캘리퍼스, 클램프미터, 실리콘건, 스냅링플라이어, 멀티테스터, 스크레퍼, 바이스그립플라이어, 로터리해머드릴, 카운터싱크, 타카, 에어타카, 핸드카트, 배터리팩",열화상카메라,,,,False,,
granite4.1:8b,미세먼지측정기,success,라돈측정기,"라돈측정기, 레이저거리측정기, 클램프미터, 디지털수평기, 송풍기, 열풍기, 고압세척기, 정밀드라이버세트, 검전기, 전정톱, 전지가위, 수평기, 직소기, 기어렌치세트, 고속절단기",라돈측정기,,,,False,,
granite4.1:8b,미장손,success,손타카,"손타카, 안전장갑, 장도리, LED손전등, 클램프미터, 망치, 핸드카트, 목공톱, 직각자, 만능렌치, 모종삽, 전정톱, 커터칼, 쇠톱, 도끼",목공톱,,,,False,,
granite4.1:8b,밀워키 M12 BID,success,몽키렌치,"몽키렌치, 정밀드라이버세트, LED투광기, SDS드릴비트, 워터펌프플라이어, LED손전등, LED작업등, 목공용드릴비트, 비트세트, 피스제거용비트, 드라이버세트, T핸드드라이버, 드릴비트세트, 드릴비트, 실리콘건",드릴비트세트,마키타,,,False,충전임팩트드라이버,False
granite4.1:8b,밀워키 M12V CID,success,PVC컷터,"PVC컷터, 몽키렌치, 정밀드라이버세트, SDS드릴비트, LED작업등, 워터펌프플라이어, LED손전등, LED투광기, 카운터싱크, 드라이버세트, 멀티테스터, 목공용드릴비트, 충전임팩트드라이버, 피스제거용비트, 전동드라이버",전동드라이버,밀워키(Milwaukee),배터리,,False,,
granite4.1:8b,밀워키 래치 렌치세트,success,별렌치세트,"별렌치세트, 라쳇렌치세트, 볼렌치세트, 소켓렌치세트, 조합렌치세트, T렌치세트, 기어렌치세트, 육각렌치세트, 몽키렌치, 렌치, 만능렌치, 옵셋렌치, 육각렌치, 볼렌치, 토크렌치",라쳇렌치세트,밀워키(Milwaukee),,,False,라쳇렌치세트,True
granite4.1:8b,밀워키 충전해머드릴 M12V CPD,success,충전해머드릴,"충전해머드릴, 해머드릴, 충전드릴, 로터리해머드릴, PVC컷터, 충전임팩트드라이버, 전동드릴, SDS드릴비트, 임팩트드릴, 목공용드릴비트, 철공용드릴비트, 드릴비트, 철공용드릴비트세트, 드릴비트세트, 정밀드라이버세트",충전해머드릴,밀워키(Milwaukee),충전식(무선),,False,충전해머드릴,True
granite4.1:8b,밀차(대형),success,대패,"대패, 원형톱, 석고대패, A형사다리, 쇠지렛대, 정밀드라이버세트, 양용드라이버, 고속절단기, 드라이버, 고압세척기, 전동드릴, 전동드라이버, 타일컷터, 철공용드릴비트, 실리콘건",전동드릴,마끼다,유선,,False,,
granite4.1:8b,바둑/장기,success,장도리,"장도리, 안전장갑, 바이스그립플라이어, 수평기, 열풍기, 송풍기, 검전기, 직소기, 고속절단기, 라돈측정기, 전동압착기, LED투광기, 디지털수평기, 전기인두, 고압세척기",장도리,,,,False,,
granite4.1:8b,바둑판+바둑알+장기알세트,success,세트,"세트, 기어렌치세트, 공구세트, 탭세트, 비트세트, 끌세트, 바이스그립플라이어, 공구함세트, 스패너세트, 드릴비트세트, 전동공구세트, 다이스세트, 볼렌치세트, T렌치세트, 플라이어세트",세트,,,,False,,
granite4.1:8b,바둑판세트,success,세트,"세트, 공구세트, 비트세트, 탭세트, 공구함세트, 끌세트, 드릴비트세트, 스패너세트, 볼렌치세트, 다이스세트, T렌치세트, 전동공구세트, 별렌치세트, 플라이어세트, 드라이버세트",세트,,,,False,,
granite4.1:8b,바리깡,success,바이스그립플라이어,"바이스그립플라이어, 배터리팩, 사다리, 실리콘건, 장도리, A형사다리, 버니어캘리퍼스, 와이어스트리퍼, 로터리해머드릴, 콘크리트니퍼, 레이저거리측정기, 콘크리트용드릴비트, 콘크리트드릴비트세트, 도끼, 먹통",바이스그립플라이어,,,,False,,
granite4.1:8b,바이스,success,바이스그립플라이어,"바이스그립플라이어, 다이스세트, 피스제거용비트, 와이어스트리퍼, 글루스틱, 스냅링플라이어, 버니어캘리퍼스, 편구스패너, 가스토치, 드라이버, 스패너, 플라이어, 방진마스크, 스크레퍼, 멀티테스터",바이스그립플라이어,,,,False,,
granite4.1:8b,바이스 그립,success,바이스그립플라이어,"바이스그립플라이어, 그립망치, 다이스세트, 글루스틱, 와이어스트리퍼, 앵글그라인더, 피스제거용비트, 편구스패너, 스냅링플라이어, 테이블톱, 가스토치, 다이아고날플라이어, 스크레퍼, 굽은노즈플라이어, 버니어캘리퍼스",바이스그립플라이어,,,,False,,
granite4.1:8b,바이스 그립(12인치),success,바이스그립플라이어,"바이스그립플라이어, 그립망치, 다이스세트, 앵글그라인더, 가스토치, 와이어스트리퍼, 글루스틱, 피스제거용비트, 스냅링플라이어, 테이블톱, 플라이어렌치, 편구스패너, 전기인두, 버니어캘리퍼스, 다이아고날플라이어",바이스그립플라이어,,,12인치,False,,
granite4.1:8b,바이스 플라이어,success,바이스그립플라이어,"바이스그립플라이어, 플라이어, 스냅링플라이어, 플라이어세트, 플라이어렌치, 롱노즈플라이어, 굽은노즈플라이어, 워터펌프플라이어, 다이아고날플라이어, 와이어스트리퍼, 다이스세트, 드라이버, 전동드라이버, 임팩트드라이버, T핸드드라이버",바이스그립플라이어,,,,False,바이스그립플라이어,True
granite4.1:8b,바이스 플라이어 10,success,바이스그립플라이어,"바이스그립플라이어, 플라이어, 스냅링플라이어, 플라이어세트, 플라이어렌치, 롱노즈플라이어, 굽은노즈플라이어, 워터펌프플라이어, 다이아고날플라이어, 와이어스트리퍼, 다이스세트, 드라이버, 임팩트드라이버, T핸드드라이버, 전동드라이버",바이스그립플라이어,,,,False,,
granite4.1:8b,바이스 플라이어 1개,success,바이스그립플라이어,"바이스그립플라이어, 플라이어, 플라이어세트, 스냅링플라이어, 플라이어렌치, 롱노즈플라이어, 굽은노즈플라이어, 워터펌프플라이어, 다이아고날플라이어, 와이어스트리퍼, 다이스세트, 드라이버, T핸드드라이버, 전동드라이버, 충전임팩트드라이버",바이스그립플라이어,,,,False,,
granite4.1:8b,바이스 플라이어(락킹 플라이어),success,바이스그립플라이어,"바이스그립플라이어, 플라이어, 스냅링플라이어, 플라이어렌치, 플라이어세트, 롱노즈플라이어, 굽은노즈플라이어, 워터펌프플라이어, 다이아고날플라이어, 와이어스트리퍼, 드라이버, 다이스세트, 양용드라이버, T핸드드라이버, 전동드라이버",바이스그립플라이어,,,,False,,
granite4.1:8b,바이스 플라이어8',success,바이스그립플라이어,"바이스그립플라이어, 플라이어, 플라이어세트, 플라이어렌치, 스냅링플라이어, 굽은노즈플라이어, 롱노즈플라이어, 워터펌프플라이어, 다이아고날플라이어, 와이어스트리퍼, 다이스세트, 드라이버, 임팩트드라이버, 충전임팩트드라이버, T핸드드라이버",바이스그립플라이어,,,,False,,
granite4.1:8b,바이스 플레이어,success,바이스그립플라이어,"바이스그립플라이어, 플라이어, 스냅링플라이어, 플라이어세트, 다이아고날플라이어, 롱노즈플라이어, 다이스세트, 플라이어렌치, 워터펌프플라이어, 와이어스트리퍼, 레이저수평기, 굽은노즈플라이어, 레이저거리측정기, 스크레퍼, 에어컴프레서",바이스그립플라이어,,,,False,,
granite4.1:8b,바이스/클램프,success,F클램프,"F클램프, 클램프미터, 바이스그립플라이어, 다이스세트, 점프케이블, 에어펌프, 워터펌프플라이어, 스냅링플라이어, 자전거펌프, 와이어스트리퍼, 스크레퍼, 플라이어, 파이프렌치, 버니어캘리퍼스, 스프링배관청소기",바이스그립플라이어,,,,False,,
granite4.1:8b,바이스그립,success,바이스그립플라이어,"바이스그립플라이어, 그립망치, 다이스세트, 앵글그라인더, 와이어스트리퍼, 피스제거용비트, 스냅링플라이어, 편구스패너, 다이아고날플라이어, 글루스틱, 버니어캘리퍼스, 테이블톱, 스크레퍼, 롱노즈플라이어, 가스토치",바이스그립플라이어,,,,False,바이스그립플라이어,True
granite4.1:8b,바이스그립(10인치),success,바이스그립플라이어,"바이스그립플라이어, 그립망치, 다이스세트, 앵글그라인더, 와이어스트리퍼, 피스제거용비트, 스냅링플라이어, 편구스패너, 가스토치, 다이아고날플라이어, 전기인두, 플라이어렌치, 테이블톱, 글루스틱, 롱노즈플라이어",바이스그립플라이어,,,10인치,False,,
granite4.1:8b,바이스그립플라이어,success,바이스그립플라이어,"바이스그립플라이어, 플라이어, 스냅링플라이어, 다이아고날플라이어, 워터펌프플라이어, 롱노즈플라이어, 굽은노즈플라이어, 플라이어렌치, 플라이어세트, 그립망치, 와이어스트리퍼, 다이스세트, 드라이버, 충전임팩트드라이버, 앵글그라인더",바이스그립플라이어,,,,False,,
granite4.1:8b,바이스크립,success,바이스그립플라이어,"바이스그립플라이어, 스크레퍼, 방진마스크, 다이스세트, 와이어스트리퍼, 그립망치, 토크렌치, 콘크리트니퍼, 글루스틱, 카운터싱크, 스냅링플라이어, 멀티테스터, 버니어캘리퍼스, 피스제거용비트, 콘크리트용드릴비트",바이스그립플라이어,,,,False,,
granite4.1:8b,바이스크립(10WR),success,바이스그립플라이어,"바이스그립플라이어, 스크레퍼, 방진마스크, 다이스세트, 와이어스트리퍼, 그립망치, 스냅링플라이어, 카운터싱크, 토크렌치, 콘크리트니퍼, 버니어캘리퍼스, 글루스틱, 멀티테스터, 콘크리트용드릴비트, 피스제거용비트",바이스그립플라이어,,,,False,,
granite4.1:8b,바이스크립(125mm),success,바이스그립플라이어,"바이스그립플라이어, 스크레퍼, 방진마스크, 다이스세트, 와이어스트리퍼, 그립망치, 콘크리트니퍼, 스냅링플라이어, 콘크리트용드릴비트, 카운터싱크, 테이블톱, 토크렌치, 버니어캘리퍼스, 멀티테스터, 콘크리트드릴비트세트",바이스그립플라이어,,,125mm,False,,
granite4.1:8b,바이스클립,success,바이스그립플라이어,"바이스그립플라이어, 다이스세트, F클램프, 그립망치, 와이어스트리퍼, 클램프미터, 스냅링플라이어, 스크레퍼, 피스제거용비트, 버니어캘리퍼스, 점프케이블, 글루스틱, 다이아고날플라이어, 테이블톱, 편구스패너",바이스그립플라이어,,,,False,,
granite4.1:8b,바이스프라이어,success,바이스그립플라이어,"바이스그립플라이어, 플라이어, 스냅링플라이어, 워터펌프플라이어, 다이아고날플라이어, 롱노즈플라이어, 플라이어세트, 플라이어렌치, 다이스세트, 와이어스트리퍼, 굽은노즈플라이어, 드라이버, 스프링배관청소기, 임팩트드라이버, 파이프렌치",바이스그립플라이어,,,,False,,
granite4.1:8b,바이스플라이야 10WR(USA),success,바이스그립플라이어,"바이스그립플라이어, 플라이어, 스냅링플라이어, 워터펌프플라이어, 다이아고날플라이어, 롱노즈플라이어, 플라이어렌치, 플라이어세트, 굽은노즈플라이어, 다이스세트, 드라이버, 와이어스트리퍼, 전동드라이버, 임팩트드라이버, SDS드릴비트",바이스그립플라이어,,,,False,,
granite4.1:8b,바이스플라이어,success,바이스그립플라이어,"바이스그립플라이어, 플라이어, 스냅링플라이어, 워터펌프플라이어, 다이아고날플라이어, 플라이어세트, 롱노즈플라이어, 플라이어렌치, 굽은노즈플라이어, 와이어스트리퍼, 다이스세트, 드라이버, 임팩트드라이버, 전동드라이버, 양용드라이버",바이스그립플라이어,,,,False,바이스그립플라이어,True
granite4.1:8b,바이스플라이어,success,바이스그립플라이어,"바이스그립플라이어, 플라이어, 스냅링플라이어, 워터펌프플라이어, 다이아고날플라이어, 플라이어세트, 롱노즈플라이어, 플라이어렌치, 굽은노즈플라이어, 와이어스트리퍼, 다이스세트, 드라이버, 임팩트드라이버, 전동드라이버, 양용드라이버",바이스그립플라이어,,,,False,바이스그립플라이어,True
granite4.1:8b,바이스플라이어 1개,success,바이스그립플라이어,"바이스그립플라이어, 플라이어, 스냅링플라이어, 플라이어세트, 워터펌프플라이어, 다이아고날플라이어, 플라이어렌치, 롱노즈플라이어, 굽은노즈플라이어, 와이어스트리퍼, 다이스세트, 드라이버, 전동드라이버, 임팩트드라이버, 드라이버세트",바이스그립플라이어,,,,False,,
granite4.1:8b,바이스플라이어(10″),success,바이스그립플라이어,"바이스그립플라이어, 플라이어, 스냅링플라이어, 워터펌프플라이어, 다이아고날플라이어, 롱노즈플라이어, 플라이어세트, 플라이어렌치, 굽은노즈플라이어, 와이어스트리퍼, 다이스세트, 드라이버, 임팩트드라이버, 전동드라이버, T핸드드라이버",바이스그립플라이어,,,10″,False,,
granite4.1:8b,바이스플라이어(10인치),success,바이스그립플라이어,"바이스그립플라이어, 플라이어, 스냅링플라이어, 플라이어렌치, 워터펌프플라이어, 다이아고날플라이어, 롱노즈플라이어, 플라이어세트, 굽은노즈플라이어, 와이어스트리퍼, 다이스세트, 드라이버, 임팩트드라이버, 전동드라이버, 충전임팩트드라이버",바이스그립플라이어,,,10인치,False,바이스그립플라이어,True
granite4.1:8b,바이스플라이어(250mm),success,바이스그립플라이어,"바이스그립플라이어, 플라이어, 스냅링플라이어, 워터펌프플라이어, 플라이어렌치, 롱노즈플라이어, 다이아고날플라이어, 플라이어세트, 굽은노즈플라이어, 와이어스트리퍼, 다이스세트, 드라이버, 전동드라이버, 양용드라이버, 충전임팩트드라이버",바이스그립플라이어,,,250mm,False,,
granite4.1:8b,바이스플라이어(5WR),success,바이스그립플라이어,"바이스그립플라이어, 플라이어, 스냅링플라이어, 워터펌프플라이어, 롱노즈플라이어, 다이아고날플라이어, 플라이어세트, 플라이어렌치, 굽은노즈플라이어, 와이어스트리퍼, 다이스세트, 드라이버, 전동드라이버, 임팩트드라이버, 충전임팩트드라이버",바이스그립플라이어,,,,False,,
granite4.1:8b,"바이스플라이어(SM-W10R, 10",success,바이스그립플라이어,"바이스그립플라이어, 플라이어, 스냅링플라이어, 워터펌프플라이어, 롱노즈플라이어, 플라이어세트, 플라이어렌치, 다이아고날플라이어, 굽은노즈플라이어, 와이어스트리퍼, 다이스세트, 드라이버, 전동드라이버, SDS드릴비트, 충전임팩트드라이버",바이스그립플라이어,,,,False,,
granite4.1:8b,바이스플라이어(락킹플라이어),success,바이스그립플라이어,"바이스그립플라이어, 플라이어, 스냅링플라이어, 롱노즈플라이어, 플라이어렌치, 워터펌프플라이어, 플라이어세트, 굽은노즈플라이어, 다이아고날플라이어, 와이어스트리퍼, 드라이버, 다이스세트, 양용드라이버, 전동드라이버, T핸드드라이버",바이스그립플라이어,,,,False,,
granite4.1:8b,바이스플라이어(락킹플라이어)10',success,바이스그립플라이어,"바이스그립플라이어, 플라이어, 스냅링플라이어, 롱노즈플라이어, 플라이어렌치, 플라이어세트, 워터펌프플라이어, 굽은노즈플라이어, 다이아고날플라이어, 와이어스트리퍼, 드라이버, 다이스세트, T핸드드라이버, 양용드라이버, 전동드라이버",바이스그립플라이어,,,10'',False,,
granite4.1:8b,바이스플레아(10인치),success,바이스그립플라이어,"바이스그립플라이어, 다이아고날플라이어, 다이스세트, 스냅링플라이어, 스크레퍼, 플라이어렌치, 플라이어, 워터펌프플라이어, 레이저수평기, 롱노즈플라이어, 굽은노즈플라이어, 플라이어세트, 에어컴프레서, 가스토치, 전기인두",바이스그립플라이어,,,10인치,False,,
granite4.1:8b,박스렌치세트,success,별렌치세트,"별렌치세트, 볼렌치세트, 소켓렌치세트, 육각렌치세트, 라쳇렌치세트, 조합렌치세트, T렌치세트, 기어렌치세트, 렌치, 옵셋렌치, 육각렌치, 만능렌치, 세트, 몽키렌치, 볼렌치",소켓렌치세트,,,,False,,
granite4.1:8b,반려동물 이동장,success,전동드라이버,"전동드라이버, 전동타카, 전동드릴, 전동압착기, 냉동라쳇렌치, 전동공구세트, 안전장갑, 장도리, 드라이버, 양용드라이버, 테이블톱, 바이스그립플라이어, 플라이어, 충전임팩트드라이버, 임팩트드라이버",전동드라이버,,,,True,,
granite4.1:8b,발 펌프,success,에어펌프,"에어펌프, 자전거펌프, 워터펌프플라이어, F클램프, 클램프미터, 점프케이블, 파이프렌치, 안전로프, 스프링배관청소기, 에어컴프레서, 왕복톱(레시프로쏘), 볼트컷터, 송풍기, 핀펀치, 임팩트드릴",에어펌프,,,,False,,
granite4.1:8b,발펌프,success,에어펌프,"에어펌프, 자전거펌프, 워터펌프플라이어, F클램프, 클램프미터, 점프케이블, 파이프렌치, 안전로프, 에어컴프레서, 스프링배관청소기, 왕복톱(레시프로쏘), 볼트컷터, 테이블톱, 핀펀치, 스냅링플라이어",에어펌프,,,,False,,
granite4.1:8b,발펌프,success,에어펌프,"에어펌프, 자전거펌프, 워터펌프플라이어, F클램프, 클램프미터, 점프케이블, 파이프렌치, 안전로프, 에어컴프레서, 스프링배관청소기, 왕복톱(레시프로쏘), 볼트컷터, 테이블톱, 핀펀치, 스냅링플라이어",에어펌프,,,,False,,
granite4.1:8b,발펌프(쌍발) SM-FP7-스마토,success,에어펌프,"에어펌프, 자전거펌프, F클램프, 워터펌프플라이어, 가스토치, SDS드릴비트, 방진마스크, 연마석, PVC컷터, 스프링배관청소기, 토크렌치, 클램프미터, 스냅링플라이어, 파이프렌치, 스패너",에어펌프,SMATO,,,False,,
granite4.1:8b,발펌프(외발),success,에어펌프,"에어펌프, 자전거펌프, 워터펌프플라이어, F클램프, 적외선온도계, 클램프미터, 점프케이블, 파이프렌치, 안전로프, 왕복톱(레시프로쏘), 에어컴프레서, 스프링배관청소기, 테이블톱, 핀펀치, 납볼망치",에어펌프,,,,False,,
granite4.1:8b,밧데리 충전기,success,충전드릴,"충전드릴, 충전해머드릴, 검전기, 충전임팩트드라이버, 전기인두, 전동압착기, 배터리팩, 레이저거리측정기, 사다리, 직소기, 송풍기, 열풍기, 전지가위, 전정톱, 라돈측정기",배터리팩,,,,False,,
granite4.1:8b,방구석 방송세트,success,공구세트,"공구세트, 공구함세트, 방진마스크, 세트, 전동공구세트, 비트세트, 탭세트, T렌치세트, 스패너세트, 소켓렌치세트, 끌세트, 송풍기, 별렌치세트, 볼렌치세트, 드릴비트세트",공구세트,,,,False,,
granite4.1:8b,방구석라이브세트,success,공구세트,"공구세트, 플라이어세트, 드라이버세트, 공구함세트, 세트, 전동공구세트, 정밀드라이버세트, 탭세트, 다이스세트, 비트세트, 라쳇렌치세트, 끌세트, T렌치세트, 드릴비트세트, 소켓렌치세트",라쳇렌치세트,,,,False,,
granite4.1:8b,방수돗자리,success,방진마스크,"방진마스크, 줄자, 수평기, 직각자, 레이저수평기, 자전거펌프, 디지털수평기, 사다리, 배터리팩, 장도리, 전자산업용니퍼, 실리콘건, 로터리해머드릴, 콘크리트니퍼, A형사다리",사다리,,,,False,,
granite4.1:8b,방역기,success,방진마스크,"방진마스크, 열풍기, 송풍기, 직소기, 수평기, 검전기, 라돈측정기, 전동압착기, 고압세척기, 고속절단기, 전기인두, LED투광기, 디지털수평기, 스프링배관청소기, 기어렌치세트",방진마스크,,,,False,,
granite4.1:8b,방역분무기,success,방진마스크,"방진마스크, 고무망치, 검전기, 열풍기, 송풍기, 직소기, 수평기, 전동압착기, 고압세척기, 고속절단기, 라돈측정기, LED투광기, 전기인두, 레이저수평기, 디지털수평기",송풍기,,,,False,,
granite4.1:8b,방역소독기,success,직소기,"직소기, 방진마스크, 스프링배관청소기, 열풍기, 송풍기, 소켓렌치세트, 고압세척기, 수평기, 라돈측정기, 고속절단기, 전동압착기, 검전기, 전기인두, 디지털수평기, 레이저수평기",고압세척기,,,,False,,
granite4.1:8b,방역소독기 (무선),success,직소기,"직소기, 방진마스크, 전선릴, 스프링배관청소기, 고무망치, 적외선온도계, 송풍기, 열풍기, 소켓렌치세트, 수평기, 고압세척기, 라돈측정기, 고속절단기, 전동압착기, 검전기",고무망치,,무선,,False,,
granite4.1:8b,방역소독기 (유선),success,직소기,"직소기, 방진마스크, 전선릴, 스프링배관청소기, 적외선온도계, 송풍기, 열풍기, 소켓렌치세트, 수평기, 고압세척기, 라돈측정기, 고속절단기, 전동압착기, 검전기, 전기인두",고압세척기,,유선,,False,,
granite4.1:8b,방우형 전선릴 KXGBP-13(1.0530M),success,전선릴,"전선릴, 전동드릴, 충전드릴, 방진마스크, PVC컷터, 충전해머드릴, 원형톱, 목공용드릴비트, 적외선온도계, 임팩트드릴, A형사다리, 철공용드릴비트세트, 철공용드릴비트, 목공줄, 전정톱",전선릴,,,,False,,
granite4.1:8b,방울집게,success,방진마스크,"방진마스크, 핀펀치, 워터펌프플라이어, 볼트컷터, 에어펌프, 돌망치, 열풍기, 그립망치, 빠루망치, 송풍기, 탭세트, 바이스그립플라이어, 드릴비트, 목공줄, 임팩트드릴",목공줄,,,,False,,
granite4.1:8b,방청윤활유,success,방진마스크,"방진마스크, 스프링배관청소기, 에어컴프레서, 송풍기, 에어펌프, 다림추, 워터펌프플라이어, 바이스그립플라이어, 안전모, LED투광기, 글루스틱, 다이아고날플라이어, 핀펀치, 롱노즈플라이어, 피스제거용비트",방진마스크,,,,True,,
granite4.1:8b,배관커터,success,커터,"커터, 커터칼, 스프링배관청소기, 케이블컷터, 배터리팩, 볼트컷터, PVC컷터, 타일컷터, 카운터싱크, 워터펌프플라이어, 클램프미터, 로터리해머드릴, 멀티테스터, 직소기, 센터펀치",스프링배관청소기,,,,False,,
granite4.1:8b,배드민턴 세트,success,세트,"세트, 드릴비트세트, 비트세트, 드라이버세트, 탭세트, 공구세트, 끌세트, 볼렌치세트, 스패너세트, T렌치세트, 철공용드릴비트세트, 다이스세트, 공구함세트, 콘크리트드릴비트세트, 별렌치세트",세트,,,,False,,
granite4.1:8b,배수구 청소기,success,스프링배관청소기,"스프링배관청소기, 직소기, 수평기, 고압세척기, 레이저수평기, 디지털수평기, 공구세트, 편구스패너, 공구함, 송풍기, 전동공구세트, 열풍기, 배터리팩, 라돈측정기, 공구함세트",스프링배관청소기,,,,False,,
granite4.1:8b,배수펌프,success,에어펌프,"에어펌프, 자전거펌프, 워터펌프플라이어, 스프링배관청소기, 수평기, 배터리팩, 클램프미터, 레이저수평기, F클램프, 점프케이블, 디지털수평기, 파이프렌치, 안전로프, 에어컴프레서, 왕복톱(레시프로쏘)",에어펌프,,,,True,,
granite4.1:8b,배터리충전기,success,배터리팩,"배터리팩, 충전드릴, 충전해머드릴, 검전기, 충전임팩트드라이버, 전기인두, 전동압착기, 로터리해머드릴, 스프링배관청소기, 전지가위, 레이저거리측정기, 열풍기, 직소기, 볼트컷터, 송풍기",배터리팩,,,,False,,
granite4.1:8b,백마,success,연마석,"연마석, 방진마스크, 타카, 대패, 배터리팩, 도끼, 드라이버, 버니어캘리퍼스, 석고대패, 임팩트드라이버, 전동타카, 직각자, 안전모, 망치, 고무망치",도끼,,,,False,,
granite4.1:8b,백마접톱,success,접톱,"접톱, 목공용접톱, 쇠톱, 연마석, 톱, 원형톱, 테이블톱, 목공톱, 전정톱, 왕복톱(레시프로쏘), 방진마스크, 도끼, 충전해머드릴, 그립망치, 핀펀치",목공용접톱,,,,False,,
granite4.1:8b,백터스트리퍼,success,와이어스트리퍼,"와이어스트리퍼, 버니어캘리퍼스, 스크레퍼, 콘크리트니퍼, 볼트컷터, 니퍼, 강력니퍼, 멀티테스터, 커터, 배터리팩, 로터리해머드릴, 스패너, 케이블컷터, 앤드컷팅니퍼, 스패너세트",와이어스트리퍼,,,,False,와이어스트리퍼,True
granite4.1:8b,범위측정기,success,라돈측정기,"라돈측정기, 레이저거리측정기, 전지가위, 전정톱, 검전기, 다목적가위, 고지가위, 수평기, 송풍기, 레이저수평기, 디지털수평기, 철판가위, 열풍기, 고속절단기, 직소기",레이저거리측정기,,,,False,,
granite4.1:8b,베셀드라이버,success,드라이버,"드라이버, 전동드라이버, 드라이버세트, 양용드라이버, 임팩트드라이버, T핸드드라이버, 정밀드라이버세트, 충전임팩트드라이버, 플라이어, 바이스그립플라이어, 굽은노즈플라이어, 워터펌프플라이어, 롱노즈플라이어, 플라이어세트, 플라이어렌치",드라이버,,,,False,,
granite4.1:8b,벡터 스트리퍼,success,와이어스트리퍼,"와이어스트리퍼, 버니어캘리퍼스, 스크레퍼, 콘크리트니퍼, 멀티테스터, 볼트컷터, 니퍼, 강력니퍼, PVC컷터, 배터리팩, 커터, 스패너세트, 로터리해머드릴, 클램프미터, 케이블컷터",와이어스트리퍼,,,,False,,
granite4.1:8b,벤치,success,렌치,"렌치, 펜치, 볼렌치, 망치, 핀펀치, 돌망치, 볼렌치세트, 만능렌치, 몽키렌치, 토크렌치, 센터펀치, 옵셋렌치, 고무망치, 육각렌치, 그립망치",렌치,,,,False,,
granite4.1:8b,벤트노즈플라이어,success,롱노즈플라이어,"롱노즈플라이어, 굽은노즈플라이어, 플라이어, 워터펌프플라이어, 바이스그립플라이어, 스냅링플라이어, 다이아고날플라이어, 플라이어세트, 플라이어렌치, 와이어스트리퍼, 전동드라이버, 임팩트드라이버, T핸드드라이버, 충전임팩트드라이버, 드라이버",굽은노즈플라이어,,,,False,,
granite4.1:8b,변기 관통기,success,먹통,"먹통, 스프링배관청소기, 수평기, 열풍기, 송풍기, 직소기, 검전기, 고압세척기, 전동압착기, 라돈측정기, LED투광기, 고속절단기, 전기인두, 디지털수평기, 레이저수평기",고압세척기,,,,False,,
granite4.1:8b,별렌치,success,별렌치세트,"별렌치세트, 렌치, 옵셋렌치, 몽키렌치, 볼렌치, 육각렌치, 만능렌치, 토크렌치, 플라이어렌치, 볼렌치세트, 육각렌치세트, 조합렌치세트, T렌치세트, 소켓렌치세트, 라쳇렌치세트",별렌치세트,,,,False,,
granite4.1:8b,별렌치 (접이식),success,별렌치세트,"별렌치세트, 렌치, 플라이어렌치, 옵셋렌치, 육각렌치, 파이프렌치, 몽키렌치, 볼렌치, 만능렌치, 토크렌치, 조합렌치세트, 육각렌치세트, 볼렌치세트, T렌치세트, 냉동라쳇렌치",별렌치세트,,,접이식,False,,
granite4.1:8b,별렌치 세트,success,별렌치세트,"별렌치세트, 볼렌치세트, 조합렌치세트, T렌치세트, 육각렌치세트, 소켓렌치세트, 기어렌치세트, 라쳇렌치세트, 렌치, 옵셋렌치, 몽키렌치, 육각렌치, 세트, 만능렌치, 볼렌치",별렌치세트,,,,False,,
granite4.1:8b,별렌치세트,success,별렌치세트,"별렌치세트, 볼렌치세트, 조합렌치세트, T렌치세트, 소켓렌치세트, 육각렌치세트, 라쳇렌치세트, 기어렌치세트, 렌치, 옵셋렌치, 육각렌치, 만능렌치, 몽키렌치, 세트, 볼렌치",별렌치세트,,,,False,별렌치세트,True
granite4.1:8b,별렌치세트(접이식),success,별렌치세트,"별렌치세트, 조합렌치세트, T렌치세트, 볼렌치세트, 육각렌치세트, 기어렌치세트, 소켓렌치세트, 라쳇렌치세트, 렌치, 플라이어렌치, 옵셋렌치, 육각렌치, 세트, 만능렌치, 몽키렌치",별렌치세트,,,접이식,False,,
granite4.1:8b,보급형 드릴날세트,success,드릴비트세트,"드릴비트세트, 철공용드릴비트세트, 콘크리트드릴비트세트, 전동드릴, 충전드릴, 드릴비트, 임팩트드릴, 철공용드릴비트, 목공용드릴비트, 해머드릴, 세트, SDS드릴비트, 콘크리트용드릴비트, 드라이버세트, 충전해머드릴",드릴비트세트,,,,False,,
granite4.1:8b,보드게임 (할리갈리외 16종),success,사다리,"사다리, 장도리, 로터리해머드릴, 실리콘건, 배터리팩, 보안경, 모종삽, 임팩트드릴, A형사다리, 콘크리트드릴비트세트, 콘크리트용드릴비트, 임팩트드라이버, 적외선온도계, 버니어캘리퍼스, 콘크리트니퍼",사다리,,,,False,,
granite4.1:8b,보드게임 강아지똥,success,임팩트드릴,"임팩트드릴, 보안경, 강력니퍼, 임팩트드라이버, 쇠지렛대, 충전임팩트드라이버, 고지가위, 전지가위, 디지털수평기, 다이아고날플라이어, T핸드드라이버, 핸드카트, 충전드릴, 드라이버, 드릴비트",임팩트드릴,,,,True,,
granite4.1:8b,보드게임 다빈치코드,success,임팩트드릴,"임팩트드릴, 임팩트드라이버, 보안경, 충전임팩트드라이버, 사다리, T핸드드라이버, 드릴비트, 핸드카트, 드라이버, 다림추, 다이스세트, A형사다리, 다목적가위, 전동드릴, 충전드릴",사다리,,,,False,,
granite4.1:8b,보드게임 사보타지,success,보안경,"보안경, 사다리, 손타카, 임팩트드릴, 임팩트드라이버, 쇠지렛대, 타카, A형사다리, 전동타카, 전지가위, 에어타카, 건타카, 고지가위, 충전임팩트드라이버, 타일컷터",사다리,,,,False,,
granite4.1:8b,보드게임 상어 아일랜드,success,임팩트드릴,"임팩트드릴, 임팩트드라이버, 보안경, 타일컷터, 다이아고날플라이어, 충전임팩트드라이버, T핸드드라이버, 열화상카메라, 해머드릴, 드라이버, 핸드카트, 충전드릴, 전동드릴, 드릴비트, 플라이어",임팩트드릴,,,,True,,
granite4.1:8b,보드게임 우노,success,보안경,"보안경, 임팩트드릴, 임팩트드라이버, 롱노즈플라이어, 충전임팩트드라이버, 굽은노즈플라이어, T핸드드라이버, 핸드카트, 드라이버, 전동드릴, 충전드릴, 전동드라이버, 드라이버세트, 양용드라이버, 드릴비트",보안경,,,,False,,
granite4.1:8b,보드게임 젝스님트,success,임팩트드릴,"임팩트드릴, 임팩트드라이버, 보안경, 충전임팩트드라이버, 다이스세트, 핸드카트, 스패너세트, 드릴비트, 드릴비트세트, 피스제거용비트, 콘크리트드릴비트세트, 글루스틱, 드라이버세트, 철공용드릴비트세트, 스패너",임팩트드릴,,,,True,,
granite4.1:8b,보드게임 클루,success,보안경,"보안경, 임팩트드릴, 글루건, F클램프, 클램프미터, 글루스틱, 임팩트드라이버, 빠루망치, 충전임팩트드라이버, 핸드카트, T핸드드라이버, 충전드릴, 드라이버, 드릴비트, 전동드릴",핸드카트,,,,False,,
granite4.1:8b,보드게임 텀블링 몽키,success,몽키렌치,"몽키렌치, 테이블톱, 점프케이블, 임팩트드릴, 보안경, 스냅링플라이어, 임팩트드라이버, 충전임팩트드라이버, 스프링배관청소기, 드릴비트, 드릴비트세트, T핸드드라이버, 톱, 케이블컷터, 핸드카트",몽키렌치,,,,False,,
granite4.1:8b,보드게임 할리갈리,success,사다리,"사다리, 로터리해머드릴, 장도리, 실리콘건, 배터리팩, 임팩트드릴, 보안경, A형사다리, 임팩트드라이버, 버니어캘리퍼스, 콘크리트드릴비트세트, 콘크리트용드릴비트, 콘크리트니퍼, 충전임팩트드라이버, 와이어스트리퍼",사다리,,,,False,,
granite4.1:8b,보드게임 흔들흔들 해적선,success,적외선온도계,"적외선온도계, 해머드릴, 전선릴, 임팩트드릴, 충전해머드릴, 보안경, 로터리해머드릴, 임팩트드라이버, 다목적가위, 충전임팩트드라이버, T핸드드라이버, 핸드카트, 드릴비트, 충전드릴, 전동드릴",다목적가위,,,,False,,
granite4.1:8b,보쉬,success,보안경,"보안경, 볼렌치, 볼렌치세트, 펜치, 가스토치, 렌치, 토크렌치, 핀펀치, 도끼, 톱, 드라이버, 볼트컷터, 돌망치, 센터펀치, 옵셋렌치",드라이버,보쉬(BOSCH),,,False,,
granite4.1:8b,보쉬 13RE,success,보안경,"보안경, LED손전등, LED작업등, LED투광기, 볼렌치세트, 볼렌치, 라쳇렌치세트, 렌치, 레이저거리측정기, 조합렌치세트, 소켓렌치세트, 냉동라쳇렌치, 플라이어렌치, 기어렌치세트, 만능렌치",볼렌치세트,보쉬(BOSCH),,,False,해머드릴,False
granite4.1:8b,보쉬 GLM 40 거리측정기,success,레이저거리측정기,"레이저거리측정기, 라돈측정기, LED투광기, 보안경, 고속절단기, 고압세척기, 송풍기, 자전거펌프, 레이저수평기, 전정톱, LED손전등, 검전기, 피스제거용비트, 열풍기, 수평기",레이저거리측정기,보쉬(BOSCH),,,False,레이저거리측정기,True
granite4.1:8b,보쉬 advanced impact 1800,success,보안경,"보안경, 볼렌치세트, 임팩트드릴, 볼렌치, 임팩트드라이버, 플라이어렌치, 고압세척기, 렌치, 옵셋렌치, 충전임팩트드라이버, 에어컴프레서, 육각렌치, 레이저거리측정기, 철공용드릴비트, 볼트컷터",임팩트드라이버,보쉬(BOSCH),유선/충전식,,False,,
granite4.1:8b,보쉬 거리측정기,success,레이저거리측정기,"레이저거리측정기, 라돈측정기, 송풍기, 보안경, 전정톱, 볼렌치세트, 피스제거용비트, 열풍기, 고압세척기, 자전거펌프, 볼렌치, 검전기, 전동압착기, 볼트컷터, 레이저수평기",레이저거리측정기,보쉬(BOSCH),,,False,레이저거리측정기,True
granite4.1:8b,보쉬 그라인더(타일절단용),success,앵글그라인더,"앵글그라인더, 타일컷터, 절단석, 고속절단기, 그립망치, 샌더, 바이스그립플라이어, 보안경, 피스제거용비트, 전동타카, 철공용드릴비트, 타카, 양용드라이버, 철공용드릴비트세트, 플라이어렌치",앵글그라인더,보쉬(BOSCH),,,False,,
granite4.1:8b,보쉬 다목적 드릴비트세트,success,드릴비트세트,"드릴비트세트, 철공용드릴비트세트, 드릴비트, 콘크리트드릴비트세트, 목공용드릴비트, 다목적가위, 비트세트, SDS드릴비트, 철공용드릴비트, 콘크리트용드릴비트, 다이스세트, 세트, 볼렌치세트, 드라이버세트, 임팩트드릴",드릴비트세트,BOSCH,,,False,,
granite4.1:8b,보쉬 무선그라인더,success,앵글그라인더,"앵글그라인더, 보안경, 바이스그립플라이어, 전선릴, 샌더, 그립망치, 플라이어렌치, 고무망치, 적외선온도계, 볼렌치세트, 냉동라쳇렌치, 라쳇렌치세트, 롱노즈플라이어, 플라이어, 굽은노즈플라이어",앵글그라인더,보쉬(BOSCH),충전식(무선),,False,앵글그라인더,True
granite4.1:8b,보쉬 비트 세트,success,비트세트,"비트세트, 드릴비트세트, 세트, 철공용드릴비트세트, 콘크리트드릴비트세트, 볼렌치세트, 드릴비트, 피스제거용비트, 탭세트, 공구세트, 다이스세트, T렌치세트, 소켓렌치세트, 끌세트, 스패너세트",비트세트,보쉬(BOSCH),,,False,,
granite4.1:8b,보쉬 비트세트(100PCS),success,비트세트,"비트세트, 드릴비트세트, 철공용드릴비트세트, 콘크리트드릴비트세트, SDS드릴비트, 세트, 볼렌치세트, 피스제거용비트, 공구세트, PVC컷터, 드릴비트, 탭세트, 플라이어세트, 다이스세트, 소켓렌치세트",비트세트,보쉬(BOSCH),,,False,비트세트,True
granite4.1:8b,보쉬 수공구,success,공구함,"공구함, 공구세트, 공구함세트, 전동공구세트, 수평기, 보안경, 레이저수평기, 목공톱, 디지털수평기, 목공줄, 편구스패너, 목공용접톱, 목공용드릴비트, 철공용드릴비트세트, 철공용드릴비트",수평기,보쉬(BOSCH),,,False,,
granite4.1:8b,보쉬 수공구세트,success,공구세트,"공구세트, 전동공구세트, 공구함세트, 공구함, 세트, 볼렌치세트, 철공용드릴비트세트, 스패너세트, 비트세트, 소켓렌치세트, 라쳇렌치세트, T렌치세트, 탭세트, 기어렌치세트, 다이스세트",공구세트,보쉬(BOSCH),,,False,공구세트,True
granite4.1:8b,보쉬 스패너 세트,success,스패너세트,"스패너세트, 스패너, 편구스패너, 세트, 볼렌치세트, 다이스세트, 공구세트, 소켓렌치세트, 육각렌치세트, 플라이어세트, T렌치세트, 탭세트, 기어렌치세트, 비트세트, 라쳇렌치세트",스패너세트,보쉬(BOSCH),,,False,스패너세트,True
granite4.1:8b,보쉬 열풍기,success,열풍기,"열풍기, 송풍기, 열화상카메라, 고압세척기, 보안경, 볼렌치, 볼렌치세트, 에어펌프, 스프링배관청소기, 전동압착기, 검전기, 기어렌치세트, 고속절단기, 직소기, 라돈측정기",열풍기,보쉬(BOSCH),,,False,열풍기,True
granite4.1:8b,보쉬 일반 드릴,success,전동드릴,"전동드릴, 충전드릴, 해머드릴, 임팩트드릴, 드릴비트, 철공용드릴비트, 드릴비트세트, 목공용드릴비트, 충전해머드릴, SDS드릴비트, 철공용드릴비트세트, 로터리해머드릴, 보안경, 콘크리트용드릴비트, 타일컷터",전동드릴,BOSCH,,,False,전동드릴,True
granite4.1:8b,보쉬 임팩드릴,success,임팩트드릴,"임팩트드릴, 임팩트드라이버, 충전임팩트드라이버, 해머드릴, 전동드릴, 충전드릴, 충전해머드릴, 로터리해머드릴, 드릴비트, 목공용드릴비트, 철공용드릴비트, 철공용드릴비트세트, SDS드릴비트, 드릴비트세트, 보안경",임팩트드릴,보쉬(BOSCH),,,False,,
granite4.1:8b,보쉬 전기그라인더,success,앵글그라인더,"앵글그라인더, 전기인두, 검전기, 샌더, 바이스그립플라이어, 그립망치, 보안경, 전동압착기, 충전드릴, 플라이어렌치, 라돈측정기, 스프링배관청소기, 충전임팩트드라이버, 볼렌치세트, 전동드라이버",앵글그라인더,보쉬(BOSCH),유선,,False,,
granite4.1:8b,보쉬 전기해머드릴 13RE,success,해머드릴,"해머드릴, 충전해머드릴, 로터리해머드릴, 충전드릴, 전동드릴, 전기인두, 검전기, 임팩트드릴, 철공용드릴비트세트, 철공용드릴비트, 목공용드릴비트, 드릴비트, 드릴비트세트, SDS드릴비트, 전선릴",충전해머드릴,BOSCH,,,False,,
granite4.1:8b,보쉬 전동  드릴,success,전동드릴,"전동드릴, 충전드릴, 전동드라이버, 전동타카, 전동압착기, 전동공구세트, 임팩트드릴, 해머드릴, 충전해머드릴, 드릴비트, 철공용드릴비트, 전선릴, 목공용드릴비트, SDS드릴비트, 철공용드릴비트세트",전동드라이버,BOSCH,유선,,False,,
granite4.1:8b,보쉬 전동 그라인더,success,앵글그라인더,"앵글그라인더, 전동드라이버, 전동드릴, 전동압착기, 전동타카, 전동공구세트, 냉동라쳇렌치, 샌더, 그립망치, 바이스그립플라이어, 보안경, 볼렌치세트, 전기인두, 플라이어렌치, 볼렌치",앵글그라인더,보쉬(BOSCH),,,False,,
granite4.1:8b,보쉬 전동 드라이버,success,전동드라이버,"전동드라이버, 드라이버, 드라이버세트, 양용드라이버, 임팩트드라이버, T핸드드라이버, 충전임팩트드라이버, 전동드릴, 정밀드라이버세트, 전동타카, 전동압착기, 전동공구세트, 플라이어, 플라이어렌치, 냉동라쳇렌치",전동드라이버,보쉬(BOSCH),유선,,False,전동드라이버,True
granite4.1:8b,보쉬 전동공구세트,success,전동공구세트,"전동공구세트, 공구세트, 공구함세트, 공구함, 볼렌치세트, 전동드릴, 전동타카, 전동압착기, 세트, 철공용드릴비트세트, 라쳇렌치세트, 소켓렌치세트, 비트세트, 조합렌치세트, 전동드라이버",전동공구세트,보쉬(BOSCH),,,False,전동공구세트,True
granite4.1:8b,보쉬 전동그라인더,success,앵글그라인더,"앵글그라인더, 전동드라이버, 전동드릴, 전동압착기, 전동타카, 전동공구세트, 냉동라쳇렌치, 샌더, 바이스그립플라이어, 그립망치, 전기인두, 보안경, 전선릴, 볼렌치세트, 플라이어렌치",앵글그라인더,보쉬(BOSCH),,,False,앵글그라인더,True
granite4.1:8b,보쉬 전동드릴세트,success,전동드릴,"전동드릴, 전동공구세트, 드릴비트세트, 전동드라이버, 철공용드릴비트세트, 충전드릴, 콘크리트드릴비트세트, 볼렌치세트, 임팩트드릴, 전동압착기, 세트, 전동타카, 공구세트, 드릴비트, 충전해머드릴",전동드릴,BOSCH,,,False,,
granite4.1:8b,보쉬 충전 임팩트 드릴/드라이버,success,충전임팩트드라이버,"충전임팩트드라이버, 임팩트드릴, 임팩트드라이버, 충전드릴, 충전해머드릴, 드라이버, 전동드라이버, 드라이버세트, 양용드라이버, T핸드드라이버, 전동드릴, 정밀드라이버세트, 드릴비트, 해머드릴, 철공용드릴비트",충전임팩트드라이버,BOSCH,충전식(무선),,False,충전임팩트드라이버,True
granite4.1:8b,보쉬 충전 전동드릴,success,충전드릴,"충전드릴, 전동드릴, 충전해머드릴, 전동드라이버, 전동압착기, 전동타카, 충전임팩트드라이버, 전동공구세트, 전선릴, 임팩트드릴, 해머드릴, 드릴비트, SDS드릴비트, 철공용드릴비트, 철공용드릴비트세트",충전드릴,보쉬(BOSCH),충전식(무선),,False,충전드릴,True
granite4.1:8b,보쉬 충전 해머드릴,success,충전해머드릴,"충전해머드릴, 해머드릴, 충전드릴, 로터리해머드릴, 충전임팩트드라이버, 전동드릴, 임팩트드릴, 드릴비트, 철공용드릴비트, 철공용드릴비트세트, 목공용드릴비트, SDS드릴비트, 전선릴, 드릴비트세트, 보안경",충전해머드릴,보쉬(BOSCH),충전식(무선),,False,,
granite4.1:8b,보쉬 충전드릴,success,충전드릴,"충전드릴, 충전해머드릴, 전동드릴, 충전임팩트드라이버, 해머드릴, 임팩트드릴, 드릴비트, 철공용드릴비트, SDS드릴비트, 로터리해머드릴, 철공용드릴비트세트, 목공용드릴비트, 드릴비트세트, 전선릴, 콘크리트드릴비트세트",충전드릴,보쉬(BOSCH),충전식(무선),,False,충전드릴,True
granite4.1:8b,보쉬 충전해머,success,충전해머드릴,"충전해머드릴, 충전드릴, 해머드릴, 충전임팩트드라이버, 로터리해머드릴, 보안경, 전지가위, 배터리팩, 전동압착기, 볼트컷터, 전정톱, 안전모, 볼렌치세트, 자전거펌프, LED손전등",충전해머드릴,보쉬(BOSCH),충전식,,False,,
granite4.1:8b,보쉬 충전해머드릴,success,충전해머드릴,"충전해머드릴, 충전드릴, 해머드릴, 로터리해머드릴, 충전임팩트드라이버, 전동드릴, 임팩트드릴, 철공용드릴비트세트, 철공용드릴비트, 목공용드릴비트, 드릴비트, SDS드릴비트, 드릴비트세트, 전선릴, 콘크리트드릴비트세트",충전해머드릴,BOSCH,충전식(무선),,False,충전해머드릴,True
granite4.1:8b,보쉬 충전해머드릴(무선),success,충전해머드릴,"충전해머드릴, 충전드릴, 해머드릴, 로터리해머드릴, 전동드릴, 충전임팩트드라이버, 전선릴, 임팩트드릴, 철공용드릴비트, 목공용드릴비트, 철공용드릴비트세트, 드릴비트, SDS드릴비트, 드릴비트세트, 보안경",충전해머드릴,보쉬(BOSCH),충전식(무선),,False,충전해머드릴,True
granite4.1:8b,보쉬 해머드릴,success,해머드릴,"해머드릴, 로터리해머드릴, 충전해머드릴, 충전드릴, 전동드릴, 임팩트드릴, 드릴비트, 목공용드릴비트, 철공용드릴비트, 철공용드릴비트세트, SDS드릴비트, 드릴비트세트, 보안경, 콘크리트드릴비트세트, 콘크리트용드릴비트",해머드릴,보쉬(BOSCH),,,False,해머드릴,True
granite4.1:8b,보쉬 해머드릴(유선),success,해머드릴,"해머드릴, 충전해머드릴, 로터리해머드릴, 충전드릴, 전동드릴, 임팩트드릴, 전선릴, 목공용드릴비트, 철공용드릴비트, 드릴비트, 철공용드릴비트세트, SDS드릴비트, 드릴비트세트, 보안경, 콘크리트드릴비트세트",해머드릴,보쉬(BOSCH),유선,,False,해머드릴,True
granite4.1:8b,보쉬(100PCS),success,PVC컷터,"PVC컷터, 보안경, SDS드릴비트, 볼렌치세트, 펜치, 왕복톱(레시프로쏘), 배터리팩, 세트, 비트세트, 플라이어세트, 렌치, 볼렌치, 피스제거용비트, 공구세트, 소켓렌치세트",비트세트,보쉬(BOSCH),,,False,,
granite4.1:8b,보쉬)해머드릴,success,해머드릴,"해머드릴, 로터리해머드릴, 충전해머드릴, 전동드릴, 임팩트드릴, 충전드릴, 드릴비트, 철공용드릴비트, 목공용드릴비트, SDS드릴비트, 드릴비트세트, 철공용드릴비트세트, 보안경, 콘크리트드릴비트세트, 콘크리트용드릴비트",해머드릴,BOSCH,,,False,,
granite4.1:8b,보쉬공구세트,success,공구세트,"공구세트, 전동공구세트, 공구함세트, 공구함, 볼렌치세트, 세트, 철공용드릴비트세트, 비트세트, 소켓렌치세트, 라쳇렌치세트, 스패너세트, 플라이어세트, 조합렌치세트, T렌치세트, 육각렌치세트",공구세트,보쉬(BOSCH),,,False,,
granite4.1:8b,보쉬드릴비트세트,success,드릴비트세트,"드릴비트세트, 철공용드릴비트세트, 콘크리트드릴비트세트, 비트세트, 드릴비트, SDS드릴비트, 철공용드릴비트, 목공용드릴비트, 콘크리트용드릴비트, 세트, 임팩트드릴, 볼렌치세트, 드라이버세트, 다이스세트, 충전드릴",드릴비트세트,BOSCH,,,False,,
granite4.1:8b,보쉬멀티기리세트,success,멀티테스터,"멀티테스터, 세트, 기어렌치세트, 볼렌치세트, 비트세트, 공구세트, 별렌치세트, 육각렌치세트, 조합렌치세트, 콘크리트드릴비트세트, 다이스세트, T렌치세트, 스패너세트, 소켓렌치세트, 탭세트",멀티테스터,보쉬(BOSCH),,,False,드릴비트세트,False
granite4.1:8b,보쉬수공구세트,success,공구세트,"공구세트, 전동공구세트, 공구함세트, 공구함, 볼렌치세트, 세트, 철공용드릴비트세트, 비트세트, 소켓렌치세트, 스패너세트, 다이스세트, 라쳇렌치세트, 육각렌치세트, 플라이어세트, 조합렌치세트",전동공구세트,보쉬(BOSCH),유선,,False,,
granite4.1:8b,보쉬수공구세트,success,공구세트,"공구세트, 전동공구세트, 공구함세트, 공구함, 볼렌치세트, 세트, 철공용드릴비트세트, 비트세트, 소켓렌치세트, 스패너세트, 다이스세트, 라쳇렌치세트, 육각렌치세트, 플라이어세트, 조합렌치세트",전동공구세트,보쉬(BOSCH),유선,,False,,
granite4.1:8b,보쉬전기드릴,success,전동드릴,"전동드릴, 충전드릴, 검전기, 충전해머드릴, 해머드릴, 전기인두, 임팩트드릴, 드릴비트, 철공용드릴비트, 목공용드릴비트, 로터리해머드릴, SDS드릴비트, 전선릴, 드릴비트세트, 철공용드릴비트세트",전동드릴,보쉬(BOSCH),,,False,,
granite4.1:8b,보쉬전동공구,success,전동공구세트,"전동공구세트, 공구함, 공구세트, 전동압착기, 전동드릴, 전동타카, 공구함세트, 전동드라이버, 전정톱, 목공톱, 전지가위, 보안경, 검전기, 냉동라쳇렌치, 목공줄",전동공구세트,보쉬(BOSCH),유선,,False,,
granite4.1:8b,보쉬전동드릴,success,전동드릴,"전동드릴, 전동드라이버, 충전드릴, 전동압착기, 충전해머드릴, 전동타카, 해머드릴, 임팩트드릴, 전동공구세트, 철공용드릴비트, 로터리해머드릴, 전선릴, SDS드릴비트, 철공용드릴비트세트, 목공용드릴비트",전동드릴,보쉬(BOSCH),,,False,전동드릴,True
granite4.1:8b,보쉬진동드릴,success,전동드릴,"전동드릴, 충전드릴, 해머드릴, 임팩트드릴, 전동드라이버, 충전해머드릴, SDS드릴비트, 드릴비트, 철공용드릴비트, 로터리해머드릴, 철공용드릴비트세트, 목공용드릴비트, 드릴비트세트, 콘크리트드릴비트세트, 콘크리트용드릴비트",전동드릴,보쉬(BOSCH),,,False,,
granite4.1:8b,보쉬충전드릴,success,충전드릴,"충전드릴, 충전해머드릴, 전동드릴, 임팩트드릴, 해머드릴, 충전임팩트드라이버, 철공용드릴비트, 로터리해머드릴, 철공용드릴비트세트, SDS드릴비트, 드릴비트, 목공용드릴비트, 드릴비트세트, 콘크리트드릴비트세트, 콘크리트용드릴비트",충전드릴,보쉬(BOSCH),충전식(무선),,False,충전드릴,True
granite4.1:8b,보쉬충전드릴 1개,success,충전드릴,"충전드릴, 충전해머드릴, 전동드릴, 충전임팩트드라이버, 임팩트드릴, 해머드릴, 로터리해머드릴, 철공용드릴비트, 철공용드릴비트세트, SDS드릴비트, 드릴비트, 드릴비트세트, 목공용드릴비트, 콘크리트드릴비트세트, 콘크리트용드릴비트",충전드릴,BOSCH,충전식(무선),,False,,
granite4.1:8b,보쉬해머드릴,success,해머드릴,"해머드릴, 충전해머드릴, 로터리해머드릴, 전동드릴, 충전드릴, 임팩트드릴, 드릴비트, SDS드릴비트, 철공용드릴비트, 철공용드릴비트세트, 목공용드릴비트, 드릴비트세트, 콘크리트드릴비트세트, 보안경, 콘크리트용드릴비트",해머드릴,보쉬(BOSCH),,,False,해머드릴,True
granite4.1:8b,보안경,success,보안경,"보안경, 안전모, 안전장갑, 안전로프, LED손전등, 앵글그라인더, 에어건, 망치, 그립망치, 전선릴, 고무망치, 고압세척기, 옵셋렌치, 만능렌치, 송풍기",보안경,,,,False,보안경,True
granite4.1:8b,보안경(고글),success,보안경,"보안경, 안전장갑, 안전모, 안전로프, 앵글그라인더, 글루건, 고무망치, 고압세척기, 글루스틱, 고지가위, 고속절단기, 석고대패, 다이아고날플라이어, 에어건, LED손전등",보안경,,,,False,,
granite4.1:8b,보안경(물안경 타입),success,보안경,"보안경, 안전모, 안전장갑, 안전로프, LED손전등, 레이저수평기, 에어건, 방진마스크, 스프링배관청소기, 옵셋렌치, 레이저거리측정기, 에어타카, 만능렌치, 워터펌프플라이어, 전동타카",보안경,,,,False,,
granite4.1:8b,보행 보조기,success,보안경,"보안경, 송풍기, 열풍기, 조합렌치세트, 수평기, 직소기, 레이저거리측정기, 전동압착기, 고압세척기, 라돈측정기, 레이저수평기, 고속절단기, 검전기, LED투광기, 디지털수평기",보안경,,,,False,,
granite4.1:8b,보행보조기,success,보안경,"보안경, 송풍기, 열풍기, 조합렌치세트, 수평기, 직소기, 레이저거리측정기, 전동압착기, 고압세척기, 라돈측정기, 고속절단기, 검전기, 레이저수평기, LED투광기, 디지털수평기",보안경,,,,False,,
granite4.1:8b,보호안경,success,보안경,"보안경, 안전장갑, 안전모, 안전로프, 방진마스크, 옵셋렌치, 육각렌치, 렌치, 플라이어렌치, 만능렌치, 육각렌치세트, 편구스패너, 레이저거리측정기, 에어건, 고무망치",보안경,,,,False,,
granite4.1:8b,보호안경 1개,success,보안경,"보안경, 안전장갑, 안전모, 안전로프, 방진마스크, 옵셋렌치, 렌치, 플라이어렌치, 육각렌치세트, 레이저거리측정기, 만능렌치, 별렌치세트, 조합렌치세트, 육각렌치, LED손전등",보안경,,,,False,,
granite4.1:8b,보호안경 투명,success,보안경,"보안경, 안전장갑, 안전모, LED투광기, 안전로프, 방진마스크, 만능렌치, 플라이어렌치, 옵셋렌치, 편구스패너, LED손전등, 육각렌치, 레이저수평기, 육각렌치세트, 렌치",보안경,,,,False,,
granite4.1:8b,복사기(팩스),success,사다리,"사다리, 배터리팩, 왕복톱(레시프로쏘), A형사다리, 임팩트드릴, 직소기, 스프링배관청소기, 송풍기, 열풍기, 스크레퍼, 스패너, 수평기, 임팩트드라이버, 검전기, 전동압착기",직소기,,,,False,,
granite4.1:8b,복쉬수공구세트,success,공구세트,"공구세트, 전동공구세트, 공구함세트, 공구함, 세트, 볼렌치세트, 철공용드릴비트세트, 소켓렌치세트, 스패너세트, 플라이어세트, 육각렌치세트, T렌치세트, 다이스세트, 라쳇렌치세트, 비트세트",공구세트,보쉬(BOSCH),,,False,,
granite4.1:8b,복스,success,왕복톱(레시프로쏘),"왕복톱(레시프로쏘), 스패너, 글루스틱, 다이스세트, 가스토치, 스크레퍼, 방진마스크, 멀티테스터, 편구스패너, 스패너세트, 피스제거용비트, 버니어캘리퍼스, 바이스그립플라이어, 스냅링플라이어, 와이어스트리퍼",스패너,보쉬(BOSCH),,,False,,
granite4.1:8b,복스 (10개 1세트),success,세트,"세트, 다이스세트, 스패너세트, 비트세트, 탭세트, 공구세트, 끌세트, 볼렌치세트, 드릴비트세트, T렌치세트, 플라이어세트, 공구함세트, 전동공구세트, 드라이버세트, 별렌치세트",다이스세트,보쉬(BOSCH),,,False,,
granite4.1:8b,복스 1세트,success,세트,"세트, 다이스세트, 스패너세트, 비트세트, 탭세트, 공구세트, 끌세트, 볼렌치세트, T렌치세트, 드릴비트세트, 플라이어세트, 공구함세트, 드라이버세트, 전동공구세트, 별렌치세트",다이스세트,보쉬(BOSCH),,,False,,
granite4.1:8b,복스 공구세트(46p),success,공구세트,"공구세트, 전동공구세트, 공구함세트, 공구함, 세트, 스패너세트, 다이스세트, 철공용드릴비트세트, 플라이어세트, 비트세트, 탭세트, 끌세트, 볼렌치세트, 드라이버세트, 드릴비트세트",공구세트,보쉬(BOSCH),,,False,,
granite4.1:8b,복스 세트,success,세트,"세트, 다이스세트, 스패너세트, 공구세트, 비트세트, 탭세트, 끌세트, T렌치세트, 볼렌치세트, 플라이어세트, 드릴비트세트, 공구함세트, 드라이버세트, 전동공구세트, 별렌치세트",공구세트,보쉬(BOSCH),,,False,,
granite4.1:8b,복스 세트 1개,success,세트,"세트, 다이스세트, 스패너세트, 공구세트, 비트세트, 탭세트, 끌세트, 볼렌치세트, T렌치세트, 플라이어세트, 드릴비트세트, 공구함세트, 전동공구세트, 드라이버세트, 별렌치세트",세트,보쉬(BOSCH),,,False,,
granite4.1:8b,복스SET 1/2-17pcs(TL-SS11),success,SDS드릴비트,"SDS드릴비트, T렌치세트, LED손전등, LED작업등, LED투광기, 다이스세트, T핸드드라이버, 왕복톱(레시프로쏘), 스패너세트, 세트, 피스제거용비트, 탭세트, 플라이어세트, 철공용드릴비트세트, 소켓렌치세트",소켓렌치세트,보쉬(BOSCH),,,False,,
granite4.1:8b,복스Set(15EA) 1개,success,SDS드릴비트,"SDS드릴비트, A형사다리, 왕복톱(레시프로쏘), 다이스세트, 스패너세트, LED손전등, LED작업등, LED투광기, 스패너, 글루스틱, 편구스패너, 스크레퍼, 멀티테스터, 피스제거용비트, 방진마스크",스패너세트,보쉬(BOSCH),,,False,,
granite4.1:8b,복스렌치,success,렌치,"렌치, 볼렌치, 육각렌치, 몽키렌치, 토크렌치, 옵셋렌치, 만능렌치, 볼렌치세트, 플라이어렌치, 별렌치세트, 육각렌치세트, T렌치세트, 소켓렌치세트, 조합렌치세트, 라쳇렌치세트",볼렌치,보쉬(BOSCH),,,False,,
granite4.1:8b,복스렌치세트,success,볼렌치세트,"볼렌치세트, T렌치세트, 별렌치세트, 소켓렌치세트, 조합렌치세트, 육각렌치세트, 라쳇렌치세트, 기어렌치세트, 렌치, 세트, 다이스세트, 육각렌치, 볼렌치, 옵셋렌치, 스패너세트",볼렌치세트,보쉬(BOSCH),,,False,,
granite4.1:8b,복스세트,success,다이스세트,"다이스세트, 세트, 스패너세트, 비트세트, 공구세트, 탭세트, 끌세트, 플라이어세트, T렌치세트, 볼렌치세트, 드릴비트세트, 드라이버세트, 공구함세트, 전동공구세트, 육각렌치세트",다이스세트,보쉬(BOSCH),,,False,소켓렌치세트,False
granite4.1:8b,복스세트 1개,success,다이스세트,"다이스세트, 세트, 스패너세트, 공구세트, 비트세트, 탭세트, 끌세트, 플라이어세트, 볼렌치세트, T렌치세트, 드릴비트세트, 드라이버세트, 공구함세트, 전동공구세트, 소켓렌치세트",다이스세트,보쉬(BOSCH),,,False,,
granite4.1:8b,복스세트(17pcs),success,다이스세트,"다이스세트, 세트, 스패너세트, 공구세트, 비트세트, 탭세트, 플라이어세트, 끌세트, 공구함세트, 볼렌치세트, T렌치세트, 드릴비트세트, 드라이버세트, 전동공구세트, 소켓렌치세트",소켓렌치세트,보쉬(BOSCH),,,False,,
granite4.1:8b,복스세트(20pcs),success,다이스세트,"다이스세트, 세트, 스패너세트, 공구세트, 비트세트, 탭세트, 끌세트, 플라이어세트, 공구함세트, 볼렌치세트, 드릴비트세트, T렌치세트, 전동공구세트, 드라이버세트, 소켓렌치세트",소켓렌치세트,보쉬(BOSCH),,,False,,
granite4.1:8b,복스세트(소켓렌치세트),success,소켓렌치세트,"소켓렌치세트, 볼렌치세트, T렌치세트, 별렌치세트, 조합렌치세트, 육각렌치세트, 라쳇렌치세트, 기어렌치세트, 다이스세트, 세트, 공구세트, 스패너세트, 비트세트, 탭세트, 끌세트",소켓렌치세트,보쉬(BOSCH),,,False,,
granite4.1:8b,복스세트(앵글),success,다이스세트,"다이스세트, 앵글그라인더, 세트, 스패너세트, 비트세트, 공구세트, 끌세트, 탭세트, 플라이어세트, 글루스틱, T렌치세트, 볼렌치세트, 드라이버세트, 드릴비트세트, 공구함세트",앵글그라인더,보쉬(BOSCH),,,False,,
granite4.1:8b,복스셋,success,옵셋렌치,"옵셋렌치, 다이스세트, 왕복톱(레시프로쏘), 글루스틱, 스패너세트, 스패너, 가스토치, 스크레퍼, 편구스패너, 멀티테스터, 방진마스크, 피스제거용비트, 바이스그립플라이어, 버니어캘리퍼스, 와이어스트리퍼",다이스세트,BOSCH,,,False,,
granite4.1:8b,복스셋트,success,다이스세트,"다이스세트, 옵셋렌치, 스패너세트, 왕복톱(레시프로쏘), 세트, 비트세트, 피스제거용비트, 와이어스트리퍼, 스패너, 글루스틱, 드릴비트세트, 탭세트, 가스토치, 공구세트, 편구스패너",다이스세트,보쉬(BOSCH),,,False,,
granite4.1:8b,복스셋트(대),success,대패,"대패, 다이스세트, 옵셋렌치, 쇠지렛대, 스패너세트, 왕복톱(레시프로쏘), 석고대패, 세트, 피스제거용비트, 비트세트, 와이어스트리퍼, 스패너, 글루스틱, 드릴비트세트, 탭세트",다이스세트,보쉬(BOSCH),,,False,,
granite4.1:8b,복스소켓렌치세트(20pcs),success,소켓렌치세트,"소켓렌치세트, 육각렌치세트, 라쳇렌치세트, 조합렌치세트, 별렌치세트, 볼렌치세트, 기어렌치세트, T렌치세트, 렌치, 다이스세트, 육각렌치, 옵셋렌치, 세트, 스패너세트, 몽키렌치",소켓렌치세트,보쉬(BOSCH),,,False,,
granite4.1:8b,본드,success,T핸드드라이버,"T핸드드라이버, 드라이버, 핸드카트, 드릴비트, 전동드릴, 충전드릴, 해머드릴, 앤드컷팅니퍼, 임팩트드릴, 전동드라이버, 양용드라이버, 드라이버세트, 드릴비트세트, 임팩트드라이버, 충전해머드릴",앤드컷팅니퍼,,,,False,,
granite4.1:8b,볼L렌치 세트,success,볼렌치세트,"볼렌치세트, 볼렌치, 별렌치세트, T렌치세트, 조합렌치세트, 기어렌치세트, 육각렌치세트, 소켓렌치세트, 라쳇렌치세트, 렌치, 세트, 몽키렌치, 토크렌치, 만능렌치, 육각렌치",볼렌치세트,,,,False,,
granite4.1:8b,볼드 커터,success,커터,"커터, 커터칼, 볼트컷터, 케이블컷터, 타일컷터, PVC컷터, 볼렌치, 볼렌치세트, 핸드카트, 납볼망치, 로터리해머드릴, 앤드컷팅니퍼, 카운터싱크, 클램프미터, 드라이버",커터칼,,,,False,,
granite4.1:8b,볼렌지세트,success,볼렌치세트,"볼렌치세트, 볼렌치, 별렌치세트, 세트, T렌치세트, 소켓렌치세트, 기어렌치세트, 육각렌치세트, 조합렌치세트, 라쳇렌치세트, 공구세트, 비트세트, 끌세트, 탭세트, 스패너세트",볼렌치세트,,,,False,,
granite4.1:8b,볼렌치,success,볼렌치,"볼렌치, 볼렌치세트, 렌치, 몽키렌치, 토크렌치, 만능렌치, 옵셋렌치, 육각렌치, 파이프렌치, 별렌치세트, 플라이어렌치, T렌치세트, 조합렌치세트, 라쳇렌치세트, 납볼망치",볼렌치,,,,False,볼렌치,True
granite4.1:8b,볼렌치 세트,success,볼렌치세트,"볼렌치세트, 볼렌치, 별렌치세트, T렌치세트, 소켓렌치세트, 조합렌치세트, 기어렌치세트, 육각렌치세트, 라쳇렌치세트, 렌치, 세트, 몽키렌치, 만능렌치, 토크렌치, 옵셋렌치",볼렌치세트,,,,False,,
granite4.1:8b,볼렌치 육각,success,육각렌치,"육각렌치, 볼렌치, 육각렌치세트, 볼렌치세트, 렌치, 토크렌치, 몽키렌치, 만능렌치, 옵셋렌치, 파이프렌치, 플라이어렌치, 별렌치세트, 직각자, T렌치세트, 납볼망치",육각렌치,,,,False,,
granite4.1:8b,볼렌치세트,success,볼렌치세트,"볼렌치세트, 볼렌치, 별렌치세트, T렌치세트, 조합렌치세트, 소켓렌치세트, 기어렌치세트, 라쳇렌치세트, 육각렌치세트, 렌치, 세트, 만능렌치, 몽키렌치, 토크렌치, 육각렌치",볼렌치세트,,,,False,볼렌치세트,True
granite4.1:8b,볼렌치세트 1개,success,볼렌치세트,"볼렌치세트, 볼렌치, 별렌치세트, T렌치세트, 소켓렌치세트, 조합렌치세트, 기어렌치세트, 라쳇렌치세트, 육각렌치세트, 렌치, 세트, 몽키렌치, 만능렌치, 토크렌치, 옵셋렌치",볼렌치세트,,,,False,,
granite4.1:8b,볼렌치세트(8피스),success,볼렌치세트,"볼렌치세트, 볼렌치, 별렌치세트, T렌치세트, 조합렌치세트, 소켓렌치세트, 기어렌치세트, 육각렌치세트, 라쳇렌치세트, 렌치, 피스제거용비트, 세트, 몽키렌치, 만능렌치, 스패너세트",볼렌치세트,,,8피스,False,,
granite4.1:8b,볼렌치세트(9피스),success,볼렌치세트,"볼렌치세트, 볼렌치, 별렌치세트, T렌치세트, 조합렌치세트, 기어렌치세트, 소켓렌치세트, 육각렌치세트, 라쳇렌치세트, 렌치, 피스제거용비트, 만능렌치, 몽키렌치, 세트, 토크렌치",볼렌치세트,,,9피스,False,,
granite4.1:8b,볼렌치셋,success,볼렌치,"볼렌치, 볼렌치세트, 옵셋렌치, 렌치, 별렌치세트, 만능렌치, 라쳇렌치세트, T렌치세트, 몽키렌치, 소켓렌치세트, 토크렌치, 조합렌치세트, 기어렌치세트, 육각렌치세트, 육각렌치",볼렌치세트,,,,False,,
granite4.1:8b,볼렌치셋트,success,볼렌치세트,"볼렌치세트, 볼렌치, 옵셋렌치, 별렌치세트, 렌치, T렌치세트, 조합렌치세트, 소켓렌치세트, 기어렌치세트, 라쳇렌치세트, 육각렌치세트, 만능렌치, 몽키렌치, 토크렌치, 육각렌치",볼렌치세트,,,,False,,
granite4.1:8b,볼렌치셋트1개,success,볼렌치세트,"볼렌치세트, 볼렌치, 옵셋렌치, 별렌치세트, 렌치, 소켓렌치세트, 조합렌치세트, 기어렌치세트, T렌치세트, 라쳇렌치세트, 육각렌치세트, 만능렌치, 몽키렌치, 토크렌치, 육각렌치",볼렌치세트,,,,False,,
granite4.1:8b,볼망치,success,납볼망치,"납볼망치, 돌망치, 망치, 볼렌치, 그립망치, 고무망치, 빠루망치, 볼렌치세트, 렌치, 볼트컷터, 펜치, 핀펀치, 만능렌치, 몽키렌치, 옵셋렌치",망치,,,,False,,
granite4.1:8b,볼트 리무버 세트,success,볼트컷터,"볼트컷터, 볼렌치세트, 세트, 드라이버세트, 콘크리트드릴비트세트, 비트세트, 드릴비트세트, 공구세트, 정밀드라이버세트, 끌세트, 스패너세트, 탭세트, 전동공구세트, 플라이어세트, 기어렌치세트",공구세트,,,,False,,
granite4.1:8b,볼트 컷터,success,볼트컷터,"볼트컷터, 케이블컷터, 타일컷터, PVC컷터, 커터, 커터칼, 볼렌치세트, 볼렌치, 앤드컷팅니퍼, 납볼망치, 카운터싱크, 콘크리트드릴비트세트, 클램프미터, 비트세트, 워터펌프플라이어",볼트컷터,,,,False,,
granite4.1:8b,볼트갓다,success,볼트컷터,"볼트컷터, 볼렌치, 볼렌치세트, 사다리, 다이스세트, 다림추, 납볼망치, 비트세트, 다목적가위, A형사다리, 핸드카트, 다이아고날플라이어, 드릴비트세트, 세트, 드릴비트",볼렌치세트,,,,False,,
granite4.1:8b,볼트갓타,success,볼트컷터,"볼트컷터, 볼렌치, 볼렌치세트, 건타카, 손타카, 타카, 전동타카, 에어타카, 납볼망치, 타일컷터, 비트세트, 타카핀, 핸드카트, 드릴비트세트, 드릴비트",전동타카,,,,False,,
granite4.1:8b,볼트리무버,success,볼트컷터,"볼트컷터, 와이어스트리퍼, 고무망치, 버니어캘리퍼스, 볼렌치세트, 볼렌치, 드라이버, 드라이버세트, 임팩트드라이버, 전동드라이버, 납볼망치, 콘크리트니퍼, 충전임팩트드라이버, 로터리해머드릴, 실리콘건",볼렌치세트,,,,False,,
granite4.1:8b,볼트리무버 세트,success,볼트컷터,"볼트컷터, 볼렌치세트, 세트, 드라이버세트, 비트세트, 공구세트, 드릴비트세트, 콘크리트드릴비트세트, 정밀드라이버세트, 전동공구세트, 플라이어세트, 스패너세트, 탭세트, 끌세트, 와이어스트리퍼",비트세트,,,,False,,
granite4.1:8b,볼트리무버세트,success,드라이버세트,"드라이버세트, 볼트컷터, 볼렌치세트, 정밀드라이버세트, 세트, 비트세트, 공구세트, 드릴비트세트, 콘크리트드릴비트세트, 전동공구세트, 끌세트, 플라이어세트, 스패너세트, 탭세트, 와이어스트리퍼",비트세트,,,,False,,
granite4.1:8b,볼트카타,success,볼트컷터,"볼트컷터, 타카, 건타카, 전동타카, 손타카, 에어타카, 타카핀, 핸드카트, 볼렌치세트, 볼렌치, 타일컷터, 납볼망치, 비트세트, 카운터싱크, 드릴비트세트",볼렌치,,,,False,볼트컷터,False
granite4.1:8b,볼트캇다,success,볼트컷터,"볼트컷터, 볼렌치세트, 볼렌치, 다이스세트, 다림추, 사다리, 납볼망치, 핸드카트, 비트세트, A형사다리, 다목적가위, 드릴비트세트, 드릴비트, 전동타카, 콘크리트드릴비트세트",볼트컷터,,,,False,,
granite4.1:8b,볼트캇타,success,볼트컷터,"볼트컷터, 볼렌치세트, 볼렌치, 전동타카, 타카, 건타카, 타일컷터, 에어타카, 손타카, 납볼망치, 타카핀, 비트세트, 핸드카트, 콘크리트드릴비트세트, 드릴비트세트",볼트컷터,,,,False,,
granite4.1:8b,볼트캇타(절단기) 18',success,고속절단기,"고속절단기, 볼트컷터, 절단석, 타일컷터, 볼렌치세트, 전동타카, 타카, 볼렌치, 납볼망치, 건타카, 케이블컷터, 에어타카, 손타카, 직소기, 콘크리트용드릴비트",볼트컷터,,,18'',False,,
granite4.1:8b,볼트캇터(18인치),success,볼트컷터,"볼트컷터, 볼렌치세트, 볼렌치, 납볼망치, 커터, 커터칼, 케이블컷터, 타일컷터, PVC컷터, 센터펀치, 전기인두, 클램프미터, 앵글그라인더, 핸드카트, 배터리팩",볼트컷터,,,18인치,False,,
granite4.1:8b,볼트커터,success,볼트컷터,"볼트컷터, 커터, 커터칼, 케이블컷터, 볼렌치세트, 타일컷터, PVC컷터, 볼렌치, 납볼망치, 비트세트, 카운터싱크, 클램프미터, 핸드카트, 배터리팩, 로터리해머드릴",볼트컷터,,,,False,볼트컷터,True
granite4.1:8b,볼트커터 14,success,볼트컷터,"볼트컷터, 커터, 커터칼, 케이블컷터, 볼렌치세트, PVC컷터, 타일컷터, 볼렌치, 납볼망치, 카운터싱크, 비트세트, 배터리팩, 클램프미터, 드릴비트세트, 로터리해머드릴",볼트컷터,,,,False,,
granite4.1:8b,볼트커터 18인치,success,볼트컷터,"볼트컷터, 커터, 커터칼, 볼렌치세트, 볼렌치, 납볼망치, 케이블컷터, 타일컷터, PVC컷터, 센터펀치, 클램프미터, 앵글그라인더, 전기인두, 비트세트, 카운터싱크",볼트컷터,,,18인치,False,,
granite4.1:8b,볼트커터(12인치),success,볼트컷터,"볼트컷터, 커터, 커터칼, 볼렌치세트, 볼렌치, 케이블컷터, 납볼망치, PVC컷터, 타일컷터, 센터펀치, 전기인두, 앵글그라인더, 클램프미터, 핸드카트, 비트세트",볼트컷터,,,12인치,False,,
granite4.1:8b,볼트컷터,success,볼트컷터,"볼트컷터, 케이블컷터, 타일컷터, PVC컷터, 커터, 커터칼, 볼렌치세트, 앤드컷팅니퍼, 볼렌치, 납볼망치, 비트세트, 카운터싱크, 클램프미터, 콘크리트드릴비트세트, 워터펌프플라이어",볼트컷터,,,,False,볼트컷터,True
granite4.1:8b,볼트컷터 연질용,success,볼트컷터,"볼트컷터, 타일컷터, 케이블컷터, PVC컷터, 커터, 연마석, 커터칼, 콘크리트용드릴비트, 목공용드릴비트, 앤드컷팅니퍼, 철공용드릴비트세트, 볼렌치세트, 철공용드릴비트, 피스제거용비트, 양용드라이버",볼트컷터,,,,False,,
granite4.1:8b,볼트컷트,success,볼트컷터,"볼트컷터, 케이블컷터, 볼렌치세트, 타일컷터, 비트세트, PVC컷터, 볼렌치, 드릴비트세트, 드릴비트, 콘크리트드릴비트세트, 핸드카트, 앤드컷팅니퍼, 콘크리트용드릴비트, 납볼망치, 끌세트",볼트컷터,,,,False,,
granite4.1:8b,볼트클리퍼,success,볼트컷터,"볼트컷터, 와이어스트리퍼, 버니어캘리퍼스, 콘크리트니퍼, F클램프, 볼렌치, 볼렌치세트, 클램프미터, 스크레퍼, 니퍼, 강력니퍼, 앤드컷팅니퍼, 콘크리트드릴비트세트, 납볼망치, 배터리팩",버니어캘리퍼스,,,,False,,
granite4.1:8b,부루마블,success,연마석,"연마석, 글루건, 빠루망치, 글루스틱, 방진마스크, 점프케이블, 테이블톱, 케이블컷터, 커터칼, 해머드릴, 버니어캘리퍼스, 충전해머드릴, 바이스그립플라이어, 에어펌프, F클램프",버니어캘리퍼스,,,,False,,
granite4.1:8b,부탄가스 히타,success,가스토치,"가스토치, 건타카, 에어타카, 타카, 전동타카, 손타카, 타카핀, 타일컷터, 피스제거용비트, 전지가위, 철판가위, 고지가위, 멀티테스터, 다목적가위, 글루스틱",가스토치,,가스,,False,,
granite4.1:8b,부탄가스 히터,success,가스토치,"가스토치, 멀티테스터, 볼트컷터, 커터, 커터칼, 타일컷터, PVC컷터, 케이블컷터, 피스제거용비트, 배터리팩, 다목적가위, 철판가위, 바이스그립플라이어, 카운터싱크, 전지가위",가스토치,,가스,,False,,
granite4.1:8b,부탄가스토치,success,가스토치,"가스토치, 토크렌치, 볼렌치, 볼렌치세트, 핀펀치, 망치, 글루스틱, 돌망치, 펜치, 고지가위, 그립망치, 별렌치세트, 렌치, 전지가위, 바이스그립플라이어",가스토치,,가스,,False,,
granite4.1:8b,부탄가스히타,success,가스토치,"가스토치, 건타카, 타카, 에어타카, 손타카, 전동타카, 타카핀, 타일컷터, 피스제거용비트, 고지가위, 철판가위, 전지가위, 글루스틱, 바이스그립플라이어, 다목적가위",가스토치,,가스,,False,,
granite4.1:8b,부탄가스히터,success,가스토치,"가스토치, 멀티테스터, 볼트컷터, 커터, 타일컷터, 커터칼, PVC컷터, 케이블컷터, 피스제거용비트, 바이스그립플라이어, 배터리팩, 철판가위, 다목적가위, 카운터싱크, 로터리해머드릴",가스토치,,가스,,False,,
granite4.1:8b,부탄가스히트,success,가스토치,"가스토치, 피스제거용비트, 비트세트, 다이스세트, 바이스그립플라이어, 철판가위, 글루스틱, 볼트컷터, 고지가위, 다목적가위, 전지가위, 스패너세트, 멀티테스터, 콘크리트드릴비트세트, 세트",가스토치,,가스,,False,,
granite4.1:8b,분사호수,success,사다리,"사다리, 수평기, A형사다리, 레이저수평기, 디지털수평기, 직소기, 직각자, 줄자, 석고대패, 다이스세트, 절단석, 피스제거용비트, 고속절단기, 워터펌프플라이어, 비트세트",디지털수평기,,,,False,,
granite4.1:8b,분사호스,success,사다리,"사다리, A형사다리, 스패너, 다이스세트, 가스토치, 글루스틱, 편구스패너, 멀티테스터, 피스제거용비트, 스크레퍼, 스패너세트, 방진마스크, 바이스그립플라이어, 스냅링플라이어, 스프링배관청소기",스프링배관청소기,,,,False,,
granite4.1:8b,분재가위,success,다목적가위,"다목적가위, 전지가위, 고지가위, 철판가위, 가스토치, 전동압착기, 쇠지렛대, 전동드릴, 검전기, 도끼, 망치, 사다리, 전동타카, 고속절단기, 전동공구세트",다목적가위,,,,False,,
granite4.1:8b,불법촬영감지카메라,success,열화상카메라,"열화상카메라, 핸드카트, 전지가위, 라돈측정기, 쇠지렛대, 타카, 디지털수평기, 전동타카, 고지가위, 에어타카, 레이저거리측정기, 카운터싱크, 타카핀, 임팩트드라이버, 전동드라이버",레이저거리측정기,,,,False,,
granite4.1:8b,불법카메라 감지기기,success,열화상카메라,"열화상카메라, 라돈측정기, 디지털수평기, 레이저거리측정기, 검전기, 고속절단기, 직소기, LED투광기, 수평기, 전동압착기, 열풍기, 레이저수평기, 송풍기, 고압세척기, 전기인두",레이저거리측정기,,,,False,,
granite4.1:8b,"블록 장난감(해달별, 헬로키티 각 1개)",success,로터리해머드릴,"로터리해머드릴, 몽키렌치, 별렌치세트, 안전장갑, 테이블톱, 장도리, 멀티테스터, 직각자, 안전로프, 해머드릴, 점프케이블, 육각렌치, 케이블컷터, 충전해머드릴, 육각렌치세트",로터리해머드릴,,,,True,,
granite4.1:8b,블루그라나이트(6MM),success,앵글그라인더,"앵글그라인더, 바이스그립플라이어, 글루건, 테이블톱, 케이블컷터, 글루스틱, 점프케이블, 다이아고날플라이어, 플라이어세트, 플라이어, 그립망치, 빠루망치, 롱노즈플라이어, 드라이버세트, 충전임팩트드라이버",앵글그라인더,,,,False,,
granite4.1:8b,블루투스 마이크,success,방진마스크,"방진마스크, 글루스틱, 테이블톱, 케이블컷터, 스크레퍼, 점프케이블, 글루건, LED투광기, 연마석, 빠루망치, 카운터싱크, 바이스그립플라이어, 다이스세트, 토크렌치, 스냅링플라이어",방진마스크,,,,True,,
granite4.1:8b,블루투스 스피커,success,글루스틱,"글루스틱, 피스제거용비트, 커터, 스패너, 스크레퍼, 편구스패너, 커터칼, 멀티테스터, 글루건, 스패너세트, 테이블톱, LED투광기, 케이블컷터, 스프링배관청소기, 스냅링플라이어",글루스틱,,,,True,,
granite4.1:8b,블루투스마이크,success,방진마스크,"방진마스크, 글루스틱, 테이블톱, 케이블컷터, 점프케이블, 스크레퍼, 글루건, 바이스그립플라이어, 연마석, LED투광기, 빠루망치, 다이스세트, 카운터싱크, 스냅링플라이어, 토크렌치",방진마스크,,,,False,,
granite4.1:8b,블루투스스피커,success,글루스틱,"글루스틱, 피스제거용비트, 커터, 스패너, 스크레퍼, 편구스패너, 커터칼, 멀티테스터, 테이블톱, LED투광기, 글루건, 케이블컷터, 스패너세트, 다이스세트, 버니어캘리퍼스",LED투광기,,,,False,,
granite4.1:8b,비트,success,비트세트,"비트세트, 드릴비트, 피스제거용비트, 드릴비트세트, SDS드릴비트, 목공용드릴비트, 철공용드릴비트, 철공용드릴비트세트, 콘크리트드릴비트세트, 콘크리트용드릴비트, 세트, 볼트컷터, 핸드카트, 임팩트드라이버, 탭세트",비트세트,,,,False,,
granite4.1:8b,비트 20개,success,비트세트,"비트세트, 드릴비트, 드릴비트세트, 피스제거용비트, 목공용드릴비트, SDS드릴비트, 철공용드릴비트세트, 철공용드릴비트, 콘크리트드릴비트세트, 콘크리트용드릴비트, 세트, 볼트컷터, 핸드카트, 탭세트, 공구세트",드릴비트세트,,,,False,,
granite4.1:8b,비트 6개,success,비트세트,"비트세트, 드릴비트, 드릴비트세트, 피스제거용비트, 목공용드릴비트, SDS드릴비트, 철공용드릴비트, 철공용드릴비트세트, 콘크리트드릴비트세트, 콘크리트용드릴비트, 세트, 볼트컷터, 핸드카트, 탭세트, 다이스세트",드릴비트세트,,,,False,,
granite4.1:8b,비트 SDS PLUS 세트,success,SDS드릴비트,"SDS드릴비트, 비트세트, 드릴비트세트, 철공용드릴비트세트, 콘크리트드릴비트세트, 세트, 피스제거용비트, 드릴비트, 다이스세트, 공구세트, 스패너세트, 드라이버세트, 플라이어세트, 전동공구세트, 콘크리트용드릴비트",비트세트,,,,False,,
granite4.1:8b,비트 SDS PLUS세트,success,SDS드릴비트,"SDS드릴비트, 비트세트, 드릴비트세트, 철공용드릴비트세트, 콘크리트드릴비트세트, 세트, 피스제거용비트, 드릴비트, 다이스세트, 공구세트, 스패너세트, 전동공구세트, 드라이버세트, 플라이어세트, 철공용드릴비트",SDS드릴비트,,,,True,,
granite4.1:8b,비트 세트,success,비트세트,"비트세트, 드릴비트세트, 세트, 콘크리트드릴비트세트, 철공용드릴비트세트, 드릴비트, 탭세트, 공구세트, 피스제거용비트, 끌세트, 다이스세트, T렌치세트, 플라이어세트, 스패너세트, 볼렌치세트",비트세트,,,,False,,
granite4.1:8b,비트(20pcs)+연결소켓,success,소켓렌치세트,"소켓렌치세트, 비트세트, 피스제거용비트, 드릴비트세트, 드릴비트, 콘크리트드릴비트세트, 철공용드릴비트세트, SDS드릴비트, 목공용드릴비트, 철공용드릴비트, 콘크리트용드릴비트, 직소기, 연마석, 세트, 스프링배관청소기",비트세트,,,,False,,
granite4.1:8b,비트세트,success,비트세트,"비트세트, 드릴비트세트, 철공용드릴비트세트, 콘크리트드릴비트세트, 세트, 드릴비트, 탭세트, 끌세트, 다이스세트, 피스제거용비트, 공구세트, T렌치세트, 드라이버세트, 플라이어세트, SDS드릴비트",비트세트,,,,False,비트세트,True
granite4.1:8b,비트세트,success,비트세트,"비트세트, 드릴비트세트, 철공용드릴비트세트, 콘크리트드릴비트세트, 세트, 드릴비트, 탭세트, 끌세트, 다이스세트, 피스제거용비트, 공구세트, T렌치세트, 드라이버세트, 플라이어세트, SDS드릴비트",비트세트,,,,False,비트세트,True
granite4.1:8b,비트세트(기리세트),success,비트세트,"비트세트, 드릴비트세트, 세트, 콘크리트드릴비트세트, 철공용드릴비트세트, 탭세트, 끌세트, 공구세트, 기어렌치세트, 다이스세트, 플라이어세트, T렌치세트, 드라이버세트, 전동공구세트, 공구함세트",비트세트,,,,False,,
granite4.1:8b,비트셋,success,비트세트,"비트세트, 드릴비트, 드릴비트세트, 피스제거용비트, 옵셋렌치, 콘크리트드릴비트세트, SDS드릴비트, 철공용드릴비트세트, 철공용드릴비트, 목공용드릴비트, 콘크리트용드릴비트, 세트, 탭세트, 볼트컷터, 다이스세트",비트세트,,,,False,,
granite4.1:8b,비트셋트 1개,success,비트세트,"비트세트, 드릴비트세트, 드릴비트, 콘크리트드릴비트세트, 철공용드릴비트세트, 피스제거용비트, SDS드릴비트, 콘크리트용드릴비트, 목공용드릴비트, 철공용드릴비트, 옵셋렌치, 세트, 볼트컷터, 탭세트, 다이스세트",비트세트,,,,False,,
granite4.1:8b,비트홀더,success,비트세트,"비트세트, 드릴비트, 드릴비트세트, 피스제거용비트, 샌더, SDS드릴비트, 목공용드릴비트, 철공용드릴비트, 철공용드릴비트세트, 콘크리트드릴비트세트, 콘크리트용드릴비트, 앵글그라인더, 볼트컷터, 핸드카트, 세트",드릴비트세트,,,,False,,
granite4.1:8b,빔 프로젝트,success,왕복톱(레시프로쏘),"왕복톱(레시프로쏘), 안전로프, F클램프, 에어펌프, 비트세트, 자전거펌프, 점프케이블, 클램프미터, 파이프렌치, 로터리해머드릴, 탭세트, 에어컴프레서, 세트, 콘크리트드릴비트세트, 드릴비트세트",왕복톱(레시프로쏘),,,,False,,
granite4.1:8b,빔스크린,success,스크레퍼,"스크레퍼, 방진마스크, 카운터싱크, 토크렌치, 글루스틱, 바이스그립플라이어, 콘크리트니퍼, 스패너, 버니어캘리퍼스, 콘크리트드릴비트세트, 스냅링플라이어, 콘크리트용드릴비트, 멀티테스터, 스패너세트, 다이스세트",스크레퍼,,,,False,,
granite4.1:8b,빔스크린80인치,success,스크레퍼,"스크레퍼, 방진마스크, 토크렌치, 전기인두, 카운터싱크, 앵글그라인더, 가스토치, 버니어캘리퍼스, 옵셋렌치, 바이스그립플라이어, 만능렌치, 콘크리트니퍼, 스패너, 글루스틱, 육각렌치",스크레퍼,,,,False,,
granite4.1:8b,빔프로젝터,success,왕복톱(레시프로쏘),"왕복톱(레시프로쏘), 안전로프, 클램프미터, 로터리해머드릴, 워터펌프플라이어, 커터, 에어컴프레서, 케이블컷터, 볼트컷터, 에어펌프, 배터리팩, F클램프, PVC컷터, 타일컷터, 점프케이블",왕복톱(레시프로쏘),,,,False,,
granite4.1:8b,빔프로젝트,success,왕복톱(레시프로쏘),"왕복톱(레시프로쏘), 안전로프, 비트세트, F클램프, 파이프렌치, 클램프미터, 에어펌프, 에어컴프레서, 점프케이블, 로터리해머드릴, 자전거펌프, 탭세트, 임팩트드라이버, 콘크리트드릴비트세트, 임팩트드릴",왕복톱(레시프로쏘),,,,True,,
granite4.1:8b,빔프로젝트 스크린,success,스크레퍼,"스크레퍼, 방진마스크, 왕복톱(레시프로쏘), 안전로프, 콘크리트드릴비트세트, 콘크리트용드릴비트, 콘크리트니퍼, 스프링배관청소기, 클램프미터, 카운터싱크, F클램프, 비트세트, 토크렌치, 스패너세트, 와이어스트리퍼",스크레퍼,,,,False,,
granite4.1:8b,빠루,success,빠루망치,"빠루망치, 글루건, 글루스틱, 플라이어, 타카, 파이프렌치, 접톱, 대패, 타카핀, 핀펀치, 센터펀치, F클램프, 톱, 배터리팩, 쇠톱",빠루망치,,,,False,쇠지렛대,False
granite4.1:8b,빠루 망치,success,빠루망치,"빠루망치, 망치, 그립망치, 고무망치, 돌망치, 납볼망치, 핀펀치, 펜치, 플라이어렌치, 파이프렌치, 렌치, 센터펀치, 글루건, 몽키렌치, 만능렌치",빠루망치,,,,False,,
granite4.1:8b,빠루(600mm),success,빠루망치,"빠루망치, 글루건, 글루스틱, 접톱, 플라이어, F클램프, 직각자, 자전거펌프, 직소기, 쇠톱, 다림추, 플라이어렌치, LED투광기, 테이블톱, 레이저거리측정기",쇠톱,,,600mm,False,,
granite4.1:8b,빠루(600mm),success,빠루망치,"빠루망치, 글루건, 글루스틱, 접톱, 플라이어, F클램프, 직각자, 자전거펌프, 직소기, 쇠톱, 다림추, 플라이어렌치, LED투광기, 테이블톱, 레이저거리측정기",쇠톱,,,600mm,False,,
granite4.1:8b,빠루(90cm),success,빠루망치,"빠루망치, 글루건, 글루스틱, 플라이어, 접톱, 파이프렌치, 플라이어렌치, 테이블톱, 센터펀치, F클램프, 대패, 사다리, 공구함, 철판가위, 왕복톱(레시프로쏘)",왕복톱(레시프로쏘),,,길이 90cm,False,,
granite4.1:8b,빠루(쇠지렛대),success,쇠지렛대,"쇠지렛대, 빠루망치, 쇠톱, 대패, 석고대패, 글루건, 글루스틱, 망치, 사다리, 전지가위, 그립망치, 고지가위, 접톱, 철판가위, 디지털수평기",쇠지렛대,,,,False,,
granite4.1:8b,빠루(스마토),success,빠루망치,"빠루망치, 가스토치, 글루스틱, 방진마스크, 글루건, 연마석, 스패너, 토크렌치, 스냅링플라이어, 스크레퍼, 스패너세트, 편구스패너, 스프링배관청소기, 멀티테스터, 접톱",빠루망치,SMATO,,,False,,
granite4.1:8b,빠루망치,success,빠루망치,"빠루망치, 망치, 돌망치, 고무망치, 그립망치, 납볼망치, 글루건, 파이프렌치, 펜치, 핀펀치, 글루스틱, 몽키렌치, 플라이어렌치, 렌치, 센터펀치",빠루망치,,,,False,빠루망치,True
granite4.1:8b,빠루망치,success,빠루망치,"빠루망치, 망치, 돌망치, 고무망치, 그립망치, 납볼망치, 글루건, 파이프렌치, 펜치, 핀펀치, 글루스틱, 몽키렌치, 플라이어렌치, 렌치, 센터펀치",빠루망치,,,,False,빠루망치,True
granite4.1:8b,빠루망치 (중),success,빠루망치,"빠루망치, 망치, 돌망치, 납볼망치, 고무망치, 그립망치, 글루건, 펜치, 파이프렌치, 핀펀치, 렌치, 센터펀치, 플라이어렌치, 몽키렌치, 글루스틱",빠루망치,,,,False,,
granite4.1:8b,빠루망치 1개,success,빠루망치,"빠루망치, 망치, 돌망치, 그립망치, 납볼망치, 고무망치, 글루건, 핀펀치, 파이프렌치, 플라이어렌치, 펜치, 렌치, 몽키렌치, 글루스틱, 소켓렌치세트",빠루망치,,,,False,,
granite4.1:8b,빠루망치 2개,success,빠루망치,"빠루망치, 망치, 돌망치, 그립망치, 고무망치, 납볼망치, 글루건, 핀펀치, 파이프렌치, 플라이어렌치, 펜치, 렌치, 글루스틱, 몽키렌치, 별렌치세트",빠루망치,,,,False,,
granite4.1:8b,빠루망치(1),success,빠루망치,"빠루망치, 망치, 돌망치, 고무망치, 납볼망치, 그립망치, 글루건, 펜치, 핀펀치, 파이프렌치, 몽키렌치, 렌치, 플라이어렌치, 글루스틱, 센터펀치",빠루망치,,,,False,,
granite4.1:8b,빠루망치(450MM),success,빠루망치,"빠루망치, 망치, 돌망치, 고무망치, 납볼망치, 그립망치, 플라이어렌치, 파이프렌치, 렌치, 육각렌치, 핀펀치, 펜치, 옵셋렌치, 글루건, 만능렌치",빠루망치,,,450MM,False,,
granite4.1:8b,빠루망치(대),success,빠루망치,"빠루망치, 망치, 돌망치, 납볼망치, 고무망치, 그립망치, 대패, 글루건, 쇠지렛대, 파이프렌치, 펜치, 렌치, 핀펀치, 몽키렌치, 플라이어렌치",빠루망치,,,,False,,
granite4.1:8b,빠루망치(중),success,빠루망치,"빠루망치, 망치, 돌망치, 납볼망치, 고무망치, 그립망치, 글루건, 파이프렌치, 펜치, 핀펀치, 렌치, 플라이어렌치, 센터펀치, 글루스틱, 몽키렌치",빠루망치,,,,False,,
granite4.1:8b,빠루망치(중) 1개,success,빠루망치,"빠루망치, 망치, 돌망치, 납볼망치, 고무망치, 그립망치, 글루건, 파이프렌치, 펜치, 플라이어렌치, 렌치, 핀펀치, 글루스틱, 별렌치세트, 센터펀치",빠루망치,,,,False,,
granite4.1:8b,빠루망치/냉가망치,success,빠루망치,"빠루망치, 망치, 돌망치, 그립망치, 고무망치, 납볼망치, 냉동라쳇렌치, 파이프렌치, 가스토치, 핀펀치, 렌치, 펜치, 플라이어렌치, 몽키렌치, 센터펀치",빠루망치,,,,False,,
granite4.1:8b,빨강 사각바구니 2,success,강력니퍼,"강력니퍼, 직각자, 육각렌치, 사다리, 공구함, 육각렌치세트, 편구스패너, 공구세트, A형사다리, 니퍼, 공구함세트, 바이스그립플라이어, 전동공구세트, 앤드컷팅니퍼, 콘크리트니퍼",공구함,,,,False,,
granite4.1:8b,뺀지 크레인,success,스크레퍼,"스크레퍼, 앵글그라인더, 토크렌치, 전지가위, 쇠지렛대, 전기인두, 고지가위, 카운터싱크, 레이저수평기, 디지털수평기, 에어컴프레서, 콘크리트니퍼, 콘크리트드릴비트세트, 레이저거리측정기, 콘크리트용드릴비트",스크레퍼,,,,False,,
granite4.1:8b,뺀찌,success,핀펀치,"핀펀치, 커터, 케이블컷터, 먹통, 렌치, 드릴비트, 글루스틱, T렌치세트, 드라이버, 줄자, 피스제거용비트, 카운터싱크, 볼렌치세트, 접톱, 펜치",펜치,,,,False,펜치,True
granite4.1:8b,뺀찌(2508P),success,PVC컷터,"PVC컷터, 핀펀치, 테이블톱, 볼렌치세트, 케이블컷터, 클램프미터, 렌치, 커터, T렌치세트, 별렌치세트, 전동압착기, 그립망치, 볼렌치, 앤드컷팅니퍼, 드릴비트세트",볼렌치,,,,False,,
granite4.1:8b,뺀찌9',success,핀펀치,"핀펀치, 드라이버, 렌치, 임팩트드라이버, 케이블컷터, 피스제거용비트, 드릴비트, 만능렌치, 볼렌치세트, 카운터싱크, 커터, 그립망치, T렌치세트, 글루스틱, 육각렌치",핀펀치,,,,False,,
granite4.1:8b,뺀치,success,망치,"망치, 펜치, 렌치, 핀펀치, 볼렌치, 돌망치, 센터펀치, 그립망치, 납볼망치, 옵셋렌치, 고무망치, 만능렌치, 빠루망치, 몽키렌치, 가스토치",망치,,,,False,펜치,False
granite4.1:8b,뺀치 8인치,success,망치,"망치, 펜치, 렌치, 핀펀치, 전기인두, 볼렌치, 돌망치, 납볼망치, 센터펀치, 옵셋렌치, 그립망치, 만능렌치, 육각렌치, 앵글그라인더, 토크렌치",망치,,,8인치,False,,
granite4.1:8b,사각 캐리어,success,사다리,"사다리, 직각자, A형사다리, 육각렌치, 버니어캘리퍼스, 육각렌치세트, 배터리팩, 와이어스트리퍼, 실리콘건, 콘크리트니퍼, 플라이어, 에어건, 플라이어세트, 로터리해머드릴, 장도리",사다리,,,,False,,
granite4.1:8b,사각드라이버,success,드라이버,"드라이버, 전동드라이버, 양용드라이버, 임팩트드라이버, 드라이버세트, T핸드드라이버, 정밀드라이버세트, 충전임팩트드라이버, 직각자, 플라이어, 육각렌치, 스냅링플라이어, 다이아고날플라이어, 롱노즈플라이어, 사다리",드라이버,,,,False,,
granite4.1:8b,사각샌더,success,샌더,"샌더, 육각렌치, 직각자, 육각렌치세트, 앵글그라인더, 사다리, A형사다리, 편구스패너, 스패너세트, 스패너, 카운터싱크, 스크레퍼, 절단석, 소켓렌치세트, 스냅링플라이어",샌더,,,,False,,
granite4.1:8b,사각캐리어,success,사다리,"사다리, 직각자, A형사다리, 육각렌치, 버니어캘리퍼스, 육각렌치세트, 와이어스트리퍼, 배터리팩, 실리콘건, 콘크리트니퍼, 플라이어, 에어건, 스냅링플라이어, 플라이어세트, 장도리",사다리,,,,False,,
granite4.1:8b,사다리,success,사다리,"사다리, A형사다리, 다목적가위, 다림추, 배터리팩, 다이스세트, 와이어스트리퍼, 장도리, 콘크리트니퍼, 로터리해머드릴, 쇠톱, 실리콘건, 도끼, 줄자, 버니어캘리퍼스",사다리,,,,False,사다리,True
granite4.1:8b,사다리,success,사다리,"사다리, A형사다리, 다목적가위, 다림추, 배터리팩, 다이스세트, 와이어스트리퍼, 장도리, 콘크리트니퍼, 로터리해머드릴, 쇠톱, 실리콘건, 도끼, 줄자, 버니어캘리퍼스",사다리,,,,False,사다리,True
granite4.1:8b,사다리 1개,success,사다리,"사다리, A형사다리, 다목적가위, 배터리팩, 다림추, 와이어스트리퍼, 다이스세트, 실리콘건, 콘크리트니퍼, 로터리해머드릴, 쇠톱, 다이아고날플라이어, 버니어캘리퍼스, 콘크리트드릴비트세트, 테이블톱",사다리,,,,False,,
granite4.1:8b,사다리 2개,success,사다리,"사다리, A형사다리, 다목적가위, 배터리팩, 다림추, 와이어스트리퍼, 다이스세트, 콘크리트니퍼, 실리콘건, 로터리해머드릴, 쇠톱, 줄자, 장도리, 도끼, 목공줄",사다리,,,,False,,
granite4.1:8b,사다리 A형 4단,success,A형사다리,"A형사다리, 사다리, 원형톱, 고속절단기, 절단석, 다목적가위, 배터리팩, 다림추, 와이어스트리퍼, 다이아고날플라이어, F클램프, 실리콘건, 레이저거리측정기, 다이스세트, 플라이어렌치",A형사다리,,,,False,,
granite4.1:8b,사다리 LS 5단,success,사다리,"사다리, A형사다리, SDS드릴비트, 절단석, 고속절단기, LED투광기, 다목적가위, LED손전등, LED작업등, 다이스세트, 레이저거리측정기, 다림추, 로터리해머드릴, 실리콘건, 레이저수평기",사다리,LS,,,False,,
granite4.1:8b,사다리 Ls 7단,success,사다리,"사다리, A형사다리, 절단석, 고속절단기, LED투광기, 다목적가위, LED손전등, 다이스세트, LED작업등, 다림추, 레이저거리측정기, 로터리해머드릴, 실리콘건, 배터리팩, 레이저수평기",사다리,,,,False,,
granite4.1:8b,사다리 광폭4단,success,사다리,"사다리, A형사다리, 절단석, 고속절단기, LED투광기, 다목적가위, 배터리팩, 레이저거리측정기, 와이어스트리퍼, 다림추, 실리콘건, 굽은노즈플라이어, 다이스세트, 점프케이블, 로터리해머드릴",사다리,,,,False,,
granite4.1:8b,사다리(24단),success,사다리,"사다리, A형사다리, 고속절단기, 절단석, 다목적가위, 다림추, 배터리팩, 콘크리트니퍼, 실리콘건, 와이어스트리퍼, 다이스세트, 다이아고날플라이어, 목공줄, 로터리해머드릴, 점프케이블",사다리,,,,False,,
granite4.1:8b,사다리(2단),success,사다리,"사다리, A형사다리, 절단석, 고속절단기, 다목적가위, 다림추, 배터리팩, 목공줄, 실리콘건, 다이아고날플라이어, 다이스세트, 와이어스트리퍼, 점프케이블, 로터리해머드릴, 콘크리트니퍼",사다리,,,,False,,
granite4.1:8b,사다리(3단),success,사다리,"사다리, A형사다리, 절단석, 고속절단기, 다목적가위, 다림추, 배터리팩, 실리콘건, 다이스세트, 목공줄, 콘크리트니퍼, 와이어스트리퍼, 점프케이블, 로터리해머드릴, 레이저거리측정기",사다리,,,,False,,
granite4.1:8b,사다리(3단/5단),success,사다리,"사다리, A형사다리, 절단석, 고속절단기, 다목적가위, 다림추, 배터리팩, 다이스세트, 와이어스트리퍼, 실리콘건, 콘크리트니퍼, 목공줄, 로터리해머드릴, 점프케이블, 쇠지렛대",사다리,,,,False,,
granite4.1:8b,사다리(4*5단),success,사다리,"사다리, A형사다리, 고속절단기, 절단석, 다목적가위, 다림추, 배터리팩, 실리콘건, 다이스세트, 와이어스트리퍼, 로터리해머드릴, 목공줄, 점프케이블, 콘크리트니퍼, 다이아고날플라이어",사다리,,,,False,,
granite4.1:8b,"사다리(4,5단)",success,사다리,"사다리, A형사다리, 절단석, 고속절단기, 다목적가위, 다림추, 배터리팩, 다이스세트, 와이어스트리퍼, 목공줄, 실리콘건, 다이아고날플라이어, 콘크리트니퍼, 로터리해머드릴, 점프케이블",사다리,,,,False,,
granite4.1:8b,사다리(4단),success,사다리,"사다리, A형사다리, 절단석, 고속절단기, 다목적가위, 다림추, 배터리팩, 실리콘건, 다이스세트, 와이어스트리퍼, 점프케이블, 목공줄, 다이아고날플라이어, 로터리해머드릴, 콘크리트니퍼",사다리,,,,False,,
granite4.1:8b,사다리(5단),success,사다리,"사다리, A형사다리, 절단석, 고속절단기, 다목적가위, 다림추, 배터리팩, 다이스세트, 쇠톱, 목공줄, 실리콘건, 로터리해머드릴, 다이아고날플라이어, 쇠지렛대, 와이어스트리퍼",사다리,,,,False,,
granite4.1:8b,사다리(6단),success,사다리,"사다리, A형사다리, 절단석, 고속절단기, 다목적가위, 다림추, 배터리팩, 다이스세트, 목공줄, 실리콘건, 다이아고날플라이어, 로터리해머드릴, 쇠톱, 쇠지렛대, 와이어스트리퍼",사다리,,,,False,,
granite4.1:8b,사다리(A형 4단),success,A형사다리,"A형사다리, 사다리, 고속절단기, 원형톱, 절단석, 다목적가위, 다림추, 배터리팩, 와이어스트리퍼, 다이아고날플라이어, F클램프, 레이저거리측정기, 실리콘건, 목공줄, 플라이어렌치",A형사다리,,,,False,,
granite4.1:8b,사다리(小),success,사다리,"사다리, A형사다리, 다목적가위, 다림추, 배터리팩, 와이어스트리퍼, 콘크리트니퍼, 다이스세트, 버니어캘리퍼스, 쇠톱, 로터리해머드릴, 다이아고날플라이어, 굽은노즈플라이어, 장도리, 레이저거리측정기",사다리,,,,False,,
granite4.1:8b,사다리(광폭2단),success,사다리,"사다리, A형사다리, 절단석, 고속절단기, LED투광기, 다목적가위, 다림추, 배터리팩, 레이저거리측정기, 와이어스트리퍼, 다이아고날플라이어, 실리콘건, 목공줄, 콘크리트니퍼, 다이스세트",사다리,,,,False,,
granite4.1:8b,사다리(광폭4단),success,사다리,"사다리, A형사다리, 절단석, 고속절단기, LED투광기, 다목적가위, 배터리팩, 레이저거리측정기, 다림추, 와이어스트리퍼, 실리콘건, 다이아고날플라이어, 콘크리트니퍼, 다이스세트, 목공줄",사다리,,,광폭4단,False,,
granite4.1:8b,사다리(길이조절),success,사다리,"사다리, A형사다리, 절단석, 고속절단기, 와이어스트리퍼, 조합렌치세트, 다림추, 레이저거리측정기, 다이아고날플라이어, 다이스세트, 다목적가위, 목공줄, 점프케이블, 굽은노즈플라이어, 케이블컷터",사다리,,,길이 조절 기능 포함,False,,
granite4.1:8b,"사다리(다기능, LS형) LS-5",success,사다리,"사다리, A형사다리, SDS드릴비트, 다목적가위, LED투광기, LED작업등, LED손전등, 다림추, 다이스세트, 만능렌치, 원형톱, 다이아고날플라이어, 레이저거리측정기, 레이저수평기, 송풍기",사다리,LS,,"다기능, LS형, LS-5",False,,
granite4.1:8b,사다리(접이식),success,사다리,"사다리, A형사다리, 접톱, 목공용접톱, 다이아고날플라이어, 와이어스트리퍼, 다이스세트, 다목적가위, 다림추, 플라이어, 플라이어렌치, 굽은노즈플라이어, 레이저거리측정기, 바이스그립플라이어, 플라이어세트",사다리,,,,False,,
granite4.1:8b,사다리-3단,success,사다리,"사다리, A형사다리, 절단석, 고속절단기, 다목적가위, 다림추, 배터리팩, 실리콘건, 와이어스트리퍼, 다이스세트, 점프케이블, 도끼, 콘크리트니퍼, 다이아고날플라이어, 로터리해머드릴",사다리,,,,False,,
granite4.1:8b,사다리3단,success,사다리,"사다리, A형사다리, 절단석, 고속절단기, 다목적가위, 다림추, 실리콘건, 배터리팩, 다이스세트, 와이어스트리퍼, 다이아고날플라이어, 로터리해머드릴, 점프케이블, 레이저거리측정기, 콘크리트니퍼",사다리,,,,False,,
granite4.1:8b,사다리4단,success,사다리,"사다리, A형사다리, 절단석, 고속절단기, 다목적가위, 실리콘건, 다림추, 배터리팩, 와이어스트리퍼, 다이스세트, 점프케이블, 다이아고날플라이어, 타일컷터, 로터리해머드릴, 레이저거리측정기",사다리,,,,False,,
granite4.1:8b,사다리5단,success,사다리,"사다리, A형사다리, 절단석, 고속절단기, 다목적가위, 다림추, 배터리팩, 다이스세트, 실리콘건, 다이아고날플라이어, 로터리해머드릴, 와이어스트리퍼, 점프케이블, 목공줄, 쇠톱",사다리,,,,False,,
granite4.1:8b,사다리A형,success,A형사다리,"A형사다리, 사다리, 원형톱, 다목적가위, 배터리팩, 다림추, 다이아고날플라이어, 와이어스트리퍼, 레이저거리측정기, 줄자, 로터리해머드릴, 다이스세트, 콘크리트니퍼, 콘크리트용드릴비트, 쇠지렛대",A형사다리,,,,False,,
granite4.1:8b,사다리A형 4단,success,A형사다리,"A형사다리, 사다리, 원형톱, 고속절단기, 절단석, 다목적가위, 배터리팩, 다림추, 와이어스트리퍼, 다이아고날플라이어, F클램프, 실리콘건, 플라이어렌치, 레이저거리측정기, 전동타카",A형사다리,,,,False,,
granite4.1:8b,사다리류,success,사다리,"사다리, A형사다리, 다목적가위, 다림추, 배터리팩, 와이어스트리퍼, 버니어캘리퍼스, 쇠톱, 콘크리트니퍼, 장도리, 쇠지렛대, 다이스세트, 줄자, 다이아고날플라이어, 로터리해머드릴",사다리,,,,False,,
granite4.1:8b,사이드커팅니퍼,success,앤드컷팅니퍼,"앤드컷팅니퍼, 니퍼, 강력니퍼, 콘크리트니퍼, 전자산업용니퍼, 커터, 버니어캘리퍼스, 커터칼, 와이어스트리퍼, 스크레퍼, 케이블컷터, 사다리, T핸드드라이버, 드라이버, 양용드라이버",앤드컷팅니퍼,,,,False,,
granite4.1:8b,사포그라인더,success,앵글그라인더,"앵글그라인더, 샌더, 바이스그립플라이어, 그립망치, 스냅링플라이어, 전기인두, 사다리, A형사다리, 다이아고날플라이어, F클램프, 전동드라이버, 편구스패너, 워터펌프플라이어, 임팩트드라이버, 플라이어렌치",앵글그라인더,,,,False,,
granite4.1:8b,산업용 청소기,success,전자산업용니퍼,"전자산업용니퍼, 스프링배관청소기, 직소기, 고압세척기, 송풍기, 열풍기, 전동압착기, LED작업등, 고속절단기, 수평기, 소켓렌치세트, 라돈측정기, 검전기, 레이저수평기, 디지털수평기",스프링배관청소기,,,,False,,
granite4.1:8b,삼각각도자,success,직각자,"직각자, 육각렌치, 육각렌치세트, 줄자, 도끼, 장도리, 적외선온도계, 자전거펌프, 원형톱, 테이블톱, 전자산업용니퍼, 전동타카, 타일컷터, 타카, T핸드드라이버",직각자,,,,False,,
granite4.1:8b,삼각대,success,직각자,"직각자, 대패, 육각렌치, 쇠지렛대, 석고대패, 육각렌치세트, 그립망치, 스크레퍼, 절단석, 클램프미터, 스패너세트, 테이블톱, 돌망치, 타카, 스패너",절단석,,,,False,,
granite4.1:8b,삼각대 셀카봉,success,직각자,"직각자, 대패, 육각렌치, 석고대패, 육각렌치세트, 쇠지렛대, 타카, 손타카, 핸드카트, 건타카, 전동타카, 타카핀, 열화상카메라, 에어타카, 카운터싱크",손타카,,,,False,,
granite4.1:8b,삼각대 스크린,success,스크레퍼,"스크레퍼, 방진마스크, 직각자, 육각렌치, 육각렌치세트, 대패, 쇠지렛대, 석고대패, 토크렌치, 카운터싱크, 스패너, 스패너세트, 글루스틱, 편구스패너, 콘크리트니퍼",스크레퍼,,,,False,,
granite4.1:8b,삼각삽,success,모종삽,"모종삽, 직각자, 육각렌치, 육각렌치세트, 전동드릴, 타일컷터, 테이블톱, 원형톱, 스크레퍼, 접톱, 클램프미터, 커터칼, 목공톱, 자전거펌프, F클램프",모종삽,,,,False,,
granite4.1:8b,삼각자,success,직각자,"직각자, 육각렌치, 줄자, 육각렌치세트, 자전거펌프, 전자산업용니퍼, 그립망치, 스크레퍼, 수평기, 타카, 절단석, T핸드드라이버, 직소기, 돌망치, 테이블톱",직각자,,,,False,,
granite4.1:8b,삼각자 1개,success,직각자,"직각자, 줄자, 육각렌치, 육각렌치세트, 자전거펌프, 전자산업용니퍼, 그립망치, 스크레퍼, 세트, 테이블톱, 스패너세트, 원형톱, 수평기, 스냅링플라이어, 탭세트",직각자,,,,False,,
granite4.1:8b,삽,success,모종삽,"모종삽, 사다리, 도끼, 세트, 쇠톱, 임팩트드릴, 전동드릴, 충전드릴, 접톱, 자전거펌프, 공구함, 톱, 에어펌프, 목공톱, 안전장갑",모종삽,,,,False,,
granite4.1:8b,삽3개,success,모종삽,"모종삽, 사다리, 세트, 도끼, 공구세트, 임팩트드릴, 접톱, 공구함, 충전드릴, 목공줄, 목공톱, 점프케이블, 전동드릴, 카운터싱크, 충전해머드릴",모종삽,,,,False,,
granite4.1:8b,삽류,success,모종삽,"모종삽, 탭세트, 사다리, 스냅링플라이어, 줄자, 도끼, 목공톱, 접톱, 납볼망치, 쇠톱, 목공줄, 세트, 전동압착기, 톱, 점프케이블",모종삽,,,,False,,
granite4.1:8b,상어아일랜드,success,타일컷터,"타일컷터, 다이아고날플라이어, 열화상카메라, 에어건, 플라이어, 플라이어세트, 플라이어렌치, 에어펌프, 에어타카, 기어렌치세트, 해머드릴, 스냅링플라이어, 버니어캘리퍼스, 드라이버, 와이어스트리퍼",타일컷터,,,,True,,
granite4.1:8b,샌다,success,샌더,"샌더, 다림추, 사다리, 다이스세트, A형사다리, 다목적가위, 다이아고날플라이어, 스패너, 건타카, 손타카, 렌치, 연마석, 망치, 스패너세트, 편구스패너",샌더,,,,False,,
granite4.1:8b,샌다(페파용),success,샌더,"샌더, 파이프렌치, 사다리, 다림추, 다목적가위, A형사다리, 양용드라이버, 다이스세트, 목공용접톱, 전자산업용니퍼, 피스제거용비트, 다이아고날플라이어, 철공용드릴비트, 목공용드릴비트, 콘크리트용드릴비트",샌더,,,,False,,
granite4.1:8b,샌더,success,샌더,"샌더, 앵글그라인더, 스패너, 스패너세트, 스크레퍼, 편구스패너, 렌치, 망치, 스냅링플라이어, 카운터싱크, 커터, 드라이버, 소켓렌치세트, 니퍼, 볼렌치세트",샌더,,,,False,,
granite4.1:8b,샌더(페파용),success,샌더,"샌더, 파이프렌치, 스패너, 앵글그라인더, 스패너세트, 전자산업용니퍼, 양용드라이버, 편구스패너, 목공용접톱, 피스제거용비트, 스크레퍼, 별렌치세트, 펜치, 철공용드릴비트, 플라이어렌치",샌더,,,,False,,
granite4.1:8b,샌더기,success,샌더,"샌더, 수평기, 앵글그라인더, 직소기, 송풍기, 전동압착기, 열풍기, 검전기, 고압세척기, 고속절단기, 디지털수평기, 스패너세트, 스패너, 라돈측정기, 레이저수평기",샌더,,,,False,샌더,True
granite4.1:8b,샌더기(B05031),success,샌더,"샌더, 직소기, 앵글그라인더, 송풍기, 수평기, 전동압착기, 열풍기, 스프링배관청소기, 디지털수평기, 고압세척기, 레이저수평기, 라돈측정기, 검전기, 고속절단기, 레이저거리측정기",샌더,,,,False,,
granite4.1:8b,샌더기(전동사포기),success,샌더,"샌더, 전동압착기, 전동드릴, 전동타카, 전동드라이버, 전동공구세트, 검전기, 직소기, 송풍기, 수평기, 열풍기, 전기인두, 고속절단기, 라돈측정기, 레이저수평기",샌더,,,,False,,
granite4.1:8b,샌딩기,success,샌더,"샌더, 송풍기, 수평기, 직소기, 열풍기, 전동압착기, 검전기, 고압세척기, 고속절단기, 라돈측정기, 스프링배관청소기, 디지털수평기, 전기인두, 기어렌치세트, 레이저수평기",샌더,,,,False,,
granite4.1:8b,샌딩기3개,success,샌더,"샌더, 송풍기, 수평기, 직소기, 열풍기, 전동압착기, 검전기, 고압세척기, 고속절단기, 스프링배관청소기, 라돈측정기, 기어렌치세트, 디지털수평기, 전기인두, 레이저수평기",샌더,,,,False,,
granite4.1:8b,샌딩패드 1개,success,샌더,"샌더, 대패, 스패너, 스패너세트, 석고대패, 편구스패너, 핸드카트, T핸드드라이버, 충전드릴, 전동드릴, 드라이버, 앤드컷팅니퍼, 드릴비트, 해머드릴, 양용드라이버",샌더,,,,False,,
granite4.1:8b,샌딩페이퍼,success,샌더,"샌더, 스크레퍼, 니퍼, 와이어스트리퍼, 앤드컷팅니퍼, 콘크리트니퍼, 강력니퍼, 스냅링플라이어, 버니어캘리퍼스, 테이블톱, 전자산업용니퍼, 플라이어, 드라이버, 다이아고날플라이어, 바이스그립플라이어",샌더,,,,False,,
granite4.1:8b,생활공구세트,success,공구세트,"공구세트, 전동공구세트, 공구함세트, 공구함, 세트, 철공용드릴비트세트, 비트세트, 플라이어세트, 스패너세트, 탭세트, 드릴비트세트, 끌세트, T렌치세트, 드라이버세트, 볼렌치세트",공구세트,,,,False,,
granite4.1:8b,생활공구세트A,success,공구세트,"공구세트, 전동공구세트, 공구함세트, 공구함, 세트, 철공용드릴비트세트, 플라이어세트, 스패너세트, 비트세트, 탭세트, 드릴비트세트, 끌세트, 다이스세트, 드라이버세트, A형사다리",공구세트,,,,False,,
granite4.1:8b,생활공구세트B,success,공구세트,"공구세트, 전동공구세트, 공구함세트, 공구함, 세트, 철공용드릴비트세트, 비트세트, 탭세트, 스패너세트, 플라이어세트, 끌세트, 드릴비트세트, T렌치세트, 볼렌치세트, 다이스세트",공구세트,,,,False,,
granite4.1:8b,생활용 공구셋트,success,공구세트,"공구세트, 공구함세트, 전동공구세트, 공구함, 철공용드릴비트세트, 철공용드릴비트, 목공용드릴비트, 목공용접톱, 옵셋렌치, 세트, 목공톱, 콘크리트용드릴비트, 목공줄, 편구스패너, 소켓렌치세트",공구세트,,,,False,,
granite4.1:8b,서까래자,success,줄자,"줄자, 직각자, 에어컴프레서, 자전거펌프, 전자산업용니퍼, 토크렌치, 스냅링플라이어, 스크레퍼, 편구스패너, 몽키렌치, 다이아고날플라이어, 플라이어렌치, 쇠지렛대, 빠루망치, 망치",줄자,,,,False,,
granite4.1:8b,석재드릴비트세트,success,드릴비트세트,"드릴비트세트, 철공용드릴비트세트, 콘크리트드릴비트세트, 드릴비트, 비트세트, SDS드릴비트, 철공용드릴비트, 목공용드릴비트, 콘크리트용드릴비트, 세트, 임팩트드릴, 드라이버세트, 공구세트, 정밀드라이버세트, 끌세트",철공용드릴비트세트,,,,False,,
granite4.1:8b,석재용드릴비트,success,철공용드릴비트,"철공용드릴비트, 목공용드릴비트, 드릴비트, 철공용드릴비트세트, 콘크리트용드릴비트, 드릴비트세트, SDS드릴비트, 콘크리트드릴비트세트, 피스제거용비트, 임팩트드릴, 비트세트, 전동드릴, 충전드릴, 양용드라이버, 해머드릴",콘크리트용드릴비트,,,,False,,
granite4.1:8b,세라믹인두,success,전기인두,"전기인두, 앵글그라인더, 드라이버세트, 정밀드라이버세트, 스냅링플라이어, 세트, 플라이어세트, 라쳇렌치세트, 임팩트드라이버, 고압세척기, 드라이버, 드릴비트세트, 충전임팩트드라이버, 스패너세트, 탭세트",전기인두,,,,False,,
granite4.1:8b,세신 가정용 공구 세트,success,공구세트,"공구세트, 공구함세트, 전동공구세트, 공구함, 세트, 철공용드릴비트세트, 스패너세트, 정밀드라이버세트, 소켓렌치세트, 탭세트, 끌세트, 볼렌치세트, 별렌치세트, 기어렌치세트, T렌치세트",공구세트,세신,,,False,공구세트,True
granite4.1:8b,세신 몽키 스패너 10,success,스패너,"스패너, 스패너세트, 편구스패너, 몽키렌치, 대패, 석고대패, 스크레퍼, 세트, 다이스세트, 스프링배관청소기, 소켓렌치세트, 스냅링플라이어, 육각렌치세트, 별렌치세트, 공구세트",스패너,세신버팔로,,10,True,몽키렌치,False
granite4.1:8b,세신 몽키 스패너 12,success,스패너,"스패너, 스패너세트, 편구스패너, 몽키렌치, 대패, 석고대패, 세트, 스크레퍼, 다이스세트, 스냅링플라이어, 소켓렌치세트, 별렌치세트, 스프링배관청소기, 샌더, 공구세트",스패너,세신버팔로,,12,True,몽키렌치,False
granite4.1:8b,세신 몽키 스패너 8,success,스패너,"스패너, 스패너세트, 편구스패너, 몽키렌치, 대패, 석고대패, 스크레퍼, 세트, 다이스세트, 소켓렌치세트, 스냅링플라이어, 스프링배관청소기, 별렌치세트, 볼렌치세트, 샌더",스패너,세신버팔로,,8,True,몽키렌치,False
granite4.1:8b,세신공구세트,success,공구세트,"공구세트, 전동공구세트, 공구함세트, 세트, 공구함, 스패너세트, 철공용드릴비트세트, 소켓렌치세트, 끌세트, 탭세트, 별렌치세트, 볼렌치세트, 플라이어세트, 드라이버세트, 비트세트",공구세트,,,,False,공구세트,True
granite4.1:8b,세신몽키,success,몽키렌치,"몽키렌치, 세트, 스패너세트, 별렌치세트, 소켓렌치세트, 전정톱, 볼렌치세트, 고무망치, 정밀드라이버세트, 손타카, 핀펀치, T렌치세트, 고압세척기, 망치, 다이스세트",몽키렌치,,,,False,몽키렌치,True
granite4.1:8b,세신몽키,success,몽키렌치,"몽키렌치, 세트, 스패너세트, 별렌치세트, 소켓렌치세트, 전정톱, 볼렌치세트, 고무망치, 정밀드라이버세트, 손타카, 핀펀치, T렌치세트, 고압세척기, 망치, 다이스세트",몽키렌치,,,,False,몽키렌치,True
granite4.1:8b,세신파이프렌치,success,파이프렌치,"파이프렌치, 렌치, 별렌치세트, 플라이어렌치, 소켓렌치세트, 볼렌치세트, 옵셋렌치, 만능렌치, 볼렌치, 육각렌치, 라쳇렌치세트, 조합렌치세트, 육각렌치세트, 냉동라쳇렌치, 토크렌치",파이프렌치,,,,False,파이프렌치,True
granite4.1:8b,세신펜치8인치 1개,success,펜치,"펜치, 렌치, 별렌치세트, 소켓렌치세트, 볼렌치세트, 육각렌치세트, 옵셋렌치, 라쳇렌치세트, 망치, 조합렌치세트, 핀펀치, T렌치세트, 만능렌치, 볼렌치, 육각렌치",펜치,,,8인치,False,,
granite4.1:8b,센더,success,샌더,"샌더, 센터펀치, 앵글그라인더, 스패너, 스패너세트, 스크레퍼, 세트, 렌치, 카운터싱크, 소켓렌치세트, T렌치세트, 니퍼, 별렌치세트, 기어렌치세트, 드라이버",샌더,,,,False,,
granite4.1:8b,센더기,success,샌더,"샌더, 센터펀치, 앵글그라인더, 직소기, 송풍기, 열풍기, 수평기, 검전기, 고압세척기, 전기인두, 전동압착기, 고속절단기, 라돈측정기, 기어렌치세트, 디지털수평기",샌더,,,,False,,
granite4.1:8b,소음계,success,적외선온도계,"적외선온도계, 직소기, 소켓렌치세트, 스프링배관청소기, 송풍기, 클램프미터, 라돈측정기, 열풍기, 수평기, 카운터싱크, 세트, 볼트컷터, 레이저수평기, 비트세트, 에어컴프레서",적외선온도계,,,,False,,
granite4.1:8b,소켓,success,소켓렌치세트,"소켓렌치세트, 직소기, 스프링배관청소기, 도끼, 세트, 비트세트, 핸드카트, 안전장갑, 공구세트, 송풍기, 배터리팩, 카운터싱크, 톱, 탭세트, 공구함",소켓렌치세트,,,,False,,
granite4.1:8b,소켓 12개,success,소켓렌치세트,"소켓렌치세트, 직소기, 스프링배관청소기, 세트, 공구세트, 도끼, 비트세트, 안전장갑, 탭세트, 전동공구세트, 점프케이블, 스패너세트, 공구함세트, 송풍기, 카운터싱크",소켓렌치세트,,,,False,,
granite4.1:8b,소켓 렌치,success,소켓렌치세트,"소켓렌치세트, 렌치, 옵셋렌치, 육각렌치, 토크렌치, 만능렌치, 라쳇렌치세트, 몽키렌치, 별렌치세트, 냉동라쳇렌치, 육각렌치세트, 조합렌치세트, 볼렌치, 플라이어렌치, 볼렌치세트",소켓렌치세트,,,,False,,
granite4.1:8b,소켓 렌치 세트,success,소켓렌치세트,"소켓렌치세트, 라쳇렌치세트, 별렌치세트, 조합렌치세트, 육각렌치세트, 기어렌치세트, 볼렌치세트, T렌치세트, 렌치, 세트, 옵셋렌치, 육각렌치, 만능렌치, 몽키렌치, 토크렌치",소켓렌치세트,,,,False,,
granite4.1:8b,소켓 복스 세트,success,소켓렌치세트,"소켓렌치세트, 세트, 다이스세트, 스패너세트, 공구세트, 비트세트, 탭세트, 공구함세트, 플라이어세트, 전동공구세트, T렌치세트, 드릴비트세트, 볼렌치세트, 끌세트, 드라이버세트",소켓렌치세트,보쉬(BOSCH),,,False,,
granite4.1:8b,소켓&비트세트,success,비트세트,"비트세트, 소켓렌치세트, 드릴비트세트, 콘크리트드릴비트세트, 철공용드릴비트세트, 세트, 공구세트, 탭세트, 드릴비트, 피스제거용비트, 다이스세트, 공구함세트, 전동공구세트, 끌세트, 스패너세트",비트세트,,,,True,,
granite4.1:8b,소켓(7종),success,소켓렌치세트,"소켓렌치세트, 모종삽, 직소기, 세트, 스프링배관청소기, 공구세트, 안전장갑, 탭세트, 도끼, 비트세트, 공구함세트, 핸드카트, 스패너세트, 전동공구세트, 라쳇렌치세트",소켓렌치세트,,,,False,,
granite4.1:8b,소켓드라이버,success,드라이버,"드라이버, 전동드라이버, 드라이버세트, 양용드라이버, 임팩트드라이버, T핸드드라이버, 정밀드라이버세트, 충전임팩트드라이버, 소켓렌치세트, 플라이어, 스냅링플라이어, 직소기, 다이아고날플라이어, 롱노즈플라이어, 워터펌프플라이어",드라이버세트,,,,False,,
granite4.1:8b,소켓런치(북스세트),success,소켓렌치세트,"소켓렌치세트, 다이스세트, 볼렌치세트, 세트, 별렌치세트, 라쳇렌치세트, T렌치세트, 육각렌치세트, 조합렌치세트, 스패너세트, 기어렌치세트, 탭세트, 비트세트, 공구세트, 플라이어세트",소켓렌치세트,BOSCH,,,False,,
granite4.1:8b,소켓렌치,success,소켓렌치세트,"소켓렌치세트, 렌치, 옵셋렌치, 토크렌치, 육각렌치, 몽키렌치, 라쳇렌치세트, 만능렌치, 별렌치세트, 냉동라쳇렌치, 육각렌치세트, 볼렌치, 조합렌치세트, 볼렌치세트, 플라이어렌치",소켓렌치세트,,,,False,,
granite4.1:8b,소켓렌치 set,success,소켓렌치세트,"소켓렌치세트, 렌치, 라쳇렌치세트, 별렌치세트, 조합렌치세트, 육각렌치세트, 옵셋렌치, 볼렌치세트, 기어렌치세트, T렌치세트, 육각렌치, 만능렌치, 토크렌치, 몽키렌치, 냉동라쳇렌치",소켓렌치세트,,,,False,,
granite4.1:8b,소켓렌치 세트,success,소켓렌치세트,"소켓렌치세트, 별렌치세트, 라쳇렌치세트, 조합렌치세트, 육각렌치세트, 볼렌치세트, 기어렌치세트, T렌치세트, 렌치, 옵셋렌치, 세트, 육각렌치, 몽키렌치, 토크렌치, 만능렌치",소켓렌치세트,,,,False,,
granite4.1:8b,소켓렌치 연결봉,success,소켓렌치세트,"소켓렌치세트, 렌치, 옵셋렌치, 라쳇렌치세트, 육각렌치, 조합렌치세트, 토크렌치, 별렌치세트, 냉동라쳇렌치, 몽키렌치, 만능렌치, 육각렌치세트, 볼렌치, 볼렌치세트, 기어렌치세트",소켓렌치세트,,,,False,,
granite4.1:8b,소켓렌치(9pcs),success,소켓렌치세트,"소켓렌치세트, 렌치, 옵셋렌치, 별렌치세트, 라쳇렌치세트, 토크렌치, 육각렌치, 만능렌치, 몽키렌치, 육각렌치세트, 조합렌치세트, 냉동라쳇렌치, 볼렌치세트, 기어렌치세트, 볼렌치",소켓렌치세트,,,,False,,
granite4.1:8b,소켓렌치(복스세트),success,소켓렌치세트,"소켓렌치세트, 볼렌치세트, 육각렌치세트, 라쳇렌치세트, 별렌치세트, 조합렌치세트, T렌치세트, 기어렌치세트, 다이스세트, 렌치, 옵셋렌치, 육각렌치, 몽키렌치, 세트, 토크렌치",소켓렌치세트,BOSCH,,,False,,
granite4.1:8b,소켓렌치세트,success,소켓렌치세트,"소켓렌치세트, 라쳇렌치세트, 별렌치세트, 조합렌치세트, 육각렌치세트, 볼렌치세트, 기어렌치세트, T렌치세트, 렌치, 옵셋렌치, 세트, 육각렌치, 만능렌치, 몽키렌치, 토크렌치",소켓렌치세트,,,,False,소켓렌치세트,True
granite4.1:8b,소켓렌치세트(16PCS),success,소켓렌치세트,"소켓렌치세트, 라쳇렌치세트, 별렌치세트, 조합렌치세트, 육각렌치세트, 볼렌치세트, 기어렌치세트, T렌치세트, 렌치, 옵셋렌치, 육각렌치, 만능렌치, 세트, 몽키렌치, 냉동라쳇렌치",소켓렌치세트,,,,False,,
granite4.1:8b,소켓렌치세트(SMATO),success,소켓렌치세트,"소켓렌치세트, T렌치세트, 라쳇렌치세트, 별렌치세트, 육각렌치세트, 조합렌치세트, 볼렌치세트, 기어렌치세트, 렌치, 옵셋렌치, 세트, 육각렌치, 몽키렌치, 냉동라쳇렌치, 만능렌치",소켓렌치세트,SMATO,,,False,소켓렌치세트,True
granite4.1:8b,소켓렌치세트복스세트 16pcs,success,소켓렌치세트,"소켓렌치세트, 볼렌치세트, 라쳇렌치세트, 육각렌치세트, 별렌치세트, 조합렌치세트, T렌치세트, 기어렌치세트, 다이스세트, 세트, 스패너세트, 공구세트, 비트세트, 탭세트, 공구함세트",소켓렌치세트,,,16피스,False,,
granite4.1:8b,소켓세트,success,소켓렌치세트,"소켓렌치세트, 세트, 공구세트, 비트세트, 탭세트, 공구함세트, 전동공구세트, 스패너세트, 다이스세트, 드릴비트세트, T렌치세트, 드라이버세트, 끌세트, 플라이어세트, 라쳇렌치세트",소켓렌치세트,,,,False,,
granite4.1:8b,소켓셋트 1개,success,소켓렌치세트,"소켓렌치세트, 옵셋렌치, 세트, 직소기, 비트세트, 공구세트, 콘크리트드릴비트세트, 드릴비트세트, 탭세트, 스패너세트, 라쳇렌치세트, 전동공구세트, 공구함세트, 드라이버세트, 스프링배관청소기",소켓렌치세트,,,,False,,
granite4.1:8b,소타카,success,손타카,"손타카, 타카, 건타카, 전동타카, 에어타카, 타카핀, 직소기, 소켓렌치세트, 핸드카트, 카운터싱크, 타일컷터, 스프링배관청소기, 열화상카메라, 도끼, 원형톱",손타카,,,,False,,
granite4.1:8b,소타카핀,success,타카핀,"타카핀, 타카, 손타카, 건타카, 전동타카, 에어타카, 핀펀치, 소켓렌치세트, 직소기, 타일컷터, 카운터싱크, 핸드카트, 스프링배관청소기, 열화상카메라, 스냅링플라이어",손타카,,,,False,,
granite4.1:8b,소통기,success,직소기,"직소기, 먹통, 스프링배관청소기, 송풍기, 소켓렌치세트, 수평기, 열풍기, 라돈측정기, 고속절단기, 검전기, 고압세척기, 디지털수평기, LED투광기, 전동압착기, 전기인두",직소기,,,,False,,
granite4.1:8b,소프트그립 플라이어,success,플라이어,"플라이어, 바이스그립플라이어, 플라이어세트, 스냅링플라이어, 워터펌프플라이어, 플라이어렌치, 롱노즈플라이어, 다이아고날플라이어, 굽은노즈플라이어, 그립망치, 와이어스트리퍼, 충전임팩트드라이버, 드라이버, 앵글그라인더, 임팩트드라이버",플라이어,,,,False,,
granite4.1:8b,소프트그립플라이어,success,바이스그립플라이어,"바이스그립플라이어, 플라이어, 스냅링플라이어, 워터펌프플라이어, 플라이어세트, 다이아고날플라이어, 굽은노즈플라이어, 플라이어렌치, 롱노즈플라이어, 그립망치, 와이어스트리퍼, 에어컴프레서, 충전임팩트드라이버, 임팩트드라이버, 스프링배관청소기",바이스그립플라이어,,,,False,,
granite4.1:8b,소형 니퍼,success,니퍼,"니퍼, 강력니퍼, 전자산업용니퍼, 콘크리트니퍼, 앤드컷팅니퍼, 버니어캘리퍼스, 스크레퍼, 원형톱, 직소기, 와이어스트리퍼, A형사다리, 소켓렌치세트, 스프링배관청소기, 스패너, 스패너세트",니퍼,,,,False,,
granite4.1:8b,소형 무선 전동 드라이버 세트,success,전동드라이버,"전동드라이버, 드라이버세트, 정밀드라이버세트, 드라이버, 전동공구세트, 충전임팩트드라이버, 양용드라이버, 임팩트드라이버, T핸드드라이버, 전동드릴, 플라이어세트, 소켓렌치세트, 전동타카, 전동압착기, 세트",드라이버세트,,충전식(무선),,False,,
granite4.1:8b,소형 무선마이크,success,방진마스크,"방진마스크, 원형톱, 전선릴, 고무망치, 직소기, 연마석, 소켓렌치세트, 토크렌치, A형사다리, 적외선온도계, 카운터싱크, 스크레퍼, 스프링배관청소기, 콘크리트니퍼, 레이저수평기",방진마스크,,,,True,,
granite4.1:8b,소형 유선 전동드릴,success,전동드릴,"전동드릴, 전동드라이버, 전선릴, 충전드릴, 전동타카, 임팩트드릴, 전동압착기, 전동공구세트, 충전해머드릴, 해머드릴, 드릴비트, 목공용드릴비트, SDS드릴비트, 철공용드릴비트, 로터리해머드릴",전동드릴,,유선,,False,,
granite4.1:8b,소형 전동 드라이버,success,전동드라이버,"전동드라이버, 드라이버, 양용드라이버, 드라이버세트, 임팩트드라이버, T핸드드라이버, 충전임팩트드라이버, 정밀드라이버세트, 전동드릴, 전동타카, 전동압착기, 전동공구세트, 플라이어, 직소기, 원형톱",전동드라이버,,,,False,,
granite4.1:8b,소형 플라이어,success,플라이어,"플라이어, 플라이어세트, 플라이어렌치, 스냅링플라이어, 롱노즈플라이어, 워터펌프플라이어, 굽은노즈플라이어, 다이아고날플라이어, 바이스그립플라이어, 와이어스트리퍼, 드라이버, 직소기, 원형톱, 전동드라이버, 양용드라이버",플라이어,,,,False,,
granite4.1:8b,손 전지가위,success,전지가위,"전지가위, 고지가위, 철판가위, 다목적가위, LED손전등, 손타카, 전정톱, 전동압착기, 쇠지렛대, 전동타카, 전동공구세트, 전동드릴, 검전기, 전기인두, 전선릴",전지가위,,전지,,False,,
granite4.1:8b,손 타카,success,손타카,"손타카, 타카, 전동타카, 건타카, 타카핀, 에어타카, LED손전등, 핸드카트, 타일컷터, 카운터싱크, 열화상카메라, T핸드드라이버, 톱, 도끼, 실리콘건",손타카,,,,False,,
granite4.1:8b,손 톱,success,톱,"톱, 손타카, 쇠톱, 접톱, 원형톱, 테이블톱, 전정톱, 목공톱, LED손전등, 목공용접톱, 왕복톱(레시프로쏘), 핸드카트, 안전장갑, 핀펀치, 도끼",손타카,,,,False,,
granite4.1:8b,손 톱날,success,톱,"톱, 손타카, 쇠톱, 접톱, 목공톱, LED손전등, 전정톱, 원형톱, 테이블톱, 다이아고날플라이어, 목공용접톱, 왕복톱(레시프로쏘), 핸드카트, 그립망치, 핀펀치",손타카,,,,False,,
granite4.1:8b,손대패,success,대패,"대패, 석고대패, 손타카, 스패너, LED손전등, 편구스패너, 쇠지렛대, 스패너세트, 핸드카트, 테이블톱, 쇠톱, 도끼, 망치, 목공톱, 전정톱",대패,,,,True,,
granite4.1:8b,손도끼,success,도끼,"도끼, 손타카, LED손전등, 장도리, 쇠톱, 핸드카트, 적외선온도계, 원형톱, 전정톱, 목공톱, T핸드드라이버, 안전장갑, 테이블톱, 접톱, 톱",도끼,,,,False,,
granite4.1:8b,손목가드 자석밴드,success,다목적가위,"다목적가위, 손타카, 목공용드릴비트, 핸드카트, 연마석, 절단석, LED손전등, 줄자, T핸드드라이버, 목공톱, 목공줄, 직각자, 철판가위, 전동드릴, 자전거펌프",다목적가위,,,,True,,
granite4.1:8b,손보호기 팡팡,success,보안경,"보안경, 손타카, LED손전등, 송풍기, 열풍기, 수평기, 전동압착기, 직소기, 검전기, 고압세척기, 라돈측정기, LED투광기, 전기인두, 고속절단기, 스프링배관청소기",송풍기,,,,False,,
granite4.1:8b,손보호기팡팡,success,보안경,"보안경, 손타카, LED손전등, 송풍기, 열풍기, 수평기, 전동압착기, 직소기, 검전기, 고압세척기, 라돈측정기, LED투광기, 고속절단기, 전기인두, 스프링배관청소기",송풍기,,,,False,,
granite4.1:8b,손수레,success,손타카,"손타카, 레이저수평기, LED손전등, 수평기, 스크레퍼, 디지털수평기, 에어컴프레서, 왕복톱(레시프로쏘), 레이저거리측정기, 핸드카트, 도끼, 쇠톱, 망치, 안전장갑, 쇠지렛대",핸드카트,,,,False,,
granite4.1:8b,손전등,success,LED손전등,"LED손전등, 손타카, LED작업등, 전정톱, 안전장갑, 전선릴, 검전기, 전동공구세트, 전지가위, 전동타카, 전동드릴, 안전로프, 전기인두, 안전모, 자전거펌프",LED손전등,,,,False,,
granite4.1:8b,손전등,success,LED손전등,"LED손전등, 손타카, LED작업등, 전정톱, 안전장갑, 전선릴, 검전기, 전동공구세트, 전지가위, 전동타카, 전동드릴, 안전로프, 전기인두, 안전모, 자전거펌프",LED손전등,,,,False,,
granite4.1:8b,손타카,success,손타카,"손타카, 건타카, 타카, 전동타카, 에어타카, 타카핀, LED손전등, 핸드카트, 카운터싱크, 타일컷터, 열화상카메라, T핸드드라이버, 원형톱, 전정톱, 도끼",손타카,,,,False,손타카,True
granite4.1:8b,손타카,success,손타카,"손타카, 건타카, 타카, 전동타카, 에어타카, 타카핀, LED손전등, 핸드카트, 카운터싱크, 타일컷터, 열화상카메라, T핸드드라이버, 원형톱, 전정톱, 도끼",손타카,,,,False,손타카,True
granite4.1:8b,손타카 (핀제공),success,손타카,"손타카, 타카핀, 건타카, 타카, 전동타카, 에어타카, 핀펀치, 핸드카트, LED손전등, 목공톱, 카운터싱크, 공구함, 피스제거용비트, 타일컷터, 공구세트",손타카,,,,False,,
granite4.1:8b,손타카 AT-916 (건타카R33),success,손타카,"손타카, 건타카, 타카, 에어타카, 전동타카, 타카핀, 핸드카트, T핸드드라이버, LED손전등, 타일컷터, 카운터싱크, 에어건, 실리콘건, 열화상카메라, 글루건",손타카,,,,False,,
granite4.1:8b,손타카 핀,success,손타카,"손타카, 타카핀, 건타카, 타카, 전동타카, 에어타카, 핀펀치, LED손전등, 핸드카트, 카운터싱크, 타일컷터, 원형톱, 접톱, 전정톱, 쇠톱",손타카,,,,False,,
granite4.1:8b,손타카(&심),success,손타카,"손타카, 건타카, 타카, 전동타카, 에어타카, 타카핀, 핸드카트, LED손전등, 카운터싱크, 타일컷터, 열화상카메라, 앤드컷팅니퍼, T핸드드라이버, 톱, 쇠톱",손타카,,,,False,,
granite4.1:8b,손타카(&핀),success,손타카,"손타카, 타카핀, 건타카, 타카, 전동타카, 에어타카, 핀펀치, LED손전등, 핸드카트, 카운터싱크, 타일컷터, 원형톱, 앤드컷팅니퍼, 톱, 전정톱",손타카,,,,False,,
granite4.1:8b,손타카(4-10)(R13),success,손타카,"손타카, 건타카, 타카, 전동타카, 에어타카, 타카핀, 핸드카트, LED손전등, 카운터싱크, 타일컷터, T핸드드라이버, 열화상카메라, 톱, 테이블톱, 전정톱",손타카,,,(4-10)(R13),False,,
granite4.1:8b,손타ка(디월트),success,손타카,"손타카, 건타카, 전동타카, 에어타카, LED손전등, 타카, 핸드카트, 디지털수평기, SDS드릴비트, 타일컷터, 임팩트드릴, 드릴비트, 타카핀, 드릴비트세트, 세트",손타카,디월트,,,False,,
granite4.1:8b,손타카(침포함),success,손타카,"손타카, 건타카, 전동타카, 타카, 에어타카, 타카핀, 공구함, 공구함세트, LED손전등, 핸드카트, 카운터싱크, 타일컷터, 전정톱, 열화상카메라, 목공톱",손타카,,,,False,,
granite4.1:8b,손타카+핀,success,손타카,"손타카, 타카핀, 건타카, 타카, 전동타카, 에어타카, 핀펀치, 핸드카트, LED손전등, 카운터싱크, 타일컷터, 원형톱, 톱, 전정톱, 접톱",손타카,,,,False,,
granite4.1:8b,손타카건,success,손타카,"손타카, 건타카, 타카, 타카핀, 전동타카, 에어타카, 에어건, 실리콘건, 글루건, LED손전등, 핸드카트, 타일컷터, 카운터싱크, T핸드드라이버, 열화상카메라",손타카,,,,False,,
granite4.1:8b,손타카핀,success,손타카,"손타카, 타카핀, 타카, 건타카, 전동타카, 에어타카, LED손전등, 핀펀치, 핸드카트, 카운터싱크, 타일컷터, 목공톱, 스냅링플라이어, 전정톱, T핸드드라이버",손타카,,,,False,,
granite4.1:8b,손톱,success,톱,"톱, 손타카, 쇠톱, 접톱, 원형톱, 목공톱, 테이블톱, 전정톱, LED손전등, 목공용접톱, 왕복톱(레시프로쏘), 핸드카트, 도끼, 망치, 핀펀치",손타카,,,,False,,
granite4.1:8b,송곳,success,송풍기,"송풍기, 먹통, 돌망치, 핀펀치, 가스토치, 도끼, 안전장갑, 쇠톱, 다림추, 글루건, 빠루망치, 볼렌치, 그립망치, 드릴비트, 대패",다림추,,,,False,,
granite4.1:8b,송풍기,success,송풍기,"송풍기, 열풍기, 직소기, 고압세척기, 수평기, 검전기, 전동압착기, 고속절단기, 스프링배관청소기, 에어컴프레서, 레이저수평기, 라돈측정기, 디지털수평기, LED투광기, 에어펌프",송풍기,,,,False,송풍기,True
granite4.1:8b,송풍기 밧데리,success,송풍기,"송풍기, 열풍기, 전동압착기, 배터리팩, 레이저거리측정기, 고압세척기, 직소기, 수평기, 사다리, 와이어스트리퍼, 장도리, 에어컴프레서, 스프링배관청소기, 로터리해머드릴, 고속절단기",송풍기,,,,False,,
granite4.1:8b,송풍기(작업후청소기),success,송풍기,"송풍기, 열풍기, 스프링배관청소기, 직소기, LED작업등, 고압세척기, 수평기, 검전기, 고속절단기, 전동압착기, 라돈측정기, 레이저수평기, 디지털수평기, LED투광기, 에어컴프레서",송풍기,,,,False,,
granite4.1:8b,송풍기(작업후청소용),success,송풍기,"송풍기, 열풍기, 스프링배관청소기, LED작업등, 직소기, 고압세척기, 전자산업용니퍼, 목공용접톱, 에어컴프레서, 고속절단기, 수평기, 검전기, 전동압착기, 라돈측정기, 소켓렌치세트",송풍기,,,,False,,
granite4.1:8b,쇠 절단기,success,고속절단기,"고속절단기, 절단석, 쇠지렛대, 쇠톱, 직소기, 검전기, 열풍기, 케이블컷터, PVC컷터, 송풍기, 전동압착기, 라돈측정기, 커터, 타일컷터, 고압세척기",고속절단기,,,,False,,
granite4.1:8b,쇠 톱,success,쇠톱,"쇠톱, 톱, 쇠지렛대, 접톱, 테이블톱, 전정톱, 원형톱, 목공톱, 왕복톱(레시프로쏘), 목공용접톱, 사다리, 망치, 도끼, 그립망치, 가스토치",쇠톱,,,,False,,
granite4.1:8b,쇠기리,success,쇠톱,"쇠톱, 쇠지렛대, 장도리, 사다리, 레이저거리측정기, 직소기, 실리콘건, 열풍기, 수평기, 배터리팩, 송풍기, 검전기, A형사다리, 콘크리트니퍼, 전동압착기",쇠지렛대,,,,False,,
granite4.1:8b,쇠기리세트(목재),success,세트,"세트, 기어렌치세트, 쇠톱, 공구세트, 쇠지렛대, 끌세트, 비트세트, 콘크리트드릴비트세트, 탭세트, 스패너세트, 다이스세트, 공구함세트, 전동공구세트, 드릴비트세트, 별렌치세트",공구세트,,,,False,,
granite4.1:8b,쇠기리세트(목재용),success,세트,"세트, 기어렌치세트, 공구세트, 쇠톱, 철공용드릴비트세트, 쇠지렛대, 끌세트, 콘크리트드릴비트세트, 비트세트, 탭세트, 목공용드릴비트, 목공용접톱, 전동공구세트, 공구함세트, 스패너세트",목공용드릴비트,,,,False,,
granite4.1:8b,쇠기리세트(석재),success,세트,"세트, 기어렌치세트, 쇠톱, 공구세트, 탭세트, 끌세트, 쇠지렛대, 콘크리트드릴비트세트, 비트세트, 다이스세트, 스패너세트, 전동공구세트, 드릴비트세트, 별렌치세트, 공구함세트",공구세트,,,,False,,
granite4.1:8b,쇠기리세트(석재용),success,세트,"세트, 기어렌치세트, 공구세트, 쇠톱, 탭세트, 끌세트, 철공용드릴비트세트, 쇠지렛대, 콘크리트드릴비트세트, 비트세트, 다이스세트, 스패너세트, 전동공구세트, 공구함세트, 드릴비트세트",드릴비트세트,,,,False,,
granite4.1:8b,쇠기리세트(철재),success,세트,"세트, 기어렌치세트, 철공용드릴비트세트, 쇠톱, 쇠지렛대, 공구세트, 끌세트, 콘크리트드릴비트세트, 탭세트, 비트세트, 다이스세트, 스패너세트, 전동공구세트, 별렌치세트, 공구함세트",공구세트,,,,False,,
granite4.1:8b,쇠기리세트(철재용),success,철공용드릴비트세트,"철공용드릴비트세트, 세트, 기어렌치세트, 쇠톱, 공구세트, 쇠지렛대, 철공용드릴비트, 콘크리트드릴비트세트, 끌세트, 비트세트, 탭세트, 전동공구세트, 다이스세트, 스패너세트, 드릴비트세트",다이스세트,,,,False,,
granite4.1:8b,쇠줄톱,success,쇠톱,"쇠톱, 줄자, 쇠지렛대, 목공줄, 톱, 접톱, 테이블톱, 원형톱, 목공톱, 전정톱, 목공용접톱, 왕복톱(레시프로쏘), 사다리, 도끼, 전동드릴",쇠톱,,,,False,,
granite4.1:8b,쇠지렛대,success,쇠지렛대,"쇠지렛대, 쇠톱, 대패, 석고대패, 고지가위, 전지가위, 디지털수평기, 그립망치, 고무망치, 가스토치, 사다리, 망치, 철판가위, 도끼, 다이스세트",쇠지렛대,,,,False,,
granite4.1:8b,쇠지렛대,success,쇠지렛대,"쇠지렛대, 쇠톱, 대패, 석고대패, 고지가위, 전지가위, 디지털수평기, 그립망치, 고무망치, 가스토치, 사다리, 망치, 철판가위, 도끼, 다이스세트",쇠지렛대,,,,False,,
granite4.1:8b,쇠지렛대(빠루),success,쇠지렛대,"쇠지렛대, 빠루망치, 쇠톱, 대패, 석고대패, 글루건, 글루스틱, 고지가위, 전지가위, 망치, 디지털수평기, 사다리, 그립망치, 철판가위, 고무망치",빠루망치,,,,False,,
granite4.1:8b,쇠지렛대/빠루,success,쇠지렛대,"쇠지렛대, 빠루망치, 쇠톱, 대패, 석고대패, 글루건, 글루스틱, 고지가위, 망치, 디지털수평기, 전지가위, 사다리, 그립망치, 철판가위, 테이블톱",쇠지렛대,,,,False,,
granite4.1:8b,쇠톱,success,쇠톱,"쇠톱, 쇠지렛대, 접톱, 톱, 테이블톱, 원형톱, 전정톱, 목공톱, 왕복톱(레시프로쏘), 목공용접톱, 사다리, 도끼, 가스토치, 망치, 철판가위",쇠톱,,,,False,쇠톱,True
granite4.1:8b,쇠톱 (12인치),success,쇠톱,"쇠톱, 쇠지렛대, 접톱, 테이블톱, 톱, 원형톱, 전정톱, 목공톱, 왕복톱(레시프로쏘), 목공용접톱, 망치, 전기인두, 가스토치, 그립망치, 앵글그라인더",쇠톱,,,12인치,False,,
granite4.1:8b,쇠톱 1개,success,쇠톱,"쇠톱, 쇠지렛대, 톱, 접톱, 테이블톱, 원형톱, 전정톱, 목공톱, 왕복톱(레시프로쏘), 목공용접톱, 사다리, 도끼, 망치, 그립망치, 철판가위",쇠톱,,,,False,,
granite4.1:8b,쇠톱 대 1개,success,쇠톱,"쇠톱, 쇠지렛대, 톱, 접톱, 테이블톱, 원형톱, 대패, 전정톱, 목공톱, 석고대패, 왕복톱(레시프로쏘), 목공용접톱, 사다리, 도끼, 철판가위",쇠톱,,,,False,,
granite4.1:8b,쇠톱(1),success,쇠톱,"쇠톱, 쇠지렛대, 톱, 접톱, 테이블톱, 원형톱, 전정톱, 목공톱, 왕복톱(레시프로쏘), 목공용접톱, 사다리, 도끼, 망치, 가스토치, 철판가위",쇠톱,,,,False,,
granite4.1:8b,쇠톱(2),success,쇠톱,"쇠톱, 쇠지렛대, 톱, 접톱, 테이블톱, 원형톱, 전정톱, 목공톱, 왕복톱(레시프로쏘), 목공용접톱, 도끼, 사다리, 망치, 가스토치, 철판가위",쇠톱,,,2,False,,
granite4.1:8b,쇠톱(날),success,쇠톱,"쇠톱, 쇠지렛대, 접톱, 톱, 테이블톱, 원형톱, 전정톱, 목공톱, 왕복톱(레시프로쏘), 목공용접톱, 다이아고날플라이어, 가스토치, 도끼, 사다리, 납볼망치",쇠톱,,,,False,,
granite4.1:8b,쇠톱(대),success,쇠톱,"쇠톱, 쇠지렛대, 톱, 접톱, 테이블톱, 대패, 원형톱, 전정톱, 목공톱, 왕복톱(레시프로쏘), 석고대패, 목공용접톱, 사다리, 가스토치, 철판가위",쇠톱,,,,False,,
granite4.1:8b,쇠톱(줄톱),success,쇠톱,"쇠톱, 접톱, 톱, 테이블톱, 원형톱, 전정톱, 목공톱, 쇠지렛대, 왕복톱(레시프로쏘), 줄자, 목공용접톱, 목공줄, 사다리, 도끼, 가스토치",쇠톱,,,,False,,
granite4.1:8b,쇠톱2개,success,쇠톱,"쇠톱, 쇠지렛대, 접톱, 톱, 테이블톱, 원형톱, 전정톱, 목공톱, 왕복톱(레시프로쏘), 목공용접톱, 도끼, 사다리, 망치, 그립망치, 철판가위",쇠톱,,,,False,,
granite4.1:8b,쇠톱날,success,쇠톱,"쇠톱, 쇠지렛대, 톱, 접톱, 원형톱, 테이블톱, 전정톱, 목공톱, 다이아고날플라이어, 목공용접톱, 왕복톱(레시프로쏘), 망치, 그립망치, 가스토치, 납볼망치",쇠톱,,,,False,,
granite4.1:8b,쇠톱날 (12인치),success,쇠톱,"쇠톱, 쇠지렛대, 톱, 접톱, 테이블톱, 원형톱, 전정톱, 목공톱, 왕복톱(레시프로쏘), 목공용접톱, 다이아고날플라이어, 망치, 전기인두, 핀펀치, 납볼망치",쇠톱,,,12인치,False,,
granite4.1:8b,쇠톱대,success,쇠톱,"쇠톱, 쇠지렛대, 톱, 테이블톱, 접톱, 원형톱, 전정톱, 대패, 목공톱, 석고대패, 왕복톱(레시프로쏘), 목공용접톱, 철판가위, 망치, 가스토치",쇠톱,,,,False,쇠톱,True
granite4.1:8b,쇠톱대(2),success,쇠톱,"쇠톱, 쇠지렛대, 톱, 접톱, 테이블톱, 원형톱, 대패, 전정톱, 목공톱, 석고대패, 왕복톱(레시프로쏘), 목공용접톱, 망치, 사다리, 가스토치",쇠톱,,,"크기·모델 특정 정보가 없으며, '대'라는 접미사로 크기가 큰 것을 암시함",False,,
granite4.1:8b,숏노즈,success,롱노즈플라이어,"롱노즈플라이어, 굽은노즈플라이어, 쇠톱, 톱, 커터칼, 편구스패너, 끌세트, 도끼, 앤드컷팅니퍼, 직소기, 안전로프, 커터, 안전모, 스패너세트, 스패너",롱노즈플라이어,,,,False,,
granite4.1:8b,수공구 세트,success,공구세트,"공구세트, 전동공구세트, 공구함세트, 공구함, 세트, 스패너세트, 철공용드릴비트세트, 탭세트, 비트세트, 다이스세트, 플라이어세트, 소켓렌치세트, T렌치세트, 끌세트, 수평기",공구세트,,,,False,,
granite4.1:8b,수공구세트,success,공구세트,"공구세트, 전동공구세트, 공구함세트, 공구함, 세트, 스패너세트, 철공용드릴비트세트, 탭세트, 다이스세트, 비트세트, 플라이어세트, 소켓렌치세트, T렌치세트, 수평기, 끌세트",공구세트,,,,False,,
granite4.1:8b,수공구세트①,success,공구세트,"공구세트, 전동공구세트, 공구함세트, 공구함, 세트, 스패너세트, 철공용드릴비트세트, 탭세트, 비트세트, 플라이어세트, 다이스세트, 수평기, 소켓렌치세트, 드릴비트세트, 끌세트",공구세트,,,,False,,
granite4.1:8b,수공구세트②,success,공구세트,"공구세트, 전동공구세트, 공구함세트, 공구함, 세트, 스패너세트, 철공용드릴비트세트, 탭세트, 수평기, 다이스세트, 플라이어세트, 비트세트, 소켓렌치세트, 끌세트, T렌치세트",공구세트,,,,False,,
granite4.1:8b,수동드라이버,success,전동드라이버,"전동드라이버, 드라이버, T핸드드라이버, 양용드라이버, 드라이버세트, 임팩트드라이버, 정밀드라이버세트, 충전임팩트드라이버, 전동드릴, 수평기, 플라이어, 스냅링플라이어, 디지털수평기, 레이저수평기, 워터펌프플라이어",드라이버,,수동,,False,,
granite4.1:8b,"수동드라이버(대,소)",success,전동드라이버,"전동드라이버, 드라이버, 양용드라이버, T핸드드라이버, 드라이버세트, 임팩트드라이버, 정밀드라이버세트, 충전임팩트드라이버, 전동드릴, 수평기, 플라이어, 레이저수평기, 직소기, 디지털수평기, 대패",드라이버,,수동,,False,,
granite4.1:8b,수동방역소독기,success,수평기,"수평기, 직소기, 전동압착기, 디지털수평기, 레이저수평기, 방진마스크, 스프링배관청소기, 전동타카, 전동드릴, 전동공구세트, 열풍기, 소켓렌치세트, 송풍기, 전동드라이버, 고압세척기",고압세척기,,,,False,,
granite4.1:8b,수동식 휠체어,success,수평기,"수평기, 전동타카, 전동드릴, 전동압착기, 전동공구세트, 전동드라이버, 레이저수평기, 디지털수평기, 냉동라쳇렌치, 플라이어, 에어타카, 에어건, 플라이어렌치, 플라이어세트, 에어펌프",전동드라이버,,,,False,,
granite4.1:8b,"수동줄자(5,5m)",success,줄자,"줄자, 목공줄, 수평기, 전동드릴, 직각자, 디지털수평기, 레이저수평기, 전동압착기, 전동드라이버, 전동타카, 전동공구세트, 자전거펌프, 냉동라쳇렌치, 임팩트드릴, 사다리",줄자,,,길이 5.5m,False,,
granite4.1:8b,수동호수 18m,success,수평기,"수평기, 레이저수평기, 디지털수평기, 전동압착기, 전동드릴, 전동타카, 전동드라이버, 전동공구세트, 냉동라쳇렌치, 워터펌프플라이어, 스냅링플라이어, 클램프미터, 송풍기, 목공톱, 로터리해머드릴",목공톱,,수동,18m,False,,
granite4.1:8b,수동휠체어,success,수평기,"수평기, 전동타카, 전동드릴, 전동압착기, 전동드라이버, 레이저수평기, 전동공구세트, 디지털수평기, 냉동라쳇렌치, 플라이어, 에어펌프, 에어건, 플라이어세트, 에어타카, 플라이어렌치",수평기,,,,True,,
granite4.1:8b,수목 전지가위,success,전지가위,"전지가위, 고지가위, 다목적가위, 철판가위, 수평기, 디지털수평기, 전정톱, 목공톱, 목공줄, 목공용접톱, 레이저수평기, 전동압착기, 쇠지렛대, 전동드릴, 목공용드릴비트",전지가위,,배터리,,False,,
granite4.1:8b,수블럭,success,수평기,"수평기, 테이블톱, 점프케이블, 레이저수평기, 디지털수평기, 케이블컷터, F클램프, SDS드릴비트, 스냅링플라이어, 워터펌프플라이어, 스프링배관청소기, 배터리팩, 드릴비트, 안전장갑, 안전로프",드릴비트,,,,False,,
granite4.1:8b,수블럭(숫자놀이블럭),success,테이블톱,"테이블톱, 점프케이블, 케이블컷터, 수평기, 레이저수평기, 디지털수평기, 줄자, 자전거펌프, 직각자, 스냅링플라이어, 워터펌프플라이어, 바이스그립플라이어, 다이아고날플라이어, 플라이어세트, 플라이어",테이블톱,,,,False,,
granite4.1:8b,수전 코일줄,success,목공줄,"목공줄, 줄자, 타일컷터, 수평기, 레이저수평기, 디지털수평기, 전선릴, 전동드릴, 전정톱, 충전드릴, 검전기, 안전장갑, 안전모, 충전해머드릴, LED손전등",전선릴,,,,False,,
granite4.1:8b,수중펌프,success,에어펌프,"에어펌프, 자전거펌프, 워터펌프플라이어, 수평기, 레이저수평기, 디지털수평기, F클램프, 클램프미터, 스프링배관청소기, 점프케이블, 에어컴프레서, 파이프렌치, 안전로프, 왕복톱(레시프로쏘), 스냅링플라이어",에어펌프,,,,True,,
granite4.1:8b,수평,success,수평기,"수평기, 레이저수평기, 디지털수평기, 사다리, 워터펌프플라이어, 커터칼, 에어펌프, 대패, 드라이버, 에어컴프레서, 테이블톱, 글루스틱, 옵셋렌치, 임팩트드릴, 플라이어",수평기,,,,False,,
granite4.1:8b,수평계,success,수평기,"수평기, 레이저수평기, 디지털수평기, 적외선온도계, 사다리, 클램프미터, 목공줄, 에어컴프레서, 레이저거리측정기, 워터펌프플라이어, 스냅링플라이어, 송풍기, 라돈측정기, 볼트컷터, 커터칼",디지털수평기,,,,False,수평기,False
granite4.1:8b,수평계 & 레벨기,success,수평기,"수평기, 레이저수평기, 디지털수평기, 레이저거리측정기, 적외선온도계, 스크레퍼, 라돈측정기, 에어컴프레서, 열풍기, 직소기, 송풍기, 검전기, LED투광기, 고압세척기, 왕복톱(레시프로쏘)",레이저수평기,,,,False,,
granite4.1:8b,수평계(수평자),success,수평기,"수평기, 레이저수평기, 디지털수평기, 직각자, 줄자, 적외선온도계, 사다리, 자전거펌프, 전자산업용니퍼, 에어컴프레서, 송풍기, 워터펌프플라이어, 클램프미터, 스냅링플라이어, 플라이어",디지털수평기,,,,False,,
granite4.1:8b,수평기,success,수평기,"수평기, 디지털수평기, 레이저수평기, 직소기, 열풍기, 송풍기, 검전기, LED투광기, 고속절단기, 라돈측정기, 고압세척기, 전동압착기, 스프링배관청소기, 레이저거리측정기, 기어렌치세트",수평기,,,,False,수평기,True
granite4.1:8b,수평기 1개,success,수평기,"수평기, 디지털수평기, 레이저수평기, 직소기, 열풍기, 송풍기, 검전기, LED투광기, 전동압착기, 스프링배관청소기, 라돈측정기, 고압세척기, 고속절단기, 레이저거리측정기, 기어렌치세트",수평기,,,,False,,
granite4.1:8b,수평기300,success,수평기,"수평기, 디지털수평기, 레이저수평기, 직소기, 송풍기, 열풍기, LED투광기, 스프링배관청소기, 검전기, 고속절단기, 라돈측정기, 고압세척기, 전동압착기, 레이저거리측정기, 기어렌치세트",디지털수평기,,,,False,,
granite4.1:8b,수평대,success,수평기,"수평기, 레이저수평기, 디지털수평기, 대패, 쇠지렛대, 석고대패, 사다리, 직각자, 워터펌프플라이어, 테이블톱, 열화상카메라, 스냅링플라이어, 스크레퍼, 육각렌치, 옵셋렌치",디지털수평기,,,,False,수평기,False
granite4.1:8b,수평대(450mm),success,수평기,"수평기, 레이저수평기, 디지털수평기, 대패, 쇠지렛대, 석고대패, 레이저거리측정기, 테이블톱, 육각렌치, 사다리, 열화상카메라, 워터펌프플라이어, 플라이어렌치, 옵셋렌치, 직각자",디지털수평기,,,규격·크기 등 기타 사양 (예시로 450mm 제공),False,수평기,False
granite4.1:8b,수평대(600),success,수평기,"수평기, 레이저수평기, 디지털수평기, 대패, 쇠지렛대, 석고대패, 직각자, 육각렌치, 워터펌프플라이어, 스크레퍼, 사다리, 열화상카메라, 왕복톱(레시프로쏘), 테이블톱, 플라이어",디지털수평기,,,,False,,
granite4.1:8b,수평대(디월트),success,수평기,"수평기, 디지털수평기, 레이저수평기, 대패, 쇠지렛대, 석고대패, 임팩트드릴, SDS드릴비트, 볼트컷터, 다이스세트, 임팩트드라이버, 콘크리트드릴비트세트, 콘크리트용드릴비트, 드릴비트, 세트",디지털수평기,디월트(DeWalt),,,False,수평기,False
granite4.1:8b,수평자,success,수평기,"수평기, 레이저수평기, 디지털수평기, 직각자, 줄자, 자전거펌프, 전자산업용니퍼, 사다리, 플라이어, 에어컴프레서, 워터펌프플라이어, 스냅링플라이어, 스크레퍼, 직소기, 테이블톱",수평기,,,,False,수평기,True
granite4.1:8b,수평자,success,수평기,"수평기, 레이저수평기, 디지털수평기, 직각자, 줄자, 자전거펌프, 전자산업용니퍼, 사다리, 플라이어, 에어컴프레서, 워터펌프플라이어, 스냅링플라이어, 스크레퍼, 직소기, 테이블톱",수평기,,,,False,수평기,True
granite4.1:8b,수평자 1개,success,수평기,"수평기, 레이저수평기, 디지털수평기, 줄자, 직각자, 자전거펌프, 전자산업용니퍼, 사다리, 플라이어, 스냅링플라이어, 테이블톱, 스크레퍼, 에어컴프레서, 워터펌프플라이어, 플라이어세트",디지털수평기,,,,False,,
granite4.1:8b,수평자(60CM),success,수평기,"수평기, 레이저수평기, 디지털수평기, 직각자, 줄자, PVC컷터, 자전거펌프, 전자산업용니퍼, 워터펌프플라이어, 에어컴프레서, 스냅링플라이어, 플라이어, 육각렌치, 목공용접톱, 왕복톱(레시프로쏘)",디지털수평기,,,길이 60CM,False,,
granite4.1:8b,수평자3개,success,수평기,"수평기, 디지털수평기, 레이저수평기, 줄자, 직각자, 자전거펌프, 전자산업용니퍼, 사다리, 플라이어, 플라이어세트, 스냅링플라이어, 스패너세트, 테이블톱, 세트, 목공줄",디지털수평기,,,,False,,
granite4.1:8b,수평측정기,success,수평기,"수평기, 라돈측정기, 디지털수평기, 레이저수평기, 레이저거리측정기, 전정톱, 송풍기, 직소기, 열풍기, 검전기, 정밀드라이버세트, 스프링배관청소기, 전동압착기, 고속절단기, 고압세척기",디지털수평기,,,,False,,
granite4.1:8b,숫돌,success,돌망치,"돌망치, 전동드릴, 쇠톱, 충전드릴, 세트, 석고대패, 연마석, 커터칼, 카운터싱크, 도끼, 먹통, 임팩트드릴, SDS드릴비트, 모종삽, 목공줄",도끼,,,,False,,
granite4.1:8b,숯돌,success,돌망치,"돌망치, 전동드릴, 해머드릴, 임팩트드릴, 쇠톱, 충전드릴, 연마석, 쇠지렛대, 테이블톱, 사다리, 굽은노즈플라이어, 전선릴, 석고대패, 절단석, 납볼망치",납볼망치,,,,False,,
granite4.1:8b,스냅링플라이어세트,success,스냅링플라이어,"스냅링플라이어, 플라이어세트, 플라이어, 플라이어렌치, 워터펌프플라이어, 바이스그립플라이어, 스패너세트, 롱노즈플라이어, 굽은노즈플라이어, 다이아고날플라이어, 드라이버세트, 스프링배관청소기, 세트, 기어렌치세트, 다이스세트",스냅링플라이어,,,,False,,
granite4.1:8b,스마토 공구세트,success,공구세트,"공구세트, 전동공구세트, 공구함세트, 공구함, 스패너세트, 세트, 철공용드릴비트세트, 다이스세트, 탭세트, 드릴비트세트, 비트세트, 플라이어세트, 끌세트, 소켓렌치세트, T렌치세트",공구세트,스마토,,,False,,
granite4.1:8b,스마토 알루미늄 공구가방,success,공구함,"공구함, 공구세트, 공구함세트, 전동공구세트, 방진마스크, 가스토치, 글루스틱, 편구스패너, 연마석, 클램프미터, 다목적가위, 목공톱, 글루건, 스패너세트, 철판가위",공구함,스마토(SMATO),,,False,,
granite4.1:8b,스마트 라돈감지기,success,라돈측정기,"라돈측정기, 방진마스크, 디지털수평기, 연마석, 라쳇렌치세트, 레이저거리측정기, 전지가위, 스프링배관청소기, 스패너세트, 레이저수평기, 전동압착기, 스냅링플라이어, 쇠지렛대, 정밀드라이버세트, 검전기",라돈측정기,,,,False,,
granite4.1:8b,스마트 렌치세트,success,별렌치세트,"별렌치세트, 소켓렌치세트, T렌치세트, 조합렌치세트, 라쳇렌치세트, 육각렌치세트, 볼렌치세트, 기어렌치세트, 렌치, 세트, 만능렌치, 스패너세트, 옵셋렌치, 육각렌치, 다이스세트",소켓렌치세트,,,,False,,
granite4.1:8b,스마트 양구스패너 세트,success,편구스패너,"편구스패너, 스패너세트, 스패너, 공구세트, 공구함세트, 다이스세트, 전동공구세트, 세트, 탭세트, 육각렌치세트, 소켓렌치세트, 비트세트, 플라이어세트, 기어렌치세트, 별렌치세트",스패너세트,,,,False,,
granite4.1:8b,스매쉬 3종 원형톱날,success,원형톱,"원형톱, 톱, 모종삽, 접톱, 전정톱, 목공톱, 스패너, 스패너세트, A형사다리, 스냅링플라이어, 목공용접톱, 테이블톱, 쇠톱, 편구스패너, 다이아고날플라이어",원형톱,,,,False,,
granite4.1:8b,스위스 밀리터리  수공구세트,success,공구세트,"공구세트, 전동공구세트, 공구함세트, 스패너세트, 공구함, 배터리팩, 다이스세트, 세트, 철공용드릴비트세트, 정밀드라이버세트, 로터리해머드릴, 콘크리트드릴비트세트, 와이어스트리퍼, 편구스패너, 버니어캘리퍼스",공구세트,,,,False,,
granite4.1:8b,스위스 밀리터리 공구,success,공구함,"공구함, 공구세트, 배터리팩, 전동공구세트, 공구함세트, 로터리해머드릴, 편구스패너, 버니어캘리퍼스, 와이어스트리퍼, 스패너, 멀티테스터, 사다리, 실리콘건, 스패너세트, 스냅링플라이어",공구세트,,,,False,,
granite4.1:8b,스위스 밀리터리 미니드라이버,success,드라이버,"드라이버, 정밀드라이버세트, 전동드라이버, 양용드라이버, 드라이버세트, T핸드드라이버, 임팩트드라이버, 충전임팩트드라이버, 버니어캘리퍼스, 배터리팩, 로터리해머드릴, 스냅링플라이어, 와이어스트리퍼, 바이스그립플라이어, 콘크리트니퍼",정밀드라이버세트,,,,False,,
granite4.1:8b,스위스 밀리터리 전동공구세트,success,전동공구세트,"전동공구세트, 공구세트, 공구함세트, 스패너세트, 공구함, 전동드릴, 전동타카, 배터리팩, 전동압착기, 철공용드릴비트세트, 다이스세트, 정밀드라이버세트, 세트, 전동드라이버, 콘크리트드릴비트세트",전동공구세트,,,,False,,
granite4.1:8b,스위스 밀리터리 전동드릴 세트,success,전동드릴,"전동드릴, 전동공구세트, 콘크리트드릴비트세트, 로터리해머드릴, 드릴비트세트, 전동드라이버, 철공용드릴비트세트, 스패너세트, 충전드릴, 정밀드라이버세트, 배터리팩, 임팩트드릴, 콘크리트용드릴비트, 다이스세트, 전동압착기",전동드릴,,,,False,,
granite4.1:8b,스위스밀리터리  수공구세트,success,공구세트,"공구세트, 전동공구세트, 공구함세트, 스패너세트, 공구함, 배터리팩, 다이스세트, 세트, 철공용드릴비트세트, 정밀드라이버세트, 로터리해머드릴, 콘크리트드릴비트세트, 와이어스트리퍼, 편구스패너, 버니어캘리퍼스",공구세트,,,,False,,
granite4.1:8b,스위스밀리터리 공구세트 (전동드릴포함),success,전동공구세트,"전동공구세트, 공구세트, 전동드릴, 공구함세트, 공구함, 철공용드릴비트세트, 로터리해머드릴, 콘크리트드릴비트세트, 드릴비트세트, 전동드라이버, 스패너세트, 충전드릴, 정밀드라이버세트, 철공용드릴비트, 전동타카",공구세트,,유선,,False,,
granite4.1:8b,스위스밀리터리 미니 드라이버 8p,success,드라이버,"드라이버, 정밀드라이버세트, 드라이버세트, 전동드라이버, 양용드라이버, T핸드드라이버, 임팩트드라이버, 충전임팩트드라이버, 버니어캘리퍼스, 배터리팩, 로터리해머드릴, 와이어스트리퍼, 스냅링플라이어, 콘크리트니퍼, 바이스그립플라이어",정밀드라이버세트,,,,False,,
granite4.1:8b,스위스밀리터리 수공구세트,success,공구세트,"공구세트, 전동공구세트, 공구함세트, 스패너세트, 공구함, 배터리팩, 다이스세트, 세트, 철공용드릴비트세트, 정밀드라이버세트, 로터리해머드릴, 콘크리트드릴비트세트, 와이어스트리퍼, 편구스패너, 버니어캘리퍼스",공구세트,,,,False,,
granite4.1:8b,스위스밀리터리 수공구세트,success,공구세트,"공구세트, 전동공구세트, 공구함세트, 스패너세트, 공구함, 배터리팩, 다이스세트, 세트, 철공용드릴비트세트, 정밀드라이버세트, 로터리해머드릴, 콘크리트드릴비트세트, 와이어스트리퍼, 편구스패너, 버니어캘리퍼스",공구세트,,,,False,,
granite4.1:8b,스컬킹,success,스패너,"스패너, 스크레퍼, 글루스틱, 스냅링플라이어, 스패너세트, 가스토치, 멀티테스터, 편구스패너, 다이스세트, 스프링배관청소기, 방진마스크, 버니어캘리퍼스, 와이어스트리퍼, 피스제거용비트, 바이스그립플라이어",스패너,,,,True,,
granite4.1:8b,스크래퍼,success,스크레퍼,"스크레퍼, 방진마스크, 콘크리트니퍼, 와이어스트리퍼, 버니어캘리퍼스, 니퍼, 스패너, 강력니퍼, 스냅링플라이어, 토크렌치, 카운터싱크, 앤드컷팅니퍼, 스패너세트, 편구스패너, 전자산업용니퍼",스크레퍼,,,,False,스크레퍼,True
granite4.1:8b,스크래퍼(헤라),success,스크레퍼,"스크레퍼, 방진마스크, 콘크리트니퍼, 와이어스트리퍼, 버니어캘리퍼스, 스냅링플라이어, 니퍼, 스패너, 강력니퍼, 플라이어, 바이스그립플라이어, 편구스패너, 토크렌치, 드라이버, 앤드컷팅니퍼",스크레퍼,,,,False,,
granite4.1:8b,스크레이퍼,success,스크레퍼,"스크레퍼, 와이어스트리퍼, 콘크리트니퍼, 레이저수평기, 방진마스크, 레이저거리측정기, 버니어캘리퍼스, 스냅링플라이어, 니퍼, 플라이어, 스패너, 강력니퍼, 바이스그립플라이어, 앤드컷팅니퍼, 드라이버",스크레퍼,,,,False,,
granite4.1:8b,스크레퍼,success,스크레퍼,"스크레퍼, 콘크리트니퍼, 와이어스트리퍼, 방진마스크, 버니어캘리퍼스, 니퍼, 스패너, 스냅링플라이어, 강력니퍼, 스패너세트, 카운터싱크, 토크렌치, 전자산업용니퍼, 앤드컷팅니퍼, 에어컴프레서",스크레퍼,,,,False,,
granite4.1:8b,스크루드라이버,success,드라이버,"드라이버, 전동드라이버, 임팩트드라이버, 드라이버세트, T핸드드라이버, 양용드라이버, 스크레퍼, 충전임팩트드라이버, 정밀드라이버세트, 스냅링플라이어, 플라이어, 글루스틱, 방진마스크, 바이스그립플라이어, 글루건",드라이버,,,,False,,
granite4.1:8b,스크류 드라이버 비트,success,드라이버,"드라이버, 드라이버세트, 전동드라이버, 임팩트드라이버, T핸드드라이버, 정밀드라이버세트, 양용드라이버, 충전임팩트드라이버, 스크레퍼, 드릴비트, 콘크리트용드릴비트, 비트세트, 콘크리트드릴비트세트, SDS드릴비트, 드릴비트세트",드라이버세트,,,,False,,
granite4.1:8b,스크류 전동 드라이버,success,전동드라이버,"전동드라이버, 드라이버, 드라이버세트, 임팩트드라이버, 양용드라이버, T핸드드라이버, 충전임팩트드라이버, 전동드릴, 정밀드라이버세트, 스크레퍼, 전동타카, 전동압착기, 전동공구세트, 스냅링플라이어, 방진마스크",전동드라이버,,,,False,전동드라이버,True
granite4.1:8b,"스크류 전동 드라이버 (예약시 전화주세요 02-2241-5084) 2박3일 1,000원",success,전동드라이버,"전동드라이버, 드라이버, 드라이버세트, 전동드릴, 충전임팩트드라이버, 임팩트드라이버, 양용드라이버, T핸드드라이버, 정밀드라이버세트, 스크레퍼, 전동타카, 전동압착기, 전동공구세트, 방진마스크, 스냅링플라이어",전동드라이버,,,,False,,
granite4.1:8b,스크류드라이버 비트세트,success,드라이버세트,"드라이버세트, 비트세트, 정밀드라이버세트, 드라이버, 드릴비트세트, 콘크리트드릴비트세트, 임팩트드라이버, 전동드라이버, 철공용드릴비트세트, T핸드드라이버, 충전임팩트드라이버, 양용드라이버, 플라이어세트, 스크레퍼, 다이스세트",비트세트,,,,False,,
granite4.1:8b,스크류드라이버세트,success,드라이버세트,"드라이버세트, 정밀드라이버세트, 드라이버, 전동드라이버, 임팩트드라이버, 양용드라이버, T핸드드라이버, 충전임팩트드라이버, 플라이어세트, 스크레퍼, 다이스세트, 스패너세트, 세트, 콘크리트드릴비트세트, 드릴비트세트",드라이버세트,,,,False,,
granite4.1:8b,스크류비트 세트,success,비트세트,"비트세트, 드릴비트세트, 콘크리트드릴비트세트, 세트, 스크레퍼, 철공용드릴비트세트, 스패너세트, 다이스세트, 드릴비트, 탭세트, 콘크리트용드릴비트, 피스제거용비트, 공구세트, 끌세트, SDS드릴비트",드릴비트세트,,,,False,,
granite4.1:8b,스크류세트,success,스크레퍼,"스크레퍼, 세트, 스패너세트, 다이스세트, 탭세트, 비트세트, 방진마스크, 공구세트, 끌세트, 콘크리트드릴비트세트, 공구함세트, 플라이어세트, T렌치세트, 드릴비트세트, 드라이버세트",공구세트,,,,False,,
granite4.1:8b,스크린,success,스크레퍼,"스크레퍼, 방진마스크, 카운터싱크, 토크렌치, 스패너, 콘크리트니퍼, 글루스틱, 스냅링플라이어, 스패너세트, 멀티테스터, 콘크리트드릴비트세트, 콘크리트용드릴비트, 와이어스트리퍼, 편구스패너, 스프링배관청소기",스크레퍼,,,,False,,
granite4.1:8b,스킬 함마드릴,success,해머드릴,"해머드릴, 전동드릴, 충전드릴, 임팩트드릴, 충전해머드릴, 드릴비트, 로터리해머드릴, 방진마스크, 드릴비트세트, 목공용드릴비트, SDS드릴비트, 연마석, 철공용드릴비트, 공구함, 철공용드릴비트세트",해머드릴,SKIL,,,False,해머드릴,True
granite4.1:8b,스태플,success,스냅링플라이어,"스냅링플라이어, 바이스그립플라이어, 스크레퍼, 스패너, 플라이어, 가스토치, 와이어스트리퍼, 글루스틱, 멀티테스터, 스패너세트, 워터펌프플라이어, 플라이어세트, 플라이어렌치, 편구스패너, 방진마스크",스냅링플라이어,,,,False,,
granite4.1:8b,스탠리 수공구세트,success,공구세트,"공구세트, 전동공구세트, 공구함세트, 스패너세트, 공구함, 세트, 다이스세트, 철공용드릴비트세트, 탭세트, 소켓렌치세트, T렌치세트, 별렌치세트, 볼렌치세트, 플라이어세트, 육각렌치세트",공구세트,,,,False,,
granite4.1:8b,스탠리 전기임팩트드릴,success,임팩트드릴,"임팩트드릴, 임팩트드라이버, 충전임팩트드라이버, 전동드릴, 충전드릴, 전기인두, 콘크리트드릴비트세트, 충전해머드릴, 해머드릴, 로터리해머드릴, 철공용드릴비트, 드릴비트, SDS드릴비트, 철공용드릴비트세트, 콘크리트용드릴비트",임팩트드릴,,,,False,,
granite4.1:8b,스탠리 해머드릴,success,해머드릴,"해머드릴, 로터리해머드릴, 충전해머드릴, 전동드릴, 충전드릴, 임팩트드릴, 드릴비트, SDS드릴비트, 와이어스트리퍼, 콘크리트드릴비트세트, 스패너, 드릴비트세트, 버니어캘리퍼스, 철공용드릴비트, 콘크리트용드릴비트",해머드릴,,,,False,,
granite4.1:8b,스탠리10종 라쳇드라이버,success,드라이버,"드라이버, 전동드라이버, 드라이버세트, 양용드라이버, T핸드드라이버, 임팩트드라이버, 정밀드라이버세트, 라쳇렌치세트, 냉동라쳇렌치, 충전임팩트드라이버, 스냅링플라이어, 플라이어, 바이스그립플라이어, 플라이어렌치, 롱노즈플라이어",드라이버세트,,,,False,,
granite4.1:8b,스탠리충전드릴,success,충전드릴,"충전드릴, 충전해머드릴, 전동드릴, 로터리해머드릴, 해머드릴, 임팩트드릴, 충전임팩트드라이버, SDS드릴비트, 드릴비트, 철공용드릴비트, 콘크리트드릴비트세트, 콘크리트용드릴비트, 철공용드릴비트세트, 드릴비트세트, 목공용드릴비트",충전드릴,,충전식(무선),,False,,
granite4.1:8b,스테이플러 리무버,success,테이블톱,"테이블톱, 스냅링플라이어, 와이어스트리퍼, 버니어캘리퍼스, 멀티테스터, 바이스그립플라이어, 드라이버, 플라이어, 고무망치, 전동드라이버, 스크레퍼, 워터펌프플라이어, 임팩트드라이버, 양용드라이버, 플라이어렌치",플라이어렌치,,,,False,,
granite4.1:8b,"스테플러건(타카), 심(8box)",success,건타카,"건타카, 타카, 타카핀, 손타카, 전동타카, 에어타카, 멀티테스터, 스냅링플라이어, 실리콘건, 글루건, 에어건, 테이블톱, 카운터싱크, 핸드카트, 바이스그립플라이어",에어건,,,,False,,
granite4.1:8b,스텐 헤라 3',success,스냅링플라이어,"스냅링플라이어, 스패너, 스크레퍼, 바이스그립플라이어, 스패너세트, 멀티테스터, 편구스패너, 글루스틱, 가스토치, 다이스세트, 플라이어, 방진마스크, 와이어스트리퍼, 드라이버, 플라이어렌치",스냅링플라이어,,,,True,,
granite4.1:8b,스텐 헤라 5',success,스냅링플라이어,"스냅링플라이어, 스패너, 바이스그립플라이어, 스크레퍼, 스패너세트, 멀티테스터, 편구스패너, 가스토치, 글루스틱, 다이스세트, 방진마스크, 플라이어, 드라이버, 와이어스트리퍼, 플라이어렌치",스냅링플라이어,,,,True,,
granite4.1:8b,스텐기리,success,와이어스트리퍼,"와이어스트리퍼, 버니어캘리퍼스, 스패너, 스프링배관청소기, 레이저거리측정기, 장도리, 사다리, 직소기, 스크레퍼, 수평기, 실리콘건, 스패너세트, 열풍기, 송풍기, 검전기",와이어스트리퍼,,,,True,,
granite4.1:8b,스텐기리 세트 1개,success,스패너세트,"스패너세트, 세트, 다이스세트, 기어렌치세트, 공구세트, 탭세트, 콘크리트드릴비트세트, 비트세트, 끌세트, 별렌치세트, 전동공구세트, T렌치세트, 공구함세트, 드릴비트세트, 소켓렌치세트",비트세트,,,,False,,
granite4.1:8b,스텐리 드라이버세트(6PCS),success,드라이버세트,"드라이버세트, 정밀드라이버세트, 드라이버, 전동드라이버, 양용드라이버, 임팩트드라이버, T핸드드라이버, 충전임팩트드라이버, 플라이어세트, 다이스세트, 스패너세트, SDS드릴비트, PVC컷터, 콘크리트드릴비트세트, 세트",드라이버세트,,,,False,,
granite4.1:8b,스텐파이프 커터,success,커터,"커터, 파이프렌치, 커터칼, 케이블컷터, PVC컷터, 와이어스트리퍼, 볼트컷터, 워터펌프플라이어, 타일컷터, 점프케이블, 클램프미터, 스크레퍼, 스냅링플라이어, 스프링배관청소기, 에어펌프",파이프렌치,,,,False,,
granite4.1:8b,스텐헤라,success,스냅링플라이어,"스냅링플라이어, 스패너, 스크레퍼, 스패너세트, 바이스그립플라이어, 글루스틱, 편구스패너, 멀티테스터, 다이스세트, 방진마스크, 가스토치, 드라이버, 플라이어, 와이어스트리퍼, 버니어캘리퍼스",스크레퍼,,,,False,,
granite4.1:8b,스텐헤라 3,success,스냅링플라이어,"스냅링플라이어, 스패너, 스크레퍼, 스패너세트, 바이스그립플라이어, 멀티테스터, 편구스패너, 글루스틱, 다이스세트, 방진마스크, 가스토치, 드라이버, 플라이어, 와이어스트리퍼, T핸드드라이버",스냅링플라이어,,,,True,,
granite4.1:8b,스텐헤라 5,success,스냅링플라이어,"스냅링플라이어, 스패너, 스크레퍼, 바이스그립플라이어, 스패너세트, 멀티테스터, 편구스패너, 글루스틱, 다이스세트, 드라이버, 가스토치, 방진마스크, 플라이어, 와이어스트리퍼, T핸드드라이버",스냅링플라이어,,,,True,,
granite4.1:8b,스텐헤라(경화형),success,열화상카메라,"열화상카메라, 보안경, 원형톱, A형사다리, 스냅링플라이어, 스패너, 스크레퍼, 스패너세트, 글루스틱, 바이스그립플라이어, 편구스패너, 멀티테스터, 와이어스트리퍼, 다이스세트, 방진마스크",열화상카메라,,,,True,,
granite4.1:8b,스텐헤라3,success,스냅링플라이어,"스냅링플라이어, 스패너, 스크레퍼, 스패너세트, 바이스그립플라이어, 멀티테스터, 편구스패너, 글루스틱, 다이스세트, 방진마스크, 드라이버, 가스토치, 플라이어, 와이어스트리퍼, T핸드드라이버",스냅링플라이어,,,,True,,
granite4.1:8b,스텐헤라5,success,스냅링플라이어,"스냅링플라이어, 스패너, 스크레퍼, 바이스그립플라이어, 스패너세트, 멀티테스터, 편구스패너, 글루스틱, 다이스세트, 드라이버, 방진마스크, 가스토치, 플라이어, 와이어스트리퍼, T핸드드라이버",스냅링플라이어,,,,True,,
granite4.1:8b,스텝 드릴 비트,success,드릴비트,"드릴비트, 드릴비트세트, SDS드릴비트, 목공용드릴비트, 철공용드릴비트, 철공용드릴비트세트, 콘크리트용드릴비트, 콘크리트드릴비트세트, 임팩트드릴, 전동드릴, 충전드릴, 비트세트, 피스제거용비트, 해머드릴, 충전해머드릴",드릴비트세트,,,,False,,
granite4.1:8b,스텝퍼,success,스크레퍼,"스크레퍼, 니퍼, 와이어스트리퍼, 스패너, 버니어캘리퍼스, 강력니퍼, 스패너세트, 콘크리트니퍼, 스냅링플라이어, 앤드컷팅니퍼, 전자산업용니퍼, 편구스패너, 글루스틱, 멀티테스터, 가스토치",스크레퍼,,,,False,,
granite4.1:8b,스토브,success,가스토치,"가스토치, 토크렌치, 스패너, 스크레퍼, 와이어스트리퍼, 스패너세트, 멀티테스터, 글루스틱, 스냅링플라이어, 톱, 안전로프, 스프링배관청소기, 드라이버, 다이스세트, 편구스패너",가스토치,,가스,,False,,
granite4.1:8b,스트류비트세트,success,비트세트,"비트세트, 드릴비트세트, 콘크리트드릴비트세트, 철공용드릴비트세트, 세트, 드릴비트, 스패너세트, 탭세트, 다이스세트, 끌세트, 공구세트, SDS드릴비트, T렌치세트, 드라이버세트, 피스제거용비트",드릴비트세트,,,,False,,
granite4.1:8b,스트리퍼,success,와이어스트리퍼,"와이어스트리퍼, 스크레퍼, 버니어캘리퍼스, 콘크리트니퍼, 니퍼, 스패너, 강력니퍼, 스패너세트, 스냅링플라이어, 사다리, 플라이어, 앤드컷팅니퍼, 드라이버, 전자산업용니퍼, 멀티테스터",와이어스트리퍼,,,,False,와이어스트리퍼,True
granite4.1:8b,스트립퍼,success,와이어스트리퍼,"와이어스트리퍼, 스크레퍼, 니퍼, 콘크리트니퍼, 그립망치, 버니어캘리퍼스, 바이스그립플라이어, 강력니퍼, 스패너, 스패너세트, 전자산업용니퍼, 앤드컷팅니퍼, 스냅링플라이어, 다이스세트, 글루스틱",와이어스트리퍼,,,,False,,
granite4.1:8b,스팀 청소기,success,스프링배관청소기,"스프링배관청소기, 직소기, 송풍기, 열풍기, 고압세척기, 수평기, 스패너, 스냅링플라이어, 스패너세트, 소켓렌치세트, 스크레퍼, 고속절단기, 전동압착기, 와이어스트리퍼, 피스제거용비트",스프링배관청소기,,,,False,,
granite4.1:8b,스팀 청소기 1개,success,스프링배관청소기,"스프링배관청소기, 직소기, 송풍기, 열풍기, 고압세척기, 수평기, 스냅링플라이어, 스패너세트, 스패너, 소켓렌치세트, 스크레퍼, 와이어스트리퍼, 전동압착기, 멀티테스터, 피스제거용비트",스프링배관청소기,,,,False,,
granite4.1:8b,스팀 해빙기,success,해머드릴,"해머드릴, 스프링배관청소기, 충전해머드릴, 수평기, 열풍기, 송풍기, 로터리해머드릴, 스패너, 직소기, 검전기, 스냅링플라이어, 스크레퍼, 스패너세트, 고압세척기, 글루스틱",직소기,,,,False,,
granite4.1:8b,스팀다리미,success,사다리,"사다리, A형사다리, 다림추, 다이스세트, 와이어스트리퍼, 클램프미터, 다목적가위, 버니어캘리퍼스, 장도리, 스냅링플라이어, 실리콘건, 로터리해머드릴, 스패너, 스패너세트, 스크레퍼",다목적가위,,,,False,,
granite4.1:8b,스팀해빙기,success,해머드릴,"해머드릴, 스프링배관청소기, 충전해머드릴, 수평기, 열풍기, 로터리해머드릴, 송풍기, 스패너, 직소기, 검전기, 스냅링플라이어, 스크레퍼, 고압세척기, 스패너세트, 글루스틱",직소기,,,,False,,
granite4.1:8b,스패너,success,스패너,"스패너, 스패너세트, 편구스패너, 대패, 스크레퍼, 석고대패, 스냅링플라이어, 샌더, 스프링배관청소기, 버니어캘리퍼스, 와이어스트리퍼, 멀티테스터, 글루스틱, 니퍼, 가스토치",스패너,,,,False,스패너,True
granite4.1:8b,스패너,success,스패너,"스패너, 스패너세트, 편구스패너, 대패, 스크레퍼, 석고대패, 스냅링플라이어, 샌더, 스프링배관청소기, 버니어캘리퍼스, 와이어스트리퍼, 멀티테스터, 글루스틱, 니퍼, 가스토치",스패너,,,,False,스패너,True
granite4.1:8b,스패너 12개),success,스패너,"스패너, 스패너세트, 편구스패너, 대패, 스크레퍼, 석고대패, 스냅링플라이어, 스프링배관청소기, 샌더, 멀티테스터, 와이어스트리퍼, 버니어캘리퍼스, 세트, 다이스세트, 플라이어",스패너세트,,,12개 포함,False,,
granite4.1:8b,스패너 세트,success,스패너세트,"스패너세트, 스패너, 편구스패너, 세트, 공구세트, 다이스세트, 탭세트, 플라이어세트, T렌치세트, 볼렌치세트, 공구함세트, 육각렌치세트, 드라이버세트, 전동공구세트, 비트세트",스패너세트,,,,False,,
granite4.1:8b,스패너 세트 1개,success,스패너세트,"스패너세트, 스패너, 편구스패너, 세트, 공구세트, 탭세트, 플라이어세트, 다이스세트, T렌치세트, 소켓렌치세트, 전동공구세트, 볼렌치세트, 드라이버세트, 공구함세트, 육각렌치세트",스패너세트,,,,False,,
granite4.1:8b,스패너(100mm),success,스패너,"스패너, 스패너세트, 편구스패너, 스크레퍼, 대패, 스프링배관청소기, 스냅링플라이어, 석고대패, 와이어스트리퍼, 샌더, 버니어캘리퍼스, 플라이어, 멀티테스터, 방진마스크, 육각렌치",스패너,,,100mm,False,,
granite4.1:8b,스패너(200mm),success,스패너,"스패너, 스패너세트, 편구스패너, 대패, 스크레퍼, 스냅링플라이어, 스프링배관청소기, 석고대패, 샌더, 와이어스트리퍼, 버니어캘리퍼스, 멀티테스터, 플라이어, 방진마스크, 육각렌치",스패너,,,200mm,False,스패너,True
granite4.1:8b,스패너(250mm),success,스패너,"스패너, 스패너세트, 편구스패너, 대패, 스크레퍼, 스프링배관청소기, 석고대패, 스냅링플라이어, 샌더, 와이어스트리퍼, 버니어캘리퍼스, 멀티테스터, 플라이어, 육각렌치, 커터",스패너,,,250mm,False,,
granite4.1:8b,스패너(300mm),success,스패너,"스패너, 스패너세트, 편구스패너, 스크레퍼, 대패, 스프링배관청소기, 스냅링플라이어, 와이어스트리퍼, 석고대패, 샌더, 버니어캘리퍼스, 플라이어, 멀티테스터, 바이스그립플라이어, 플라이어렌치",스패너,,,300mm,False,스패너,True
granite4.1:8b,스패너(3종),success,스패너,"스패너, 스패너세트, 편구스패너, 대패, 모종삽, 스크레퍼, 석고대패, 스프링배관청소기, 스냅링플라이어, 샌더, 와이어스트리퍼, 멀티테스터, 버니어캘리퍼스, 플라이어, 다이스세트",스패너세트,,,,False,,
granite4.1:8b,스패너(450mm),success,스패너,"스패너, 스패너세트, 편구스패너, 대패, 스크레퍼, 석고대패, 스냅링플라이어, 스프링배관청소기, 와이어스트리퍼, 샌더, 버니어캘리퍼스, 육각렌치, 플라이어, 플라이어렌치, 커터",스패너,,,450mm,False,,
granite4.1:8b,스패너(610mm),success,스패너,"스패너, 스패너세트, 편구스패너, 대패, 스크레퍼, 석고대패, 스냅링플라이어, 스프링배관청소기, 샌더, 와이어스트리퍼, 육각렌치, 버니어캘리퍼스, 멀티테스터, 직각자, 육각렌치세트",스패너,,,610mm,False,,
granite4.1:8b,스패너(크기별),success,스패너,"스패너, 스패너세트, 편구스패너, 스크레퍼, 대패, 스프링배관청소기, 석고대패, 별렌치세트, 스냅링플라이어, 방진마스크, 송풍기, 수평기, 샌더, 카운터싱크, 콘크리트니퍼",스패너,,,크기별,False,,
granite4.1:8b,스패너세트,success,스패너세트,"스패너세트, 스패너, 편구스패너, 세트, 공구세트, 다이스세트, 탭세트, 플라이어세트, T렌치세트, 공구함세트, 드라이버세트, 전동공구세트, 볼렌치세트, 육각렌치세트, 소켓렌치세트",스패너세트,,,,False,스패너세트,True
granite4.1:8b,스패너세트(14P),success,스패너세트,"스패너세트, 스패너, 편구스패너, 세트, 공구세트, 탭세트, 플라이어세트, 다이스세트, 공구함세트, 소켓렌치세트, 전동공구세트, 드라이버세트, 육각렌치세트, 별렌치세트, 볼렌치세트",스패너세트,,,14P,False,,
granite4.1:8b,스패너세트(14p),success,스패너세트,"스패너세트, 스패너, 편구스패너, 세트, 공구세트, 탭세트, 플라이어세트, 다이스세트, 공구함세트, 드라이버세트, T렌치세트, 소켓렌치세트, 별렌치세트, 육각렌치세트, 전동공구세트",스패너세트,,,14p,False,,
granite4.1:8b,스패너세트(6P),success,스패너세트,"스패너세트, 스패너, 편구스패너, 세트, 공구세트, 육각렌치세트, 탭세트, 다이스세트, 플라이어세트, 전동공구세트, 공구함세트, 소켓렌치세트, 드라이버세트, T렌치세트, 볼렌치세트",스패너세트,,,6P,False,,
granite4.1:8b,스패너세트/6PCS,success,스패너세트,"스패너세트, 스패너, 편구스패너, 세트, 공구세트, PVC컷터, 전동공구세트, 육각렌치세트, 플라이어세트, 탭세트, 다이스세트, 공구함세트, 드라이버세트, 소켓렌치세트, 비트세트",스패너세트,,,6PCS,False,,
granite4.1:8b,스패너셋,success,스패너,"스패너, 스패너세트, 편구스패너, 옵셋렌치, 대패, 다이스세트, 스크레퍼, 스냅링플라이어, 석고대패, 세트, 드라이버세트, 탭세트, 버니어캘리퍼스, 소켓렌치세트, 스프링배관청소기",스패너세트,,,,False,,
granite4.1:8b,스패너셋트,success,스패너세트,"스패너세트, 스패너, 편구스패너, 옵셋렌치, 세트, 다이스세트, 플라이어세트, T렌치세트, 대패, 드라이버세트, 소켓렌치세트, 공구세트, 볼렌치세트, 육각렌치세트, 탭세트",스패너세트,,,,False,,
granite4.1:8b,스패너셋트(10-21) 1개,success,스패너세트,"스패너세트, 스패너, 편구스패너, 옵셋렌치, 세트, 다이스세트, 탭세트, 소켓렌치세트, 대패, 플라이어세트, 드라이버세트, 공구세트, 별렌치세트, 스크레퍼, 드릴비트세트",스패너세트,,,(10-21),False,,
granite4.1:8b,스페너,success,스패너,"스패너, 스패너세트, 편구스패너, 스크레퍼, 스냅링플라이어, 버니어캘리퍼스, 글루스틱, 멀티테스터, 스프링배관청소기, 가스토치, 와이어스트리퍼, 다이스세트, 방진마스크, 피스제거용비트, 바이스그립플라이어",스패너,,,,False,,
granite4.1:8b,스페너 세트(6P),success,스패너세트,"스패너세트, 스패너, 세트, 편구스패너, 다이스세트, 탭세트, 공구세트, 육각렌치세트, 비트세트, 끌세트, 별렌치세트, 플라이어세트, T렌치세트, 공구함세트, 볼렌치세트",스패너세트,,,,False,,
granite4.1:8b,스프레이 스티커 제거제,success,피스제거용비트,"피스제거용비트, 스프링배관청소기, 스크레퍼, 에어컴프레서, 레이저거리측정기, 멀티테스터, 와이어스트리퍼, 스냅링플라이어, 스패너, 스패너세트, 레이저수평기, 편구스패너, 커터, 자전거펌프, 바이스그립플라이어",스크레퍼,,,,False,,
granite4.1:8b,스프레이접착제,success,에어컴프레서,"에어컴프레서, 스프링배관청소기, 레이저수평기, 접톱, 스크레퍼, 레이저거리측정기, 전동압착기, 스냅링플라이어, 피스제거용비트, 목공용접톱, 파이프렌치, 워터펌프플라이어, 바이스그립플라이어, 와이어스트리퍼, 왕복톱(레시프로쏘)",전동압착기,,,,False,,
granite4.1:8b,스프링 청소기,success,스프링배관청소기,"스프링배관청소기, 직소기, 스냅링플라이어, 송풍기, 스패너세트, 스패너, 에어펌프, 열풍기, 수평기, 고압세척기, 자전거펌프, 워터펌프플라이어, 스크레퍼, F클램프, 클램프미터",스프링배관청소기,,,,False,,
granite4.1:8b,스프링청소기,success,스프링배관청소기,"스프링배관청소기, 직소기, 스냅링플라이어, 송풍기, 스패너세트, 스패너, 열풍기, 수평기, 고압세척기, 에어펌프, 워터펌프플라이어, 스크레퍼, F클램프, 소켓렌치세트, 에어컴프레서",스프링배관청소기,,,,False,스프링배관청소기,True
granite4.1:8b,"스프링청소기(주방,하수구)",success,스프링배관청소기,"스프링배관청소기, 직소기, 스냅링플라이어, 수평기, 디지털수평기, 방진마스크, 레이저수평기, 편구스패너, 송풍기, 고압세척기, 워터펌프플라이어, 열풍기, 자전거펌프, 에어펌프, 스패너세트",스프링배관청소기,,,,False,,
granite4.1:8b,스프링청소기20M,success,스프링배관청소기,"스프링배관청소기, 직소기, 스냅링플라이어, 송풍기, 스패너세트, 워터펌프플라이어, 클램프미터, 수평기, 에어펌프, 스패너, 고압세척기, 열풍기, 자전거펌프, F클램프, 에어컴프레서",스프링배관청소기,,,,False,,
granite4.1:8b,스피녀 핸들 1개,success,피스제거용비트,"피스제거용비트, 핸드카트, T핸드드라이버, 스패너, 스패너세트, 스크레퍼, 스냅링플라이어, 편구스패너, 글루스틱, 스프링배관청소기, 와이어스트리퍼, 가스토치, 방진마스크, 멀티테스터, 버니어캘리퍼스",스패너,,,,False,,
granite4.1:8b,슬레지해머(함마),success,해머드릴,"해머드릴, 충전해머드릴, 로터리해머드릴, 공구함, 연마석, 스크레퍼, 공구함세트, 쇠지렛대, 레이저수평기, 레이저거리측정기, 전지가위, 방진마스크, 고지가위, 디지털수평기, 에어컴프레서",쇠지렛대,,,,False,,
granite4.1:8b,슬립 조인트 프라이어,success,플라이어,"플라이어, 바이스그립플라이어, 플라이어세트, 스냅링플라이어, 플라이어렌치, 워터펌프플라이어, 롱노즈플라이어, 굽은노즈플라이어, 다이아고날플라이어, 와이어스트리퍼, 임팩트드라이버, 드라이버, 앵글그라인더, 그립망치, 드라이버세트",플라이어,,,,False,,
granite4.1:8b,시계 드라이버 셋트,success,드라이버세트,"드라이버세트, 드라이버, 정밀드라이버세트, 전동드라이버, 임팩트드라이버, 양용드라이버, T핸드드라이버, 충전임팩트드라이버, 플라이어세트, 플라이어, 드릴비트세트, 콘크리트드릴비트세트, 옵셋렌치, 다이스세트, 플라이어렌치",드라이버세트,,,,False,,
granite4.1:8b,시계DR세트,success,세트,"세트, 탭세트, 비트세트, 끌세트, 드릴비트세트, 공구세트, 다이스세트, 드라이버세트, T렌치세트, 공구함세트, 전동공구세트, 별렌치세트, 플라이어세트, 콘크리트드릴비트세트, 스패너세트",드라이버세트,,,,False,,
granite4.1:8b,시계드라이버,success,드라이버,"드라이버, 전동드라이버, 양용드라이버, 임팩트드라이버, 드라이버세트, T핸드드라이버, 충전임팩트드라이버, 정밀드라이버세트, 플라이어, 다이아고날플라이어, 스냅링플라이어, 워터펌프플라이어, 플라이어렌치, 롱노즈플라이어, 바이스그립플라이어",드라이버,,,,False,,
granite4.1:8b,시계드라이버 set,success,드라이버,"드라이버, 드라이버세트, 전동드라이버, 양용드라이버, 정밀드라이버세트, T핸드드라이버, 임팩트드라이버, 충전임팩트드라이버, 플라이어세트, 플라이어, 스냅링플라이어, 다이아고날플라이어, 플라이어렌치, 워터펌프플라이어, 드릴비트세트",드라이버세트,,,,False,,
granite4.1:8b,시계드라이버 셋,success,드라이버,"드라이버, 드라이버세트, 전동드라이버, 양용드라이버, 임팩트드라이버, T핸드드라이버, 정밀드라이버세트, 충전임팩트드라이버, 플라이어, 플라이어세트, 옵셋렌치, 플라이어렌치, 다이아고날플라이어, 스냅링플라이어, 워터펌프플라이어",드라이버세트,,,,False,,
granite4.1:8b,시계드라이버(6PC),success,드라이버,"드라이버, 전동드라이버, 드라이버세트, 양용드라이버, 임팩트드라이버, T핸드드라이버, 충전임팩트드라이버, 정밀드라이버세트, PVC컷터, 플라이어, 다이아고날플라이어, 워터펌프플라이어, 스냅링플라이어, 플라이어세트, 롱노즈플라이어",드라이버세트,,,,False,,
granite4.1:8b,시계드라이버세트,success,드라이버세트,"드라이버세트, 정밀드라이버세트, 드라이버, 전동드라이버, 양용드라이버, 임팩트드라이버, T핸드드라이버, 충전임팩트드라이버, 플라이어세트, 세트, 다이스세트, 드릴비트세트, 공구세트, 비트세트, 탭세트",드라이버세트,,,,False,,
granite4.1:8b,시계드라이버세트(NO-930),success,드라이버세트,"드라이버세트, 정밀드라이버세트, 드라이버, 전동드라이버, 임팩트드라이버, 양용드라이버, T핸드드라이버, 충전임팩트드라이버, 플라이어세트, 세트, 드릴비트세트, 다이스세트, 공구세트, 탭세트, 콘크리트드릴비트세트",드라이버세트,,,,False,,
granite4.1:8b,실납,success,실리콘건,"실리콘건, 납볼망치, 대패, 충전드릴, 전동드릴, 드릴비트, SDS드릴비트, 타일컷터, 전동압착기, F클램프, 충전해머드릴, 줄자, 송풍기, 공구함, 드라이버",납볼망치,,,,False,,
granite4.1:8b,실란트 건,success,실리콘건,"실리콘건, 글루건, 에어건, 건타카, 드릴비트, 드릴비트세트, 콘크리트드릴비트세트, 콘크리트용드릴비트, 비트세트, 철공용드릴비트세트, 세트, SDS드릴비트, 볼트컷터, 철공용드릴비트, 핸드카트",실리콘건,,,,False,,
granite4.1:8b,실리콘 건,success,실리콘건,"실리콘건, 글루건, 에어건, 콘크리트니퍼, 콘크리트용드릴비트, 건타카, 콘크리트드릴비트세트, 배터리팩, 버니어캘리퍼스, 사다리, 와이어스트리퍼, 로터리해머드릴, 드릴비트, 드릴비트세트, 글루스틱",실리콘건,,,,False,실리콘건,True
granite4.1:8b,실리콘 건,success,실리콘건,"실리콘건, 글루건, 에어건, 콘크리트니퍼, 콘크리트용드릴비트, 건타카, 콘크리트드릴비트세트, 배터리팩, 버니어캘리퍼스, 사다리, 와이어스트리퍼, 로터리해머드릴, 드릴비트, 드릴비트세트, 글루스틱",실리콘건,,,,False,실리콘건,True
granite4.1:8b,실리콘 건 (카탓형),success,실리콘건,"실리콘건, 건타카, A형사다리, 에어건, 원형톱, 콘크리트니퍼, 콘크리트용드릴비트, 콘크리트드릴비트세트, 타카, 전동타카, 글루건, 핸드카트, 손타카, 카운터싱크, 배터리팩",실리콘건,,,,False,,
granite4.1:8b,실리콘 건 1개,success,실리콘건,"실리콘건, 글루건, 에어건, 콘크리트니퍼, 콘크리트용드릴비트, 콘크리트드릴비트세트, 건타카, 배터리팩, 버니어캘리퍼스, 와이어스트리퍼, 사다리, 로터리해머드릴, 드릴비트세트, 드릴비트, A형사다리",실리콘건,,,,False,,
granite4.1:8b,실리콘 기기,success,실리콘건,"실리콘건, 직소기, 열풍기, 수평기, 검전기, 송풍기, 고속절단기, 콘크리트니퍼, 전기인두, 고압세척기, 기어렌치세트, 레이저거리측정기, 전동압착기, 디지털수평기, 콘크리트용드릴비트",실리콘건,,,,False,,
granite4.1:8b,실리콘 제거기,success,실리콘건,"실리콘건, 피스제거용비트, 레이저거리측정기, 콘크리트니퍼, 콘크리트용드릴비트, 콘크리트드릴비트세트, 고속절단기, 직소기, 스프링배관청소기, 열풍기, 고압세척기, 자전거펌프, 수평기, 타일컷터, 와이어스트리퍼",실리콘건,,,,False,,
granite4.1:8b,실리콘 제거제,success,실리콘건,"실리콘건, 피스제거용비트, 콘크리트용드릴비트, 콘크리트니퍼, 콘크리트드릴비트세트, 레이저거리측정기, 자전거펌프, 와이어스트리퍼, SDS드릴비트, 타일컷터, 버니어캘리퍼스, 고속절단기, 드릴비트세트, 드릴비트, 배터리팩",콘크리트니퍼,,,,False,,
granite4.1:8b,실리콘 총,success,실리콘건,"실리콘건, 콘크리트니퍼, 콘크리트드릴비트세트, 콘크리트용드릴비트, 버니어캘리퍼스, 와이어스트리퍼, 사다리, 배터리팩, 로터리해머드릴, A형사다리, 타일컷터, 도끼, 줄자, LED투광기, 절단석",실리콘건,,,,False,,
granite4.1:8b,실리콘건,success,실리콘건,"실리콘건, 에어건, 글루건, 콘크리트니퍼, 콘크리트용드릴비트, 콘크리트드릴비트세트, 건타카, 배터리팩, 버니어캘리퍼스, 와이어스트리퍼, 사다리, 드릴비트, 로터리해머드릴, 드릴비트세트, 고무망치",실리콘건,,,,False,실리콘건,True
granite4.1:8b,실리콘건,success,실리콘건,"실리콘건, 에어건, 글루건, 콘크리트니퍼, 콘크리트용드릴비트, 콘크리트드릴비트세트, 건타카, 배터리팩, 버니어캘리퍼스, 와이어스트리퍼, 사다리, 드릴비트, 로터리해머드릴, 드릴비트세트, 고무망치",실리콘건,,,,False,실리콘건,True
granite4.1:8b,실리콘건 1개,success,실리콘건,"실리콘건, 에어건, 글루건, 콘크리트니퍼, 콘크리트드릴비트세트, 콘크리트용드릴비트, 건타카, 배터리팩, 버니어캘리퍼스, 와이어스트리퍼, 사다리, 드릴비트세트, 로터리해머드릴, 고무망치, 드릴비트",실리콘건,,,,False,,
granite4.1:8b,실리콘건(&심),success,실리콘건,"실리콘건, 에어건, 글루건, 콘크리트니퍼, 콘크리트용드릴비트, 콘크리트드릴비트세트, 건타카, 버니어캘리퍼스, 와이어스트리퍼, 배터리팩, 드릴비트세트, 드릴비트, SDS드릴비트, 로터리해머드릴, 철공용드릴비트세트",실리콘건,,,,False,,
granite4.1:8b,실리콘건(1),success,실리콘건,"실리콘건, 에어건, 글루건, 콘크리트니퍼, 콘크리트용드릴비트, 콘크리트드릴비트세트, 건타카, 배터리팩, 버니어캘리퍼스, 와이어스트리퍼, 사다리, 로터리해머드릴, 고무망치, 드릴비트, 드릴비트세트",실리콘건,,,,False,,
granite4.1:8b,실리콘건(실리콘x),success,실리콘건,"실리콘건, 콘크리트니퍼, 콘크리트용드릴비트, 글루건, 콘크리트드릴비트세트, 에어건, 배터리팩, 버니어캘리퍼스, 와이어스트리퍼, 드릴비트, 드릴비트세트, SDS드릴비트, 사다리, 건타카, 고무망치",실리콘건,,,,False,,
granite4.1:8b,실리콘바이오,success,실리콘건,"실리콘건, 바이스그립플라이어, 콘크리트니퍼, 콘크리트용드릴비트, 콘크리트드릴비트세트, 와이어스트리퍼, 버니어캘리퍼스, 다이아고날플라이어, 스냅링플라이어, 배터리팩, SDS드릴비트, 다이스세트, 드라이버, 테이블톱, 사다리",실리콘건,,,,False,,
granite4.1:8b,실리콘분사기,success,실리콘건,"실리콘건, 사다리, 직소기, 고속절단기, A형사다리, 콘크리트니퍼, 고압세척기, 열풍기, 콘크리트용드릴비트, 콘크리트드릴비트세트, 검전기, 송풍기, 수평기, LED투광기, 스프링배관청소기",실리콘건,,,,False,,
granite4.1:8b,실리콘진,success,실리콘건,"실리콘건, 방진마스크, 콘크리트니퍼, 콘크리트용드릴비트, 콘크리트드릴비트세트, 버니어캘리퍼스, 와이어스트리퍼, 사다리, 배터리팩, 드릴비트, SDS드릴비트, A형사다리, 드릴비트세트, 로터리해머드릴, 글루스틱",실리콘건,,,,False,,
granite4.1:8b,실타카,success,타카,"타카, 건타카, 손타카, 전동타카, 에어타카, 타카핀, 실리콘건, 타일컷터, 핸드카트, 카운터싱크, 열화상카메라, 줄자, 직각자, 열풍기, 드릴비트",타카,,,,False,,
granite4.1:8b,실톱,success,톱,"톱, 실리콘건, 접톱, 쇠톱, 전정톱, 원형톱, 테이블톱, 목공톱, 목공용접톱, 왕복톱(레시프로쏘), 드릴비트, SDS드릴비트, 도끼, 전동타카, 타일컷터",실리콘건,,,,False,,
granite4.1:8b,실톱(쇠톱),success,쇠톱,"쇠톱, 접톱, 톱, 테이블톱, 전정톱, 원형톱, 목공톱, 왕복톱(레시프로쏘), 목공용접톱, 쇠지렛대, 실리콘건, 도끼, 사다리, SDS드릴비트, 가스토치",쇠톱,,,,False,,
granite4.1:8b,실톱세트,success,세트,"세트, 탭세트, 끌세트, 공구세트, 비트세트, 드릴비트세트, 다이스세트, 실리콘건, 공구함세트, 전동공구세트, 스패너세트, 톱, 볼렌치세트, T렌치세트, 접톱",톱,,,,False,,
granite4.1:8b,십자 드라이버,success,드라이버,"드라이버, 전동드라이버, 양용드라이버, 드라이버세트, 임팩트드라이버, T핸드드라이버, 충전임팩트드라이버, 정밀드라이버세트, 플라이어, 줄자, 직각자, 플라이어세트, 플라이어렌치, 롱노즈플라이어, 굽은노즈플라이어",T핸드드라이버,,,,False,,
granite4.1:8b,십자드라이버,success,드라이버,"드라이버, 전동드라이버, 양용드라이버, 임팩트드라이버, 드라이버세트, T핸드드라이버, 정밀드라이버세트, 충전임팩트드라이버, 플라이어, 직각자, 줄자, 롱노즈플라이어, 굽은노즈플라이어, 바이스그립플라이어, 플라이어세트",드라이버,,,,False,,
granite4.1:8b,십자드라이버(15cm),success,드라이버,"드라이버, 양용드라이버, 전동드라이버, T핸드드라이버, 드라이버세트, 임팩트드라이버, 정밀드라이버세트, 충전임팩트드라이버, 플라이어, 직각자, 워터펌프플라이어, 롱노즈플라이어, 굽은노즈플라이어, 플라이어렌치, 플라이어세트",드라이버,,,길이 15cm,False,,
granite4.1:8b,십자드라이버(대),success,드라이버,"드라이버, 전동드라이버, 양용드라이버, 드라이버세트, 임팩트드라이버, T핸드드라이버, 정밀드라이버세트, 충전임팩트드라이버, 플라이어, 대패, 직각자, 줄자, 롱노즈플라이어, 바이스그립플라이어, 워터펌프플라이어",T핸드드라이버,,,,False,,
granite4.1:8b,"쌍발 발펌프(자전거,공,튜브)",success,자전거펌프,"자전거펌프, 에어펌프, 워터펌프플라이어, 목공톱, F클램프, 클램프미터, 전동공구세트, 전정톱, 안전로프, 왕복톱(레시프로쏘), 전동드릴, 전동드라이버, 점프케이블, 전동압착기, 전자산업용니퍼",자전거펌프,,,,False,,
granite4.1:8b,아나로그 테스터기,success,멀티테스터,"멀티테스터, 다이아고날플라이어, 테이블톱, 앵글그라인더, 라돈측정기, 로터리해머드릴, 안전로프, 송풍기, 열풍기, 직소기, 바이스그립플라이어, 검전기, 전동압착기, 그립망치, LED투광기",멀티테스터,,,,False,,
granite4.1:8b,아나로그테스터기,success,멀티테스터,"멀티테스터, 다이아고날플라이어, 앵글그라인더, 테이블톱, 라돈측정기, 송풍기, 안전로프, 검전기, 바이스그립플라이어, 직소기, 열풍기, 로터리해머드릴, 전동압착기, LED투광기, 그립망치",멀티테스터,,,,False,,
granite4.1:8b,아날로그 테스터기,success,멀티테스터,"멀티테스터, 다이아고날플라이어, 테이블톱, 송풍기, 전동압착기, 로터리해머드릴, 직소기, 앵글그라인더, 라돈측정기, 검전기, 열풍기, 레이저거리측정기, 디지털수평기, 카운터싱크, 클램프미터",검전기,,,,False,,
granite4.1:8b,아이스박스,success,다이스세트,"다이스세트, 바이스그립플라이어, 글루스틱, 가스토치, 스패너, 스냅링플라이어, 스크레퍼, 편구스패너, 멀티테스터, 다이아고날플라이어, 와이어스트리퍼, 방진마스크, 스패너세트, 피스제거용비트, 버니어캘리퍼스",다이스세트,,,,False,,
granite4.1:8b,아이스박스 21L,success,다이스세트,"다이스세트, 바이스그립플라이어, 글루스틱, 스냅링플라이어, 스패너, 스크레퍼, 가스토치, 다이아고날플라이어, LED투광기, 방진마스크, 편구스패너, 와이어스트리퍼, 스패너세트, 멀티테스터, 피스제거용비트",다이아고날플라이어,,,,False,,
granite4.1:8b,아이스박스(54L),success,다이스세트,"다이스세트, 바이스그립플라이어, 글루스틱, 스패너, 가스토치, 스냅링플라이어, 스패너세트, 다이아고날플라이어, 멀티테스터, 스크레퍼, 와이어스트리퍼, 방진마스크, LED투광기, 편구스패너, 피스제거용비트",다이스세트,,,,False,,
granite4.1:8b,아이스쿨러,success,다이스세트,"다이스세트, 바이스그립플라이어, 다이아고날플라이어, 와이어스트리퍼, 스냅링플라이어, 스크레퍼, 스패너, 플라이어, 드라이버, 편구스패너, 글루스틱, 임팩트드라이버, 멀티테스터, 케이블컷터, 스패너세트",다이스세트,,,,True,,
granite4.1:8b,아임삭 비트세트,success,비트세트,"비트세트, 드릴비트세트, 철공용드릴비트세트, 콘크리트드릴비트세트, 세트, 드릴비트, 탭세트, 다이스세트, 피스제거용비트, 임팩트드릴, 끌세트, 목공용드릴비트, 공구세트, 볼렌치세트, 플라이어세트",비트세트,아임삭,,,False,비트세트,True
granite4.1:8b,아임삭 충전 드릴(무선),success,충전드릴,"충전드릴, 충전해머드릴, 충전임팩트드라이버, 임팩트드릴, 전동드릴, 전선릴, 해머드릴, 드릴비트, 목공용드릴비트, 드릴비트세트, 철공용드릴비트, 로터리해머드릴, SDS드릴비트, 철공용드릴비트세트, 콘크리트용드릴비트",충전드릴,아임삭,충전식(무선),,False,충전드릴,True
granite4.1:8b,아임삭 충전 임팩 드라이버,success,충전임팩트드라이버,"충전임팩트드라이버, 임팩트드라이버, 임팩트드릴, 드라이버, 전동드라이버, 충전드릴, 양용드라이버, 드라이버세트, 충전해머드릴, T핸드드라이버, 정밀드라이버세트, 배터리팩, 다이아고날플라이어, 플라이어, 바이스그립플라이어",충전임팩트드라이버,아임삭,충전식(무선),,False,충전임팩트드라이버,True
granite4.1:8b,아임삭 충전드릴,success,충전드릴,"충전드릴, 충전해머드릴, 충전임팩트드라이버, 임팩트드릴, 전동드릴, 해머드릴, 드릴비트, 로터리해머드릴, 목공용드릴비트, 철공용드릴비트, 드릴비트세트, 철공용드릴비트세트, 전선릴, SDS드릴비트, 임팩트드라이버",충전드릴,아임삭,충전식(무선),,False,충전드릴,True
granite4.1:8b,아임삭 콤보드릴,success,임팩트드릴,"임팩트드릴, 해머드릴, 전동드릴, 충전드릴, 충전해머드릴, 드릴비트, 로터리해머드릴, 목공용드릴비트, 철공용드릴비트, 드릴비트세트, 임팩트드라이버, SDS드릴비트, 철공용드릴비트세트, 콘크리트드릴비트세트, 충전임팩트드라이버",임팩트드릴,아임삭,,,False,충전드릴,False
granite4.1:8b,아임삭충전드릴,success,충전드릴,"충전드릴, 충전해머드릴, 임팩트드릴, 전동드릴, 충전임팩트드라이버, 해머드릴, 철공용드릴비트, 목공용드릴비트, 로터리해머드릴, 드릴비트, 철공용드릴비트세트, 드릴비트세트, SDS드릴비트, 콘크리트드릴비트세트, 콘크리트용드릴비트",충전드릴,아임삭,충전식(무선),,False,충전드릴,True
granite4.1:8b,아크용접기,success,목공용접톱,"목공용접톱, 접톱, 콘크리트용드릴비트, 토크렌치, 수평기, 카운터싱크, 스크레퍼, 전동압착기, 열풍기, 철공용드릴비트, 다이아고날플라이어, 직소기, 송풍기, 레이저수평기, 검전기",목공용접톱,,,,False,,
granite4.1:8b,아크용접기 세트,success,목공용접톱,"목공용접톱, 세트, 공구세트, 기어렌치세트, 철공용드릴비트세트, 콘크리트드릴비트세트, 끌세트, 탭세트, 비트세트, 공구함세트, 전동공구세트, 스패너세트, 드릴비트세트, 다이스세트, 플라이어세트",전동공구세트,,,,False,,
granite4.1:8b,아티카 전동 임팩드릴(IP-0909),success,임팩트드릴,"임팩트드릴, 전동드릴, 전동타카, 임팩트드라이버, 충전임팩트드라이버, 충전드릴, 전동드라이버, 전동압착기, 해머드릴, 충전해머드릴, 전동공구세트, 로터리해머드릴, 드릴비트, 철공용드릴비트, 전선릴",임팩트드릴,아임삭,,,False,,
granite4.1:8b,아펙슨 손타카 AT-519,success,손타카,"손타카, 타카, 에어타카, 건타카, 전동타카, 타카핀, A형사다리, LED손전등, T핸드드라이버, 핸드카트, 타일컷터, 카운터싱크, 다이아고날플라이어, 접톱, 열화상카메라",손타카,,,,False,,
granite4.1:8b,안면보안경,success,보안경,"보안경, 안전모, 안전장갑, 안전로프, 방진마스크, 옵셋렌치, 에어건, 레이저거리측정기, LED손전등, 별렌치세트, 그립망치, 만능렌치, 렌치, 볼트컷터, 에어펌프",보안경,,,,False,,
granite4.1:8b,안전그네전신형 (원터치형),success,원형톱,"원형톱, 안전모, 안전장갑, 안전로프, A형사다리, 전정톱, 전동압착기, 전동타카, 전동드릴, 그립망치, 전선릴, 검전기, 보안경, 전동공구세트, 충전드릴",전동드릴,,,,False,,
granite4.1:8b,안전띠,success,안전모,"안전모, 안전장갑, 안전로프, 보안경, 전동드릴, 전동타카, 전정톱, 충전드릴, 전동압착기, 전동드라이버, 전선릴, 전동공구세트, LED손전등, 충전해머드릴, 검전기",안전로프,,,,False,,
granite4.1:8b,안전로프,success,안전로프,"안전로프, 안전모, 안전장갑, 보안경, 왕복톱(레시프로쏘), F클램프, 자전거펌프, 점프케이블, 에어펌프, 전정톱, 로터리해머드릴, 파이프렌치, 클램프미터, LED손전등, 전선릴",안전로프,,,,False,안전로프,True
granite4.1:8b,안전모,success,안전모,"안전모, 안전로프, 안전장갑, 보안경, 모종삽, 방진마스크, 전정톱, 전동압착기, LED손전등, 충전해머드릴, 충전드릴, 전동드릴, 전동타카, 전지가위, 전동공구세트",안전모,,,,False,안전모,True
granite4.1:8b,알루미늄 클러치 목발,success,클램프미터,"클램프미터, 목공줄, 빠루망치, 목공톱, F클램프, 글루건, 글루스틱, 목공용접톱, 목공용드릴비트, 돌망치, 망치, 다목적가위, 렌치, 그립망치, 고무망치",목공용드릴비트,,,,False,,
granite4.1:8b,알루미늄 파이프렌치(250mm),success,파이프렌치,"파이프렌치, 플라이어렌치, 렌치, 육각렌치, 볼렌치, 옵셋렌치, 토크렌치, 만능렌치, 몽키렌치, 볼렌치세트, 별렌치세트, 육각렌치세트, 조합렌치세트, 냉동라쳇렌치, 클램프미터",파이프렌치,,,"알루미늄, 길이 250mm",False,,
granite4.1:8b,알루미늄 파이프렌치(350mm),success,파이프렌치,"파이프렌치, 플라이어렌치, 렌치, 육각렌치, 옵셋렌치, 만능렌치, 몽키렌치, 토크렌치, 볼렌치, 육각렌치세트, 별렌치세트, 조합렌치세트, 볼렌치세트, 클램프미터, 냉동라쳇렌치",파이프렌치,,,"알루미늄, 길이 350mm",False,,
granite4.1:8b,알루미늄 파이프렌치(450mm),success,파이프렌치,"파이프렌치, 플라이어렌치, 렌치, 육각렌치, 옵셋렌치, 만능렌치, 토크렌치, 볼렌치, 육각렌치세트, 몽키렌치, 별렌치세트, 냉동라쳇렌치, 볼렌치세트, 조합렌치세트, 클램프미터",파이프렌치,,,"알루미늄, 길이 450mm",False,,
granite4.1:8b,알루미늄파이프렌치,success,파이프렌치,"파이프렌치, 플라이어렌치, 렌치, 육각렌치, 볼렌치, 옵셋렌치, 토크렌치, 만능렌치, 몽키렌치, 별렌치세트, 볼렌치세트, 조합렌치세트, 빠루망치, 육각렌치세트, 냉동라쳇렌치",파이프렌치,,,,False,,
granite4.1:8b,알미늄 사다리 1개,success,사다리,"사다리, A형사다리, 클램프미터, 다목적가위, 다림추, 실리콘건, 로터리해머드릴, 콘크리트니퍼, 배터리팩, 다이아고날플라이어, 버니어캘리퍼스, 목공줄, 콘크리트드릴비트세트, 콘크리트용드릴비트, 와이어스트리퍼",사다리,,,,False,,
granite4.1:8b,알미늄톱,success,톱,"톱, 전정톱, 목공톱, 쇠톱, 접톱, 원형톱, 테이블톱, 클램프미터, 목공용접톱, 왕복톱(레시프로쏘), 실리콘건, 도끼, 철판가위, 콘크리트니퍼, 충전해머드릴",톱,,,,False,,
granite4.1:8b,알미늄톱(만능톱),success,만능렌치,"만능렌치, 톱, 전정톱, 쇠톱, 원형톱, 테이블톱, 목공톱, 접톱, 왕복톱(레시프로쏘), 목공용접톱, 클램프미터, 모종삽, LED투광기, 다목적가위, LED손전등",만능렌치,,,,False,,
granite4.1:8b,알미늄톱대,success,톱,"톱, 대패, 전정톱, 테이블톱, 원형톱, 목공톱, 접톱, 쇠톱, 쇠지렛대, 클램프미터, 석고대패, 목공용접톱, 왕복톱(레시프로쏘), 실리콘건, 철판가위",목공용접톱,,,,False,,
granite4.1:8b,알패드33 테이블용 스탠드,success,테이블톱,"테이블톱, 점프케이블, 케이블컷터, 멀티테스터, 대패, 양용드라이버, 스패너, 편구스패너, 스패너세트, 철공용드릴비트, T핸드드라이버, 충전드릴, 목공용드릴비트, 철공용드릴비트세트, 전동드릴",테이블톱,,,,False,,
granite4.1:8b,암갓다,success,다림추,"다림추, 사다리, A형사다리, 다목적가위, 다이스세트, 다이아고날플라이어, 모종삽, 앵글그라인더, 에어건, 안전장갑, 토크렌치, 쇠지렛대, 줄자, 직각자, 탭세트",다이아고날플라이어,,,,False,,
granite4.1:8b,암갓다,success,다림추,"다림추, 사다리, A형사다리, 다목적가위, 다이스세트, 다이아고날플라이어, 모종삽, 앵글그라인더, 에어건, 안전장갑, 토크렌치, 쇠지렛대, 줄자, 직각자, 탭세트",다이아고날플라이어,,,,False,,
granite4.1:8b,암갓다(암커터),success,커터,"커터, 커터칼, 볼트컷터, 케이블컷터, PVC컷터, 타일컷터, 다림추, 사다리, 다이스세트, A형사다리, 다목적가위, 멀티테스터, 클램프미터, 배터리팩, 카운터싱크",커터,,,,False,,
granite4.1:8b,암커터,success,커터,"커터, 커터칼, 케이블컷터, 볼트컷터, PVC컷터, 타일컷터, 카운터싱크, 멀티테스터, 클램프미터, 로터리해머드릴, 에어컴프레서, 앤드컷팅니퍼, 배터리팩, 워터펌프플라이어, 센터펀치",커터칼,,,,False,,
granite4.1:8b,암파이프렌치 18,success,파이프렌치,"파이프렌치, 렌치, 플라이어렌치, 토크렌치, 몽키렌치, 육각렌치, 옵셋렌치, 만능렌치, 볼렌치, 별렌치세트, 냉동라쳇렌치, 육각렌치세트, 소켓렌치세트, 조합렌치세트, 볼렌치세트",파이프렌치,,,,False,,
granite4.1:8b,암파이프렌치 18인치,success,파이프렌치,"파이프렌치, 렌치, 플라이어렌치, 육각렌치, 몽키렌치, 토크렌치, 옵셋렌치, 만능렌치, 볼렌치, 육각렌치세트, 별렌치세트, 냉동라쳇렌치, 볼렌치세트, 조합렌치세트, 소켓렌치세트",파이프렌치,,,18인치,False,파이프렌치,True
granite4.1:8b,압착기,success,전동압착기,"전동압착기, 고압세척기, 송풍기, 검전기, 열풍기, 수평기, 직소기, 고속절단기, 라돈측정기, LED투광기, 레이저거리측정기, 레이저수평기, 디지털수평기, 스프링배관청소기, 전기인두",전동압착기,,,,False,,
granite4.1:8b,압착펜치,success,펜치,"펜치, 전동압착기, 렌치, 옵셋렌치, 핀펀치, 만능렌치, 몽키렌치, 육각렌치, 토크렌치, 볼렌치세트, 볼렌치, 플라이어렌치, 파이프렌치, 그립망치, 망치",전동압착기,,,,False,,
granite4.1:8b,압축기 2개,success,전동압착기,"전동압착기, 고압세척기, 송풍기, 열풍기, 수평기, 검전기, 직소기, 라돈측정기, 고속절단기, 전기인두, 레이저수평기, 디지털수평기, LED투광기, 기어렌치세트, 레이저거리측정기",전동압착기,,,,False,,
granite4.1:8b,앙카드릴,success,해머드릴,"해머드릴, 전동드릴, 충전드릴, 임팩트드릴, 충전해머드릴, 드릴비트, 로터리해머드릴, 드릴비트세트, 목공용드릴비트, 핸드카트, 철공용드릴비트, SDS드릴비트, 콘크리트드릴비트세트, 철공용드릴비트세트, 콘크리트용드릴비트",전동드릴,,,,False,,
granite4.1:8b,앙카함마드릴,success,해머드릴,"해머드릴, 전동드릴, 충전드릴, 임팩트드릴, 충전해머드릴, 드릴비트, 로터리해머드릴, 목공용드릴비트, 공구함, 드릴비트세트, 연마석, 철공용드릴비트, SDS드릴비트, 핸드카트, 공구함세트",충전해머드릴,,충전식(무선),,False,,
granite4.1:8b,애견 이발기,success,레이저수평기,"레이저수평기, 레이저거리측정기, 열풍기, 송풍기, 수평기, 직소기, 전기인두, 검전기, 고압세척기, 전동압착기, 고속절단기, LED투광기, 라돈측정기, 드라이버, 디지털수평기",드라이버,,,,False,,
granite4.1:8b,앵글 그라인더,success,앵글그라인더,"앵글그라인더, 샌더, 그립망치, 글루건, 글루스틱, 플라이어, 플라이어렌치, 바이스그립플라이어, 스냅링플라이어, 전기인두, 굽은노즈플라이어, 롱노즈플라이어, 앤드컷팅니퍼, T핸드드라이버, 다이아고날플라이어",앵글그라인더,,,,False,,
granite4.1:8b,앵글(디스크) 그라인더,success,앵글그라인더,"앵글그라인더, 스크레퍼, 샌더, 글루스틱, 스냅링플라이어, 그립망치, 바이스그립플라이어, 방진마스크, 플라이어렌치, 디지털수평기, 글루건, 콘크리트니퍼, 플라이어, 양용드라이버, 카운터싱크",앵글그라인더,,,,False,,
granite4.1:8b,앵글그라인다,success,앵글그라인더,"앵글그라인더, 글루스틱, 그립망치, 글루건, 전기인두, 바이스그립플라이어, 다이아고날플라이어, A형사다리, 사다리, 스냅링플라이어, T핸드드라이버, 롱노즈플라이어, 다림추, 앤드컷팅니퍼, F클램프",앵글그라인더,,,,False,,
granite4.1:8b,앵글그라인더,success,앵글그라인더,"앵글그라인더, 샌더, 그립망치, 바이스그립플라이어, 글루건, 글루스틱, 스냅링플라이어, 플라이어, 플라이어렌치, 전기인두, T핸드드라이버, 롱노즈플라이어, 앤드컷팅니퍼, 다이아고날플라이어, 드라이버",앵글그라인더,,,,False,앵글그라인더,True
granite4.1:8b,앵글그라인더(고글 포함),success,앵글그라인더,"앵글그라인더, 글루건, 글루스틱, 샌더, 그립망치, 바이스그립플라이어, 다이아고날플라이어, 고무망치, 스냅링플라이어, 굽은노즈플라이어, 공구함, 롱노즈플라이어, 플라이어, 플라이어렌치, 전기인두",앵글그라인더,,,,False,,
granite4.1:8b,앵글글라인더,success,앵글그라인더,"앵글그라인더, 글루건, 글루스틱, 샌더, 스냅링플라이어, 전기인두, 플라이어, T핸드드라이버, 플라이어렌치, 드라이버, 양용드라이버, 롱노즈플라이어, 앤드컷팅니퍼, 전동드라이버, 임팩트드라이버",앵글그라인더,,,,False,,
granite4.1:8b,야외용 탁자,success,줄자,"줄자, 전자산업용니퍼, 직각자, 적외선온도계, 자전거펌프, 목공용접톱, 양용드라이버, 피스제거용비트, 철공용드릴비트, 목공용드릴비트, 콘크리트용드릴비트, 철공용드릴비트세트, 테이블톱, 타일컷터, 쇠지렛대",테이블톱,,,,False,,
granite4.1:8b,야전삽,success,모종삽,"모종삽, 전동드릴, 전정톱, 자전거펌프, 충전드릴, 전선릴, 검전기, 전동타카, 전동압착기, 충전해머드릴, 안전장갑, 안전모, LED손전등, 안전로프, 전지가위",모종삽,,,,False,,
granite4.1:8b,양구스패너,success,편구스패너,"편구스패너, 스패너, 스패너세트, 양용드라이버, 대패, 석고대패, 공구함, 공구세트, 바이스그립플라이어, 공구함세트, 스크레퍼, 스냅링플라이어, 와이어스트리퍼, 샌더, 전동공구세트",스패너,,,,False,,
granite4.1:8b,양구스패너(17mm),success,편구스패너,"편구스패너, 스패너, 스패너세트, 양용드라이버, 대패, 공구함, 석고대패, 공구세트, 바이스그립플라이어, 공구함세트, 스크레퍼, 와이어스트리퍼, 스냅링플라이어, 전동공구세트, 롱노즈플라이어",스패너,,,17mm,False,,
granite4.1:8b,양구스페너 세트,success,편구스패너,"편구스패너, 스패너세트, 공구세트, 스패너, 공구함세트, 세트, 전동공구세트, 다이스세트, 탭세트, 육각렌치세트, 기어렌치세트, 별렌치세트, T렌치세트, 볼렌치세트, 소켓렌치세트",스패너세트,,,,False,,
granite4.1:8b,양날드라이버(15cm),success,양용드라이버,"양용드라이버, 드라이버, 전동드라이버, T핸드드라이버, 드라이버세트, 임팩트드라이버, 충전임팩트드라이버, 정밀드라이버세트, 다이아고날플라이어, 플라이어, 롱노즈플라이어, 플라이어렌치, 스냅링플라이어, 워터펌프플라이어, 플라이어세트",양용드라이버,,,길이 15cm,False,,
granite4.1:8b,양날톰,success,양용드라이버,"양용드라이버, 다이아고날플라이어, 충전드릴, 톱, 테이블톱, 원형톱, F클램프, 건타카, 모종삽, 충전해머드릴, 탭세트, 먹통, 롱노즈플라이어, 전정톱, 전동드릴",원형톱,,,,False,,
granite4.1:8b,양날톱,success,톱,"톱, 쇠톱, 양용드라이버, 원형톱, 접톱, 전정톱, 목공톱, 테이블톱, 다이아고날플라이어, 목공용접톱, 왕복톱(레시프로쏘), LED손전등, 그립망치, 손타카, 핸드카트",다이아고날플라이어,,,,False,,
granite4.1:8b,양날톱(목공용 톱),success,목공용접톱,"목공용접톱, 목공톱, 목공용드릴비트, 톱, 목공줄, 원형톱, 쇠톱, 테이블톱, 접톱, 전정톱, 양용드라이버, 철공용드릴비트, 왕복톱(레시프로쏘), 철공용드릴비트세트, 공구함",목공톱,,,,False,,
granite4.1:8b,양동이,success,양용드라이버,"양용드라이버, 전동드라이버, 전동타카, 전동드릴, 전동압착기, 냉동라쳇렌치, 전동공구세트, 드라이버, 다이아고날플라이어, 테이블톱, 파이프렌치, 바이스그립플라이어, 임팩트드라이버, T핸드드라이버, 케이블컷터",파이프렌치,,,,False,,
granite4.1:8b,양변기청소기,success,스프링배관청소기,"스프링배관청소기, 직소기, 송풍기, 양용드라이버, 고압세척기, 열풍기, 수평기, LED투광기, 검전기, 고속절단기, 라돈측정기, 디지털수평기, 전동압착기, 레이저수평기, 전기인두",스프링배관청소기,,,,False,,
granite4.1:8b,양손 가위,success,철판가위,"철판가위, 다목적가위, 고지가위, 전지가위, 손타카, 양용드라이버, LED손전등, 가스토치, 목공톱, 테이블톱, 핸드카트, 도끼, 쇠톱, 그립망치, 목공용접톱",다목적가위,,,,False,,
granite4.1:8b,양손 대가위,success,고지가위,"고지가위, 철판가위, 다목적가위, 전지가위, 대패, 손타카, 양용드라이버, LED손전등, 가스토치, 쇠지렛대, 석고대패, 핸드카트, 테이블톱, T핸드드라이버, 쇠톱",다목적가위,,,,False,,
granite4.1:8b,양손 전지가위 / 사진과 다릅니다.,success,전지가위,"전지가위, 고지가위, 다목적가위, 사다리, 철판가위, A형사다리, LED손전등, 다림추, 전정톱, 양용드라이버, 손타카, 다이스세트, 쇠지렛대, 충전드릴, 전동압착기",전지가위,,전지,,False,,
granite4.1:8b,양손 전지가위(전정가위),success,전지가위,"전지가위, 고지가위, 철판가위, 다목적가위, 전정톱, LED손전등, 전동압착기, 전동타카, 전동드릴, 검전기, 전동공구세트, 양용드라이버, 라돈측정기, 가스토치, 전선릴",전지가위,,전지,,False,,
granite4.1:8b,양손가위,success,철판가위,"철판가위, 고지가위, 다목적가위, 전지가위, 손타카, 양용드라이버, LED손전등, 가스토치, 핸드카트, 테이블톱, 목공톱, 도끼, 그립망치, 왕복톱(레시프로쏘), 쇠톱",다목적가위,,,,False,,
granite4.1:8b,양손대가위,success,고지가위,"고지가위, 전지가위, 철판가위, 다목적가위, 양용드라이버, 대패, 손타카, LED손전등, 석고대패, 가스토치, 쇠지렛대, 테이블톱, 핸드카트, T핸드드라이버, 육각렌치",다목적가위,,,,False,,
granite4.1:8b,양손전지가위,success,전지가위,"전지가위, 고지가위, LED손전등, 다목적가위, 철판가위, 양용드라이버, 손타카, 전정톱, 전동압착기, 쇠지렛대, 충전드릴, 가스토치, 전동드릴, 충전해머드릴, 전기인두",전지가위,,전지,,False,,
granite4.1:8b,양손조경가위,success,철판가위,"철판가위, 다목적가위, 고지가위, 전지가위, 보안경, LED손전등, 손타카, 양용드라이버, 조합렌치세트, 가스토치, 그립망치, 목공톱, 도끼, 핸드카트, 목공용접톱",고지가위,,,,False,,
granite4.1:8b,양용 드라이버,success,양용드라이버,"양용드라이버, 드라이버, 전동드라이버, 드라이버세트, T핸드드라이버, 임팩트드라이버, 충전임팩트드라이버, 정밀드라이버세트, 플라이어, 다이아고날플라이어, 철공용드릴비트, 플라이어렌치, 롱노즈플라이어, 스냅링플라이어, 목공용드릴비트",양용드라이버,,,,False,,
granite4.1:8b,양용 드라이버 1개,success,양용드라이버,"양용드라이버, 드라이버, 드라이버세트, 전동드라이버, T핸드드라이버, 임팩트드라이버, 충전임팩트드라이버, 정밀드라이버세트, 플라이어, 철공용드릴비트, 다이아고날플라이어, 목공용드릴비트, 스냅링플라이어, 플라이어렌치, 플라이어세트",양용드라이버,,,,False,,
granite4.1:8b,양용 드라이버 2개,success,양용드라이버,"양용드라이버, 드라이버, 드라이버세트, 전동드라이버, T핸드드라이버, 임팩트드라이버, 충전임팩트드라이버, 정밀드라이버세트, 플라이어, 플라이어세트, 다이아고날플라이어, 플라이어렌치, 철공용드릴비트, 롱노즈플라이어, 워터펌프플라이어",양용드라이버,,,,False,,
granite4.1:8b,양용D/R,success,양용드라이버,"양용드라이버, LED투광기, LED손전등, LED작업등, SDS드릴비트, 철공용드릴비트, 목공용접톱, 목공용드릴비트, 전자산업용니퍼, 콘크리트용드릴비트, 철공용드릴비트세트, 피스제거용비트, T핸드드라이버, 앤드컷팅니퍼, 드라이버",양용드라이버,,,,False,,
granite4.1:8b,양용드라이버,success,양용드라이버,"양용드라이버, 드라이버, 전동드라이버, 드라이버세트, T핸드드라이버, 임팩트드라이버, 충전임팩트드라이버, 정밀드라이버세트, 철공용드릴비트, 목공용드릴비트, 플라이어, 콘크리트용드릴비트, 철공용드릴비트세트, 다이아고날플라이어, 롱노즈플라이어",양용드라이버,,,,False,,
granite4.1:8b,양용드라이버 D01-150mm,success,양용드라이버,"양용드라이버, 드라이버, 전동드라이버, 드라이버세트, T핸드드라이버, 임팩트드라이버, 정밀드라이버세트, 충전임팩트드라이버, 철공용드릴비트, 목공용드릴비트, 콘크리트용드릴비트, 플라이어, 다이아고날플라이어, SDS드릴비트, 철공용드릴비트세트",양용드라이버,,,150mm,False,,
granite4.1:8b,양용드라이버2개,success,양용드라이버,"양용드라이버, 드라이버, 드라이버세트, 전동드라이버, T핸드드라이버, 임팩트드라이버, 충전임팩트드라이버, 정밀드라이버세트, 철공용드릴비트, 목공용드릴비트, 플라이어, 콘크리트용드릴비트, 철공용드릴비트세트, 플라이어세트, 다이아고날플라이어",양용드라이버,,,,False,,
granite4.1:8b,어댑터,success,커터,"커터, 워터펌프플라이어, 에어건, 커터칼, 배터리팩, 케이블컷터, 볼트컷터, 에어펌프, 타일컷터, 카운터싱크, 에어컴프레서, PVC컷터, 플라이어, 멀티테스터, 클램프미터",멀티테스터,,,,False,,
granite4.1:8b,어린이 공구놀이세트,success,공구세트,"공구세트, 공구함세트, 전동공구세트, 공구함, 플라이어세트, 세트, 다이스세트, 드라이버세트, 기어렌치세트, 스패너세트, 철공용드릴비트세트, 비트세트, 탭세트, 끌세트, 정밀드라이버세트",공구세트,,,,False,,
granite4.1:8b,에아컴프레셔,success,에어컴프레서,"에어컴프레서, 에어펌프, 에어건, 에어타카, 다이아고날플라이어, 스크레퍼, 왕복톱(레시프로쏘), 클램프미터, 워터펌프플라이어, 레이저수평기, 파이프렌치, F클램프, 스프링배관청소기, 레이저거리측정기, 자전거펌프",에어컴프레서,,,,False,,
granite4.1:8b,에어 콤프레셔,success,에어컴프레서,"에어컴프레서, 에어펌프, 에어건, 에어타카, 워터펌프플라이어, 왕복톱(레시프로쏘), 플라이어, 클램프미터, 스크레퍼, 레이저수평기, 스냅링플라이어, 레이저거리측정기, F클램프, 파이프렌치, 점프케이블",에어컴프레서,,,,False,,
granite4.1:8b,에어 타카,success,에어타카,"에어타카, 타카, 전동타카, 에어건, 손타카, 건타카, 에어펌프, 타카핀, 에어컴프레서, 타일컷터, 핸드카트, 플라이어, 카운터싱크, 플라이어세트, 플라이어렌치",에어타카,,,,False,,
granite4.1:8b,에어건,success,에어건,"에어건, 에어펌프, 에어타카, 에어컴프레서, 글루건, 실리콘건, 건타카, 플라이어, 플라이어렌치, 플라이어세트, 기어렌치세트, 열풍기, 워터펌프플라이어, 와이어스트리퍼, 다이아고날플라이어",에어건,,,,False,에어건,True
granite4.1:8b,에어건(청소건),success,에어건,"에어건, 에어펌프, 에어컴프레서, 글루건, 스프링배관청소기, 에어타카, 실리콘건, 직소기, 건타카, 플라이어렌치, 플라이어, 플라이어세트, 워터펌프플라이어, 소켓렌치세트, 열풍기",에어건,,,,False,,
granite4.1:8b,"에어건(청소건,콤프라샤용)",success,에어건,"에어건, 에어컴프레서, 에어펌프, 스프링배관청소기, 에어타카, 글루건, 실리콘건, 워터펌프플라이어, 건타카, 직소기, 플라이어렌치, 플라이어, 플라이어세트, 소켓렌치세트, 양용드라이버",에어컴프레서,,,,False,,
granite4.1:8b,"에어건,에어코일호스",success,에어건,"에어건, 에어펌프, 에어타카, 에어컴프레서, 글루건, 실리콘건, 와이어스트리퍼, 플라이어, 바이스그립플라이어, 플라이어렌치, 스냅링플라이어, 플라이어세트, 타일컷터, 다이아고날플라이어, 버니어캘리퍼스",에어건,,,,False,,
granite4.1:8b,"에어건,에어호스",success,에어건,"에어건, 에어펌프, 에어타카, 에어컴프레서, 글루건, 실리콘건, 플라이어, 플라이어렌치, 와이어스트리퍼, 플라이어세트, 스냅링플라이어, 바이스그립플라이어, 워터펌프플라이어, 다이아고날플라이어, 버니어캘리퍼스",에어건,,,,False,,
granite4.1:8b,에어건세트,success,에어건,"에어건, 세트, 에어펌프, 플라이어세트, 에어타카, 에어컴프레서, 기어렌치세트, 공구세트, 드라이버세트, 공구함세트, 비트세트, 탭세트, 전동공구세트, T렌치세트, 드릴비트세트",에어건,,,,True,,
granite4.1:8b,에어게이지,success,에어건,"에어건, 에어타카, 에어펌프, 에어컴프레서, 플라이어, 플라이어렌치, 플라이어세트, 전지가위, 다이아고날플라이어, 바이스그립플라이어, 고지가위, 스냅링플라이어, 와이어스트리퍼, 워터펌프플라이어, 롱노즈플라이어",에어건,,,,False,,
granite4.1:8b,에어스프레이건,success,에어건,"에어건, 에어컴프레서, 에어펌프, 에어타카, 와이어스트리퍼, 레이저수평기, 스프링배관청소기, 바이스그립플라이어, 스냅링플라이어, 워터펌프플라이어, 플라이어, 레이저거리측정기, 플라이어렌치, 플라이어세트, 스크레퍼",에어건,,,,False,,
granite4.1:8b,"에어스프레이건 세트(건, 페인트통)",success,에어건,"에어건, 에어컴프레서, 에어펌프, 플라이어세트, 다이스세트, 스패너세트, 세트, 와이어스트리퍼, 에어타카, 기어렌치세트, 공구세트, 실리콘건, 드라이버세트, 드릴비트세트, 공구함세트",에어건,,,,False,,
granite4.1:8b,에어컴프레서,success,에어컴프레서,"에어컴프레서, 에어펌프, 에어건, 에어타카, 워터펌프플라이어, 플라이어, 열풍기, 스냅링플라이어, 바이스그립플라이어, 와이어스트리퍼, 클램프미터, 송풍기, 스크레퍼, 플라이어렌치, 다이아고날플라이어",에어컴프레서,,,,False,,
granite4.1:8b,에어컴프레셔,success,에어컴프레서,"에어컴프레서, 에어펌프, 에어건, 에어타카, 워터펌프플라이어, 플라이어, 클램프미터, 스냅링플라이어, 스크레퍼, 와이어스트리퍼, 바이스그립플라이어, 왕복톱(레시프로쏘), 레이저수평기, 열풍기, 송풍기",에어컴프레서,,,,False,,
granite4.1:8b,에어콤푸레샤,success,에어컴프레서,"에어컴프레서, 에어타카, 에어건, 에어펌프, 스크레퍼, 플라이어, 왕복톱(레시프로쏘), 플라이어렌치, 플라이어세트, 스냅링플라이어, 워터펌프플라이어, 레이저수평기, 와이어스트리퍼, 다이아고날플라이어, 바이스그립플라이어",에어컴프레서,,,,False,,
granite4.1:8b,에어콤프레샤,success,에어컴프레서,"에어컴프레서, 에어펌프, 에어타카, 에어건, 왕복톱(레시프로쏘), 워터펌프플라이어, 파이프렌치, 플라이어, 점프케이블, 플라이어렌치, F클램프, 스냅링플라이어, 스크레퍼, 플라이어세트, 바이스그립플라이어",에어컴프레서,,,,False,,
granite4.1:8b,에어콤프레셔,success,에어컴프레서,"에어컴프레서, 에어펌프, 에어건, 에어타카, 워터펌프플라이어, 왕복톱(레시프로쏘), 플라이어, 클램프미터, 스크레퍼, 스냅링플라이어, 파이프렌치, F클램프, 와이어스트리퍼, 바이스그립플라이어, 점프케이블",에어컴프레서,,,,False,에어컴프레서,True
granite4.1:8b,에어타카,success,에어타카,"에어타카, 건타카, 손타카, 타카, 에어건, 전동타카, 에어펌프, 에어컴프레서, 타카핀, 카운터싱크, 핸드카트, 플라이어, 타일컷터, 열화상카메라, 플라이어세트",에어타카,,,,False,에어타카,True
granite4.1:8b,에어타카,success,에어타카,"에어타카, 건타카, 손타카, 타카, 에어건, 전동타카, 에어펌프, 에어컴프레서, 타카핀, 카운터싱크, 핸드카트, 플라이어, 타일컷터, 열화상카메라, 플라이어세트",에어타카,,,,False,에어타카,True
granite4.1:8b,에어타카 + 콤프레셔 세트,success,에어타카,"에어타카, 에어컴프레서, 에어펌프, 에어건, 건타카, 타카, 전동타카, 손타카, 플라이어세트, 세트, 타카핀, 기어렌치세트, 공구세트, 스패너세트, 공구함세트",에어타카,,,,False,,
granite4.1:8b,에어타카(6mm),success,에어타카,"에어타카, 전동타카, 타카, 손타카, 건타카, 에어건, 에어펌프, 에어컴프레서, 타카핀, 핸드카트, 열화상카메라, 타일컷터, 플라이어, 와이어스트리퍼, 플라이어렌치",에어타카,,에어,6mm,False,,
granite4.1:8b,에어타카(I핀),success,에어타카,"에어타카, 타카핀, 손타카, 타카, 건타카, 에어건, 전동타카, 에어펌프, 에어컴프레서, 핀펀치, 카운터싱크, 핸드카트, 플라이어, 타일컷터, 플라이어렌치",에어타카,,,,False,,
granite4.1:8b,에어타카(ㄷ핀),success,에어타카,"에어타카, 타카핀, 타카, 손타카, 건타카, 에어건, 전동타카, 에어펌프, 에어컴프레서, 핀펀치, 카운터싱크, 핸드카트, 플라이어, 타일컷터, 플라이어렌치",전동타카,,,,False,,
granite4.1:8b,에어타카(가구),success,에어타카,"에어타카, 에어건, 전동타카, 손타카, 건타카, 타카, 에어펌프, 에어컴프레서, 타카핀, 공구함, 철판가위, 공구세트, 핸드카트, 다목적가위, 열풍기",에어타카,,,,False,,
granite4.1:8b,"에어타카(목재, 콘크리트)",success,에어타카,"에어타카, 콘크리트니퍼, 콘크리트용드릴비트, 콘크리트드릴비트세트, 에어건, 건타카, 손타카, 전동타카, 타카, 에어펌프, 에어컴프레서, 타카핀, 실리콘건, 목공톱, 목공용접톱",전동타카,,,,False,,
granite4.1:8b,에어타카(콘크리트),success,에어타카,"에어타카, 콘크리트니퍼, 콘크리트용드릴비트, 콘크리트드릴비트세트, 건타카, 에어건, 손타카, 전동타카, 타카, 에어펌프, 에어컴프레서, 타카핀, 실리콘건, 카운터싱크, 핸드카트",전동타카,,,,False,,
granite4.1:8b,"에어타카(콘트리트, 목재겸용)",success,에어타카,"에어타카, 에어건, 전동타카, 타카, 에어펌프, 건타카, 손타카, 콘크리트용드릴비트, 에어컴프레서, 콘크리트니퍼, 와이어스트리퍼, 콘크리트드릴비트세트, 목공용접톱, 타카핀, 목공용드릴비트",목공용드릴비트,,,,False,,
granite4.1:8b,에어타커,success,에어타카,"에어타카, 에어건, 에어펌프, 에어컴프레서, 커터, 커터칼, 손타카, 전동타카, 건타카, 플라이어, 타카, 타일컷터, 플라이어세트, 와이어스트리퍼, 타카핀",에어타카,,,,False,,
granite4.1:8b,에어펌프,success,에어펌프,"에어펌프, 자전거펌프, 에어컴프레서, 에어건, 워터펌프플라이어, 에어타카, F클램프, 파이프렌치, 클램프미터, 열풍기, 와이어스트리퍼, 플라이어, 플라이어렌치, 점프케이블, 안전로프",에어펌프,,,,False,에어펌프,True
granite4.1:8b,에어호스,success,에어건,"에어건, 에어타카, 에어펌프, 에어컴프레서, 와이어스트리퍼, 스냅링플라이어, 바이스그립플라이어, 플라이어, 버니어캘리퍼스, 플라이어세트, 플라이어렌치, 롱노즈플라이어, 다이스세트, 글루스틱, 스패너",에어펌프,,,,False,,
granite4.1:8b,에어호스(자동카플링포함),success,에어타카,"에어타카, 에어건, 에어펌프, 에어컴프레서, 스냅링플라이어, 바이스그립플라이어, 전동타카, 플라이어, 공구함, 플라이어세트, 스프링배관청소기, 플라이어렌치, 워터펌프플라이어, 롱노즈플라이어, 다이아고날플라이어",에어컴프레서,,,,False,,
granite4.1:8b,에어호스7.5m,success,에어건,"에어건, 에어펌프, 에어타카, 에어컴프레서, 와이어스트리퍼, 스냅링플라이어, 바이스그립플라이어, 플라이어, 플라이어세트, 버니어캘리퍼스, 플라이어렌치, 롱노즈플라이어, 워터펌프플라이어, 편구스패너, 방진마스크",에어건,,,길이 7.5m,False,,
granite4.1:8b,에코링크,success,에어건,"에어건, 에어펌프, 에어타카, 토크렌치, 스냅링플라이어, 카운터싱크, 스프링배관청소기, 에어컴프레서, 스크레퍼, 콘크리트니퍼, 방진마스크, 콘크리트용드릴비트, 콘크리트드릴비트세트, F클램프, 드릴비트",에어건,,,,False,,
granite4.1:8b,엑셀가위,success,철판가위,"철판가위, 다목적가위, 고지가위, 전지가위, 가스토치, 다이스세트, 끌세트, 바이스그립플라이어, 탭세트, 배터리팩, 세트, 테이블톱, 목공줄, 전기인두, A형사다리",철판가위,,,,False,,
granite4.1:8b,엑스본드건,success,에어건,"에어건, 글루건, 실리콘건, 건타카, 스패너, 글루스틱, T핸드드라이버, 스크레퍼, 다이스세트, 스패너세트, 가스토치, 핸드카트, 편구스패너, 방진마스크, 멀티테스터",에어건,,,,False,,
granite4.1:8b,엔진용품,success,방진마스크,"방진마스크, 목공용접톱, 양용드라이버, 목공용드릴비트, 철공용드릴비트, 피스제거용비트, 전자산업용니퍼, 콘크리트용드릴비트, 철공용드릴비트세트, 드라이버세트, 정밀드라이버세트, 전동공구세트, 전동드라이버, 공구세트, 배터리팩",전동공구세트,,,,False,,
granite4.1:8b,엘렌치,success,렌치,"렌치, 볼렌치, 볼렌치세트, 토크렌치, 몽키렌치, 옵셋렌치, 만능렌치, 별렌치세트, 육각렌치, 파이프렌치, T렌치세트, 플라이어렌치, 냉동라쳇렌치, 라쳇렌치세트, 조합렌치세트",렌치,,,,False,,
granite4.1:8b,여행용캐리어(20L),success,버니어캘리퍼스,"버니어캘리퍼스, 와이어스트리퍼, 콘크리트용드릴비트, LED투광기, LED작업등, LED손전등, 배터리팩, 사다리, 에어건, 양용드라이버, 장도리, 목공용접톱, 실리콘건, 플라이어, 에어펌프",사다리,,,,False,,
granite4.1:8b,여행용캐리어(24L),success,버니어캘리퍼스,"버니어캘리퍼스, 콘크리트용드릴비트, 와이어스트리퍼, LED투광기, LED작업등, LED손전등, 배터리팩, 사다리, 장도리, 양용드라이버, 에어건, 목공용접톱, 실리콘건, 플라이어, 콘크리트니퍼",사다리,,,,False,,
granite4.1:8b,연마석(60방),success,연마석,"연마석, 방진마스크, 절단석, 석고대패, 핸드카트, 왕복톱(레시프로쏘), 안전장갑, 충전해머드릴, 대패, 원형톱, 목공줄, 카운터싱크, 건타카, 다이아고날플라이어, 배터리팩",연마석,,,60방,False,,
granite4.1:8b,연마석(A타입),success,연마석,"연마석, 절단석, A형사다리, 석고대패, 건타카, 타카, 전동타카, 타카핀, 에어타카, 손타카, 방진마스크, 타일컷터, 원형톱, 핸드카트, 다이아고날플라이어",연마석,,,,False,,
granite4.1:8b,연막기,success,연마석,"연마석, 송풍기, 직소기, 수평기, 검전기, 열풍기, 고속절단기, 전동압착기, 고압세척기, 디지털수평기, 전기인두, LED투광기, 라돈측정기, 레이저수평기, 스프링배관청소기",연마석,,,,False,,
granite4.1:8b,연막소독기,success,직소기,"직소기, 연마석, 스프링배관청소기, 송풍기, 소켓렌치세트, 고압세척기, 고속절단기, 열풍기, 수평기, 디지털수평기, 전동압착기, 검전기, 라돈측정기, 전기인두, LED투광기",연마석,,,,False,,
granite4.1:8b,연장코드선,success,연마석,"연마석, 전선릴, 장도리, 안전장갑, 적외선온도계, 핸드카트, T핸드드라이버, 드라이버, 드릴비트, 충전드릴, 앤드컷팅니퍼, 전동드릴, SDS드릴비트, 드라이버세트, 드릴비트세트",전선릴,,,,False,,
granite4.1:8b,열풍기,success,열풍기,"열풍기, 송풍기, 열화상카메라, 고압세척기, 수평기, 검전기, 직소기, 고속절단기, 에어펌프, 전동압착기, 에어컴프레서, 라돈측정기, 레이저수평기, 기어렌치세트, 에어건",열풍기,,,,False,열풍기,True
granite4.1:8b,열풍기 히팅건,success,열풍기,"열풍기, 송풍기, 에어건, 글루건, 실리콘건, 열화상카메라, 고압세척기, 건타카, 앤드컷팅니퍼, 전동압착기, 검전기, 수평기, 고속절단기, 직소기, 스프링배관청소기",열풍기,,,,False,,
granite4.1:8b,열풍기 히팅건(유선),success,열풍기,"열풍기, 송풍기, 에어건, 글루건, 실리콘건, 적외선온도계, 열화상카메라, 전선릴, 검전기, 고압세척기, 직소기, 수평기, 건타카, 전동압착기, 고속절단기",열풍기,,유선,,False,,
granite4.1:8b,열풍기(히팅건),success,열풍기,"열풍기, 송풍기, 에어건, 글루건, 열화상카메라, 실리콘건, 고압세척기, 건타카, 검전기, 수평기, 직소기, 고속절단기, 앤드컷팅니퍼, 전동압착기, 에어펌프",열풍기,,,,False,,
granite4.1:8b,열화상카메라,success,열화상카메라,"열화상카메라, 열풍기, 에어타카, 핸드카트, 전동타카, 타카, 라돈측정기, 냉동라쳇렌치, 플라이어렌치, 적외선온도계, 레이저거리측정기, 워터펌프플라이어, 에어컴프레서, 육각렌치, 에어펌프",열화상카메라,,,,False,열화상카메라,True
granite4.1:8b,예초기,success,열풍기,"열풍기, 수평기, 직소기, 송풍기, 검전기, 전기인두, 고속절단기, 고압세척기, 전동압착기, LED투광기, 레이저수평기, 라돈측정기, 디지털수평기, 기어렌치세트, 레이저거리측정기",열풍기,,,,False,,
granite4.1:8b,예초기 무?보호대,success,보안경,"보안경, 대패, 고무망치, 쇠지렛대, 석고대패, 열풍기, 수평기, 검전기, 송풍기, 직소기, 전동압착기, 고속절단기, 고압세척기, 레이저수평기, 전기인두",고무망치,,,,False,,
granite4.1:8b,예초기 본체,success,열풍기,"열풍기, 수평기, 직소기, 송풍기, 검전기, 전기인두, 고속절단기, 고압세척기, 전동압착기, 레이저수평기, 라돈측정기, LED투광기, 디지털수평기, 기어렌치세트, 레이저거리측정기",열풍기,,,,False,,
granite4.1:8b,예초기 안면보호대,success,보안경,"보안경, 안전장갑, 대패, 안전모, 안전로프, 쇠지렛대, 석고대패, 열풍기, 수평기, 전동압착기, 직소기, 송풍기, 검전기, 고속절단기, 전기인두",안전모,,,,False,,
granite4.1:8b,예초기 엔진,success,방진마스크,"방진마스크, 열풍기, 송풍기, 직소기, 수평기, 검전기, 고속절단기, 전기인두, 고압세척기, 전동압착기, 라돈측정기, 레이저수평기, LED투광기, 기어렌치세트, 디지털수평기",고속절단기,,,,False,,
granite4.1:8b,예초기(전화문의),success,검전기,"검전기, 전기인두, 전동압착기, 열화상카메라, 열풍기, 직소기, 수평기, 송풍기, 전정톱, 전선릴, 전지가위, 전동드릴, 고속절단기, 전동타카, 안전모",검전기,,,,False,,
granite4.1:8b,예초기(충전용),success,충전드릴,"충전드릴, 충전해머드릴, 충전임팩트드라이버, 검전기, 전기인두, 전동압착기, 전자산업용니퍼, 열풍기, 직소기, 송풍기, 전정톱, 목공용접톱, 수평기, 양용드라이버, 고압세척기",충전드릴,,충전식(무선),,False,,
granite4.1:8b,예초기-나일론 날,success,타일컷터,"타일컷터, 다이아고날플라이어, 열풍기, 수평기, 직소기, 송풍기, 검전기, 전기인두, 라돈측정기, 레이저수평기, 고압세척기, 전동압착기, 고속절단기, 디지털수평기, LED투광기",다이아고날플라이어,,,,False,,
granite4.1:8b,예초기류,success,열풍기,"열풍기, 직소기, 수평기, 검전기, 송풍기, 전기인두, 고속절단기, 고압세척기, 전동압착기, LED투광기, 라돈측정기, 레이저수평기, 기어렌치세트, 디지털수평기, 레이저거리측정기",열풍기,,,,False,,
granite4.1:8b,오링풀러(송곳 세트),success,세트,"세트, 송풍기, 끌세트, 비트세트, 탭세트, 공구세트, 볼렌치세트, 스패너세트, 드릴비트세트, 별렌치세트, 플라이어세트, T렌치세트, 다이스세트, 기어렌치세트, 드라이버세트",송풍기,,,,False,,
granite4.1:8b,오비탈샌더,success,샌더,"샌더, 앵글그라인더, 비트세트, 옵셋렌치, 편구스패너, SDS드릴비트, 스패너세트, 스패너, 드릴비트, 철공용드릴비트, 드릴비트세트, 육각렌치, 철공용드릴비트세트, 충전드릴, 볼렌치세트",샌더,,,,False,,
granite4.1:8b,오토릴(버튼식) KE-BAR(1.53*20),success,A형사다리,"A형사다리, 토크렌치, 가스토치, LED작업등, LED손전등, LED투광기, 전선릴, 충전드릴, 드라이버, 전동드릴, 양용드라이버, 드라이버세트, T핸드드라이버, 전동드라이버, 드릴비트",A형사다리,,,KE-BAR(1.53*20),True,,
granite4.1:8b,옥스퍼드 블록,success,스크레퍼,"스크레퍼, 테이블톱, 니퍼, 버니어캘리퍼스, 점프케이블, 앤드컷팅니퍼, 와이어스트리퍼, 강력니퍼, 케이블컷터, 콘크리트니퍼, 스패너, 글루스틱, 다이스세트, 가스토치, 방진마스크",스크레퍼,,,,False,,
granite4.1:8b,옥집게,success,끌세트,"끌세트, 석고대패, 탭세트, 돌망치, 옵셋렌치, 도끼, 테이블톱, 목공톱, 목공줄, 전동압착기, 적외선온도계, 글루건, 철판가위, 드릴비트, 톱",철판가위,,,,False,,
granite4.1:8b,온라인회의세트,success,세트,"세트, 앵글그라인더, 탭세트, 드라이버세트, 비트세트, 플라이어세트, 공구세트, 끌세트, 라쳇렌치세트, 다이스세트, T렌치세트, 드릴비트세트, 스패너세트, 전동공구세트, 정밀드라이버세트",세트,,,,False,,
granite4.1:8b,옵세트,success,세트,"세트, 탭세트, 끌세트, 비트세트, 옵셋렌치, 공구세트, 다이스세트, 드릴비트세트, T렌치세트, 스패너세트, 공구함세트, 드라이버세트, 별렌치세트, 볼렌치세트, 플라이어세트",옵셋렌치,,,,False,,
granite4.1:8b,옵셋트날,success,옵셋렌치,"옵셋렌치, 비트세트, 다이아고날플라이어, 세트, 탭세트, 다이스세트, 드릴비트세트, 임팩트드릴, 콘크리트드릴비트세트, 끌세트, 볼트컷터, 핸드카트, 드릴비트, 소켓렌치세트, 철공용드릴비트세트",옵셋렌치,,,,False,,
granite4.1:8b,와우스틱,success,글루스틱,"글루스틱, 와이어스트리퍼, 가스토치, 다이스세트, 바이스그립플라이어, 방진마스크, 스패너, 편구스패너, 스크레퍼, 멀티테스터, 피스제거용비트, 스패너세트, 전동타카, 스냅링플라이어, 버니어캘리퍼스",가스토치,,,,False,,
granite4.1:8b,와이어 로프 커터,success,커터,"커터, 와이어스트리퍼, 커터칼, 안전로프, 워터펌프플라이어, 케이블컷터, 플라이어, 에어펌프, 플라이어렌치, 점프케이블, 플라이어세트, 로터리해머드릴, PVC컷터, 스냅링플라이어, 타일컷터",커터,,,,True,,
granite4.1:8b,와이어 볼트 커터,success,커터,"커터, 볼트컷터, 커터칼, 와이어스트리퍼, 케이블컷터, 워터펌프플라이어, 플라이어세트, 플라이어, PVC컷터, 타일컷터, 플라이어렌치, 스냅링플라이어, 바이스그립플라이어, 롱노즈플라이어, 다이아고날플라이어",볼트컷터,,,,False,,
granite4.1:8b,와이어 브러쉬,success,와이어스트리퍼,"와이어스트리퍼, 플라이어, 플라이어렌치, 워터펌프플라이어, 플라이어세트, 바이스그립플라이어, 스냅링플라이어, 롱노즈플라이어, 다이아고날플라이어, 굽은노즈플라이어, 에어펌프, 에어건, 에어컴프레서, 케이블컷터, 버니어캘리퍼스",와이어스트리퍼,,,,False,,
granite4.1:8b,와이어 스트리퍼,success,와이어스트리퍼,"와이어스트리퍼, 버니어캘리퍼스, 플라이어, 스크레퍼, 스냅링플라이어, 워터펌프플라이어, 콘크리트니퍼, 플라이어세트, 바이스그립플라이어, 플라이어렌치, 롱노즈플라이어, 굽은노즈플라이어, 니퍼, 강력니퍼, 다이아고날플라이어",와이어스트리퍼,,,,False,,
granite4.1:8b,와이어 커터,success,커터,"커터, 와이어스트리퍼, 커터칼, 케이블컷터, 워터펌프플라이어, 플라이어, 타일컷터, 플라이어세트, PVC컷터, 플라이어렌치, 볼트컷터, 스냅링플라이어, 바이스그립플라이어, 롱노즈플라이어, 다이아고날플라이어",와이어스트리퍼,,,,False,,
granite4.1:8b,와이어니퍼,success,와이어스트리퍼,"와이어스트리퍼, 니퍼, 강력니퍼, 콘크리트니퍼, 전자산업용니퍼, 앤드컷팅니퍼, 버니어캘리퍼스, 플라이어, 플라이어세트, 플라이어렌치, 워터펌프플라이어, 바이스그립플라이어, 롱노즈플라이어, 다이아고날플라이어, 스냅링플라이어",니퍼,,,,False,,
granite4.1:8b,와이어브러쉬,success,와이어스트리퍼,"와이어스트리퍼, 플라이어렌치, 플라이어, 워터펌프플라이어, 플라이어세트, 바이스그립플라이어, 스냅링플라이어, 다이아고날플라이어, 롱노즈플라이어, 굽은노즈플라이어, 에어건, 에어펌프, 에어컴프레서, 파이프렌치, 에어타카",와이어스트리퍼,,,,False,,
granite4.1:8b,와이어스트니퍼,success,와이어스트리퍼,"와이어스트리퍼, 콘크리트니퍼, 니퍼, 강력니퍼, 버니어캘리퍼스, 전자산업용니퍼, 앤드컷팅니퍼, 스냅링플라이어, 플라이어, 스크레퍼, 바이스그립플라이어, 워터펌프플라이어, 플라이어세트, 플라이어렌치, 롱노즈플라이어",와이어스트리퍼,,,,False,,
granite4.1:8b,와이어컷터,success,와이어스트리퍼,"와이어스트리퍼, 케이블컷터, 타일컷터, 볼트컷터, PVC컷터, 워터펌프플라이어, 커터, 플라이어, 플라이어세트, 플라이어렌치, 커터칼, 스냅링플라이어, 바이스그립플라이어, 롱노즈플라이어, 다이아고날플라이어",케이블컷터,,,,False,,
granite4.1:8b,와플팬(소형),success,원형톱,"원형톱, 직소기, 와이어스트리퍼, A형사다리, 소켓렌치세트, 플라이어, 워터펌프플라이어, 스프링배관청소기, 스냅링플라이어, 플라이어렌치, 바이스그립플라이어, 플라이어세트, 굽은노즈플라이어, 롱노즈플라이어, 다이아고날플라이어",원형톱,,,,False,,
granite4.1:8b,외날톱,success,톱,"톱, 쇠톱, 접톱, 원형톱, 전정톱, 목공톱, 테이블톱, 적외선온도계, 다이아고날플라이어, 목공용접톱, 왕복톱(레시프로쏘), 전동드릴, 도끼, 콘크리트니퍼, 핀펀치",도끼,,,,False,,
granite4.1:8b,외날톱 1개,success,톱,"톱, 쇠톱, 원형톱, 접톱, 전정톱, 목공톱, 테이블톱, 적외선온도계, 다이아고날플라이어, 목공용접톱, 왕복톱(레시프로쏘), 전동드릴, 도끼, 로터리해머드릴, 핀펀치",도끼,,,,False,,
granite4.1:8b,"외날톱(265mm, 300mm)",success,톱,"톱, 쇠톱, 접톱, 전정톱, 원형톱, 목공톱, 적외선온도계, 테이블톱, 목공용접톱, 다이아고날플라이어, 왕복톱(레시프로쏘), 전동드릴, 충전드릴, 충전해머드릴, 철공용드릴비트세트",쇠톱,,,길이 265mm와 300mm,False,,
granite4.1:8b,외낫,success,적외선온도계,"적외선온도계, 롱노즈플라이어, 다이아고날플라이어, 핸드카트, 끌세트, 콘크리트니퍼, 옵셋렌치, 전선릴, 바이스그립플라이어, 임팩트드릴, 굽은노즈플라이어, 다이스세트, 드릴비트, 모종삽, 강력니퍼",강력니퍼,,,,False,,
granite4.1:8b,용접기,success,목공용접톱,"목공용접톱, 접톱, 수평기, 열풍기, 직소기, 송풍기, 고속절단기, 전동압착기, 고압세척기, 검전기, 라돈측정기, 디지털수평기, 레이저수평기, 전자산업용니퍼, 양용드라이버",고속절단기,,,,False,,
granite4.1:8b,용접면,success,목공용접톱,"목공용접톱, 접톱, 콘크리트용드릴비트, 철공용드릴비트, 철공용드릴비트세트, 양용드라이버, 목공용드릴비트, 전자산업용니퍼, 피스제거용비트, 콘크리트니퍼, 콘크리트드릴비트세트, 볼트컷터, 전선릴, 임팩트드릴, 끌세트",목공용접톱,,,,True,,
granite4.1:8b,우레탄 망치 2개,success,망치,"망치, 고무망치, 돌망치, 그립망치, 납볼망치, 빠루망치, 렌치, 스크레퍼, 핀펀치, 펜치, 플라이어렌치, 소켓렌치세트, 조합렌치세트, 만능렌치, 육각렌치",고무망치,,,,False,,
granite4.1:8b,우마,success,연마석,"연마석, 방진마스크, 타카, 건타카, 글루건, 임팩트드라이버, 드라이버, 안전모, 에어타카, 줄자, 전동타카, 핸드카트, 전기인두, 글루스틱, 에어펌프",연마석,,,,False,,
granite4.1:8b,우마 사다리,success,사다리,"사다리, A형사다리, 연마석, 다목적가위, 다림추, 배터리팩, 방진마스크, 다이스세트, 목공줄, 로터리해머드릴, 콘크리트니퍼, 와이어스트리퍼, 전동타카, 타카, 줄자",사다리,,,,False,,
granite4.1:8b,우산,success,전자산업용니퍼,"전자산업용니퍼, 와이어스트리퍼, 도끼, 열풍기, 방진마스크, 안전장갑, 글루건, 드라이버, 플라이어, 글루스틱, 렌치, 사다리, 스크레퍼, 송풍기, 전선릴",도끼,,,,False,,
granite4.1:8b,운반캐리어,success,카운터싱크,"카운터싱크, 버니어캘리퍼스, 와이어스트리퍼, 사다리, 배터리팩, 에어건, 장도리, 콘크리트니퍼, 에어컴프레서, 에어펌프, 실리콘건, 플라이어, 로터리해머드릴, 에어타카, A형사다리",사다리,,,,False,,
granite4.1:8b,워드캡쳐,success,워터펌프플라이어,"워터펌프플라이어, 핸드카트, 드라이버, T핸드드라이버, 드릴비트, 전동드릴, 임팩트드릴, 해머드릴, 임팩트드라이버, 양용드라이버, 충전드릴, 전동드라이버, 드라이버세트, 앤드컷팅니퍼, 충전해머드릴",워터펌프플라이어,,,,False,,
granite4.1:8b,워킹메다,success,열화상카메라,"열화상카메라, 사다리, 다림추, 워터펌프플라이어, 다이스세트, 다목적가위, A형사다리, 다이아고날플라이어, 토크렌치, LED작업등, 스크레퍼, 에어타카, 도끼, 와이어스트리퍼, 몽키렌치",다이아고날플라이어,,,,False,,
granite4.1:8b,워킹메타,success,타카,"타카, 열화상카메라, 건타카, 에어타카, 손타카, 워터펌프플라이어, 타카핀, 전동타카, 타일컷터, 드릴비트, 비트세트, 탭세트, 드릴비트세트, LED작업등, 에어건",드릴비트세트,,,,False,,
granite4.1:8b,워터 펌프 플라이어,success,워터펌프플라이어,"워터펌프플라이어, 플라이어, 플라이어세트, 에어펌프, 스냅링플라이어, 플라이어렌치, 굽은노즈플라이어, 롱노즈플라이어, 자전거펌프, 바이스그립플라이어, 다이아고날플라이어, 와이어스트리퍼, 클램프미터, 드라이버, 에어컴프레서",워터펌프플라이어,,,,False,,
granite4.1:8b,워터펌프 플라이어,success,워터펌프플라이어,"워터펌프플라이어, 플라이어, 에어펌프, 플라이어세트, 스냅링플라이어, 플라이어렌치, 롱노즈플라이어, 굽은노즈플라이어, 자전거펌프, 바이스그립플라이어, 다이아고날플라이어, 와이어스트리퍼, 에어컴프레서, 클램프미터, 드라이버",워터펌프플라이어,,,,False,,
granite4.1:8b,워터펌프플라이어,success,워터펌프플라이어,"워터펌프플라이어, 플라이어, 에어펌프, 스냅링플라이어, 바이스그립플라이어, 플라이어세트, 플라이어렌치, 롱노즈플라이어, 다이아고날플라이어, 굽은노즈플라이어, 자전거펌프, 와이어스트리퍼, 에어컴프레서, 클램프미터, 드라이버",워터펌프플라이어,,,,False,워터펌프플라이어,True
granite4.1:8b,워터펌프플라이어 12인치,success,워터펌프플라이어,"워터펌프플라이어, 플라이어, 스냅링플라이어, 에어펌프, 플라이어렌치, 바이스그립플라이어, 플라이어세트, 롱노즈플라이어, 굽은노즈플라이어, 다이아고날플라이어, 자전거펌프, 와이어스트리퍼, 에어컴프레서, 파이프렌치, 클램프미터",워터펌프플라이어,,,12인치,False,,
granite4.1:8b,워터펌프플라이어 1개,success,워터펌프플라이어,"워터펌프플라이어, 플라이어, 스냅링플라이어, 에어펌프, 플라이어세트, 바이스그립플라이어, 플라이어렌치, 다이아고날플라이어, 롱노즈플라이어, 굽은노즈플라이어, 자전거펌프, 와이어스트리퍼, 에어컴프레서, 클램프미터, 드라이버",워터펌프플라이어,,,,False,,
granite4.1:8b,워터펌프플라이어(첼라),success,워터펌프플라이어,"워터펌프플라이어, 플라이어, 스냅링플라이어, 에어펌프, 플라이어렌치, 플라이어세트, 바이스그립플라이어, 롱노즈플라이어, 다이아고날플라이어, 굽은노즈플라이어, 자전거펌프, 와이어스트리퍼, 에어컴프레서, 드라이버, 클램프미터",워터펌프플라이어,,,,False,,
granite4.1:8b,원목 바둑판,success,원형톱,"원형톱, 철판가위, 목공톱, 목공줄, 목공용접톱, 다목적가위, 바이스그립플라이어, 목공용드릴비트, 테이블톱, 도끼, 쇠지렛대, 사다리, 공구세트, 공구함세트, 공구함",목공용드릴비트,,,,False,,
granite4.1:8b,원목 체스판,success,원형톱,"원형톱, 철판가위, 목공톱, 목공줄, 목공용접톱, 다목적가위, 목공용드릴비트, 다이스세트, 스패너, 글루스틱, 가스토치, 스크레퍼, 편구스패너, 스패너세트, 방진마스크",다이스세트,,,,False,,
granite4.1:8b,원예가위 1개,success,다목적가위,"다목적가위, 철판가위, 고지가위, 전지가위, 원형톱, 가스토치, 도끼, 테이블톱, 사다리, 공구세트, 쇠톱, 목공톱, 목공용접톱, 대패, 와이어스트리퍼",다목적가위,,,,False,,
granite4.1:8b,원예공구,success,공구함,"공구함, 공구세트, 전동공구세트, 공구함세트, 원형톱, 목공톱, 목공줄, 목공용접톱, 편구스패너, 목공용드릴비트, 철공용드릴비트, 철공용드릴비트세트, 직소기, 전정톱, 커터칼",공구함,,,,True,,
granite4.1:8b,원예용가위1,success,다목적가위,"다목적가위, 철판가위, 고지가위, 전지가위, 원형톱, 목공용접톱, 양용드라이버, 가스토치, 목공용드릴비트, 철공용드릴비트, 콘크리트용드릴비트, 철공용드릴비트세트, 전자산업용니퍼, 피스제거용비트, 테이블톱",다목적가위,,,,False,,
granite4.1:8b,원예용가위2,success,다목적가위,"다목적가위, 철판가위, 고지가위, 전지가위, 원형톱, 목공용접톱, 양용드라이버, 가스토치, 목공용드릴비트, 철공용드릴비트, 철공용드릴비트세트, 콘크리트용드릴비트, 피스제거용비트, 전자산업용니퍼, 테이블톱",다목적가위,,,,False,,
granite4.1:8b,원예전지가위,success,전지가위,"전지가위, 고지가위, 다목적가위, 철판가위, 원형톱, 전정톱, 전동드릴, 전동압착기, 쇠지렛대, 전동공구세트, 검전기, 디지털수평기, 전선릴, 전동타카, 가스토치",전지가위,,배터리,,False,,
granite4.1:8b,원터치 육각텐트,success,육각렌치,"육각렌치, 육각렌치세트, 원형톱, 직각자, 센터펀치, T렌치세트, 볼렌치세트, 토크렌치, 볼트컷터, 소켓렌치세트, 별렌치세트, 그립망치, 배터리팩, 라쳇렌치세트, 조합렌치세트",육각렌치세트,,,,False,,
granite4.1:8b,원터치텐트,success,원형톱,"원형톱, 센터펀치, 볼트컷터, 볼렌치세트, T렌치세트, 별렌치세트, 소켓렌치세트, 렌치, 커터, 육각렌치세트, 라쳇렌치세트, 토크렌치, 조합렌치세트, 펜치, 커터칼",원형톱,,,,False,,
granite4.1:8b,원형 샌더기,success,샌더,"샌더, 원형톱, 전동압착기, A형사다리, 수평기, 직소기, 앵글그라인더, 송풍기, 고압세척기, 고속절단기, 라돈측정기, 디지털수평기, 레이저수평기, 열풍기, 레이저거리측정기",샌더,,,,False,,
granite4.1:8b,원형 톱 1개,success,원형톱,"원형톱, 톱, 전정톱, 테이블톱, 접톱, 목공톱, 쇠톱, 왕복톱(레시프로쏘), 목공용접톱, A형사다리, 핀펀치, 그립망치, 탭세트, 자전거펌프, 도끼",원형톱,,,,False,,
granite4.1:8b,원형샌다,success,원형톱,"원형톱, 샌더, A형사다리, 다림추, 사다리, 다이아고날플라이어, 다목적가위, 다이스세트, 센터펀치, 만능렌치, 육각렌치, 직각자, 핀펀치, 편구스패너, 소켓렌치세트",샌더,,,,False,,
granite4.1:8b,원형샌더,success,샌더,"샌더, 원형톱, 앵글그라인더, A형사다리, 편구스패너, 육각렌치, 스패너, 플라이어렌치, 소켓렌치세트, 전동드릴, 만능렌치, 스패너세트, 육각렌치세트, 냉동라쳇렌치, 전동드라이버",샌더,,,,False,,
granite4.1:8b,원형센더 1개,success,원형톱,"원형톱, 샌더, 센터펀치, 앵글그라인더, A형사다리, 스패너세트, 소켓렌치세트, 편구스패너, 육각렌치세트, 에어컴프레서, 스패너, 만능렌치, 스크레퍼, 육각렌치, 기어렌치세트",샌더,,,,False,,
granite4.1:8b,원형전기톱,success,원형톱,"원형톱, 전정톱, 검전기, 전기인두, 톱, 목공톱, 접톱, 테이블톱, 쇠톱, 목공용접톱, 전동압착기, A형사다리, 왕복톱(레시프로쏘), 전동드릴, 전동타카",원형톱,,유선,,False,,
granite4.1:8b,원형톱,success,원형톱,"원형톱, 전정톱, 톱, 테이블톱, 접톱, 쇠톱, 목공톱, 목공용접톱, 왕복톱(레시프로쏘), A형사다리, 핀펀치, 도끼, 전동타카, 콘크리트니퍼, 센터펀치",원형톱,,,,False,원형톱,True
granite4.1:8b,원형톱(CS-7CA),success,원형톱,"원형톱, PVC컷터, 전정톱, 톱, A형사다리, 테이블톱, 쇠톱, 접톱, 목공톱, 왕복톱(레시프로쏘), 목공용접톱, SDS드릴비트, 전동타카, 손타카, 안전장갑",원형톱,,,,False,,
granite4.1:8b,원형톱마끼다,success,원형톱,"원형톱, 도끼, 톱, A형사다리, 목공톱, 전정톱, 테이블톱, 접톱, 쇠톱, 목공용접톱, 왕복톱(레시프로쏘), 연마석, 다목적가위, 방진마스크, 사다리",원형톱,마끼다,,,False,원형톱,True
granite4.1:8b,유닉스매직기,success,직소기,"직소기, 직각자, 스프링배관청소기, 수평기, 열풍기, 검전기, 전동압착기, 송풍기, 디지털수평기, 글루스틱, 스패너, 고속절단기, 편구스패너, 고압세척기, 버니어캘리퍼스",직각자,,,,False,,
granite4.1:8b,유리창 로봇청소기,success,스프링배관청소기,"스프링배관청소기, 직소기, 로터리해머드릴, 레이저거리측정기, 고압세척기, 열풍기, 안전로프, 레이저수평기, 라돈측정기, 소켓렌치세트, 왕복톱(레시프로쏘), 고속절단기, 송풍기, 수평기, 디지털수평기",스프링배관청소기,,,,False,,
granite4.1:8b,유리창 청소기,success,스프링배관청소기,"스프링배관청소기, 직소기, 열풍기, 고압세척기, 레이저거리측정기, 수평기, 송풍기, 고속절단기, 소켓렌치세트, 레이저수평기, 와이어스트리퍼, 라돈측정기, 전동압착기, 디지털수평기, 배터리팩",스프링배관청소기,,,,False,,
granite4.1:8b,유리칼,success,커터칼,"커터칼, 실리콘건, 사다리, 배터리팩, 장도리, 로터리해머드릴, 와이어스트리퍼, 버니어캘리퍼스, A형사다리, 콘크리트니퍼, 레이저거리측정기, 콘크리트용드릴비트, 콘크리트드릴비트세트, 타일컷터, 전동드릴",커터칼,,,,False,,
granite4.1:8b,유리칼 1개,success,커터칼,"커터칼, 사다리, 실리콘건, 배터리팩, 장도리, 로터리해머드릴, 와이어스트리퍼, A형사다리, 버니어캘리퍼스, 콘크리트니퍼, 레이저거리측정기, 콘크리트용드릴비트, 콘크리트드릴비트세트, 타일컷터, 목공톱",커터칼,,,,False,,
granite4.1:8b,유모차,success,안전모,"안전모, 모종삽, 드라이버, 사다리, 전동타카, 전동드라이버, 충전임팩트드라이버, 목공줄, 임팩트드라이버, 양용드라이버, 렌치, 충전해머드릴, 안전장갑, 충전드릴, 공구함",사다리,,,,False,,
granite4.1:8b,유무선 드릴,success,전동드릴,"전동드릴, 충전드릴, 임팩트드릴, 전선릴, 해머드릴, 드릴비트, 충전해머드릴, 드릴비트세트, 목공용드릴비트, 철공용드릴비트, SDS드릴비트, 로터리해머드릴, 철공용드릴비트세트, 콘크리트용드릴비트, 콘크리트드릴비트세트",전동드릴,,유선/충전식,,False,,
granite4.1:8b,유선 그라인더,success,앵글그라인더,"앵글그라인더, 전선릴, 샌더, 그립망치, 적외선온도계, 전기인두, 바이스그립플라이어, 케이블컷터, 플라이어, 플라이어렌치, 타일컷터, 와이어스트리퍼, 직소기, 라돈측정기, 글루스틱",앵글그라인더,,유선,,False,,
granite4.1:8b,유선 그라인더(100m/4인치),success,앵글그라인더,"앵글그라인더, 전기인두, 그립망치, 전선릴, 적외선온도계, 샌더, 플라이어렌치, 냉동라쳇렌치, 육각렌치, 만능렌치, 바이스그립플라이어, 플라이어, 와이어스트리퍼, 옵셋렌치, 케이블컷터",앵글그라인더,,유선,100m/4인치,False,,
granite4.1:8b,유선 다용도 톱(직소기),success,직소기,"직소기, 톱, 전정톱, 테이블톱, 목공용접톱, 접톱, 직각자, 원형톱, 쇠톱, 목공톱, 스프링배관청소기, 적외선온도계, 왕복톱(레시프로쏘), 전선릴, 도끼",목공톱,,유선,,False,,
granite4.1:8b,유선 드릴,success,전동드릴,"전동드릴, 충전드릴, 전선릴, 임팩트드릴, 해머드릴, 드릴비트, 드릴비트세트, 충전해머드릴, 목공용드릴비트, 철공용드릴비트, SDS드릴비트, 로터리해머드릴, 철공용드릴비트세트, 콘크리트용드릴비트, 콘크리트드릴비트세트",전동드릴,,유선,,False,,
granite4.1:8b,유선 디스크 그라인더,success,앵글그라인더,"앵글그라인더, 스크레퍼, 방진마스크, 샌더, 전선릴, 디지털수평기, 적외선온도계, 바이스그립플라이어, 그립망치, 글루스틱, 전기인두, 와이어스트리퍼, 스냅링플라이어, 전동드라이버, 드라이버",앵글그라인더,,유선,,False,,
granite4.1:8b,유선 디스크 그라인더,success,앵글그라인더,"앵글그라인더, 스크레퍼, 방진마스크, 샌더, 전선릴, 디지털수평기, 적외선온도계, 바이스그립플라이어, 그립망치, 글루스틱, 전기인두, 와이어스트리퍼, 스냅링플라이어, 전동드라이버, 드라이버",앵글그라인더,,유선,,False,,
granite4.1:8b,유선 전기톱,success,전기인두,"전기인두, 검전기, 전정톱, 전선릴, 톱, 목공톱, 접톱, 원형톱, 테이블톱, 쇠톱, 목공용접톱, 전동압착기, 적외선온도계, 왕복톱(레시프로쏘), 충전드릴",전기인두,,유선,,False,,
granite4.1:8b,유선 전동 드릴,success,전동드릴,"전동드릴, 전선릴, 충전드릴, 전동드라이버, 전동타카, 전동압착기, 임팩트드릴, 충전해머드릴, 전동공구세트, 해머드릴, 드릴비트, 목공용드릴비트, 철공용드릴비트, 드릴비트세트, SDS드릴비트",전동드릴,,유선,,False,,
granite4.1:8b,유선 전동드릴,success,전동드릴,"전동드릴, 전동드라이버, 전선릴, 충전드릴, 전동압착기, 전동타카, 임팩트드릴, 충전해머드릴, 전동공구세트, 해머드릴, 드릴비트, 목공용드릴비트, 철공용드릴비트, 로터리해머드릴, SDS드릴비트",전동드릴,,유선,,False,전동드릴,True
granite4.1:8b,유선 직쏘,success,직소기,"직소기, 직각자, 전선릴, 적외선온도계, 왕복톱(레시프로쏘), 케이블컷터, 임팩트드릴, PVC컷터, 고속절단기, 전동드릴, 충전드릴, 볼트컷터, 접톱, 임팩트드라이버, 비트세트",직소기,,유선,,False,,
granite4.1:8b,유선 컷쏘,success,전선릴,"전선릴, 케이블컷터, 볼트컷터, 타일컷터, PVC컷터, 왕복톱(레시프로쏘), 적외선온도계, 앤드컷팅니퍼, 커터칼, 커터, 카운터싱크, 고속절단기, 비트세트, 점프케이블, 직소기",케이블컷터,,유선,,False,,
granite4.1:8b,유선 해머드릴,success,해머드릴,"해머드릴, 충전해머드릴, 로터리해머드릴, 전동드릴, 충전드릴, 임팩트드릴, 전선릴, 드릴비트, 목공용드릴비트, 드릴비트세트, 철공용드릴비트, SDS드릴비트, 철공용드릴비트세트, 콘크리트드릴비트세트, 콘크리트용드릴비트",해머드릴,,유선,,False,,
granite4.1:8b,유선(햄머)전동드릴,success,전동드릴,"전동드릴, 해머드릴, 충전해머드릴, 전동드라이버, 충전드릴, 로터리해머드릴, 전선릴, 임팩트드릴, 전동압착기, 전동타카, 전동공구세트, 드릴비트, 목공용드릴비트, 철공용드릴비트, 드릴비트세트",해머드릴,,유선,,False,,
granite4.1:8b,유선/글루건,success,글루건,"글루건, 글루스틱, 에어건, 실리콘건, 전선릴, 앵글그라인더, 적외선온도계, 빠루망치, 건타카, 고속절단기, 케이블컷터, 드라이버, 드릴비트, 직소기, 그립망치",글루건,,유선,,False,,
granite4.1:8b,유선/전동그라인더,success,앵글그라인더,"앵글그라인더, 전동드라이버, 전동드릴, 전선릴, 전동압착기, 전동타카, 전동공구세트, 전기인두, 샌더, 냉동라쳇렌치, 그립망치, 적외선온도계, 검전기, 충전임팩트드라이버, 전정톱",앵글그라인더,,유선,,False,,
granite4.1:8b,유선/전동드릴,success,전동드릴,"전동드릴, 전동드라이버, 전선릴, 충전드릴, 전동압착기, 임팩트드릴, 전동타카, 충전해머드릴, 해머드릴, 전동공구세트, 드릴비트, 목공용드릴비트, 철공용드릴비트, 드릴비트세트, 로터리해머드릴",전동드릴,,유선,,False,,
granite4.1:8b,유선/전동드릴세트(수공구세트 포함),success,전동공구세트,"전동공구세트, 공구세트, 공구함세트, 전동드릴, 드릴비트세트, 철공용드릴비트세트, 공구함, 세트, 콘크리트드릴비트세트, 끌세트, 탭세트, 드라이버세트, 충전드릴, 비트세트, 목공용드릴비트",전동드릴,,유선,,False,,
granite4.1:8b,유선/전동일자톱,success,전동드릴,"전동드릴, 전동타카, 전동압착기, 전정톱, 전선릴, 전동공구세트, 전동드라이버, 톱, 타일컷터, 줄자, 원형톱, 자전거펌프, 접톱, 쇠톱, 테이블톱",전정톱,,유선,,False,,
granite4.1:8b,유선그라인더,success,앵글그라인더,"앵글그라인더, 샌더, 전선릴, 그립망치, 적외선온도계, 바이스그립플라이어, 전기인두, 플라이어, 플라이어렌치, 케이블컷터, 와이어스트리퍼, 스냅링플라이어, 전동드라이버, 드라이버, 타일컷터",앵글그라인더,,유선,,False,,
granite4.1:8b,유선드라이버드릴,success,드라이버,"드라이버, 드라이버세트, 전동드라이버, 양용드라이버, T핸드드라이버, 임팩트드라이버, 정밀드라이버세트, 전동드릴, 충전드릴, 충전임팩트드라이버, 임팩트드릴, 해머드릴, 드릴비트, SDS드릴비트, 충전해머드릴",전동드릴,,유선,,False,,
granite4.1:8b,유선드릴,success,전동드릴,"전동드릴, 충전드릴, 전선릴, 임팩트드릴, 해머드릴, 드릴비트, 충전해머드릴, 드릴비트세트, 목공용드릴비트, 로터리해머드릴, 철공용드릴비트, SDS드릴비트, 철공용드릴비트세트, 콘크리트용드릴비트, 콘크리트드릴비트세트",전동드릴,,유선,,False,,
granite4.1:8b,유선드릴,success,전동드릴,"전동드릴, 충전드릴, 전선릴, 임팩트드릴, 해머드릴, 드릴비트, 충전해머드릴, 드릴비트세트, 목공용드릴비트, 로터리해머드릴, 철공용드릴비트, SDS드릴비트, 철공용드릴비트세트, 콘크리트용드릴비트, 콘크리트드릴비트세트",전동드릴,,유선,,False,,
granite4.1:8b,유선드릴(대형),success,전동드릴,"전동드릴, 충전드릴, 전선릴, 임팩트드릴, 해머드릴, 드릴비트, 충전해머드릴, 목공용드릴비트, 드릴비트세트, 철공용드릴비트, 로터리해머드릴, SDS드릴비트, 대패, 철공용드릴비트세트, 콘크리트용드릴비트",전동드릴,,유선,대형,False,,
granite4.1:8b,유선임팩트드릴,success,임팩트드릴,"임팩트드릴, 임팩트드라이버, 충전임팩트드라이버, 전동드릴, 충전드릴, 해머드릴, 콘크리트드릴비트세트, 전선릴, 드릴비트, 목공용드릴비트, 드릴비트세트, 충전해머드릴, 철공용드릴비트, SDS드릴비트, 철공용드릴비트세트",임팩트드릴,,유선,,False,,
granite4.1:8b,유선임팩트드릴(구형),success,임팩트드릴,"임팩트드릴, 임팩트드라이버, 충전임팩트드라이버, 전동드릴, 충전드릴, 콘크리트드릴비트세트, 해머드릴, 목공용드릴비트, 드릴비트, 전선릴, 드릴비트세트, 철공용드릴비트, 충전해머드릴, 철공용드릴비트세트, 콘크리트용드릴비트",임팩트드릴,,유선,구형,False,,
granite4.1:8b,유선전기드릴,success,전동드릴,"전동드릴, 충전드릴, 전선릴, 검전기, 충전해머드릴, 전기인두, 임팩트드릴, 해머드릴, 드릴비트, 목공용드릴비트, 드릴비트세트, 철공용드릴비트, 로터리해머드릴, SDS드릴비트, 철공용드릴비트세트",전동드릴,,유선,,False,,
granite4.1:8b,유선전동드릴,success,전동드릴,"전동드릴, 전동드라이버, 전선릴, 충전드릴, 전동압착기, 임팩트드릴, 전동타카, 충전해머드릴, 해머드릴, 전동공구세트, 드릴비트, 목공용드릴비트, 철공용드릴비트, 로터리해머드릴, 드릴비트세트",전동드릴,,유선,,False,전동드릴,True
granite4.1:8b,유선전동드릴,success,전동드릴,"전동드릴, 전동드라이버, 전선릴, 충전드릴, 전동압착기, 임팩트드릴, 전동타카, 충전해머드릴, 해머드릴, 전동공구세트, 드릴비트, 목공용드릴비트, 철공용드릴비트, 로터리해머드릴, 드릴비트세트",전동드릴,,유선,,False,전동드릴,True
granite4.1:8b,유선전동드릴부속품,success,전동드릴,"전동드릴, 전동드라이버, 충전드릴, 전선릴, 전동압착기, 전동공구세트, 전동타카, 임팩트드릴, 충전해머드릴, 드릴비트세트, 드릴비트, 목공용드릴비트, 해머드릴, 철공용드릴비트세트, 철공용드릴비트",드릴비트세트,,,,False,,
granite4.1:8b,유선컷소,success,전선릴,"전선릴, 직소기, 케이블컷터, 타일컷터, 볼트컷터, PVC컷터, 적외선온도계, 앤드컷팅니퍼, 소켓렌치세트, 스프링배관청소기, 커터, 커터칼, 고속절단기, 절단석, 피스제거용비트",고속절단기,,유선,,False,,
granite4.1:8b,유선컷쏘,success,전선릴,"전선릴, 케이블컷터, 볼트컷터, 타일컷터, PVC컷터, 왕복톱(레시프로쏘), 적외선온도계, 앤드컷팅니퍼, 커터칼, 커터, 카운터싱크, 고속절단기, 비트세트, 점프케이블, 충전드릴",케이블컷터,,유선,,False,,
granite4.1:8b,유선햄머전동드릴,success,전동드릴,"전동드릴, 해머드릴, 충전해머드릴, 전동드라이버, 로터리해머드릴, 충전드릴, 전선릴, 임팩트드릴, 전동압착기, 전동타카, 전동공구세트, 목공용드릴비트, 드릴비트, 철공용드릴비트, 드릴비트세트",해머드릴,,유선,,False,,
granite4.1:8b,유선햄머전동드릴/로터리 해머드릴,success,로터리해머드릴,"로터리해머드릴, 해머드릴, 충전해머드릴, 전동드릴, 충전드릴, 임팩트드릴, 전선릴, 전동드라이버, 드릴비트, 목공용드릴비트, 철공용드릴비트, 드릴비트세트, 철공용드릴비트세트, 전동압착기, 콘크리트드릴비트세트",로터리해머드릴,,유선,,False,,
granite4.1:8b,"유아용 캠핑의자(여우,토끼,공룡 각 1개씩)",success,직각자,"직각자, 도끼, 전자산업용니퍼, 목공용접톱, 토크렌치, 줄자, 공구세트, 육각렌치, 철공용드릴비트, 목공용드릴비트, 철공용드릴비트세트, 가스토치, 육각렌치세트, 공구함, 목공줄",직각자,,,,True,,
granite4.1:8b,육각 드라이버 세트,success,드라이버세트,"드라이버세트, 정밀드라이버세트, 드라이버, 육각렌치세트, 양용드라이버, 전동드라이버, 임팩트드라이버, 육각렌치, T핸드드라이버, 충전임팩트드라이버, 플라이어세트, 세트, 다이스세트, 드릴비트세트, 스패너세트",육각렌치세트,,,,False,,
granite4.1:8b,육각 렌치,success,육각렌치,"육각렌치, 육각렌치세트, 렌치, 옵셋렌치, 만능렌치, 토크렌치, 별렌치세트, 플라이어렌치, 몽키렌치, 냉동라쳇렌치, 라쳇렌치세트, 소켓렌치세트, 볼렌치, 조합렌치세트, 파이프렌치",육각렌치,,,,False,,
granite4.1:8b,육각 롱볼렌치센트(접이식),success,육각렌치,"육각렌치, 육각렌치세트, 볼렌치, 볼렌치세트, 렌치, 플라이어렌치, 별렌치세트, 조합렌치세트, 옵셋렌치, 라쳇렌치세트, T렌치세트, 기어렌치세트, 파이프렌치, 센터펀치, 만능렌치",육각렌치,,,"롱, 접이식",False,,
granite4.1:8b,육각 볼렌치,success,육각렌치,"육각렌치, 볼렌치, 육각렌치세트, 볼렌치세트, 렌치, 토크렌치, 몽키렌치, 만능렌치, 파이프렌치, 플라이어렌치, 옵셋렌치, 별렌치세트, 납볼망치, 직각자, T렌치세트",육각렌치,,,,False,,
granite4.1:8b,육각(볼)렌치,success,육각렌치,"육각렌치, 육각렌치세트, 볼렌치, 렌치, 볼렌치세트, 옵셋렌치, 만능렌치, 플라이어렌치, 별렌치세트, 토크렌치, 몽키렌치, 냉동라쳇렌치, 파이프렌치, 라쳇렌치세트, 조합렌치세트",육각렌치,,,,False,,
granite4.1:8b,육각드릴세트,success,육각렌치세트,"육각렌치세트, 육각렌치, 드릴비트세트, 철공용드릴비트세트, 콘크리트드릴비트세트, 전동드릴, 임팩트드릴, 세트, 드릴비트, 충전드릴, 해머드릴, 드라이버세트, 끌세트, SDS드릴비트, 공구세트",육각렌치세트,,,,False,,
granite4.1:8b,육각렌지,success,육각렌치,"육각렌치, 육각렌치세트, 직각자, 렌치, 토크렌치, 냉동라쳇렌치, 만능렌치, 옵셋렌치, 별렌치세트, 소켓렌치세트, 파이프렌치, 쇠지렛대, 플라이어렌치, 몽키렌치, 전지가위",육각렌치,,,,False,,
granite4.1:8b,육각렌찌,success,육각렌치,"육각렌치, 육각렌치세트, 렌치, 직각자, 별렌치세트, 만능렌치, 옵셋렌치, 라쳇렌치세트, 냉동라쳇렌치, 소켓렌치세트, 토크렌치, 조합렌치세트, 몽키렌치, 볼렌치세트, T렌치세트",육각렌치,,,,False,,
granite4.1:8b,육각렌츠세트,success,육각렌치세트,"육각렌치세트, 육각렌치, 별렌치세트, 세트, 소켓렌치세트, 조합렌치세트, T렌치세트, 라쳇렌치세트, 기어렌치세트, 볼렌치세트, 스패너세트, 다이스세트, 탭세트, 공구세트, 비트세트",육각렌치세트,,,,False,,
granite4.1:8b,육각렌치,success,육각렌치,"육각렌치, 육각렌치세트, 렌치, 옵셋렌치, 만능렌치, 별렌치세트, 토크렌치, 몽키렌치, 플라이어렌치, 냉동라쳇렌치, 소켓렌치세트, 라쳇렌치세트, 조합렌치세트, 볼렌치, 파이프렌치",육각렌치,,,,False,육각렌치,True
granite4.1:8b,육각렌치 1개,success,육각렌치,"육각렌치, 육각렌치세트, 렌치, 옵셋렌치, 만능렌치, 별렌치세트, 소켓렌치세트, 토크렌치, 플라이어렌치, 냉동라쳇렌치, 라쳇렌치세트, 몽키렌치, 조합렌치세트, 기어렌치세트, 볼렌치",육각렌치,,,,False,,
granite4.1:8b,육각렌치 8세트,success,육각렌치세트,"육각렌치세트, 육각렌치, 별렌치세트, 소켓렌치세트, 조합렌치세트, 라쳇렌치세트, 기어렌치세트, 볼렌치세트, T렌치세트, 렌치, 옵셋렌치, 만능렌치, 토크렌치, 몽키렌치, 냉동라쳇렌치",육각렌치세트,,,,False,,
granite4.1:8b,육각렌치 세트,success,육각렌치세트,"육각렌치세트, 육각렌치, 별렌치세트, 소켓렌치세트, 조합렌치세트, 기어렌치세트, 라쳇렌치세트, 볼렌치세트, T렌치세트, 렌치, 옵셋렌치, 만능렌치, 세트, 몽키렌치, 토크렌치",육각렌치세트,,,,False,,
granite4.1:8b,육각렌치(대),success,육각렌치,"육각렌치, 육각렌치세트, 렌치, 옵셋렌치, 만능렌치, 별렌치세트, 몽키렌치, 토크렌치, 냉동라쳇렌치, 플라이어렌치, 조합렌치세트, 라쳇렌치세트, 소켓렌치세트, 볼렌치, 파이프렌치",육각렌치,,,,False,,
granite4.1:8b,육각렌치(별렌치 포함),success,육각렌치,"육각렌치, 육각렌치세트, 별렌치세트, 렌치, 옵셋렌치, 만능렌치, 몽키렌치, 조합렌치세트, 볼렌치, 토크렌치, 플라이어렌치, 냉동라쳇렌치, 소켓렌치세트, 볼렌치세트, 라쳇렌치세트",육각렌치,,,,False,,
granite4.1:8b,육각렌치(소) 1개,success,육각렌치,"육각렌치, 육각렌치세트, 렌치, 소켓렌치세트, 옵셋렌치, 만능렌치, 별렌치세트, 냉동라쳇렌치, 몽키렌치, 라쳇렌치세트, 토크렌치, 플라이어렌치, 조합렌치세트, 볼렌치, 기어렌치세트",육각렌치,,,,False,,
granite4.1:8b,육각렌치Set(15EA) 1개,success,육각렌치,"육각렌치, 육각렌치세트, 소켓렌치세트, 라쳇렌치세트, 렌치, 별렌치세트, 조합렌치세트, 기어렌치세트, 옵셋렌치, 볼렌치세트, T렌치세트, 만능렌치, 냉동라쳇렌치, 플라이어렌치, 토크렌치",육각렌치세트,,,15개 단위,False,,
granite4.1:8b,육각렌치링,success,육각렌치,"육각렌치, 육각렌치세트, 렌치, 옵셋렌치, 만능렌치, 별렌치세트, 토크렌치, 냉동라쳇렌치, 몽키렌치, 플라이어렌치, 라쳇렌치세트, 소켓렌치세트, 볼렌치, 조합렌치세트, 기어렌치세트",육각렌치,,,,False,,
granite4.1:8b,육각렌치세트,success,육각렌치세트,"육각렌치세트, 육각렌치, 별렌치세트, 소켓렌치세트, 조합렌치세트, 라쳇렌치세트, 기어렌치세트, T렌치세트, 볼렌치세트, 렌치, 옵셋렌치, 만능렌치, 세트, 몽키렌치, 냉동라쳇렌치",육각렌치세트,,,,False,육각렌치세트,True
granite4.1:8b,육각렌치세트(BHW-9),success,육각렌치세트,"육각렌치세트, 육각렌치, 별렌치세트, 볼렌치세트, 조합렌치세트, 기어렌치세트, 소켓렌치세트, 라쳇렌치세트, T렌치세트, 렌치, 옵셋렌치, 만능렌치, 세트, 토크렌치, 플라이어렌치",육각렌치세트,,,,False,,
granite4.1:8b,육각렌치세트(스텐리),success,육각렌치세트,"육각렌치세트, 육각렌치, 별렌치세트, 소켓렌치세트, T렌치세트, 조합렌치세트, 볼렌치세트, 기어렌치세트, 라쳇렌치세트, 렌치, 스패너세트, 옵셋렌치, 만능렌치, 세트, 몽키렌치",육각렌치세트,스텐리,,,False,,
granite4.1:8b,육각렌치셋트,success,육각렌치세트,"육각렌치세트, 육각렌치, 옵셋렌치, 별렌치세트, 소켓렌치세트, 조합렌치세트, 라쳇렌치세트, 렌치, 기어렌치세트, 볼렌치세트, T렌치세트, 만능렌치, 몽키렌치, 냉동라쳇렌치, 토크렌치",육각렌치세트,,,,False,,
granite4.1:8b,육각링렌치세트,success,육각렌치세트,"육각렌치세트, 육각렌치, 별렌치세트, 소켓렌치세트, T렌치세트, 기어렌치세트, 볼렌치세트, 라쳇렌치세트, 조합렌치세트, 렌치, 세트, 만능렌치, 옵셋렌치, 몽키렌치, 토크렌치",육각렌치세트,,,,False,,
granite4.1:8b,육각복수세트,success,육각렌치세트,"육각렌치세트, 육각렌치, 세트, 다이스세트, 비트세트, 공구세트, 끌세트, 탭세트, 스패너세트, 플라이어세트, 드릴비트세트, 공구함세트, 볼렌치세트, T렌치세트, 직각자",육각렌치세트,,,,False,,
granite4.1:8b,육각볼,success,육각렌치,"육각렌치, 육각렌치세트, 직각자, 볼트컷터, 납볼망치, 볼렌치, 볼렌치세트, 커터칼, 테이블톱, 원형톱, 톱, 점프케이블, 쇠톱, 접톱, 충전드릴",육각렌치,,,,False,,
granite4.1:8b,육각볼렌치,success,육각렌치,"육각렌치, 육각렌치세트, 볼렌치, 볼렌치세트, 렌치, 토크렌치, 몽키렌치, 만능렌치, 옵셋렌치, 별렌치세트, 플라이어렌치, 파이프렌치, 납볼망치, 조합렌치세트, T렌치세트",육각렌치,,,,False,,
granite4.1:8b,육각비트세트,success,비트세트,"비트세트, 육각렌치세트, 드릴비트세트, 육각렌치, 콘크리트드릴비트세트, 철공용드릴비트세트, 세트, 드릴비트, 탭세트, 다이스세트, 피스제거용비트, 끌세트, SDS드릴비트, 공구세트, 스패너세트",육각렌치세트,,,,False,,
granite4.1:8b,육각접랜치,success,육각렌치,"육각렌치, 육각렌치세트, 접톱, 직각자, 목공용접톱, 그립망치, 플라이어렌치, 렌치, 펜치, 파이프렌치, 옵셋렌치, 토크렌치, 냉동라쳇렌치, 만능렌치, 별렌치세트",육각렌치,,,,False,,
granite4.1:8b,육모렌치,success,육각렌치,"육각렌치, 육각렌치세트, 렌치, 몽키렌치, 옵셋렌치, 볼렌치, 토크렌치, 만능렌치, 별렌치세트, 플라이어렌치, 파이프렌치, 볼렌치세트, 조합렌치세트, 소켓렌치세트, 라쳇렌치세트",육각렌치,,,,False,,
granite4.1:8b,윤활방청제,success,방진마스크,"방진마스크, 피스제거용비트, 스프링배관청소기, 바이스그립플라이어, 다이아고날플라이어, 에어컴프레서, 와이어스트리퍼, 롱노즈플라이어, 에어펌프, 수평기, 송풍기, 안전모, 쇠지렛대, LED투광기, 워터펌프플라이어",에어컴프레서,,,,False,,
granite4.1:8b,윤활방향제,success,방진마스크,"방진마스크, 피스제거용비트, 다이아고날플라이어, 바이스그립플라이어, LED투광기, 수평기, 에어컴프레서, 레이저수평기, 편구스패너, 충전임팩트드라이버, LED손전등, 와이어스트리퍼, 조합렌치세트, 플라이어렌치, 전동압착기",방진마스크,,,,True,,
granite4.1:8b,윤활유,success,드라이버,"드라이버, 수평기, 다이아고날플라이어, 와이어스트리퍼, 전동드라이버, 글루스틱, 에어펌프, 송풍기, 에어컴프레서, 전동압착기, LED투광기, 레이저수평기, 자전거펌프, 접톱, 다림추",에어컴프레서,,,,False,,
granite4.1:8b,읛찌,success,도끼,"도끼, 가스토치, 사다리, 펜치, 렌치, 볼렌치, 볼렌치세트, 돌망치, T렌치세트, 글루스틱, 쇠지렛대, 드라이버, 세트, 핀펀치, T핸드드라이버",펜치,,,,False,,
granite4.1:8b,읛치,success,펜치,"펜치, 망치, 렌치, 볼렌치, 돌망치, 핀펀치, 그립망치, 토크렌치, 몽키렌치, 가스토치, 고무망치, 만능렌치, 센터펀치, 옵셋렌치, 납볼망치",망치,,,,False,,
granite4.1:8b,이단전지가위,success,전지가위,"전지가위, 고지가위, 철판가위, 다목적가위, 전정톱, 절단석, 고속절단기, 검전기, 전동압착기, 전동타카, 전기인두, 전선릴, 전동드라이버, 충전임팩트드라이버, 쇠지렛대",전지가위,,전지,,False,,
granite4.1:8b,이동식 앰프,success,점프케이블,"점프케이블, 파이프렌치, 전동드라이버, 전동드릴, 전동압착기, 에어펌프, 전동타카, 워터펌프플라이어, F클램프, 클램프미터, 자전거펌프, 전동공구세트, 냉동라쳇렌치, 안전로프, 에어컴프레서",에어컴프레서,,,,False,,
granite4.1:8b,이동식 조명등,success,LED작업등,"LED작업등, LED손전등, 전동드라이버, 조합렌치세트, 전동타카, 전동드릴, 전동압착기, 전동공구세트, 냉동라쳇렌치, 테이블톱, 케이블컷터, 점프케이블, 드라이버, 다이아고날플라이어, 플라이어",LED손전등,,,,False,,
granite4.1:8b,이동식 충전 앰프,success,충전드릴,"충전드릴, 충전해머드릴, 충전임팩트드라이버, 전동압착기, 전동드라이버, 전동타카, 전동드릴, 점프케이블, 자전거펌프, 안전로프, 파이프렌치, 전동공구세트, F클램프, 클램프미터, 에어펌프",충전드릴,,충전식(무선),,False,,
granite4.1:8b,이동형 공구함용 공구세트(육각렌치 세트),success,공구함세트,"공구함세트, 육각렌치세트, 공구세트, 공구함, 전동공구세트, 육각렌치, 소켓렌치세트, 조합렌치세트, 라쳇렌치세트, 별렌치세트, 기어렌치세트, 볼렌치세트, T렌치세트, 철공용드릴비트세트, 세트",공구세트,,,,False,,
granite4.1:8b,이동형 배경시스템,success,보안경,"보안경, 원형톱, 배터리팩, 스프링배관청소기, 전동드라이버, A형사다리, 다이스세트, 바이스그립플라이어, 전동타카, 스냅링플라이어, 왕복톱(레시프로쏘), 전동드릴, 전동압착기, 전동공구세트, 와이어스트리퍼",보안경,,,,False,,
granite4.1:8b,이발기,success,레이저수평기,"레이저수평기, 열풍기, 수평기, 직소기, 송풍기, 검전기, 레이저거리측정기, 전기인두, 고속절단기, 고압세척기, 전동압착기, LED투광기, 라돈측정기, 드라이버, 다이아고날플라이어",전동압착기,,,,False,,
granite4.1:8b,이중사다리,success,사다리,"사다리, A형사다리, 다목적가위, 다이스세트, 다이아고날플라이어, 테이블톱, 양용드라이버, 와이어스트리퍼, 다림추, 플라이어, 배터리팩, 바이스그립플라이어, 플라이어렌치, 굽은노즈플라이어, 플라이어세트",사다리,,,,False,,
granite4.1:8b,이중실린더펌프(대) 1개,success,에어펌프,"에어펌프, 자전거펌프, 워터펌프플라이어, 샌더, 실리콘건, 대패, 앵글그라인더, 파이프렌치, 석고대패, F클램프, 쇠지렛대, 점프케이블, 클램프미터, 에어컴프레서, 스프링배관청소기",에어컴프레서,,,,False,,
granite4.1:8b,이지스트리퍼,success,와이어스트리퍼,"와이어스트리퍼, 버니어캘리퍼스, 스크레퍼, 콘크리트니퍼, 바이스그립플라이어, 전자산업용니퍼, 니퍼, 강력니퍼, 다이스세트, 스냅링플라이어, 앤드컷팅니퍼, 쇠지렛대, 플라이어, 스패너, 임팩트드라이버",와이어스트리퍼,,,,False,,
granite4.1:8b,인그레이버,success,드라이버,"드라이버, 앵글그라인더, 임팩트드라이버, 레이저수평기, 양용드라이버, 전동드라이버, 드라이버세트, 충전임팩트드라이버, 레이저거리측정기, T핸드드라이버, 정밀드라이버세트, 스크레퍼, 전기인두, 바이스그립플라이어, 그립망치",임팩트드라이버,,,,False,,
granite4.1:8b,인두,success,전기인두,"전기인두, 앵글그라인더, 임팩트드라이버, 임팩트드릴, 드라이버, 대패, 글루건, 전동드라이버, 핀펀치, 충전임팩트드라이버, 글루스틱, 렌치, 도끼, 카운터싱크, 톱",전기인두,,,,False,,
granite4.1:8b,인두기,success,전기인두,"전기인두, 수평기, 직소기, 송풍기, 앵글그라인더, 검전기, 열풍기, 전동압착기, 고속절단기, 고압세척기, LED투광기, 라돈측정기, 디지털수평기, 임팩트드라이버, 레이저수평기",전기인두,,,,False,전기인두,True
granite4.1:8b,인두기(납땜기),success,전기인두,"전기인두, 납볼망치, 직소기, 수평기, 전동압착기, 송풍기, 검전기, 열풍기, 라돈측정기, 고속절단기, 고압세척기, LED투광기, 디지털수평기, 앵글그라인더, 레이저수평기",전기인두,,,,False,,
granite4.1:8b,인두기(엑소),success,전기인두,"전기인두, 직소기, 스프링배관청소기, 수평기, 검전기, 앵글그라인더, 송풍기, 열풍기, 소켓렌치세트, 임팩트드라이버, 전동압착기, 고속절단기, 라돈측정기, 고압세척기, 디지털수평기",전기인두,,,,False,,
granite4.1:8b,"인두보조제, 납",success,전기인두,"전기인두, 납볼망치, 보안경, 앵글그라인더, 조합렌치세트, 피스제거용비트, 임팩트드릴, 충전임팩트드라이버, 대패, 충전드릴, 레이저거리측정기, 임팩트드라이버, 스냅링플라이어, 충전해머드릴, 클램프미터",납볼망치,,,,False,,
granite4.1:8b,"인두보조제,납",success,전기인두,"전기인두, 납볼망치, 보안경, 앵글그라인더, 조합렌치세트, 피스제거용비트, 임팩트드릴, 충전임팩트드라이버, 대패, 충전드릴, 임팩트드라이버, 레이저거리측정기, 충전해머드릴, 스냅링플라이어, 전동압착기",전기인두,,,,False,,
granite4.1:8b,인두용실납,success,전기인두,"전기인두, 납볼망치, 실리콘건, 양용드라이버, 목공용드릴비트, 전자산업용니퍼, 앵글그라인더, 철공용드릴비트, 목공용접톱, 철공용드릴비트세트, 임팩트드릴, 콘크리트용드릴비트, 충전임팩트드라이버, 피스제거용비트, 충전드릴",납볼망치,,,,False,,
granite4.1:8b,인파이프 렌치,success,파이프렌치,"파이프렌치, 렌치, 옵셋렌치, 만능렌치, 플라이어렌치, 육각렌치, 별렌치세트, 소켓렌치세트, 라쳇렌치세트, 냉동라쳇렌치, 토크렌치, 몽키렌치, 조합렌치세트, 육각렌치세트, 기어렌치세트",파이프렌치,,,,False,,
granite4.1:8b,일반 드릴,success,전동드릴,"전동드릴, 충전드릴, 해머드릴, 임팩트드릴, 드릴비트, 드릴비트세트, 철공용드릴비트, 충전해머드릴, 목공용드릴비트, SDS드릴비트, 로터리해머드릴, 철공용드릴비트세트, 콘크리트용드릴비트, 콘크리트드릴비트세트, 타일컷터",전동드릴,,,,False,,
granite4.1:8b,일반 전선릴,success,전선릴,"전선릴, 전동드릴, 충전드릴, 타일컷터, 전정톱, 충전해머드릴, 전지가위, 적외선온도계, 전동타카, 로터리해머드릴, 임팩트드릴, 해머드릴, 전동공구세트, 철공용드릴비트, 철공용드릴비트세트",전선릴,,,,False,,
granite4.1:8b,일반 전선릴(30m),success,전선릴,"전선릴, 전동드릴, 충전드릴, 충전해머드릴, 타일컷터, 전정톱, 임팩트드릴, 해머드릴, 적외선온도계, 목공줄, 로터리해머드릴, 전지가위, 목공용드릴비트, 전동타카, 전동압착기",전선릴,,,길이 30m,False,,
granite4.1:8b,일반공구세트,success,공구세트,"공구세트, 전동공구세트, 공구함세트, 공구함, 세트, 철공용드릴비트세트, 탭세트, 스패너세트, 플라이어세트, 비트세트, 끌세트, 드릴비트세트, 다이스세트, 기어렌치세트, T렌치세트",공구세트,,,,False,,
granite4.1:8b,일반용공구세트,success,공구세트,"공구세트, 전동공구세트, 공구함세트, 공구함, 철공용드릴비트세트, 세트, 탭세트, 스패너세트, 플라이어세트, 끌세트, 드릴비트세트, 기어렌치세트, 목공용접톱, 비트세트, 철공용드릴비트",공구세트,,,,False,,
granite4.1:8b,일반톱,success,톱,"톱, 원형톱, 전정톱, 쇠톱, 접톱, 타일컷터, 테이블톱, 목공톱, 목공용접톱, 왕복톱(레시프로쏘), 탭세트, 그립망치, 도끼, 안전로프, 공구함",톱,,,,False,,
granite4.1:8b,일자 드라이버,success,드라이버,"드라이버, 전동드라이버, 양용드라이버, 드라이버세트, 임팩트드라이버, T핸드드라이버, 정밀드라이버세트, 충전임팩트드라이버, 줄자, 플라이어, 직각자, 타일컷터, 플라이어렌치, 다이아고날플라이어, 플라이어세트",드라이버,,,,False,,
granite4.1:8b,일자/십자 드라이버,success,드라이버,"드라이버, 전동드라이버, 드라이버세트, 양용드라이버, 임팩트드라이버, T핸드드라이버, 정밀드라이버세트, 충전임팩트드라이버, 줄자, 직각자, 플라이어, 자전거펌프, 플라이어렌치, 타일컷터, 플라이어세트",드라이버,,,,False,,
granite4.1:8b,일자가위,success,전지가위,"전지가위, 고지가위, 철판가위, 다목적가위, 줄자, 직각자, 타일컷터, 가스토치, 자전거펌프, 전자산업용니퍼, 타카, 사다리, A형사다리, 전동타카, 다림추",전지가위,,,,False,,
granite4.1:8b,일자겸용 충전드릴,success,충전드릴,"충전드릴, 충전해머드릴, 전동드릴, 충전임팩트드라이버, 철공용드릴비트, 임팩트드릴, 철공용드릴비트세트, 목공용드릴비트, 해머드릴, 드릴비트, 콘크리트용드릴비트, 드릴비트세트, 줄자, 로터리해머드릴, SDS드릴비트",충전드릴,,충전식(무선),,False,충전드릴,True
granite4.1:8b,일자겸용충전드릴,success,충전드릴,"충전드릴, 충전해머드릴, 전동드릴, 철공용드릴비트, 철공용드릴비트세트, 충전임팩트드라이버, 임팩트드릴, 목공용드릴비트, 해머드릴, 콘크리트용드릴비트, 드릴비트, 드릴비트세트, 로터리해머드릴, SDS드릴비트, 자전거펌프",충전드릴,,충전식(무선),,False,,
granite4.1:8b,일자경용 충전드릴,success,충전드릴,"충전드릴, 충전해머드릴, 전동드릴, 충전임팩트드라이버, 철공용드릴비트, 임팩트드릴, 목공용드릴비트, 철공용드릴비트세트, 해머드릴, 드릴비트, 콘크리트용드릴비트, 전자산업용니퍼, 로터리해머드릴, 드릴비트세트, SDS드릴비트",충전드릴,,충전식(무선),,False,충전드릴,True
granite4.1:8b,일자드라이버,success,드라이버,"드라이버, 전동드라이버, 양용드라이버, 임팩트드라이버, 드라이버세트, T핸드드라이버, 충전임팩트드라이버, 정밀드라이버세트, 플라이어, 줄자, 타일컷터, 직각자, 다이아고날플라이어, 플라이어렌치, 플라이어세트",드라이버,,,,False,,
granite4.1:8b,일자드라이버(대),success,드라이버,"드라이버, 전동드라이버, 양용드라이버, 드라이버세트, 임팩트드라이버, T핸드드라이버, 충전임팩트드라이버, 정밀드라이버세트, 플라이어, 줄자, 직각자, 대패, 다이아고날플라이어, 타일컷터, 플라이어렌치",양용드라이버,,,,False,,
granite4.1:8b,일자드라이버(중),success,드라이버,"드라이버, 전동드라이버, 양용드라이버, 임팩트드라이버, 드라이버세트, T핸드드라이버, 충전임팩트드라이버, 정밀드라이버세트, 플라이어, 줄자, 직각자, 타일컷터, 다이아고날플라이어, 플라이어렌치, 롱노즈플라이어",드라이버,,,,False,,
granite4.1:8b,일자십자겸용드라이버,success,양용드라이버,"양용드라이버, 드라이버, 전동드라이버, 드라이버세트, 임팩트드라이버, T핸드드라이버, 충전임팩트드라이버, 정밀드라이버세트, 줄자, 직각자, 철공용드릴비트, 자전거펌프, 목공용드릴비트, 전자산업용니퍼, 철공용드릴비트세트",양용드라이버,,,,False,,
granite4.1:8b,일자톱,success,톱,"톱, 원형톱, 줄자, 쇠톱, 타일컷터, 접톱, 전정톱, 직각자, 테이블톱, 목공톱, 자전거펌프, 목공용접톱, 왕복톱(레시프로쏘), 전자산업용니퍼, 도끼",톱,,,,False,,
granite4.1:8b,임팩 드라이버드릴,success,임팩트드라이버,"임팩트드라이버, 임팩트드릴, 충전임팩트드라이버, 드라이버, 드라이버세트, 전동드라이버, 양용드라이버, T핸드드라이버, 정밀드라이버세트, 전동드릴, 해머드릴, 충전드릴, 드릴비트, 충전해머드릴, 로터리해머드릴",임팩트드라이버,,,,False,,
granite4.1:8b,임팩 드릴드라이버,success,임팩트드라이버,"임팩트드라이버, 임팩트드릴, 충전임팩트드라이버, 드라이버, 전동드라이버, 양용드라이버, T핸드드라이버, 드라이버세트, 정밀드라이버세트, 전동드릴, 드릴비트, 충전드릴, 해머드릴, 드릴비트세트, 목공용드릴비트",임팩트드라이버,,,,False,,
granite4.1:8b,임팩 렌치,success,임팩트드릴,"임팩트드릴, 렌치, 임팩트드라이버, 옵셋렌치, 만능렌치, 충전임팩트드라이버, 육각렌치, 토크렌치, 볼렌치, 몽키렌치, 별렌치세트, 라쳇렌치세트, 소켓렌치세트, 육각렌치세트, 플라이어렌치",임팩트드릴,,,,False,,
granite4.1:8b,임팩드라이버,success,임팩트드라이버,"임팩트드라이버, 충전임팩트드라이버, 드라이버, 임팩트드릴, 전동드라이버, 양용드라이버, 드라이버세트, T핸드드라이버, 정밀드라이버세트, 플라이어, 배터리팩, 스냅링플라이어, 바이스그립플라이어, 플라이어렌치, 워터펌프플라이어",임팩트드라이버,,,,False,,
granite4.1:8b,임팩드릴,success,임팩트드릴,"임팩트드릴, 임팩트드라이버, 충전임팩트드라이버, 해머드릴, 전동드릴, 충전드릴, 충전해머드릴, 로터리해머드릴, 드릴비트, 목공용드릴비트, 드릴비트세트, 철공용드릴비트, SDS드릴비트, 철공용드릴비트세트, 배터리팩",임팩트드릴,,,,False,,
granite4.1:8b,임팩드릴비트세트,success,드릴비트세트,"드릴비트세트, 임팩트드릴, 철공용드릴비트세트, 콘크리트드릴비트세트, 비트세트, 드릴비트, 목공용드릴비트, SDS드릴비트, 철공용드릴비트, 임팩트드라이버, 콘크리트용드릴비트, 충전임팩트드라이버, 세트, 탭세트, 드라이버세트",드릴비트세트,,,,False,,
granite4.1:8b,임팩소켓 세트,success,소켓렌치세트,"소켓렌치세트, 임팩트드릴, 임팩트드라이버, 세트, 충전임팩트드라이버, 탭세트, 공구세트, 비트세트, 공구함세트, 스패너세트, 전동공구세트, 다이스세트, 드라이버세트, 플라이어세트, 육각렌치세트",소켓렌치세트,,,,False,,
granite4.1:8b,임팩용 철기리 콘크리트기리,success,콘크리트니퍼,"콘크리트니퍼, 콘크리트용드릴비트, 콘크리트드릴비트세트, 임팩트드릴, 배터리팩, 실리콘건, 임팩트드라이버, 충전임팩트드라이버, 사다리, 철공용드릴비트, 레이저거리측정기, 철공용드릴비트세트, 장도리, 철판가위, A형사다리",임팩트드릴,,,,False,,
granite4.1:8b,임팩전동드릴,success,임팩트드릴,"임팩트드릴, 전동드릴, 임팩트드라이버, 전동드라이버, 충전임팩트드라이버, 충전드릴, 해머드릴, 전동압착기, 전동타카, 충전해머드릴, 전동공구세트, 로터리해머드릴, 목공용드릴비트, 드릴비트, 철공용드릴비트",임팩트드릴,,,,False,,
granite4.1:8b,임팩전동드릴(10),success,임팩트드릴,"임팩트드릴, 전동드릴, 임팩트드라이버, 전동드라이버, 충전임팩트드라이버, 충전드릴, 전동압착기, 해머드릴, 전동타카, 충전해머드릴, 전동공구세트, 로터리해머드릴, 드릴비트, 목공용드릴비트, 철공용드릴비트",임팩트드릴,,,용접가능 10mm,False,,
granite4.1:8b,임팩트 드릴,success,임팩트드릴,"임팩트드릴, 임팩트드라이버, 충전임팩트드라이버, 전동드릴, 해머드릴, 드릴비트, 충전드릴, 드릴비트세트, 목공용드릴비트, 철공용드릴비트, 콘크리트드릴비트세트, SDS드릴비트, 콘크리트용드릴비트, 철공용드릴비트세트, 충전해머드릴",임팩트드릴,,,,False,,
granite4.1:8b,"임팩트(해머) 드릴(유선,보쉬)",success,임팩트드릴,"임팩트드릴, 해머드릴, 충전해머드릴, 로터리해머드릴, 임팩트드라이버, 충전임팩트드라이버, 전동드릴, 충전드릴, 드릴비트, 전선릴, 드릴비트세트, 목공용드릴비트, 철공용드릴비트, SDS드릴비트, 철공용드릴비트세트",임팩트드릴,BOSCH,유선,,False,,
granite4.1:8b,임팩트드라이버,success,임팩트드라이버,"임팩트드라이버, 충전임팩트드라이버, 임팩트드릴, 드라이버, 전동드라이버, 드라이버세트, 양용드라이버, T핸드드라이버, 정밀드라이버세트, 플라이어, 배터리팩, 스냅링플라이어, 플라이어세트, 워터펌프플라이어, 바이스그립플라이어",임팩트드라이버,,,,False,임팩트드라이버,True
granite4.1:8b,임팩트드라이버 콤보세트,success,임팩트드라이버,"임팩트드라이버, 충전임팩트드라이버, 드라이버세트, 임팩트드릴, 정밀드라이버세트, 드라이버, 전동드라이버, 양용드라이버, T핸드드라이버, 플라이어세트, 콘크리트드릴비트세트, 세트, 드릴비트세트, 공구세트, 탭세트",임팩트드라이버,,,,False,,
granite4.1:8b,임팩트드릴,success,임팩트드릴,"임팩트드릴, 임팩트드라이버, 충전임팩트드라이버, 전동드릴, 해머드릴, 충전드릴, 콘크리트드릴비트세트, 드릴비트, 드릴비트세트, 목공용드릴비트, 철공용드릴비트, SDS드릴비트, 충전해머드릴, 로터리해머드릴, 철공용드릴비트세트",임팩트드릴,,,,False,,
granite4.1:8b,임팩트드릴(무선),success,임팩트드릴,"임팩트드릴, 임팩트드라이버, 충전임팩트드라이버, 전동드릴, 충전드릴, 해머드릴, 전선릴, 콘크리트드릴비트세트, 드릴비트, 충전해머드릴, 드릴비트세트, 목공용드릴비트, 철공용드릴비트, SDS드릴비트, 로터리해머드릴",임팩트드릴,,충전식(무선),,False,,
granite4.1:8b,임팩트비트소켓세트,success,소켓렌치세트,"소켓렌치세트, 임팩트드릴, 비트세트, 임팩트드라이버, 드릴비트세트, 충전임팩트드라이버, 콘크리트드릴비트세트, 세트, 철공용드릴비트세트, 탭세트, 드릴비트, 공구세트, 피스제거용비트, 공구함세트, 전동공구세트",임팩트드릴,,,,False,,
granite4.1:8b,임팩트전동드릴,success,임팩트드릴,"임팩트드릴, 전동드릴, 임팩트드라이버, 충전임팩트드라이버, 전동드라이버, 충전드릴, 전동타카, 전동압착기, 전동공구세트, 해머드릴, 충전해머드릴, 드릴비트, 드릴비트세트, 목공용드릴비트, 철공용드릴비트",임팩트드라이버,,,,False,,
granite4.1:8b,임펙충전드릴(1개),success,충전드릴,"충전드릴, 충전해머드릴, 임팩트드릴, 충전임팩트드라이버, 전동드릴, 해머드릴, 임팩트드라이버, 로터리해머드릴, 드릴비트, 철공용드릴비트, 목공용드릴비트, 철공용드릴비트세트, 콘크리트드릴비트세트, 드릴비트세트, 콘크리트용드릴비트",충전드릴,,충전식,,True,,
granite4.1:8b,임펙트드릴(무선),success,임팩트드릴,"임팩트드릴, 임팩트드라이버, 전동드릴, 충전드릴, 충전임팩트드라이버, 해머드릴, 전선릴, 콘크리트드릴비트세트, 드릴비트, 드릴비트세트, 충전해머드릴, 목공용드릴비트, 철공용드릴비트, SDS드릴비트, 철공용드릴비트세트",충전임팩트드라이버,,충전식(무선),,False,,
granite4.1:8b,임펙트드릴(유선),success,임팩트드릴,"임팩트드릴, 임팩트드라이버, 전동드릴, 충전드릴, 충전임팩트드라이버, 해머드릴, 전선릴, 콘크리트드릴비트세트, 드릴비트, 드릴비트세트, 목공용드릴비트, 충전해머드릴, 철공용드릴비트, SDS드릴비트, 철공용드릴비트세트",임팩트드릴,,유선,,False,,
granite4.1:8b,임펙트클러치 2개,success,임팩트드릴,"임팩트드릴, F클램프, 임팩트드라이버, 클램프미터, 충전임팩트드라이버, 볼렌치세트, 별렌치세트, T렌치세트, 소켓렌치세트, 육각렌치세트, 라쳇렌치세트, 조합렌치세트, 렌치, 기어렌치세트, 펜치",임팩트드라이버,,,,False,,
granite4.1:8b,자/측정공구,success,라돈측정기,"라돈측정기, 공구함, 공구세트, 레이저거리측정기, 전동공구세트, 공구함세트, 줄자, 전정톱, 직각자, 목공톱, 자전거펌프, 목공줄, 편구스패너, 목공용접톱, 전자산업용니퍼",줄자,,,,False,,
granite4.1:8b,자동센터펀치,success,센터펀치,"센터펀치, 핀펀치, 펜치, 파이프렌치, 자전거펌프, 냉동라쳇렌치, 전동압착기, 볼렌치세트, 전동드릴, 만능렌치, 볼렌치, 플라이어렌치, 렌치, 토크렌치, 망치",센터펀치,,,,False,,
granite4.1:8b,자동스트리퍼,success,와이어스트리퍼,"와이어스트리퍼, 스크레퍼, 버니어캘리퍼스, 콘크리트니퍼, 전자산업용니퍼, 니퍼, 전동드라이버, 전동압착기, 강력니퍼, 전동드릴, 앤드컷팅니퍼, 줄자, 스냅링플라이어, 전동공구세트, 직각자",와이어스트리퍼,,,,False,,
granite4.1:8b,자동스트립퍼 1개,success,와이어스트리퍼,"와이어스트리퍼, 스크레퍼, 전자산업용니퍼, 그립망치, 바이스그립플라이어, 콘크리트니퍼, 줄자, 니퍼, 버니어캘리퍼스, 직각자, 스패너세트, 전동공구세트, 전동압착기, 자전거펌프, 전동드릴",와이어스트리퍼,,,,False,,
granite4.1:8b,자동스패너(大),success,스패너,"스패너, 스패너세트, 편구스패너, 대패, 전동압착기, 직각자, 석고대패, 전동드라이버, 스크레퍼, 자전거펌프, 전동드릴, 스프링배관청소기, 줄자, 와이어스트리퍼, 전자산업용니퍼",대패,,,,False,,
granite4.1:8b,자동스패너(小),success,스패너,"스패너, 편구스패너, 스패너세트, 대패, 전동압착기, 스크레퍼, 전동드라이버, 직각자, 석고대패, 전동드릴, 자전거펌프, 줄자, 전자산업용니퍼, 스프링배관청소기, 전동공구세트",편구스패너,,,,False,,
granite4.1:8b,자동차 점프스타터,success,점프케이블,"점프케이블, 전동타카, 타일컷터, 자전거펌프, 클램프미터, 워터펌프플라이어, 멀티테스터, 줄자, 와이어스트리퍼, 타카, 전동드라이버, 커터, 직각자, F클램프, 볼트컷터",점프케이블,,,,False,,
granite4.1:8b,자동차용 공구,success,공구함,"공구함, 전동공구세트, 공구세트, 공구함세트, 목공용접톱, 전자산업용니퍼, 철공용드릴비트, 목공용드릴비트, 줄자, 철공용드릴비트세트, 전동타카, 목공톱, 전동압착기, 전동드라이버, 목공줄",전동공구세트,,,,False,,
granite4.1:8b,자동차용 공구세트,success,공구세트,"공구세트, 전동공구세트, 공구함세트, 공구함, 철공용드릴비트세트, 세트, 드라이버세트, 스패너세트, 끌세트, 정밀드라이버세트, 탭세트, 기어렌치세트, 볼렌치세트, 비트세트, 소켓렌치세트",공구세트,,,,False,,
granite4.1:8b,자동차점프선,success,점프케이블,"점프케이블, 자전거펌프, 전선릴, 줄자, 안전로프, F클램프, 클램프미터, 적외선온도계, 직각자, 전동타카, 에어펌프, 전동드릴, 전동압착기, 전동드라이버, 파이프렌치",점프케이블,,,,False,,
granite4.1:8b,자동차정비용 공구세트,success,공구세트,"공구세트, 전동공구세트, 공구함세트, 공구함, 정밀드라이버세트, 철공용드릴비트세트, 세트, 비트세트, 드릴비트세트, 드라이버세트, 콘크리트드릴비트세트, 소켓렌치세트, 철공용드릴비트, 기어렌치세트, 볼렌치세트",공구세트,,,,False,,
granite4.1:8b,자동토치,success,가스토치,"가스토치, 토크렌치, 줄자, 전동타카, 냉동라쳇렌치, 펜치, 전동드릴, 전동압착기, 볼렌치, 전동드라이버, 렌치, 직각자, 망치, 볼렌치세트, 핀펀치",전동타카,,,,False,,
granite4.1:8b,자물쇠절단기,success,고속절단기,"고속절단기, 절단석, 직각자, 쇠지렛대, 쇠톱, 줄자, 직소기, 열풍기, 검전기, 자전거펌프, 전동압착기, 고압세척기, 송풍기, 라돈측정기, 케이블컷터",고속절단기,,,,False,,
granite4.1:8b,자석 수평자,success,수평기,"수평기, 레이저수평기, 디지털수평기, 줄자, 직각자, 자전거펌프, 연마석, 절단석, 전자산업용니퍼, 석고대패, 사다리, 워터펌프플라이어, 굽은노즈플라이어, A형사다리, LED투광기",디지털수평기,,,,False,,
granite4.1:8b,자석밴드,success,연마석,"연마석, 절단석, 줄자, 직각자, 자전거펌프, 석고대패, 전자산업용니퍼, 핸드카트, 전동드릴, 충전드릴, T핸드드라이버, 해머드릴, 드릴비트, 임팩트드릴, 드라이버",연마석,,,,False,,
granite4.1:8b,자석수평,success,수평기,"수평기, 레이저수평기, 디지털수평기, 연마석, 절단석, 자전거펌프, 석고대패, 직각자, 줄자, 전자산업용니퍼, 글루스틱, 사다리, 목공줄, 바이스그립플라이어, A형사다리",수평기,,,,True,수평기,True
granite4.1:8b,자석수평-450MM,success,수평기,"수평기, 레이저수평기, 디지털수평기, 연마석, 절단석, 자전거펌프, 줄자, 직각자, 석고대패, 전자산업용니퍼, 워터펌프플라이어, 커터칼, 철판가위, 육각렌치, 철공용드릴비트",디지털수평기,,,,False,,
granite4.1:8b,자석수평계,success,수평기,"수평기, 레이저수평기, 디지털수평기, 적외선온도계, 연마석, 절단석, 자전거펌프, 줄자, 직각자, 석고대패, 전자산업용니퍼, 사다리, 클램프미터, 라돈측정기, 목공줄",디지털수평기,,,,False,,
granite4.1:8b,자석줄자,success,줄자,"줄자, 직각자, 목공줄, 절단석, 자전거펌프, 연마석, 전자산업용니퍼, 석고대패, 사다리, A형사다리, 전동드릴, 전선릴, 임팩트드릴, 볼트컷터, 수평기",줄자,,,,False,,
granite4.1:8b,자야 공구세트,success,공구세트,"공구세트, 전동공구세트, 공구함세트, 공구함, 세트, 플라이어세트, 철공용드릴비트세트, 탭세트, 스패너세트, 비트세트, 다이스세트, 끌세트, T렌치세트, 소켓렌치세트, 라쳇렌치세트",공구세트,자야,,,False,,
granite4.1:8b,자야 해머충전드릴,success,충전해머드릴,"충전해머드릴, 충전드릴, 해머드릴, 로터리해머드릴, 전동드릴, 충전임팩트드라이버, 임팩트드릴, 자전거펌프, 드릴비트, 철공용드릴비트, 목공용드릴비트, 드릴비트세트, 철공용드릴비트세트, SDS드릴비트, 콘크리트드릴비트세트",충전해머드릴,자야,충전식(무선),,False,,
granite4.1:8b,자야공구세트,success,공구세트,"공구세트, 전동공구세트, 공구함세트, 공구함, 세트, 플라이어세트, 철공용드릴비트세트, 탭세트, 비트세트, 스패너세트, 다이스세트, 끌세트, 드릴비트세트, T렌치세트, 소켓렌치세트",공구세트,자야(JAYA),,,False,,
granite4.1:8b,자전거 공구세트,success,공구세트,"공구세트, 전동공구세트, 공구함세트, 자전거펌프, 공구함, 세트, 스패너세트, 철공용드릴비트세트, 탭세트, 소켓렌치세트, 플라이어세트, 볼렌치세트, 기어렌치세트, T렌치세트, 비트세트",공구세트,,,,True,,
granite4.1:8b,자전거 공구세트(몇 개 파트 분실-사진 참고),success,공구세트,"공구세트, 전동공구세트, 자전거펌프, 공구함세트, 공구함, 세트, 스패너세트, 철공용드릴비트세트, 탭세트, 비트세트, 끌세트, 플라이어세트, 드릴비트세트, 볼렌치세트, 조합렌치세트",자전거펌프,,,,False,,
granite4.1:8b,자전거 공기주입기,success,자전거펌프,"자전거펌프, 검전기, 전동압착기, 열풍기, 송풍기, 레이저거리측정기, 전동공구세트, 전기인두, 수평기, 고압세척기, LED투광기, 직소기, 레이저수평기, 줄자, 고속절단기",자전거펌프,,,,False,,
granite4.1:8b,자전거 관리공구세트,success,전동공구세트,"전동공구세트, 공구세트, 자전거펌프, 공구함세트, 공구함, 철공용드릴비트세트, 세트, 스패너세트, 콘크리트드릴비트세트, 탭세트, 드라이버세트, 플라이어세트, 비트세트, 끌세트, 드릴비트세트",자전거펌프,,,,False,,
granite4.1:8b,자전거 쌍발펌프(공기주입),success,자전거펌프,"자전거펌프, 에어펌프, 워터펌프플라이어, 송풍기, 전동압착기, 열풍기, 검전기, 전동공구세트, 전동드릴, 목공톱, F클램프, 전기인두, 클램프미터, 에어컴프레서, 왕복톱(레시프로쏘)",자전거펌프,,,,False,,
granite4.1:8b,자전거 에어 펌프,success,자전거펌프,"자전거펌프, 에어펌프, 에어컴프레서, 에어건, 워터펌프플라이어, 에어타카, 클램프미터, F클램프, 전자산업용니퍼, 전동드릴, 안전로프, 열풍기, 점프케이블, 전정톱, 직각자",자전거펌프,,,,False,,
granite4.1:8b,자전거 점프,success,자전거펌프,"자전거펌프, 점프케이블, 안전로프, F클램프, 에어펌프, 클램프미터, 줄자, 전정톱, 전자산업용니퍼, 직각자, 전동타카, 전동드릴, 에어컴프레서, 전동드라이버, 워터펌프플라이어",점프케이블,,,,False,,
granite4.1:8b,자전거 정비용 공구세트,success,공구세트,"공구세트, 전동공구세트, 자전거펌프, 공구함세트, 공구함, 철공용드릴비트세트, 정밀드라이버세트, 세트, 비트세트, 드릴비트세트, 전정톱, 소켓렌치세트, 콘크리트드릴비트세트, 철공용드릴비트, 스패너세트",공구세트,,,,False,,
granite4.1:8b,자전거 펌프,success,자전거펌프,"자전거펌프, 에어펌프, 워터펌프플라이어, 클램프미터, F클램프, 전동드릴, 안전로프, 줄자, 직각자, 전정톱, 전자산업용니퍼, 점프케이블, 파이프렌치, 전동드라이버, 충전드릴",자전거펌프,,,,False,자전거펌프,True
granite4.1:8b,자전거공구,success,자전거펌프,"자전거펌프, 전동공구세트, 공구세트, 공구함, 공구함세트, 목공톱, 줄자, 목공줄, 전동타카, 전정톱, 전동드릴, 직각자, 전자산업용니퍼, 전동드라이버, 전동압착기",자전거펌프,,,,True,,
granite4.1:8b,자전거공구세트,success,공구세트,"공구세트, 전동공구세트, 자전거펌프, 공구함세트, 공구함, 세트, 철공용드릴비트세트, 스패너세트, 탭세트, 플라이어세트, 비트세트, 소켓렌치세트, 볼렌치세트, 기어렌치세트, 드라이버세트",공구세트,,,,True,,
granite4.1:8b,자전거공기주입기,success,자전거펌프,"자전거펌프, 전동압착기, 검전기, 열풍기, 송풍기, 전동공구세트, 수평기, 직소기, 레이저거리측정기, 고압세척기, 전기인두, 레이저수평기, LED투광기, 줄자, 고속절단기",자전거펌프,,,,False,,
granite4.1:8b,자전거공기펌프,success,자전거펌프,"자전거펌프, 에어펌프, 워터펌프플라이어, 전동공구세트, 열풍기, 송풍기, 전동압착기, 목공톱, 검전기, 에어컴프레서, F클램프, 스프링배관청소기, 클램프미터, 공구함, 전정톱",자전거펌프,,,,False,,
granite4.1:8b,자전거관리 공구세트,success,공구세트,"공구세트, 전동공구세트, 자전거펌프, 공구함세트, 공구함, 철공용드릴비트세트, 세트, 스패너세트, 콘크리트드릴비트세트, 드라이버세트, 탭세트, 소켓렌치세트, 플라이어세트, 볼렌치세트, 끌세트",공구세트,,,,False,,
granite4.1:8b,자전거관리공구세트,success,전동공구세트,"전동공구세트, 공구세트, 자전거펌프, 공구함세트, 공구함, 철공용드릴비트세트, 세트, 콘크리트드릴비트세트, 스패너세트, 드라이버세트, 탭세트, 플라이어세트, 비트세트, 드릴비트세트, 끌세트",자전거펌프,,,,False,,
granite4.1:8b,자전거펌프,success,자전거펌프,"자전거펌프, 에어펌프, 워터펌프플라이어, F클램프, 클램프미터, 전동드릴, 안전로프, 점프케이블, 전정톱, 전자산업용니퍼, 직각자, 전동드라이버, 줄자, 전동공구세트, 파이프렌치",자전거펌프,,,,False,자전거펌프,True
granite4.1:8b,작업대 3개,success,LED작업등,"LED작업등, 대패, 쇠지렛대, 석고대패, 전자산업용니퍼, 공구세트, 전동공구세트, 다목적가위, 공구함, 테이블톱, 멀티테스터, 스크레퍼, 전동압착기, 공구함세트, 세트",공구세트,,,,False,,
granite4.1:8b,작업등,success,LED작업등,"LED작업등, LED손전등, 전자산업용니퍼, 공구세트, 전동공구세트, 안전장갑, 테이블톱, 다목적가위, 목공톱, LED투광기, 공구함, 사다리, 배터리팩, 케이블컷터, 열화상카메라",LED작업등,,,,False,,
granite4.1:8b,작업등(충전),success,LED작업등,"LED작업등, 충전드릴, 충전해머드릴, 충전임팩트드라이버, LED손전등, 전자산업용니퍼, 전정톱, 안전장갑, 검전기, 배터리팩, 전동공구세트, 전지가위, 자전거펌프, 전동압착기, 전동타카",LED작업등,,충전식,,False,,
granite4.1:8b,작업렌턴,success,LED작업등,"LED작업등, 렌치, 토크렌치, 라쳇렌치세트, 냉동라쳇렌치, 조합렌치세트, 만능렌치, 별렌치세트, 몽키렌치, 플라이어렌치, 볼렌치, 육각렌치, 소켓렌치세트, 기어렌치세트, 볼렌치세트",LED작업등,,,,False,,
granite4.1:8b,작업선,success,LED작업등,"LED작업등, 전선릴, 적외선온도계, 목공줄, 전자산업용니퍼, 공구함, 에어건, 목공톱, 공구세트, 실리콘건, 케이블컷터, 전동공구세트, 드라이버세트, 목공용접톱, 공구함세트",LED작업등,,,,False,,
granite4.1:8b,작업연장선 28m,success,LED작업등,"LED작업등, 연마석, 전선릴, 안전장갑, 장도리, 적외선온도계, 전자산업용니퍼, 목공줄, 케이블컷터, 공구함, 목공톱, PVC컷터, 목공용접톱, 점프케이블, 목공용드릴비트",전선릴,,,,False,,
granite4.1:8b,작업용LED,success,LED작업등,"LED작업등, LED손전등, LED투광기, 전자산업용니퍼, 양용드라이버, 목공용접톱, 철공용드릴비트, 목공용드릴비트, 철공용드릴비트세트, 만능렌치, 전동공구세트, 안전장갑, 별렌치세트, 콘크리트용드릴비트, SDS드릴비트",LED작업등,,,,False,,
granite4.1:8b,작은 사다리(2단/3단),success,사다리,"사다리, A형사다리, 절단석, 고속절단기, 굽은노즈플라이어, 다목적가위, LED작업등, 다림추, 배터리팩, 실리콘건, 와이어스트리퍼, 다이스세트, 콘크리트니퍼, 로터리해머드릴, 목공줄",사다리,,,,False,,
granite4.1:8b,작은 줄자,success,줄자,"줄자, 목공줄, 직각자, 굽은노즈플라이어, LED작업등, 자전거펌프, 사다리, 전자산업용니퍼, 임팩트드릴, 볼트컷터, 전동드릴, 직소기, 절단석, A형사다리, 충전드릴",줄자,,,,False,,
granite4.1:8b,작은톱,success,톱,"톱, 쇠톱, 접톱, 원형톱, 전정톱, 테이블톱, 목공톱, LED작업등, 굽은노즈플라이어, 목공용접톱, 왕복톱(레시프로쏘), 핀펀치, 커터칼, 탭세트, 도끼",접톱,,,,False,,
granite4.1:8b,잡톱(대) 1개,success,톱,"톱, 접톱, 쇠톱, 대패, 테이블톱, 쇠지렛대, 원형톱, 전정톱, 목공톱, 석고대패, 목공용접톱, 왕복톱(레시프로쏘), 그립망치, 탭세트, 고무망치",왕복톱(레시프로쏘),,,,False,,
granite4.1:8b,장갑 1타스,success,안전장갑,"안전장갑, 장도리, 타카, 손타카, 전동타카, 에어타카, 건타카, 타일컷터, 편구스패너, 타카핀, 다이스세트, 멀티테스터, 스패너, 스패너세트, 가스토치",안전장갑,,,,False,,
granite4.1:8b,장대 감따개,success,장도리,"장도리, 대패, 안전장갑, 쇠지렛대, 석고대패, 롱노즈플라이어, 건타카, 빠루망치, 전동타카, 육각렌치, 직각자, 손타카, 레이저거리측정기, 전정톱, LED손전등",직각자,,,,False,,
granite4.1:8b,장도리,success,장도리,"장도리, 도끼, 안전장갑, 사다리, 적외선온도계, 배터리팩, 로터리해머드릴, A형사다리, 가스토치, 쇠톱, 와이어스트리퍼, 실리콘건, 레이저거리측정기, 콘크리트니퍼, 콘크리트용드릴비트",장도리,,,,False,장도리,True
granite4.1:8b,장도리 450g,success,장도리,"장도리, 도끼, 안전장갑, 적외선온도계, 배터리팩, 사다리, 로터리해머드릴, 레이저거리측정기, A형사다리, 콘크리트용드릴비트, 와이어스트리퍼, 실리콘건, 콘크리트드릴비트세트, 쇠톱, 원형톱",장도리,,,450g,False,,
granite4.1:8b,장도리(망치),success,장도리,"장도리, 망치, 돌망치, 납볼망치, 빠루망치, 그립망치, 고무망치, 도끼, 안전장갑, 펜치, 가스토치, 렌치, 핀펀치, 사다리, 쇠톱",장도리,,,,False,,
granite4.1:8b,장도리망치,success,장도리,"장도리, 망치, 빠루망치, 돌망치, 납볼망치, 그립망치, 고무망치, 도끼, 안전장갑, 펜치, 핀펀치, 렌치, 가스토치, 몽키렌치, 별렌치세트",장도리,,,,False,,
granite4.1:8b,장바구니,success,장도리,"장도리, 안전장갑, 공구함, 공구세트, 니퍼, 공구함세트, 편구스패너, 바이스그립플라이어, 전동공구세트, 강력니퍼, 버니어캘리퍼스, 앤드컷팅니퍼, 콘크리트니퍼, 전자산업용니퍼, 핸드카트",핸드카트,,,,False,,
granite4.1:8b,장바구니 캐리어,success,장도리,"장도리, 버니어캘리퍼스, 안전장갑, 콘크리트니퍼, 바이스그립플라이어, 공구함, 공구세트, 배터리팩, 편구스패너, 공구함세트, 니퍼, 와이어스트리퍼, 강력니퍼, 전동공구세트, 사다리",사다리,,,,False,,
granite4.1:8b,저소음컴프레셔(1마력),success,에어컴프레서,"에어컴프레서, 레이저수평기, 레이저거리측정기, 직소기, 강력니퍼, 스프링배관청소기, 왕복톱(레시프로쏘), 연마석, 클램프미터, 방진마스크, 스크레퍼, 소켓렌치세트, 에어펌프, 워터펌프플라이어, F클램프",에어컴프레서,,,,False,,
granite4.1:8b,저울,success,레이저수평기,"레이저수평기, 레이저거리측정기, 대패, 도끼, 돌망치, 테이블톱, 세트, 석고대패, 연마석, 목공톱, 사다리, 드릴비트, 스크레퍼, 전동드릴, 목공줄",대패,,,,False,,
granite4.1:8b,저주파 마사지기,success,레이저수평기,"레이저수평기, 디지털수평기, 사다리, 레이저거리측정기, 연마석, 파이프렌치, 방진마스크, 고지가위, A형사다리, 전지가위, 쇠지렛대, 열풍기, 송풍기, 고압세척기, 수평기",레이저수평기,,,,True,,
granite4.1:8b,적외선 온도 측정기,success,적외선온도계,"적외선온도계, 라돈측정기, 레이저거리측정기, 열풍기, 직소기, 전선릴, 검전기, 송풍기, LED투광기, 도끼, 고압세척기, 레이저수평기, 수평기, 전정톱, 고속절단기",적외선온도계,,,,False,,
granite4.1:8b,적외선 온도계,success,적외선온도계,"적외선온도계, 라돈측정기, 레이저거리측정기, 전선릴, 도끼, 열풍기, 열화상카메라, 에어컴프레서, 다목적가위, 클램프미터, 타일컷터, 레이저수평기, LED투광기, 멀티테스터, 냉동라쳇렌치",적외선온도계,,,,False,,
granite4.1:8b,적외선 온도계,success,적외선온도계,"적외선온도계, 라돈측정기, 레이저거리측정기, 전선릴, 도끼, 열풍기, 열화상카메라, 에어컴프레서, 다목적가위, 클램프미터, 타일컷터, 레이저수평기, LED투광기, 멀티테스터, 냉동라쳇렌치",적외선온도계,,,,False,,
granite4.1:8b,적외선 체온계,success,적외선온도계,"적외선온도계, 전선릴, 라돈측정기, 레이저거리측정기, 다목적가위, 에어컴프레서, 클램프미터, 레이저수평기, 열화상카메라, 타일컷터, 열풍기, 케이블컷터, LED투광기, 냉동라쳇렌치, 에어펌프",적외선온도계,,,,False,,
granite4.1:8b,전공 드라이버,success,전동드라이버,"전동드라이버, 드라이버, 드라이버세트, 양용드라이버, 임팩트드라이버, T핸드드라이버, 충전임팩트드라이버, 정밀드라이버세트, 플라이어, 전동드릴, 전동공구세트, 전동타카, 충전드릴, 다이아고날플라이어, 플라이어세트",드라이버,,,,False,,
granite4.1:8b,전공드라이버,success,전동드라이버,"전동드라이버, 드라이버, 드라이버세트, 임팩트드라이버, 양용드라이버, T핸드드라이버, 충전임팩트드라이버, 정밀드라이버세트, 전동드릴, 플라이어, 전동공구세트, 전동타카, 다이아고날플라이어, 충전드릴, 워터펌프플라이어",드라이버,,,,False,,
granite4.1:8b,전공드라이버 4개,success,전동드라이버,"전동드라이버, 드라이버, 드라이버세트, 양용드라이버, 임팩트드라이버, T핸드드라이버, 충전임팩트드라이버, 정밀드라이버세트, 전동공구세트, 전동드릴, 플라이어, 플라이어세트, 전동타카, 충전드릴, 다이아고날플라이어",드라이버세트,,,,False,,
granite4.1:8b,"전공드라이버(+,-)",success,전동드라이버,"전동드라이버, 드라이버, 드라이버세트, 양용드라이버, 임팩트드라이버, 충전임팩트드라이버, T핸드드라이버, 정밀드라이버세트, 플라이어, 전동드릴, 전동공구세트, 다이아고날플라이어, 충전드릴, 워터펌프플라이어, 스냅링플라이어",드라이버,,,,False,,
granite4.1:8b,전공드라이버(롱),success,전동드라이버,"전동드라이버, 드라이버, 양용드라이버, 드라이버세트, 임팩트드라이버, T핸드드라이버, 충전임팩트드라이버, 정밀드라이버세트, 롱노즈플라이어, 플라이어, 전동드릴, 전동공구세트, 목공줄, 충전드릴, 다이아고날플라이어",전동드라이버,,유선,,False,,
granite4.1:8b,전공드라이버(숏),success,전동드라이버,"전동드라이버, 드라이버, 양용드라이버, 드라이버세트, 임팩트드라이버, T핸드드라이버, 충전임팩트드라이버, 정밀드라이버세트, 전동드릴, 플라이어, 전동공구세트, 롱노즈플라이어, 다이아고날플라이어, 충전드릴, 목공줄",드라이버,,,,False,,
granite4.1:8b,전공양용 드라이버,success,양용드라이버,"양용드라이버, 전동드라이버, 드라이버, 드라이버세트, 충전임팩트드라이버, 임팩트드라이버, 정밀드라이버세트, T핸드드라이버, 목공용드릴비트, 철공용드릴비트, 전동드릴, 철공용드릴비트세트, 충전드릴, 플라이어, 전동공구세트",양용드라이버,,,,False,,
granite4.1:8b,전공양용드라이버,success,양용드라이버,"양용드라이버, 전동드라이버, 드라이버, 드라이버세트, 충전임팩트드라이버, 임팩트드라이버, T핸드드라이버, 정밀드라이버세트, 목공용드릴비트, 철공용드릴비트, 철공용드릴비트세트, 전동드릴, 전동공구세트, 충전드릴, 콘크리트용드릴비트",양용드라이버,,,,False,,
granite4.1:8b,전공절연드라이버,success,전동드라이버,"전동드라이버, 드라이버, 양용드라이버, 임팩트드라이버, 드라이버세트, 충전임팩트드라이버, T핸드드라이버, 정밀드라이버세트, 고속절단기, 전동드릴, 전동공구세트, 절단석, 충전드릴, 플라이어, 전동타카",임팩트드라이버,,,,False,,
granite4.1:8b,전기 그라인더,success,앵글그라인더,"앵글그라인더, 전기인두, 검전기, 샌더, 그립망치, 전동압착기, 전동드라이버, 충전임팩트드라이버, 직소기, 충전드릴, 라돈측정기, 송풍기, 고압세척기, 바이스그립플라이어, 전자산업용니퍼",앵글그라인더,,,,False,,
granite4.1:8b,전기 납땜인두기,success,전기인두,"전기인두, 검전기, 전동압착기, 납볼망치, 직소기, 라돈측정기, LED투광기, 충전드릴, 송풍기, 수평기, 열풍기, 충전해머드릴, 디지털수평기, 전자산업용니퍼, 고압세척기",납볼망치,,,,False,,
granite4.1:8b,전기 드라이버,success,드라이버,"드라이버, 전동드라이버, 양용드라이버, 드라이버세트, 충전임팩트드라이버, 임팩트드라이버, T핸드드라이버, 정밀드라이버세트, 전기인두, 검전기, 플라이어, 충전드릴, 전동드릴, 전동압착기, 플라이어렌치",전동드라이버,,,,False,,
granite4.1:8b,전기 리드선,success,전기인두,"전기인두, 검전기, 전선릴, 충전드릴, 전동드릴, 전동압착기, 전동드라이버, 레이저거리측정기, 적외선온도계, 충전해머드릴, 충전임팩트드라이버, 사다리, 실리콘건, 로터리해머드릴, LED투광기",전기인두,,,,False,,
granite4.1:8b,전기 릴선,success,전선릴,"전선릴, 검전기, 전기인두, 충전드릴, 전동드릴, 충전해머드릴, 전동압착기, 적외선온도계, 전정톱, 드릴비트, 라돈측정기, 직소기, 열풍기, 목공용드릴비트, 드릴비트세트",전선릴,,,,False,,
granite4.1:8b,전기 샌더,success,샌더,"샌더, 전기인두, 검전기, 전동압착기, 충전드릴, 앵글그라인더, 전동드릴, 충전해머드릴, 송풍기, 전자산업용니퍼, 전동드라이버, 자전거펌프, 전정톱, 열풍기, 전동공구세트",샌더,,,,False,,
granite4.1:8b,전기 인두,success,전기인두,"전기인두, 검전기, 전동압착기, 충전드릴, 충전임팩트드라이버, 앵글그라인더, 전정톱, 전동드릴, 전동타카, 전지가위, 전동드라이버, 전자산업용니퍼, 직소기, 충전해머드릴, 열풍기",전기인두,,,,False,,
granite4.1:8b,전기 인두기,success,전기인두,"전기인두, 검전기, 전동압착기, 직소기, 송풍기, 열풍기, 수평기, 디지털수평기, 고압세척기, LED투광기, 라돈측정기, 고속절단기, 충전드릴, 충전임팩트드라이버, 전지가위",전기인두,,,,False,,
granite4.1:8b,전기 인두기 세트,success,전기인두,"전기인두, 세트, 검전기, 전동공구세트, 기어렌치세트, 공구세트, 비트세트, 탭세트, 스패너세트, 플라이어세트, 공구함세트, 드라이버세트, 드릴비트세트, 끌세트, T렌치세트",전동공구세트,,,,False,,
granite4.1:8b,전기 체인톱,success,전기인두,"전기인두, 검전기, 전정톱, 원형톱, 쇠톱, 테이블톱, 톱, 접톱, 목공톱, 목공용접톱, 전동압착기, 충전드릴, 자전거펌프, 왕복톱(레시프로쏘), 전동드릴",전동드릴,,,,False,,
granite4.1:8b,전기 타카,success,타카,"타카, 전동타카, 손타카, 건타카, 에어타카, 타카핀, 전기인두, 검전기, 전동압착기, 타일컷터, 핸드카트, 전정톱, 열풍기, 충전드릴, 송풍기",전동타카,,,,False,,
granite4.1:8b,전기 테스터기,success,멀티테스터,"멀티테스터, 전기인두, 검전기, 전동압착기, 직소기, 열풍기, 송풍기, 라돈측정기, 고압세척기, 수평기, LED투광기, 스프링배관청소기, 고속절단기, 테이블톱, 레이저거리측정기",멀티테스터,,,,False,,
granite4.1:8b,전기 해머드릴(16MM),success,해머드릴,"해머드릴, 충전해머드릴, 로터리해머드릴, 충전드릴, 전동드릴, 전기인두, 임팩트드릴, 검전기, 목공용드릴비트, 철공용드릴비트, 드릴비트, 철공용드릴비트세트, 드릴비트세트, SDS드릴비트, 전동압착기",해머드릴,,유선,비트 크기: 16MM,False,,
granite4.1:8b,전기 해머드릴세트,success,해머드릴,"해머드릴, 충전해머드릴, 로터리해머드릴, 드릴비트세트, 철공용드릴비트세트, 충전드릴, 전동드릴, 콘크리트드릴비트세트, 전동공구세트, 임팩트드릴, 전기인두, 검전기, 세트, 공구세트, 공구함세트",해머드릴,,유선,,False,,
granite4.1:8b,전기검정기,success,검전기,"검전기, 라돈측정기, 전기인두, 레이저거리측정기, 전동압착기, 전정톱, 직소기, 열풍기, 고속절단기, 수평기, 고압세척기, 송풍기, 디지털수평기, LED투광기, 레이저수평기",검전기,,,,False,,
granite4.1:8b,전기고속 절단기,success,고속절단기,"고속절단기, 절단석, 전기인두, 검전기, 고압세척기, 직소기, 전동압착기, 열풍기, 송풍기, LED투광기, 라돈측정기, 수평기, 케이블컷터, 전동타카, PVC컷터",고속절단기,,,,False,,
granite4.1:8b,전기그라인더,success,앵글그라인더,"앵글그라인더, 전기인두, 검전기, 샌더, 전동드라이버, 전동압착기, 그립망치, 충전임팩트드라이버, 바이스그립플라이어, 직소기, 라돈측정기, 충전드릴, 전자산업용니퍼, 수평기, LED투광기",앵글그라인더,,,,False,,
granite4.1:8b,전기그라인더(절단기),success,앵글그라인더,"앵글그라인더, 고속절단기, 절단석, 전기인두, 검전기, 직소기, 전동압착기, 라돈측정기, 샌더, 수평기, 송풍기, 열풍기, 고압세척기, 전동드라이버, 그립망치",앵글그라인더,,,,False,,
granite4.1:8b,전기납땜,success,전기인두,"전기인두, 검전기, 납볼망치, 전동압착기, 충전드릴, 충전해머드릴, 전자산업용니퍼, 전동드릴, 전동공구세트, 전정톱, 전동타카, 직소기, 전지가위, 라돈측정기, LED투광기",전동압착기,,,,False,,
granite4.1:8b,전기납땜 인두기,success,전기인두,"전기인두, 검전기, 전동압착기, 납볼망치, 직소기, 라돈측정기, 충전드릴, 수평기, LED투광기, 송풍기, 전자산업용니퍼, 열풍기, 디지털수평기, 충전해머드릴, 고압세척기",납볼망치,,,,False,,
granite4.1:8b,전기닐선,success,전기인두,"전기인두, 검전기, 전선릴, 적외선온도계, 전동압착기, 전자산업용니퍼, 충전드릴, 전동드릴, 직소기, 충전해머드릴, 전정톱, 라돈측정기, LED투광기, LED손전등, 열풍기",전선릴,,,,False,,
granite4.1:8b,전기닐선1개,success,검전기,"검전기, 전기인두, 전선릴, 적외선온도계, 전동압착기, 충전드릴, 전자산업용니퍼, 전동드릴, 직소기, 충전해머드릴, 전정톱, 라돈측정기, 열풍기, 수평기, 전동타카",전선릴,,,,False,,
granite4.1:8b,전기대패,success,대패,"대패, 석고대패, 전기인두, 검전기, 전동압착기, 스패너, 편구스패너, 전정톱, 전자산업용니퍼, 전동드릴, 쇠지렛대, 충전드릴, 스패너세트, 직소기, 전동타카",대패,,유선,,False,,
granite4.1:8b,전기대패1개,success,대패,"대패, 석고대패, 전기인두, 검전기, 전동압착기, 스패너, 편구스패너, 쇠지렛대, 스패너세트, 전정톱, 직소기, 전자산업용니퍼, 열풍기, 충전드릴, 전동공구세트",대패,,유선,,False,,
granite4.1:8b,전기드라이버,success,드라이버,"드라이버, 전동드라이버, 양용드라이버, 드라이버세트, 충전임팩트드라이버, 임팩트드라이버, T핸드드라이버, 정밀드라이버세트, 전기인두, 검전기, 플라이어, 충전드릴, 전동드릴, 전동압착기, 플라이어렌치",전동드라이버,,,,False,,
granite4.1:8b,전기드릴,success,전동드릴,"전동드릴, 충전드릴, 전기인두, 검전기, 충전해머드릴, 임팩트드릴, 해머드릴, 드릴비트, 목공용드릴비트, 철공용드릴비트, 드릴비트세트, SDS드릴비트, 철공용드릴비트세트, 전선릴, 로터리해머드릴",전동드릴,,,,False,전동드릴,True
granite4.1:8b,전기드릴 / 비트 SET,success,SDS드릴비트,"SDS드릴비트, 드릴비트세트, 드릴비트, 철공용드릴비트세트, 목공용드릴비트, 콘크리트드릴비트세트, 철공용드릴비트, 전동드릴, 비트세트, 충전드릴, 콘크리트용드릴비트, 임팩트드릴, 전기인두, 충전해머드릴, 검전기",드릴비트세트,,,,False,,
granite4.1:8b,전기드릴 1개,success,전동드릴,"전동드릴, 충전드릴, 전기인두, 검전기, 충전해머드릴, 임팩트드릴, 해머드릴, 드릴비트, 목공용드릴비트, 철공용드릴비트, 드릴비트세트, SDS드릴비트, 철공용드릴비트세트, 로터리해머드릴, 전선릴",전동드릴,,,,False,,
granite4.1:8b,전기드릴 부속,success,전동드릴,"전동드릴, 충전드릴, 전기인두, 검전기, 충전해머드릴, 임팩트드릴, 해머드릴, 드릴비트, 목공용드릴비트, 고속절단기, 철공용드릴비트, 드릴비트세트, 철공용드릴비트세트, SDS드릴비트, 전선릴",드릴비트세트,,,,False,,
granite4.1:8b,전기드릴 비트,success,드릴비트,"드릴비트, 목공용드릴비트, 철공용드릴비트, 드릴비트세트, SDS드릴비트, 철공용드릴비트세트, 콘크리트용드릴비트, 전동드릴, 콘크리트드릴비트세트, 충전드릴, 임팩트드릴, 전기인두, 비트세트, 검전기, 충전해머드릴",드릴비트세트,,,,False,,
granite4.1:8b,전기드릴 비트세트,success,드릴비트세트,"드릴비트세트, 철공용드릴비트세트, 비트세트, 콘크리트드릴비트세트, 드릴비트, 목공용드릴비트, 철공용드릴비트, SDS드릴비트, 콘크리트용드릴비트, 전동드릴, 충전드릴, 임팩트드릴, 세트, 전동공구세트, 전기인두",드릴비트세트,,,,False,,
granite4.1:8b,전기드릴(기리세트 별도),success,전동드릴,"전동드릴, 드릴비트세트, 충전드릴, 전기인두, 콘크리트드릴비트세트, 철공용드릴비트세트, 검전기, 임팩트드릴, 별렌치세트, 충전해머드릴, 기어렌치세트, 드릴비트, 콘크리트용드릴비트, 전동공구세트, 목공용드릴비트",전동드릴,,유선,,False,,
granite4.1:8b,전기드릴(무선),success,전동드릴,"전동드릴, 충전드릴, 전선릴, 전기인두, 검전기, 충전해머드릴, 임팩트드릴, 해머드릴, 드릴비트, 목공용드릴비트, 드릴비트세트, 철공용드릴비트, SDS드릴비트, 로터리해머드릴, 철공용드릴비트세트",충전드릴,,충전식(무선),,False,,
granite4.1:8b,전기드릴(유선),success,전동드릴,"전동드릴, 충전드릴, 전선릴, 전기인두, 검전기, 충전해머드릴, 임팩트드릴, 해머드릴, 드릴비트, 목공용드릴비트, 철공용드릴비트, 드릴비트세트, SDS드릴비트, 철공용드릴비트세트, 로터리해머드릴",전동드릴,,유선,,False,전동드릴,True
granite4.1:8b,전기드릴(해머드릴),success,해머드릴,"해머드릴, 충전해머드릴, 로터리해머드릴, 전동드릴, 충전드릴, 임팩트드릴, 드릴비트, 목공용드릴비트, 철공용드릴비트, 전기인두, 드릴비트세트, SDS드릴비트, 철공용드릴비트세트, 검전기, 콘크리트용드릴비트",해머드릴,,,,False,,
granite4.1:8b,"전기드릴/비트 SET (예약시 전화주세요 02-2241-5084) 2박3일 2,000원",success,SDS드릴비트,"SDS드릴비트, 드릴비트세트, 드릴비트, 철공용드릴비트세트, 충전드릴, 전동드릴, 콘크리트드릴비트세트, 목공용드릴비트, 철공용드릴비트, 비트세트, 전기인두, 검전기, 콘크리트용드릴비트, 충전해머드릴, 임팩트드릴",드릴비트세트,,,,False,,
granite4.1:8b,전기드릴2,success,전동드릴,"전동드릴, 충전드릴, 전기인두, 검전기, 충전해머드릴, 임팩트드릴, 해머드릴, 드릴비트, 목공용드릴비트, 철공용드릴비트, 드릴비트세트, SDS드릴비트, 철공용드릴비트세트, 전선릴, 로터리해머드릴",전동드릴,,,,False,,
granite4.1:8b,전기드릴3개,success,전동드릴,"전동드릴, 충전드릴, 전기인두, 검전기, 충전해머드릴, 임팩트드릴, 해머드릴, 드릴비트, 드릴비트세트, 목공용드릴비트, 철공용드릴비트, SDS드릴비트, 철공용드릴비트세트, 전선릴, 로터리해머드릴",전동드릴,,,,False,,
granite4.1:8b,전기드릴드라이버 3개,success,전동드라이버,"전동드라이버, 드라이버, 드라이버세트, 양용드라이버, 전동드릴, T핸드드라이버, 충전드릴, 충전임팩트드라이버, 임팩트드라이버, 정밀드라이버세트, 드릴비트, 충전해머드릴, 전기인두, 임팩트드릴, 드릴비트세트",전동드라이버,,,,True,,
granite4.1:8b,전기드릴비트,success,드릴비트,"드릴비트, 목공용드릴비트, 드릴비트세트, SDS드릴비트, 철공용드릴비트, 콘크리트용드릴비트, 철공용드릴비트세트, 콘크리트드릴비트세트, 전동드릴, 충전드릴, 전기인두, 임팩트드릴, 비트세트, 검전기, 충전해머드릴",드릴비트,,,,False,,
granite4.1:8b,전기디스크 그라인더,success,앵글그라인더,"앵글그라인더, 전기인두, 스크레퍼, 검전기, 디지털수평기, 샌더, 방진마스크, 전동드라이버, 바이스그립플라이어, 그립망치, 전동압착기, 충전임팩트드라이버, 라돈측정기, 전자산업용니퍼, 와이어스트리퍼",앵글그라인더,,,,False,,
granite4.1:8b,전기디스크그라인더,success,앵글그라인더,"앵글그라인더, 전기인두, 스크레퍼, 검전기, 디지털수평기, 샌더, 바이스그립플라이어, 방진마스크, 전동드라이버, 충전임팩트드라이버, 전자산업용니퍼, 전동압착기, 그립망치, 라돈측정기, 스냅링플라이어",앵글그라인더,,,,False,,
granite4.1:8b,전기릴,success,전기인두,"전기인두, 검전기, 전선릴, 충전드릴, 전동드릴, 충전해머드릴, 전동압착기, 임팩트드릴, 목공용드릴비트, 전동타카, 드릴비트, 전정톱, 전자산업용니퍼, 수평기, 해머드릴",전선릴,,,,False,,
granite4.1:8b,전기릴선,success,전선릴,"전선릴, 전기인두, 검전기, 충전드릴, 전동드릴, 충전해머드릴, 전동압착기, 적외선온도계, 드릴비트, 목공용드릴비트, 전정톱, 드릴비트세트, 임팩트드릴, 직소기, 철공용드릴비트",전선릴,,,,False,전선릴,True
granite4.1:8b,전기릴선,success,전선릴,"전선릴, 전기인두, 검전기, 충전드릴, 전동드릴, 충전해머드릴, 전동압착기, 적외선온도계, 드릴비트, 목공용드릴비트, 전정톱, 드릴비트세트, 임팩트드릴, 직소기, 철공용드릴비트",전선릴,,,,False,전선릴,True
granite4.1:8b,전기릴선  30m,success,전선릴,"전선릴, 전기인두, 검전기, 충전드릴, 전동드릴, 충전해머드릴, 전동압착기, 적외선온도계, 임팩트드릴, 직소기, 전정톱, 목공용드릴비트, 수평기, 드릴비트, 라돈측정기",전선릴,,,,False,,
granite4.1:8b,전기릴선(20m),success,전선릴,"전선릴, 검전기, 전기인두, 충전드릴, 전동드릴, 충전해머드릴, 전동압착기, 적외선온도계, 전정톱, 임팩트드릴, 목공용드릴비트, 라돈측정기, 직소기, 수평기, 드릴비트",전선릴,,,,False,,
granite4.1:8b,전기릴선(30M),success,전선릴,"전선릴, 전기인두, 검전기, 충전드릴, 전동드릴, 충전해머드릴, 전동압착기, 적외선온도계, 임팩트드릴, 목공용드릴비트, 직소기, 수평기, 전정톱, 목공줄, 드릴비트",전선릴,,,길이 30미터,False,,
granite4.1:8b,전기릴선(30m),success,전선릴,"전선릴, 검전기, 전기인두, 충전드릴, 전동드릴, 충전해머드릴, 전동압착기, 적외선온도계, 임팩트드릴, 직소기, 전정톱, 수평기, 목공용드릴비트, 목공줄, 드릴비트",전선릴,,,길이 30m,False,,
granite4.1:8b,전기릴선(50m),success,전선릴,"전선릴, 검전기, 전기인두, 충전드릴, 전동드릴, 충전해머드릴, 전동압착기, 적외선온도계, 목공용드릴비트, 수평기, 임팩트드릴, 드릴비트, 목공줄, 직소기, 라돈측정기",전선릴,,,길이 50m,False,,
granite4.1:8b,전기릴선30M,success,전선릴,"전선릴, 전기인두, 검전기, 충전드릴, 전동드릴, 충전해머드릴, 전동압착기, 적외선온도계, 임팩트드릴, 목공용드릴비트, 직소기, 드릴비트, 라돈측정기, 해머드릴, 수평기",전선릴,,,,False,,
granite4.1:8b,전기물통포트,success,전기인두,"전기인두, 검전기, 먹통, 전동압착기, 충전드릴, 전정톱, 전동공구세트, 충전해머드릴, 충전임팩트드라이버, 전동드릴, 자전거펌프, 전동타카, 직소기, 기어렌치세트, 전지가위",전지가위,,,,False,,
granite4.1:8b,전기변속지그톱,success,전기인두,"전기인두, 검전기, 전정톱, 고속절단기, 전지가위, 목공톱, 원형톱, 접톱, 전동압착기, 톱, 쇠톱, 목공용접톱, 그립망치, 디지털수평기, 테이블톱",전동압착기,,,,False,,
granite4.1:8b,전기보온물통,success,전기인두,"전기인두, 검전기, 먹통, 보안경, 적외선온도계, 전동압착기, 전정톱, 충전드릴, 자전거펌프, 직소기, 열풍기, 송풍기, 충전해머드릴, 전동드릴, 라돈측정기",적외선온도계,,,,False,,
granite4.1:8b,전기송풍기,success,송풍기,"송풍기, 열풍기, 전기인두, 검전기, 전동압착기, 고압세척기, 직소기, 고속절단기, 수평기, 스프링배관청소기, 디지털수평기, LED투광기, 라돈측정기, 에어컴프레서, 레이저수평기",송풍기,,,,False,,
granite4.1:8b,전기연결선,success,전기인두,"전기인두, 검전기, 전선릴, 연마석, 전동압착기, 직소기, 적외선온도계, 고속절단기, 전정톱, 충전드릴, 전동드릴, 전동타카, 안전장갑, 고압세척기, 송풍기",전선릴,,,,False,,
granite4.1:8b,전기연장선,success,전기인두,"전기인두, 검전기, 전선릴, 안전장갑, 연마석, 장도리, 전동압착기, 적외선온도계, 충전드릴, 직소기, 고속절단기, 전정톱, 전동드릴, 충전해머드릴, 송풍기",전선릴,,,,False,,
granite4.1:8b,전기용접기,success,목공용접톱,"목공용접톱, 전기인두, 검전기, 전동압착기, 접톱, 수평기, 전자산업용니퍼, 열풍기, 직소기, 송풍기, 고속절단기, 고압세척기, 디지털수평기, LED투광기, 라돈측정기",전동압착기,,,,False,,
granite4.1:8b,전기인두,success,전기인두,"전기인두, 검전기, 전동압착기, 충전드릴, 충전임팩트드라이버, 전정톱, 앵글그라인더, 전동드릴, 전동타카, 전자산업용니퍼, 전지가위, 전동드라이버, 직소기, 충전해머드릴, LED손전등",전기인두,,,,False,전기인두,True
granite4.1:8b,전기인두30W,success,전기인두,"전기인두, 검전기, 충전임팩트드라이버, 충전드릴, 전동압착기, 충전해머드릴, 전자산업용니퍼, 직소기, 앵글그라인더, LED손전등, LED투광기, 전정톱, 열풍기, 고압세척기, 전동타카",전기인두,,,30W,False,,
granite4.1:8b,전기임팩드릴 1개,success,임팩트드릴,"임팩트드릴, 전동드릴, 충전임팩트드라이버, 충전드릴, 임팩트드라이버, 전기인두, 충전해머드릴, 해머드릴, 검전기, 목공용드릴비트, 드릴비트, 로터리해머드릴, 철공용드릴비트, 철공용드릴비트세트, 드릴비트세트",임팩트드릴,,,,False,,
granite4.1:8b,전기임펙드릴,success,임팩트드릴,"임팩트드릴, 전동드릴, 전기인두, 충전드릴, 검전기, 충전해머드릴, 해머드릴, 충전임팩트드라이버, 드릴비트, 임팩트드라이버, 목공용드릴비트, 철공용드릴비트, 로터리해머드릴, 전선릴, 드릴비트세트",임팩트드릴,,,,False,,
granite4.1:8b,전기임펙트드릴,success,임팩트드릴,"임팩트드릴, 전동드릴, 충전드릴, 충전임팩트드라이버, 전기인두, 임팩트드라이버, 콘크리트드릴비트세트, 충전해머드릴, 해머드릴, 검전기, 드릴비트, 목공용드릴비트, 철공용드릴비트, 드릴비트세트, 철공용드릴비트세트",임팩트드릴,,,,False,,
granite4.1:8b,전기직소,success,직소기,"직소기, 전기인두, 검전기, 직각자, 전동압착기, 스프링배관청소기, 전선릴, 전자산업용니퍼, 충전드릴, 전동타카, 수평기, 전동드릴, 전정톱, 전동드라이버, 디지털수평기",직소기,,,,False,,
granite4.1:8b,전기진동드릴,success,전동드릴,"전동드릴, 충전드릴, 전기인두, 전동드라이버, 검전기, 임팩트드릴, 충전해머드릴, 해머드릴, 전동압착기, 드릴비트, 철공용드릴비트, 목공용드릴비트, SDS드릴비트, 철공용드릴비트세트, 전동타카",전동드릴,,,,False,,
granite4.1:8b,전기체인톱,success,전기인두,"전기인두, 전정톱, 검전기, 원형톱, 톱, 목공톱, 쇠톱, 테이블톱, 접톱, 목공용접톱, 전동압착기, 충전드릴, 전동드릴, 자전거펌프, 전동타카",전기인두,,,,False,,
granite4.1:8b,전기타카,success,전동타카,"전동타카, 타카, 에어타카, 손타카, 건타카, 전기인두, 타카핀, 검전기, 전동압착기, 핸드카트, 타일컷터, 전정톱, 열풍기, 충전드릴, 카운터싱크",전동타카,,,,False,,
granite4.1:8b,전기타카,success,전동타카,"전동타카, 타카, 에어타카, 손타카, 건타카, 전기인두, 타카핀, 검전기, 전동압착기, 핸드카트, 타일컷터, 전정톱, 열풍기, 충전드릴, 카운터싱크",전동타카,,,,False,,
granite4.1:8b,전기타카ㄷ자못사용,success,타카,"타카, 전동타카, 손타카, 건타카, 에어타카, 타카핀, 전기인두, 검전기, 전자산업용니퍼, 줄자, 사다리, 자전거펌프, 타일컷터, 전동압착기, 직각자",전동타카,,유선,,False,,
granite4.1:8b,전기테스터기,success,멀티테스터,"멀티테스터, 전기인두, 검전기, 전동압착기, 직소기, 열풍기, 송풍기, 라돈측정기, 고압세척기, 수평기, 고속절단기, LED투광기, 스프링배관청소기, 테이블톱, 디지털수평기",멀티테스터,,,,False,,
granite4.1:8b,전기톱,success,전기인두,"전기인두, 전정톱, 검전기, 톱, 목공톱, 원형톱, 접톱, 테이블톱, 쇠톱, 목공용접톱, 전동압착기, 왕복톱(레시프로쏘), 전동드릴, 전동타카, 충전드릴",전동압착기,,,,False,,
granite4.1:8b,전기톱(목재절단기),success,고속절단기,"고속절단기, 절단석, 목공톱, 전기인두, 검전기, 목공용접톱, 전정톱, 톱, 원형톱, 접톱, 테이블톱, 쇠톱, 목공줄, 전동압착기, 직소기",목공톱,,,,False,,
granite4.1:8b,전기톱(컷소),success,검전기,"검전기, 전기인두, 전정톱, 직소기, 톱, 쇠톱, 목공톱, 케이블컷터, 접톱, 원형톱, 테이블톱, 타일컷터, 볼트컷터, PVC컷터, 왕복톱(레시프로쏘)",목공톱,,,,False,,
granite4.1:8b,전기플러그 꽂아 쓰는 해머(함마)드릴,success,해머드릴,"해머드릴, 충전해머드릴, 로터리해머드릴, 충전드릴, 전동드릴, 임팩트드릴, 검전기, 전기인두, 드릴비트, 목공용드릴비트, 철공용드릴비트, 공구함, 드릴비트세트, SDS드릴비트, 다이아고날플라이어",해머드릴,,유선,,False,,
granite4.1:8b,전기피복 탈피기,success,전기인두,"전기인두, 검전기, 피스제거용비트, 전동압착기, 직소기, 열풍기, 송풍기, 수평기, 고속절단기, 왕복톱(레시프로쏘), 라돈측정기, 고압세척기, LED투광기, 디지털수평기, 전자산업용니퍼",고속절단기,,,,False,,
granite4.1:8b,전기해머드릴,success,해머드릴,"해머드릴, 충전해머드릴, 로터리해머드릴, 전동드릴, 충전드릴, 전기인두, 임팩트드릴, 검전기, 목공용드릴비트, 철공용드릴비트, 드릴비트, 철공용드릴비트세트, 드릴비트세트, SDS드릴비트, 전선릴",충전해머드릴,,,,False,해머드릴,False
granite4.1:8b,전기헤머드릴,success,해머드릴,"해머드릴, 충전해머드릴, 로터리해머드릴, 전동드릴, 충전드릴, 전기인두, 검전기, 임팩트드릴, 목공용드릴비트, 드릴비트, 철공용드릴비트, 철공용드릴비트세트, 드릴비트세트, SDS드릴비트, 전선릴",해머드릴,,,,False,해머드릴,True
granite4.1:8b,전동 그라인더,success,앵글그라인더,"앵글그라인더, 전동드라이버, 전동드릴, 전동압착기, 전동타카, 전동공구세트, 샌더, 냉동라쳇렌치, 전기인두, 그립망치, 전선릴, 전정톱, 충전임팩트드라이버, 바이스그립플라이어, 플라이어렌치",앵글그라인더,,,,False,,
granite4.1:8b,전동 드라이버,success,전동드라이버,"전동드라이버, 드라이버, 드라이버세트, 양용드라이버, 임팩트드라이버, T핸드드라이버, 충전임팩트드라이버, 전동드릴, 정밀드라이버세트, 전동타카, 전동압착기, 전동공구세트, 플라이어, 충전드릴, 워터펌프플라이어",전동드라이버,,,,False,전동드라이버,True
granite4.1:8b,전동 드라이버(전동 스크류드라이버),success,전동드라이버,"전동드라이버, 드라이버, 드라이버세트, 임팩트드라이버, 양용드라이버, T핸드드라이버, 충전임팩트드라이버, 전동드릴, 정밀드라이버세트, 전동타카, 전동압착기, 전동공구세트, 스크레퍼, 플라이어, 스냅링플라이어",전동드라이버,,,,False,,
granite4.1:8b,전동 드라이버세트,success,드라이버세트,"드라이버세트, 전동드라이버, 정밀드라이버세트, 드라이버, 전동공구세트, 양용드라이버, 임팩트드라이버, 충전임팩트드라이버, T핸드드라이버, 전동드릴, 플라이어세트, 전동타카, 전동압착기, 세트, 드릴비트세트",드라이버세트,,,,False,,
granite4.1:8b,전동 드릴,success,전동드릴,"전동드릴, 충전드릴, 전동드라이버, 전동타카, 전동압착기, 전동공구세트, 임팩트드릴, 해머드릴, 충전해머드릴, 드릴비트, 전선릴, 철공용드릴비트, 드릴비트세트, 목공용드릴비트, SDS드릴비트",전동드라이버,,,,False,전동드릴,False
granite4.1:8b,전동 드릴 세트,success,전동드릴,"전동드릴, 전동공구세트, 드릴비트세트, 철공용드릴비트세트, 콘크리트드릴비트세트, 충전드릴, 세트, 전동타카, 전동드라이버, 임팩트드릴, 전동압착기, 공구세트, 드릴비트, 충전해머드릴, 해머드릴",전동드릴,,,,False,,
granite4.1:8b,전동 드릴(충전식),success,충전드릴,"충전드릴, 전동드릴, 충전해머드릴, 전동압착기, 전동드라이버, 전동타카, 전동공구세트, 충전임팩트드라이버, 임팩트드릴, 해머드릴, 전선릴, 드릴비트, 철공용드릴비트, 목공용드릴비트, 드릴비트세트",전동드릴,,충전식,,False,,
granite4.1:8b,전동 드릴드라이버,success,전동드라이버,"전동드라이버, 전동드릴, 드라이버, 양용드라이버, 드라이버세트, T핸드드라이버, 임팩트드라이버, 충전임팩트드라이버, 정밀드라이버세트, 충전드릴, 드릴비트, 전동타카, 전동압착기, SDS드릴비트, 충전해머드릴",전동드라이버,,,,False,,
granite4.1:8b,전동 무선드릴,success,전동드릴,"전동드릴, 전선릴, 충전드릴, 전동드라이버, 전동타카, 전동압착기, 전동공구세트, 충전해머드릴, 임팩트드릴, 해머드릴, 드릴비트, 목공용드릴비트, SDS드릴비트, 로터리해머드릴, 드릴비트세트",충전드릴,,충전식(무선),,False,충전드릴,True
granite4.1:8b,전동 샌딩기,success,전동압착기,"전동압착기, 전동드릴, 전동타카, 샌더, 전동드라이버, 전동공구세트, 검전기, 전기인두, 송풍기, 전지가위, 열풍기, 전정톱, 냉동라쳇렌치, 직소기, 수평기",샌더,,,,False,,
granite4.1:8b,전동 스크루 드라이버,success,전동드라이버,"전동드라이버, 드라이버, 드라이버세트, 임팩트드라이버, T핸드드라이버, 양용드라이버, 전동드릴, 충전임팩트드라이버, 정밀드라이버세트, 스크레퍼, 전동타카, 전동압착기, 전동공구세트, 스냅링플라이어, 방진마스크",전동드라이버,,,,False,,
granite4.1:8b,전동 스크류 드라이버,success,전동드라이버,"전동드라이버, 드라이버, 드라이버세트, 임팩트드라이버, 양용드라이버, T핸드드라이버, 충전임팩트드라이버, 전동드릴, 정밀드라이버세트, 전동타카, 스크레퍼, 전동압착기, 전동공구세트, 방진마스크, 스냅링플라이어",전동드라이버,,,,False,,
granite4.1:8b,전동 임팩트 드릴,success,임팩트드릴,"임팩트드릴, 전동드릴, 임팩트드라이버, 충전임팩트드라이버, 충전드릴, 전동드라이버, 전동타카, 전동압착기, 전동공구세트, 해머드릴, 드릴비트, 충전해머드릴, 드릴비트세트, 목공용드릴비트, 철공용드릴비트",임팩트드릴,,,,False,,
granite4.1:8b,전동 커터기(그라인더),success,앵글그라인더,"앵글그라인더, 커터, 커터칼, 전동압착기, 전동드라이버, 전동드릴, 전동공구세트, 전동타카, PVC컷터, 케이블컷터, 전기인두, 직소기, 타일컷터, 고속절단기, 볼트컷터",앵글그라인더,,,,False,,
granite4.1:8b,전동 컷쇼,success,전동드릴,"전동드릴, 전동타카, 전동압착기, 전동공구세트, 전동드라이버, 볼트컷터, PVC컷터, 케이블컷터, 타일컷터, 앤드컷팅니퍼, 전정톱, 전선릴, 냉동라쳇렌치, 충전드릴, LED손전등",전동드릴,,,,False,,
granite4.1:8b,전동 톱,success,전동타카,"전동타카, 전동드릴, 전정톱, 전동압착기, 전동드라이버, 전동공구세트, 톱, 원형톱, 쇠톱, 테이블톱, 접톱, 목공톱, 목공용접톱, 왕복톱(레시프로쏘), 전선릴",전정톱,,,,False,,
granite4.1:8b,전동 해머 드릴,success,해머드릴,"해머드릴, 전동드릴, 충전해머드릴, 로터리해머드릴, 충전드릴, 전동드라이버, 전동압착기, 전동타카, 임팩트드릴, 전동공구세트, 드릴비트, 전선릴, 목공용드릴비트, 철공용드릴비트, 드릴비트세트",해머드릴,,,,False,,
granite4.1:8b,전동 해머드릴,success,해머드릴,"해머드릴, 충전해머드릴, 로터리해머드릴, 전동드릴, 충전드릴, 전동드라이버, 전동압착기, 전동타카, 임팩트드릴, 전동공구세트, 전선릴, 드릴비트, 목공용드릴비트, 철공용드릴비트, 드릴비트세트",해머드릴,,,,False,해머드릴,True
granite4.1:8b,전동 해머드릴,success,해머드릴,"해머드릴, 충전해머드릴, 로터리해머드릴, 전동드릴, 충전드릴, 전동드라이버, 전동압착기, 전동타카, 임팩트드릴, 전동공구세트, 전선릴, 드릴비트, 목공용드릴비트, 철공용드릴비트, 드릴비트세트",해머드릴,,,,False,해머드릴,True
granite4.1:8b,전동 휘핑기,success,전동압착기,"전동압착기, 전동타카, 전동드릴, 전동드라이버, 전동공구세트, 검전기, 열풍기, 전기인두, 송풍기, 전정톱, 직소기, 수평기, 고압세척기, 스프링배관청소기, 자전거펌프",전동공구세트,,유선,,False,,
granite4.1:8b,전동공구,success,전동공구세트,"전동공구세트, 공구함, 전동타카, 공구세트, 전동드릴, 전동압착기, 전동드라이버, 공구함세트, 목공톱, 전정톱, 목공줄, 전선릴, 검전기, 자전거펌프, 전지가위",전동공구세트,,,,False,,
granite4.1:8b,전동공구 1개,success,전동공구세트,"전동공구세트, 공구함, 공구세트, 전동타카, 전동드릴, 전동압착기, 전동드라이버, 공구함세트, 목공톱, 전정톱, 목공줄, 전선릴, 검전기, 목공용접톱, 자전거펌프",전동공구세트,,,,False,,
granite4.1:8b,전동공구 2개,success,전동공구세트,"전동공구세트, 공구함, 공구세트, 전동타카, 전동드릴, 전동압착기, 공구함세트, 전동드라이버, 목공톱, 전정톱, 목공줄, 전선릴, 전지가위, 자전거펌프, 검전기",전동공구세트,,,,False,,
granite4.1:8b,전동공구 풀세트,success,전동공구세트,"전동공구세트, 공구세트, 공구함세트, 공구함, 전동드릴, 전동타카, 전동압착기, 전동드라이버, 철공용드릴비트세트, 세트, 끌세트, 탭세트, 비트세트, 플라이어세트, 볼렌치세트",전동공구세트,,,,False,,
granite4.1:8b,전동공구세트,success,전동공구세트,"전동공구세트, 공구세트, 공구함세트, 공구함, 전동드릴, 전동타카, 전동압착기, 세트, 전동드라이버, 철공용드릴비트세트, 스패너세트, 탭세트, 비트세트, 끌세트, 볼렌치세트",전동공구세트,,,,False,,
granite4.1:8b,전동공구세트 (보조용품),success,전동공구세트,"전동공구세트, 공구세트, 공구함세트, 공구함, 전동드릴, 전동타카, 전동압착기, 철공용드릴비트세트, 조합렌치세트, 세트, 전동드라이버, 탭세트, 스패너세트, 끌세트, 드릴비트세트",전동공구세트,,,,False,,
granite4.1:8b,전동공구세트(기리세트),success,전동공구세트,"전동공구세트, 공구세트, 공구함세트, 세트, 기어렌치세트, 공구함, 끌세트, 탭세트, 비트세트, 철공용드릴비트세트, 전동압착기, 플라이어세트, 전동드릴, 스패너세트, 전동타카",전동공구세트,,,,False,,
granite4.1:8b,전동그라인더,success,앵글그라인더,"앵글그라인더, 전동드라이버, 전동드릴, 전동압착기, 전동타카, 전동공구세트, 샌더, 전기인두, 전선릴, 냉동라쳇렌치, 그립망치, 전정톱, 바이스그립플라이어, 충전임팩트드라이버, 충전드릴",앵글그라인더,,,,False,,
granite4.1:8b,전동드라이버,success,전동드라이버,"전동드라이버, 드라이버, 전동드릴, 양용드라이버, 임팩트드라이버, 드라이버세트, T핸드드라이버, 충전임팩트드라이버, 정밀드라이버세트, 전동타카, 전동압착기, 전동공구세트, 플라이어, 워터펌프플라이어, 다이아고날플라이어",전동드라이버,,,,False,전동드라이버,True
granite4.1:8b,전동드라이버,success,전동드라이버,"전동드라이버, 드라이버, 전동드릴, 양용드라이버, 임팩트드라이버, 드라이버세트, T핸드드라이버, 충전임팩트드라이버, 정밀드라이버세트, 전동타카, 전동압착기, 전동공구세트, 플라이어, 워터펌프플라이어, 다이아고날플라이어",전동드라이버,,,,False,전동드라이버,True
granite4.1:8b,전동드라이버 (미니)_mini,success,전동드라이버,"전동드라이버, 드라이버, 전동드릴, 양용드라이버, T핸드드라이버, 드라이버세트, 임팩트드라이버, 충전임팩트드라이버, 정밀드라이버세트, 전동타카, 전동압착기, 전동공구세트, 플라이어, 충전드릴, 워터펌프플라이어",전동드라이버,,유선,미니,False,,
granite4.1:8b,전동드라이버 수공구세트,success,전동공구세트,"전동공구세트, 전동드라이버, 공구세트, 드라이버세트, 정밀드라이버세트, 전동드릴, 드라이버, 공구함세트, T핸드드라이버, 임팩트드라이버, 양용드라이버, 충전임팩트드라이버, 공구함, 전동타카, 플라이어세트",전동공구세트,,,,True,,
granite4.1:8b,전동드라이버(대),success,전동드라이버,"전동드라이버, 드라이버, 전동드릴, 양용드라이버, 드라이버세트, 임팩트드라이버, T핸드드라이버, 충전임팩트드라이버, 정밀드라이버세트, 전동타카, 전동압착기, 전동공구세트, 대패, 플라이어, 워터펌프플라이어",전동드라이버,,,,False,,
granite4.1:8b,전동드라이버(마키타 6281D 14.4V),success,전동드라이버,"전동드라이버, 드라이버, 전동드릴, 전동타카, 드라이버세트, 양용드라이버, T핸드드라이버, 임팩트드라이버, 충전임팩트드라이버, 정밀드라이버세트, 전동압착기, 전동공구세트, SDS드릴비트, PVC컷터, 플라이어",전동드라이버,마켓(Makita),배터리,,False,,
granite4.1:8b,전동드라이버(보쉬 GDR18V-EC),success,전동드라이버,"전동드라이버, 드라이버, 전동드릴, 양용드라이버, 드라이버세트, 임팩트드라이버, 충전임팩트드라이버, T핸드드라이버, 정밀드라이버세트, 전동타카, 전동압착기, PVC컷터, LED손전등, 전동공구세트, 플라이어",전동드라이버,보쉬(BOSCH),배터리,,False,,
granite4.1:8b,전동드라이버(보쉬),success,전동드라이버,"전동드라이버, 드라이버, 전동드릴, 양용드라이버, 드라이버세트, 임팩트드라이버, T핸드드라이버, 충전임팩트드라이버, 정밀드라이버세트, 전동타카, 전동압착기, 전동공구세트, 플라이어, 충전드릴, 플라이어렌치",전동드라이버,보쉬,,,False,전동드라이버,True
granite4.1:8b,전동드라이버(소),success,전동드라이버,"전동드라이버, 드라이버, 전동드릴, 양용드라이버, 드라이버세트, 임팩트드라이버, T핸드드라이버, 충전임팩트드라이버, 정밀드라이버세트, 전동타카, 전동압착기, 전동공구세트, 직소기, 플라이어, 충전드릴",전동드라이버,,,,False,,
granite4.1:8b,전동드라이버(해머기능없음),success,전동드라이버,"전동드라이버, 드라이버, 전동드릴, 임팩트드라이버, 양용드라이버, 해머드릴, 충전임팩트드라이버, T핸드드라이버, 드라이버세트, 충전해머드릴, 정밀드라이버세트, 로터리해머드릴, 전동타카, 전동압착기, 전동공구세트",전동드라이버,,,,False,,
granite4.1:8b,전동드라이버3개,success,전동드라이버,"전동드라이버, 드라이버, 전동드릴, 드라이버세트, 양용드라이버, 임팩트드라이버, T핸드드라이버, 충전임팩트드라이버, 정밀드라이버세트, 전동타카, 전동압착기, 전동공구세트, 플라이어, 충전드릴, 플라이어세트",전동드라이버,,,,False,,
granite4.1:8b,전동드라이버용 비트세트,success,전동드라이버,"전동드라이버, 드라이버세트, 비트세트, 정밀드라이버세트, 드릴비트세트, 철공용드릴비트세트, 드라이버, 전동공구세트, 양용드라이버, 콘크리트드릴비트세트, 전동드릴, 임팩트드라이버, 충전임팩트드라이버, T핸드드라이버, 목공용드릴비트",비트세트,,,,False,,
granite4.1:8b,전동드릴,success,전동드릴,"전동드릴, 전동드라이버, 충전드릴, 전동타카, 전동압착기, 임팩트드릴, 전동공구세트, 해머드릴, 충전해머드릴, 전선릴, 드릴비트, 로터리해머드릴, SDS드릴비트, 드릴비트세트, 철공용드릴비트",전동드릴,,,,False,전동드릴,True
granite4.1:8b,전동드릴,success,전동드릴,"전동드릴, 전동드라이버, 충전드릴, 전동타카, 전동압착기, 임팩트드릴, 전동공구세트, 해머드릴, 충전해머드릴, 전선릴, 드릴비트, 로터리해머드릴, SDS드릴비트, 드릴비트세트, 철공용드릴비트",전동드릴,,,,False,전동드릴,True
granite4.1:8b,전동드릴 1개,success,전동드릴,"전동드릴, 전동드라이버, 충전드릴, 전동타카, 임팩트드릴, 전동압착기, 전동공구세트, 충전해머드릴, 해머드릴, 드릴비트, 전선릴, SDS드릴비트, 로터리해머드릴, 드릴비트세트, 목공용드릴비트",전동드릴,,,,False,,
granite4.1:8b,전동드릴 2종,success,전동드릴,"전동드릴, 전동드라이버, 충전드릴, 전동타카, 전동압착기, 전동공구세트, 임팩트드릴, 충전해머드릴, 해머드릴, 드릴비트, 전선릴, 철공용드릴비트, 모종삽, SDS드릴비트, 목공용드릴비트",전동드릴,,,,False,,
granite4.1:8b,전동드릴 및 전동드라이버,success,전동드릴,"전동드릴, 전동드라이버, 드라이버, 전동타카, 전동압착기, 충전드릴, 양용드라이버, 드라이버세트, 전동공구세트, T핸드드라이버, 임팩트드라이버, 충전임팩트드라이버, 정밀드라이버세트, 임팩트드릴, 충전해머드릴",전동드릴,,,,False,,
granite4.1:8b,전동드릴 비트,success,전동드릴,"전동드릴, 드릴비트, 드릴비트세트, 목공용드릴비트, 철공용드릴비트, SDS드릴비트, 전동드라이버, 철공용드릴비트세트, 콘크리트용드릴비트, 콘크리트드릴비트세트, 충전드릴, 임팩트드릴, 전동타카, 전동공구세트, 비트세트",드릴비트,,,,False,,
granite4.1:8b,전동드릴 비트세트,success,전동드릴,"전동드릴, 드릴비트세트, 비트세트, 철공용드릴비트세트, 콘크리트드릴비트세트, 전동공구세트, 드릴비트, 목공용드릴비트, SDS드릴비트, 철공용드릴비트, 콘크리트용드릴비트, 전동드라이버, 충전드릴, 임팩트드릴, 세트",드릴비트세트,,,,False,,
granite4.1:8b,전동드릴 세트,success,전동드릴,"전동드릴, 전동공구세트, 드릴비트세트, 전동드라이버, 콘크리트드릴비트세트, 철공용드릴비트세트, 충전드릴, 세트, 임팩트드릴, 공구세트, 전동타카, 전동압착기, 해머드릴, 충전해머드릴, 드라이버세트",전동공구세트,,,,False,,
granite4.1:8b,전동드릴(1),success,전동드릴,"전동드릴, 전동드라이버, 충전드릴, 전동타카, 전동압착기, 임팩트드릴, 해머드릴, 전동공구세트, 충전해머드릴, 드릴비트, 전선릴, 로터리해머드릴, SDS드릴비트, 드릴비트세트, 철공용드릴비트",전동드릴,,,,False,,
granite4.1:8b,전동드릴(계양 DMV-13K),success,전동드릴,"전동드릴, 전동드라이버, 충전드릴, 전동압착기, 전동타카, SDS드릴비트, 충전해머드릴, 임팩트드릴, 해머드릴, 전동공구세트, 드릴비트, 드릴비트세트, 목공용드릴비트, 전선릴, 철공용드릴비트",전동드릴,계양,,,False,전동드릴,True
granite4.1:8b,전동드릴(드라이버 사용 불가),success,전동드릴,"전동드릴, 전동드라이버, 드라이버, 양용드라이버, 드라이버세트, T핸드드라이버, 충전드릴, 임팩트드라이버, 정밀드라이버세트, 충전임팩트드라이버, 임팩트드릴, 전동타카, 해머드릴, 목공용드릴비트, 충전해머드릴",전동드릴,,,,False,,
granite4.1:8b,전동드릴(무선 오렌지),success,전동드릴,"전동드릴, 전동드라이버, 충전드릴, 전선릴, 임팩트드릴, 전동압착기, 전동타카, 충전해머드릴, 전동공구세트, 해머드릴, 드릴비트, 로터리해머드릴, 목공용드릴비트, 철공용드릴비트, SDS드릴비트",전동드릴,,충전식(무선),,False,,
granite4.1:8b,전동드릴(무선),success,전동드릴,"전동드릴, 전동드라이버, 전선릴, 충전드릴, 임팩트드릴, 전동압착기, 전동타카, 충전해머드릴, 해머드릴, 전동공구세트, 드릴비트, 목공용드릴비트, 로터리해머드릴, SDS드릴비트, 드릴비트세트",전동드릴,,충전식(무선),,False,충전드릴,False
granite4.1:8b,"전동드릴(무선, 충천용)",success,전동드릴,"전동드릴, 충전드릴, 전동드라이버, 충전해머드릴, 전선릴, 전동타카, 전동압착기, 임팩트드릴, 목공용드릴비트, 철공용드릴비트, 전동공구세트, 해머드릴, 콘크리트용드릴비트, 철공용드릴비트세트, 드릴비트",충전해머드릴,,충전식,충천용,False,,
granite4.1:8b,전동드릴(보쉬 GSR14.4-2),success,전동드릴,"전동드릴, 전동드라이버, 충전드릴, SDS드릴비트, 전동압착기, 전동타카, 임팩트드릴, 전동공구세트, 해머드릴, 충전해머드릴, 철공용드릴비트, 철공용드릴비트세트, 드릴비트, 목공용드릴비트, 전선릴",전동드릴,보쉬(BOSCH),배터리,,False,충전드릴,False
granite4.1:8b,전동드릴(비트 미포함),success,전동드릴,"전동드릴, 드릴비트, 전동드라이버, 드릴비트세트, 목공용드릴비트, 철공용드릴비트, 충전드릴, SDS드릴비트, 철공용드릴비트세트, 콘크리트드릴비트세트, 콘크리트용드릴비트, 임팩트드릴, 전동공구세트, 전동타카, 충전해머드릴",전동드릴,,,,False,,
granite4.1:8b,전동드릴(소),success,전동드릴,"전동드릴, 전동드라이버, 충전드릴, 전동타카, 전동압착기, 전동공구세트, 임팩트드릴, 해머드릴, 충전해머드릴, 전선릴, 드릴비트, SDS드릴비트, 철공용드릴비트, 로터리해머드릴, 목공용드릴비트",전동드릴,,,,False,,
granite4.1:8b,전동드릴(소형),success,전동드릴,"전동드릴, 전동드라이버, 충전드릴, 전동타카, 전동압착기, 임팩트드릴, 전동공구세트, 해머드릴, 충전해머드릴, 드릴비트, 전선릴, SDS드릴비트, 철공용드릴비트, 목공용드릴비트, 로터리해머드릴",전동드릴,,,소형,False,,
granite4.1:8b,전동드릴(유?무선),success,전동드릴,"전동드릴, 전동드라이버, 충전드릴, 전선릴, 임팩트드릴, 전동압착기, 전동타카, 충전해머드릴, 해머드릴, 전동공구세트, 드릴비트, 로터리해머드릴, 목공용드릴비트, SDS드릴비트, 철공용드릴비트",전동드릴,,유선/충전식,,False,,
granite4.1:8b,전동드릴(유무선),success,전동드릴,"전동드릴, 전동드라이버, 충전드릴, 전선릴, 임팩트드릴, 전동압착기, 전동타카, 충전해머드릴, 해머드릴, 전동공구세트, 드릴비트, 목공용드릴비트, SDS드릴비트, 드릴비트세트, 로터리해머드릴",전동드릴,,유선,,False,,
granite4.1:8b,전동드릴(유선),success,전동드릴,"전동드릴, 전동드라이버, 전선릴, 충전드릴, 전동압착기, 전동타카, 임팩트드릴, 전동공구세트, 충전해머드릴, 해머드릴, 드릴비트, 목공용드릴비트, SDS드릴비트, 철공용드릴비트, 로터리해머드릴",전동드릴,,유선,,False,전동드릴,True
granite4.1:8b,전동드릴(중형),success,전동드릴,"전동드릴, 전동드라이버, 충전드릴, 전동타카, 임팩트드릴, 전동압착기, 충전해머드릴, 해머드릴, 전동공구세트, 전선릴, 드릴비트, 목공용드릴비트, 철공용드릴비트, 로터리해머드릴, SDS드릴비트",전동드릴,,,중형,False,,
granite4.1:8b,전동드릴(충전식 무선),success,전동드릴,"전동드릴, 충전드릴, 충전해머드릴, 전동드라이버, 전선릴, 전동압착기, 전동타카, 전동공구세트, 임팩트드릴, 충전임팩트드라이버, 해머드릴, 드릴비트, 목공용드릴비트, 로터리해머드릴, 철공용드릴비트",충전드릴,,충전식(무선),,False,,
granite4.1:8b,전동드릴(충전식),success,전동드릴,"전동드릴, 충전드릴, 충전해머드릴, 전동드라이버, 전동압착기, 전동타카, 전동공구세트, 임팩트드릴, 충전임팩트드라이버, 해머드릴, 전선릴, 드릴비트, 전정톱, 철공용드릴비트, 로터리해머드릴",충전드릴,,충전식,,False,충전드릴,True
granite4.1:8b,전동드릴(충전형),success,전동드릴,"전동드릴, 충전드릴, 충전해머드릴, 전동드라이버, 전동압착기, 전동타카, 전동공구세트, 임팩트드릴, 충전임팩트드라이버, 해머드릴, 전선릴, 드릴비트, 철공용드릴비트, 목공용드릴비트, 로터리해머드릴",충전드릴,,충전식,,False,,
granite4.1:8b,전동드릴(콘센트식),success,전동드릴,"전동드릴, 전동드라이버, 충전드릴, 임팩트드릴, 콘크리트드릴비트세트, 전동타카, 콘크리트용드릴비트, 전동압착기, 전동공구세트, 충전해머드릴, 해머드릴, 드릴비트, 드릴비트세트, 전선릴, SDS드릴비트",전동드릴,,유선,,False,,
granite4.1:8b,전동드릴(해머드릴),success,해머드릴,"해머드릴, 전동드릴, 충전해머드릴, 로터리해머드릴, 충전드릴, 임팩트드릴, 전동드라이버, 드릴비트, 전동압착기, 철공용드릴비트, 전동타카, 목공용드릴비트, 드릴비트세트, SDS드릴비트, 전선릴",전동드릴,,,,False,,
granite4.1:8b,전동드릴(햄머드릴),success,전동드릴,"전동드릴, 해머드릴, 충전해머드릴, 로터리해머드릴, 충전드릴, 전동드라이버, 임팩트드릴, 드릴비트, 전동압착기, 드릴비트세트, 철공용드릴비트, 목공용드릴비트, 전동타카, SDS드릴비트, 전선릴",해머드릴,,,,False,,
granite4.1:8b,전동드릴(햄머드릴),success,전동드릴,"전동드릴, 해머드릴, 충전해머드릴, 로터리해머드릴, 충전드릴, 전동드라이버, 임팩트드릴, 드릴비트, 전동압착기, 드릴비트세트, 철공용드릴비트, 목공용드릴비트, 전동타카, SDS드릴비트, 전선릴",해머드릴,,,,False,,
granite4.1:8b,전동드릴1,success,전동드릴,"전동드릴, 전동드라이버, 충전드릴, 임팩트드릴, 전동타카, 전동압착기, 해머드릴, 전동공구세트, 충전해머드릴, 드릴비트, 전선릴, SDS드릴비트, 로터리해머드릴, 드릴비트세트, 철공용드릴비트",전동드릴,,,,False,,
granite4.1:8b,전동드릴2,success,전동드릴,"전동드릴, 전동드라이버, 충전드릴, 전동타카, 임팩트드릴, 전동압착기, 전동공구세트, 해머드릴, 충전해머드릴, 드릴비트, 전선릴, 철공용드릴비트, SDS드릴비트, 로터리해머드릴, 드릴비트세트",전동드릴,,,,False,,
granite4.1:8b,전동드릴공구세트,success,전동공구세트,"전동공구세트, 전동드릴, 공구세트, 공구함세트, 철공용드릴비트세트, 드릴비트세트, 전동드라이버, 공구함, 충전드릴, 콘크리트드릴비트세트, 전동타카, 목공용드릴비트, 철공용드릴비트, 전동압착기, 임팩트드릴",전동드릴,,,,False,,
granite4.1:8b,전동드릴드라이버,success,전동드라이버,"전동드라이버, 전동드릴, 드라이버, 양용드라이버, 드라이버세트, T핸드드라이버, 임팩트드라이버, 충전임팩트드라이버, 정밀드라이버세트, 충전드릴, 전동타카, 전동압착기, 드릴비트, 임팩트드릴, 충전해머드릴",전동드릴,,,,False,,
granite4.1:8b,전동드릴드라이버 세트(해머기능없음),success,전동드라이버,"전동드라이버, 전동드릴, 해머드릴, 드라이버세트, 충전해머드릴, 정밀드라이버세트, 드라이버, 로터리해머드릴, 임팩트드라이버, 드릴비트세트, 충전임팩트드라이버, T핸드드라이버, 양용드라이버, 전동공구세트, 충전드릴",드라이버세트,,,,False,,
granite4.1:8b,전동드릴드라이버세트,success,전동드라이버,"전동드라이버, 드라이버세트, 전동드릴, 정밀드라이버세트, 드라이버, 전동공구세트, 드릴비트세트, 양용드라이버, 임팩트드라이버, T핸드드라이버, 철공용드릴비트세트, 콘크리트드릴비트세트, 충전임팩트드라이버, 충전드릴, 드릴비트",전동공구세트,,,,False,,
granite4.1:8b,전동드릴비트,success,드릴비트,"드릴비트, 전동드릴, 드릴비트세트, SDS드릴비트, 목공용드릴비트, 철공용드릴비트, 콘크리트용드릴비트, 콘크리트드릴비트세트, 철공용드릴비트세트, 전동드라이버, 전동타카, 충전드릴, 전동공구세트, 임팩트드릴, 전동압착기",드릴비트,,,,False,,
granite4.1:8b,전동드릴비트 파우치 세트,success,드릴비트세트,"드릴비트세트, 드릴비트, 전동드릴, 철공용드릴비트세트, 콘크리트드릴비트세트, SDS드릴비트, 전동공구세트, 목공용드릴비트, 철공용드릴비트, 콘크리트용드릴비트, 비트세트, 전동드라이버, 볼렌치세트, 충전드릴, 드라이버세트",드릴비트세트,,,,False,,
granite4.1:8b,전동드릴세트,success,전동드릴,"전동드릴, 전동공구세트, 드릴비트세트, 전동드라이버, 철공용드릴비트세트, 콘크리트드릴비트세트, 충전드릴, 공구세트, 세트, 임팩트드릴, 전동타카, 전동압착기, 드릴비트, 드라이버세트, 끌세트",전동공구세트,,,,False,,
granite4.1:8b,전동드릴세트 1개,success,전동드릴,"전동드릴, 전동공구세트, 드릴비트세트, 전동드라이버, 콘크리트드릴비트세트, 철공용드릴비트세트, 충전드릴, 임팩트드릴, 전동타카, 전동압착기, 세트, 공구세트, 드릴비트, 충전해머드릴, 드라이버세트",전동드릴,,,,False,,
granite4.1:8b,"전동드릴세트(전동드릴1, 해머드릴1)",success,전동드릴,"전동드릴, 해머드릴, 충전해머드릴, 로터리해머드릴, 전동공구세트, 충전드릴, 드릴비트세트, 전동드라이버, 임팩트드릴, 철공용드릴비트세트, 콘크리트드릴비트세트, 드릴비트, 전동압착기, 전동타카, 철공용드릴비트",전동드릴,,,,False,,
granite4.1:8b,전동드릴키트A(유선),success,전동드릴,"전동드릴, 전동드라이버, 전선릴, 전동타카, 드릴비트, 드릴비트세트, 충전드릴, 전동공구세트, 목공용드릴비트, SDS드릴비트, 전동압착기, 임팩트드릴, 콘크리트용드릴비트, 철공용드릴비트, 콘크리트드릴비트세트",전동공구세트,,유선,,False,,
granite4.1:8b,전동드릴키트B(유선),success,전동드릴,"전동드릴, 전동드라이버, 전선릴, 드릴비트, 충전드릴, 드릴비트세트, 전동타카, 전동공구세트, SDS드릴비트, 목공용드릴비트, 전동압착기, 임팩트드릴, 콘크리트용드릴비트, 철공용드릴비트, 콘크리트드릴비트세트",전동드릴,,유선,,False,,
granite4.1:8b,전동드릴키트C(유선),success,전동드릴,"전동드릴, 전동드라이버, 전선릴, 전동타카, 충전드릴, 드릴비트, 전동공구세트, 드릴비트세트, 목공용드릴비트, 전동압착기, 콘크리트용드릴비트, 콘크리트드릴비트세트, 임팩트드릴, SDS드릴비트, 철공용드릴비트",전동드릴,,유선,,False,,
granite4.1:8b,전동무선드릴,success,전동드릴,"전동드릴, 전선릴, 충전드릴, 전동드라이버, 전동타카, 전동압착기, 임팩트드릴, 충전해머드릴, 해머드릴, 전동공구세트, 드릴비트, 목공용드릴비트, 로터리해머드릴, 철공용드릴비트, 드릴비트세트",충전해머드릴,,충전식(무선),,False,,
granite4.1:8b,전동샌더,success,샌더,"샌더, 전동드릴, 전동드라이버, 전동타카, 전동압착기, 전동공구세트, 앵글그라인더, 냉동라쳇렌치, 전정톱, 충전드릴, 자전거펌프, LED손전등, 충전해머드릴, 전선릴, 전지가위",샌더,,,,False,,
granite4.1:8b,전동에어펌프,success,에어펌프,"에어펌프, 자전거펌프, 에어컴프레서, 워터펌프플라이어, 에어건, 전동드릴, 에어타카, 전동타카, 전동드라이버, 전동압착기, 전동공구세트, 전정톱, 와이어스트리퍼, 안전로프, F클램프",에어펌프,,전동,,False,,
granite4.1:8b,전동원형톱,success,원형톱,"원형톱, 전정톱, 전동타카, 전동드릴, 전동압착기, 전동드라이버, 전동공구세트, 톱, 테이블톱, 목공톱, 접톱, 쇠톱, 목공용접톱, 왕복톱(레시프로쏘), A형사다리",원형톱,,,,False,,
granite4.1:8b,전동일자톱,success,전동타카,"전동타카, 전동드릴, 전정톱, 전동압착기, 전동공구세트, 전동드라이버, 원형톱, 자전거펌프, 줄자, 타일컷터, 톱, 쇠톱, 접톱, 목공톱, 직각자",전동타카,,,,False,왕복톱(레시프로쏘),False
granite4.1:8b,전동일자톱,success,전동타카,"전동타카, 전동드릴, 전정톱, 전동압착기, 전동공구세트, 전동드라이버, 원형톱, 자전거펌프, 줄자, 타일컷터, 톱, 쇠톱, 접톱, 목공톱, 직각자",전동타카,,,,False,왕복톱(레시프로쏘),False
granite4.1:8b,전동임팩드라이버,success,임팩트드라이버,"임팩트드라이버, 전동드라이버, 충전임팩트드라이버, 드라이버, 임팩트드릴, 양용드라이버, T핸드드라이버, 드라이버세트, 정밀드라이버세트, 전동드릴, 전동타카, 전동압착기, 전동공구세트, 플라이어, 워터펌프플라이어",임팩트드라이버,,,,False,,
granite4.1:8b,전동임팩트드릴,success,임팩트드릴,"임팩트드릴, 전동드릴, 임팩트드라이버, 충전임팩트드라이버, 충전드릴, 전동드라이버, 전동타카, 전동압착기, 해머드릴, 전동공구세트, 충전해머드릴, 콘크리트드릴비트세트, 드릴비트, 전선릴, 철공용드릴비트",임팩트드릴,,,,False,,
granite4.1:8b,전동직소기톱,success,직소기,"직소기, 전정톱, 전동드릴, 전동타카, 전동압착기, 전동공구세트, 전동드라이버, 원형톱, 목공톱, 쇠톱, 직각자, 접톱, 스프링배관청소기, 테이블톱, 톱",직소기,,,,False,,
granite4.1:8b,전동충전드릴,success,충전드릴,"충전드릴, 전동드릴, 충전해머드릴, 전동드라이버, 전동압착기, 전동타카, 전동공구세트, 임팩트드릴, 충전임팩트드라이버, 해머드릴, 전선릴, 전정톱, 철공용드릴비트, 로터리해머드릴, 드릴비트",충전드릴,,충전식,,False,충전드릴,True
granite4.1:8b,전동충전드릴1,success,충전드릴,"충전드릴, 전동드릴, 충전해머드릴, 전동드라이버, 전동압착기, 전동타카, 전동공구세트, 충전임팩트드라이버, 임팩트드릴, 해머드릴, 전선릴, 철공용드릴비트, 드릴비트, 로터리해머드릴, 전정톱",충전드릴,,충전식(무선),,False,,
granite4.1:8b,전동충전드릴2,success,충전드릴,"충전드릴, 전동드릴, 충전해머드릴, 전동드라이버, 전동압착기, 전동타카, 전동공구세트, 충전임팩트드라이버, 임팩트드릴, 해머드릴, 전선릴, 철공용드릴비트, 전정톱, 드릴비트, 로터리해머드릴",충전드릴,,충전식,,False,,
granite4.1:8b,전동칼갈이,success,전동드릴,"전동드릴, 전동타카, 전동드라이버, 전동압착기, 전동공구세트, 커터칼, 전선릴, 전정톱, 냉동라쳇렌치, 충전드릴, 검전기, 전지가위, 케이블컷터, 충전임팩트드라이버, LED손전등",커터칼,,,,False,,
granite4.1:8b,전동타카,success,전동타카,"전동타카, 타카, 손타카, 건타카, 에어타카, 전동드릴, 전동드라이버, 타카핀, 전동압착기, 전동공구세트, 전정톱, 핸드카트, 타일컷터, 전선릴, 전지가위",전동타카,,,,False,전동타카,True
granite4.1:8b,"전동타카, 타카핀세트",success,전동타카,"전동타카, 타카핀, 타카, 손타카, 건타카, 전동공구세트, 에어타카, 공구세트, 세트, 탭세트, 전동압착기, 전동드릴, 공구함세트, 비트세트, 전동드라이버",전동타카,,,,False,,
granite4.1:8b,전동톱,success,전동드릴,"전동드릴, 전동타카, 전정톱, 전동압착기, 전동드라이버, 전동공구세트, 원형톱, 톱, 쇠톱, 접톱, 테이블톱, 목공톱, 목공용접톱, 왕복톱(레시프로쏘), 전선릴",전정톱,,,,False,,
granite4.1:8b,전동펌프,success,자전거펌프,"자전거펌프, 에어펌프, 전동드릴, 전동타카, 전동드라이버, 전동압착기, 워터펌프플라이어, 전동공구세트, 안전로프, F클램프, 전정톱, 클램프미터, 냉동라쳇렌치, 전선릴, 파이프렌치",에어펌프,,,,False,,
granite4.1:8b,전동함마드릴,success,전동드릴,"전동드릴, 충전드릴, 해머드릴, 전동타카, 충전해머드릴, 전동드라이버, 전동압착기, 전동공구세트, 로터리해머드릴, 임팩트드릴, 전선릴, 공구함, 드릴비트, 목공용드릴비트, 공구함세트",해머드릴,,,,False,,
granite4.1:8b,전동해머 드릴세트,success,해머드릴,"해머드릴, 전동드릴, 충전해머드릴, 로터리해머드릴, 전동공구세트, 드릴비트세트, 철공용드릴비트세트, 콘크리트드릴비트세트, 충전드릴, 임팩트드릴, 전동드라이버, 전동타카, 공구함세트, 전동압착기, 공구세트",전동드릴,,,,False,,
granite4.1:8b,전동해머드릴,success,해머드릴,"해머드릴, 충전해머드릴, 전동드릴, 로터리해머드릴, 충전드릴, 전동드라이버, 전동타카, 전동압착기, 전동공구세트, 임팩트드릴, 전선릴, 철공용드릴비트, 드릴비트, 목공용드릴비트, 철공용드릴비트세트",충전해머드릴,,,,False,해머드릴,False
granite4.1:8b,전동해머드릴세트,success,해머드릴,"해머드릴, 충전해머드릴, 로터리해머드릴, 전동드릴, 전동공구세트, 드릴비트세트, 철공용드릴비트세트, 충전드릴, 콘크리트드릴비트세트, 공구함세트, 임팩트드릴, 전동압착기, 전동타카, 공구세트, 전동드라이버",해머드릴,,,,True,,
granite4.1:8b,전력측정기,success,라돈측정기,"라돈측정기, 레이저거리측정기, 검전기, 전정톱, 전동압착기, 열풍기, 송풍기, 직소기, 전기인두, 강력니퍼, 고속절단기, 고압세척기, 전지가위, 수평기, 충전해머드릴",라돈측정기,,,,False,,
granite4.1:8b,전선 릴(30M),success,전선릴,"전선릴, 전동드릴, 충전드릴, 충전해머드릴, 적외선온도계, 전정톱, 임팩트드릴, 해머드릴, 전지가위, 로터리해머드릴, 전동압착기, 목공줄, 전동타카, 목공용드릴비트, 전동공구세트",전선릴,,,길이 30미터,False,,
granite4.1:8b,전선릴,success,전선릴,"전선릴, 전동드릴, 충전드릴, 전정톱, 충전해머드릴, 임팩트드릴, 전동타카, 적외선온도계, 전동공구세트, 해머드릴, 전지가위, 전동드라이버, 전동압착기, 로터리해머드릴, 드릴비트",전선릴,,,,False,전선릴,True
granite4.1:8b,전선릴 20m,success,전선릴,"전선릴, 전동드릴, 충전드릴, 전정톱, 충전해머드릴, 적외선온도계, 임팩트드릴, 해머드릴, 전동압착기, 전지가위, 목공줄, 전동공구세트, 전동타카, 로터리해머드릴, 목공용드릴비트",전선릴,,,길이 20m,False,,
granite4.1:8b,전선릴 20미터,success,전선릴,"전선릴, 클램프미터, 전동드릴, 충전드릴, 전정톱, 충전해머드릴, 로터리해머드릴, 적외선온도계, 커터칼, 목공줄, 임팩트드릴, 전지가위, 케이블컷터, 해머드릴, 전동공구세트",전선릴,,,20미터,False,,
granite4.1:8b,전선릴 50M,success,전선릴,"전선릴, 전동드릴, 충전드릴, 충전해머드릴, 전정톱, 임팩트드릴, 적외선온도계, 해머드릴, 목공줄, 전동공구세트, 전동압착기, 목공용드릴비트, 전동타카, 로터리해머드릴, 전지가위",전선릴,,,길이 50미터,False,,
granite4.1:8b,전선릴 접지차단,success,전선릴,"전선릴, 전동드릴, 접톱, 전지가위, 충전드릴, 고속절단기, 절단석, 충전해머드릴, 목공용접톱, 임팩트드릴, 전정톱, 전동압착기, 전동타카, 쇠지렛대, 해머드릴",전선릴,,,,False,,
granite4.1:8b,전선릴 차단기형,success,전선릴,"전선릴, 고속절단기, 전동드릴, 충전드릴, 전동압착기, 검전기, 원형톱, 절단석, 전정톱, 충전해머드릴, A형사다리, 임팩트드릴, 전동타카, 전기인두, 라돈측정기",전선릴,,,,False,,
granite4.1:8b,전선릴(1),success,전선릴,"전선릴, 전동드릴, 충전드릴, 충전해머드릴, 전정톱, 임팩트드릴, 해머드릴, 전동드라이버, 적외선온도계, 전동타카, 전동압착기, 전동공구세트, 로터리해머드릴, 전지가위, 드릴비트",전선릴,,,,False,,
granite4.1:8b,전선릴(30M),success,전선릴,"전선릴, 전동드릴, 충전드릴, 충전해머드릴, 전정톱, 임팩트드릴, 해머드릴, 적외선온도계, 목공줄, 전동압착기, 로터리해머드릴, 전동타카, 전동공구세트, 전지가위, 목공용드릴비트",전선릴,,,길이 30M,False,,
granite4.1:8b,전선릴(30m),success,전선릴,"전선릴, 전동드릴, 충전드릴, 충전해머드릴, 전정톱, 임팩트드릴, 해머드릴, 적외선온도계, 목공줄, 전동타카, 전동압착기, 로터리해머드릴, 전지가위, 전동공구세트, 목공용드릴비트",전선릴,,,길이 30m,False,,
granite4.1:8b,"전선릴(접지,차단)",success,전선릴,"전선릴, 전동드릴, 전지가위, 접톱, 충전드릴, 절단석, 고속절단기, 목공용접톱, 충전해머드릴, 전정톱, 전동압착기, 임팩트드릴, 쇠지렛대, 전동타카, 해머드릴",전선릴,,,,False,,
granite4.1:8b,전선릴(차단),success,전선릴,"전선릴, 전동드릴, 충전드릴, 절단석, 고속절단기, 전정톱, 충전해머드릴, 전동타카, 임팩트드릴, 전동드라이버, 전동압착기, 해머드릴, 전동공구세트, 목공줄, 적외선온도계",전선릴,,,,False,,
granite4.1:8b,전선릴(차단기형),success,전선릴,"전선릴, 고속절단기, 전동드릴, 절단석, 충전드릴, 전동압착기, 검전기, 원형톱, 전정톱, 충전해머드릴, 전동타카, A형사다리, 전기인두, 직소기, 임팩트드릴",전선릴,,,,False,,
granite4.1:8b,"전선릴(차단기형, 30m)",success,전선릴,"전선릴, 고속절단기, 전동드릴, 절단석, 충전드릴, 전동압착기, 원형톱, 검전기, 충전해머드릴, 전정톱, A형사다리, 전기인두, 임팩트드릴, 적외선온도계, 직소기",전선릴,,,"차단기형, 30m",False,,
granite4.1:8b,전선릴(차단릴),success,전선릴,"전선릴, 전동드릴, 충전드릴, 절단석, 충전해머드릴, 임팩트드릴, 고속절단기, 해머드릴, 전정톱, 드릴비트, 로터리해머드릴, 목공용드릴비트, 철공용드릴비트, 전동타카, 드릴비트세트",전선릴,,,,False,,
granite4.1:8b,전선릴2개,success,전선릴,"전선릴, 전동드릴, 충전드릴, 전정톱, 충전해머드릴, 전동공구세트, 전동타카, 임팩트드릴, 전동압착기, 적외선온도계, 전지가위, 전동드라이버, 목공줄, 해머드릴, 로터리해머드릴",전선릴,,,,False,,
granite4.1:8b,전선용 피복제거기,success,피스제거용비트,"피스제거용비트, 전선릴, 전동압착기, 검전기, 자전거펌프, 레이저거리측정기, 적외선온도계, 직소기, 왕복톱(레시프로쏘), 고속절단기, 전기인두, 전정톱, 철공용드릴비트세트, 전동드릴, 철공용드릴비트",피스제거용비트,,,,False,,
granite4.1:8b,전선코드릴,success,전선릴,"전선릴, 전동드릴, 충전드릴, 해머드릴, 충전해머드릴, 임팩트드릴, 로터리해머드릴, 드릴비트, 철공용드릴비트, 철공용드릴비트세트, 목공용드릴비트, 드릴비트세트, 전동드라이버, SDS드릴비트, 콘크리트드릴비트세트",전선릴,,,,False,,
granite4.1:8b,전선코드릴(30m),success,전선릴,"전선릴, 전동드릴, 충전드릴, 충전해머드릴, 해머드릴, 임팩트드릴, 로터리해머드릴, 드릴비트, 철공용드릴비트, 목공용드릴비트, SDS드릴비트, 철공용드릴비트세트, 드릴비트세트, 콘크리트드릴비트세트, 콘크리트용드릴비트",전선릴,,,길이 30m,False,,
granite4.1:8b,전선피복 스트리퍼,success,와이어스트리퍼,"와이어스트리퍼, 전선릴, 버니어캘리퍼스, 스크레퍼, 피스제거용비트, 콘크리트니퍼, 스패너세트, 전자산업용니퍼, 전동드릴, 니퍼, 왕복톱(레시프로쏘), 강력니퍼, 전정톱, 전동공구세트, 스패너",와이어스트리퍼,,,,False,,
granite4.1:8b,전선피복제거기,success,전선릴,"전선릴, 피스제거용비트, 전동압착기, 검전기, 자전거펌프, 레이저거리측정기, 전기인두, 직소기, 전정톱, 적외선온도계, 전지가위, 왕복톱(레시프로쏘), 고속절단기, 전동드릴, 전동공구세트",전지가위,,,,False,,
granite4.1:8b,전자자동혈압계,success,전자산업용니퍼,"전자산업용니퍼, 전동압착기, 줄자, 자전거펌프, 직각자, 전동드릴, 전동타카, 적외선온도계, 전동드라이버, 전동공구세트, 고압세척기, 전기인두, 냉동라쳇렌치, 전정톱, 검전기",검전기,,,,False,,
granite4.1:8b,전자저울,success,전자산업용니퍼,"전자산업용니퍼, 자전거펌프, 줄자, 직각자, 레이저수평기, 전기인두, 레이저거리측정기, 전동드릴, 안전장갑, 전정톱, 검전기, LED손전등, 충전드릴, 안전로프, 안전모",검전기,,,,False,,
granite4.1:8b,전자현미경,success,전자산업용니퍼,"전자산업용니퍼, 보안경, 자전거펌프, 클램프미터, 줄자, 직각자, 전기인두, 검전기, 전정톱, 전지가위, LED손전등, 안전모, 전선릴, 충전드릴, 안전장갑",전자산업용니퍼,,,,True,,
granite4.1:8b,전정 가위(손가위) 1개,success,전지가위,"전지가위, 철판가위, 다목적가위, 고지가위, 전정톱, LED손전등, 전동공구세트, 가스토치, 손타카, 전동드릴, 전동타카, 검전기, 라돈측정기, 전동압착기, 공구세트",전지가위,,,,False,,
granite4.1:8b,전정 가위(양손가위) 1개,success,전지가위,"전지가위, 다목적가위, 철판가위, 고지가위, 전정톱, LED손전등, 가스토치, 전동공구세트, 손타카, 전동드릴, 전동타카, 라돈측정기, 전동압착기, 검전기, 양용드라이버",전지가위,,,,False,,
granite4.1:8b,전정가위,success,전지가위,"전지가위, 전정톱, 철판가위, 고지가위, 다목적가위, 전동타카, 라돈측정기, 전동공구세트, 전동드릴, 전선릴, 검전기, 전동압착기, 가스토치, 전동드라이버, 정밀드라이버세트",전지가위,,,,True,전지가위,True
granite4.1:8b,전정기,success,전정톱,"전정톱, 라돈측정기, 검전기, 레이저거리측정기, 전동압착기, 전지가위, 직소기, 열풍기, 전기인두, 송풍기, 전동타카, 전동공구세트, 수평기, 전선릴, 전동드라이버",검전기,,,,False,,
granite4.1:8b,전정용 목재톱,success,전정톱,"전정톱, 목공톱, 목공용접톱, 톱, 원형톱, 목공용드릴비트, 목공줄, 접톱, 테이블톱, 쇠톱, 다목적가위, 전동드릴, 왕복톱(레시프로쏘), 전동타카, 전지가위",전정톱,,,,False,,
granite4.1:8b,전정톱,success,전정톱,"전정톱, 톱, 원형톱, 테이블톱, 접톱, 목공톱, 쇠톱, 전동타카, 전지가위, 목공용접톱, 전동드릴, 왕복톱(레시프로쏘), 전선릴, 라돈측정기, 전동공구세트",전정톱,,,,False,전정톱,True
granite4.1:8b,전정톱,success,전정톱,"전정톱, 톱, 원형톱, 테이블톱, 접톱, 목공톱, 쇠톱, 전동타카, 전지가위, 목공용접톱, 전동드릴, 왕복톱(레시프로쏘), 전선릴, 라돈측정기, 전동공구세트",전정톱,,,,False,전정톱,True
granite4.1:8b,전정톱 (곡선용),success,전정톱,"전정톱, 전선릴, 목공용접톱, 톱, 테이블톱, 원형톱, 목공톱, 접톱, 쇠톱, 왕복톱(레시프로쏘), 전동드릴, 라돈측정기, 전동타카, 전지가위, 전동공구세트",전정톱,,,곡선용,False,,
granite4.1:8b,전정톱(곡선),success,전정톱,"전정톱, 전선릴, 톱, 원형톱, 테이블톱, 접톱, 쇠톱, 목공톱, 왕복톱(레시프로쏘), 전동타카, 전동드릴, 목공용접톱, 전지가위, 라돈측정기, 검전기",전정톱,,,곡선,False,,
granite4.1:8b,전정톱(직선형),success,전정톱,"전정톱, 원형톱, 전선릴, 톱, 직각자, 테이블톱, 직소기, 접톱, 목공톱, 왕복톱(레시프로쏘), 쇠톱, 목공용접톱, 전동타카, 전동드릴, 전지가위",전정톱,,,,False,,
granite4.1:8b,전지가위,success,전지가위,"전지가위, 고지가위, 철판가위, 다목적가위, 전정톱, 검전기, 전동압착기, 전선릴, 전동타카, 쇠지렛대, 전동드릴, 전동공구세트, 전기인두, 전동드라이버, 가스토치",전지가위,,,,False,전지가위,True
granite4.1:8b,전지가위 1개,success,전지가위,"전지가위, 고지가위, 철판가위, 다목적가위, 전정톱, 전동압착기, 검전기, 전동공구세트, 전동타카, 쇠지렛대, 전선릴, 충전드릴, 충전해머드릴, 전동드릴, 전동드라이버",전지가위,,배터리,,False,,
granite4.1:8b,전지가위(200MM),success,전지가위,"전지가위, 고지가위, 철판가위, 다목적가위, 전정톱, 전동압착기, 검전기, 쇠지렛대, 디지털수평기, 전선릴, 전동드릴, 전동타카, 충전해머드릴, 충전드릴, 전동공구세트",전지가위,,충전식,200MM,False,,
granite4.1:8b,전지가위(대),success,전지가위,"전지가위, 고지가위, 철판가위, 다목적가위, 쇠지렛대, 전정톱, 대패, 전동압착기, 검전기, 전동타카, 전선릴, 전동드라이버, 전동드릴, 석고대패, 전동공구세트",전지가위,,,,False,,
granite4.1:8b,전지가위(소),success,전지가위,"전지가위, 고지가위, 철판가위, 다목적가위, 전정톱, 직소기, 검전기, 전동압착기, 전동타카, 쇠지렛대, 전선릴, 전동드라이버, 전동공구세트, 가스토치, 전기인두",전지가위,,배터리,,False,,
granite4.1:8b,전지가위(양손가위),success,전지가위,"전지가위, 고지가위, 철판가위, 다목적가위, LED손전등, 전정톱, 가스토치, 손타카, 양용드라이버, 전동압착기, 전동타카, 전동드릴, 쇠지렛대, 검전기, 전기인두",전지가위,,배터리,,False,,
granite4.1:8b,전지가위5개,success,전지가위,"전지가위, 고지가위, 다목적가위, 철판가위, 전정톱, 검전기, 전동압착기, 전동타카, 전동공구세트, 충전드릴, 전선릴, 충전해머드릴, 쇠지렛대, 전기인두, 전동드릴",전지가위,,,,False,,
granite4.1:8b,전지용 양손가위,success,전지가위,"전지가위, 고지가위, 다목적가위, 철판가위, 양용드라이버, LED손전등, 전정톱, 손타카, 전동드릴, 목공용접톱, 전동압착기, 전동타카, 전동공구세트, 충전드릴, 목공용드릴비트",전지가위,,배터리,,False,,
granite4.1:8b,전지용 양손가위(대),success,전지가위,"전지가위, 고지가위, 다목적가위, 철판가위, 양용드라이버, LED손전등, 쇠지렛대, 전정톱, 손타카, 대패, 전동압착기, 전동드릴, 목공용접톱, 전동타카, 전동공구세트",다목적가위,,,,False,,
granite4.1:8b,전지용양손가위,success,전지가위,"전지가위, 고지가위, 철판가위, 다목적가위, 양용드라이버, LED손전등, 손타카, 전정톱, 목공용접톱, 전동타카, 전동드릴, 전동압착기, 철공용드릴비트, 전동공구세트, 목공용드릴비트",전지가위,,배터리,,False,,
granite4.1:8b,전지원예가위(P300),success,전지가위,"전지가위, 고지가위, 다목적가위, 철판가위, 원형톱, PVC컷터, 전정톱, 전동공구세트, 전동드릴, 전동타카, 전선릴, 전동압착기, 충전드릴, 자전거펌프, LED손전등",다목적가위,,,,False,,
granite4.1:8b,전지원예가위(P350),success,전지가위,"전지가위, 고지가위, 철판가위, 다목적가위, 원형톱, PVC컷터, 전정톱, 전동공구세트, 전동드릴, 전선릴, 전동타카, 디지털수평기, 충전드릴, 충전해머드릴, 자전거펌프",전지가위,,전지(배터리),P350,False,,
granite4.1:8b,전지톱,success,전지가위,"전지가위, 전정톱, 톱, 원형톱, 접톱, 쇠톱, 목공톱, 테이블톱, 고지가위, 쇠지렛대, 전동타카, 목공용접톱, 전동드릴, 전동압착기, 왕복톱(레시프로쏘)",전동타카,,,,False,,
granite4.1:8b,전지톱(1),success,전지가위,"전지가위, 전정톱, 톱, 원형톱, 접톱, 쇠톱, 테이블톱, 목공톱, 쇠지렛대, 고지가위, 왕복톱(레시프로쏘), 전동타카, 목공용접톱, 검전기, 전동압착기",전지가위,,,,False,,
granite4.1:8b,전톱2개,success,전정톱,"전정톱, 톱, 접톱, 원형톱, 쇠톱, 목공톱, 테이블톱, 전선릴, 목공용접톱, 전동타카, 전동드릴, 전지가위, 왕복톱(레시프로쏘), 검전기, 전동압착기",전정톱,,,,False,,
granite4.1:8b,절단공구,success,절단석,"절단석, 고속절단기, 공구함, 공구세트, 전동공구세트, 공구함세트, 목공톱, 목공줄, 케이블컷터, 목공용접톱, 커터칼, 편구스패너, 커터, 타일컷터, 볼트컷터",절단석,,,,False,,
granite4.1:8b,절단기,success,고속절단기,"고속절단기, 절단석, 직소기, 검전기, 커터, 케이블컷터, 열풍기, 송풍기, 커터칼, 타일컷터, 고압세척기, 수평기, PVC컷터, 볼트컷터, 라돈측정기",고속절단기,,,,False,,
granite4.1:8b,절단기(대),success,고속절단기,"고속절단기, 절단석, 직소기, 대패, 검전기, 석고대패, 쇠지렛대, 열풍기, 송풍기, 고압세척기, 수평기, 전동압착기, 커터, 라돈측정기, 케이블컷터",고속절단기,,,,False,,
granite4.1:8b,절단기(중) 1개,success,고속절단기,"고속절단기, 절단석, 직소기, 검전기, 송풍기, 열풍기, 수평기, 케이블컷터, 커터, 고압세척기, 라돈측정기, 전동압착기, 커터칼, 스프링배관청소기, 볼트컷터",고속절단기,,,,False,,
granite4.1:8b,절단석,success,절단석,"절단석, 고속절단기, 연마석, 석고대패, 커터칼, 커터, 직각자, 케이블컷터, 타일컷터, 줄자, 직소기, 실리콘건, 접톱, 볼트컷터, PVC컷터",절단석,,,,False,절단석,True
granite4.1:8b,절연공구,success,공구함,"공구함, 공구세트, 전동공구세트, 공구함세트, 절단석, 고속절단기, 연마석, 목공줄, 목공톱, 편구스패너, 철공용드릴비트, 목공용접톱, 철공용드릴비트세트, 목공용드릴비트, 볼트컷터",전동공구세트,,,,False,,
granite4.1:8b,절연공구세트,success,공구세트,"공구세트, 전동공구세트, 공구함세트, 공구함, 세트, 철공용드릴비트세트, 비트세트, 끌세트, 볼렌치세트, 스패너세트, 탭세트, 드릴비트세트, T렌치세트, 소켓렌치세트, 플라이어세트",공구세트,,,,False,,
granite4.1:8b,절연볼트컷터,success,볼트컷터,"볼트컷터, 케이블컷터, PVC컷터, 타일컷터, 커터, 절단석, 고속절단기, 커터칼, 볼렌치세트, 앤드컷팅니퍼, 콘크리트드릴비트세트, 연마석, 납볼망치, 볼렌치, 철공용드릴비트세트",볼트컷터,,,,False,,
granite4.1:8b,절연저항계,success,절단석,"절단석, 연마석, 고속절단기, 적외선온도계, 레이저수평기, 레이저거리측정기, 라돈측정기, 전동압착기, 에어컴프레서, 클램프미터, 검전기, 송풍기, 냉동라쳇렌치, 열풍기, 줄자",검전기,,,,False,,
granite4.1:8b,절연테이프,success,테이블톱,"테이블톱, 파이프렌치, 절단석, 고속절단기, 점프케이블, 연마석, 멀티테스터, 안전로프, 케이블컷터, F클램프, 에어펌프, 와이어스트리퍼, 워터펌프플라이어, 클램프미터, 에어컴프레서",테이블톱,,,,True,,
granite4.1:8b,점프선,success,점프케이블,"점프케이블, 전선릴, 클램프미터, F클램프, 적외선온도계, 안전로프, 에어펌프, 파이프렌치, 자전거펌프, 에어컴프레서, 워터펌프플라이어, 왕복톱(레시프로쏘), 사다리, 스프링배관청소기, 톱",점프케이블,,,,False,점프케이블,True
granite4.1:8b,점프선 (엘라스틱 튜닝 슈팅 점프케이블),success,점프케이블,"점프케이블, 케이블컷터, 글루스틱, 테이블톱, 클램프미터, F클램프, 파이프렌치, 에어펌프, 전선릴, 워터펌프플라이어, 와이어스트리퍼, 앤드컷팅니퍼, 자전거펌프, 안전로프, 스냅링플라이어",점프케이블,,,,False,,
granite4.1:8b,점프선 620A(5M),success,점프케이블,"점프케이블, A형사다리, 전선릴, 클램프미터, F클램프, 적외선온도계, 에어펌프, 안전로프, 자전거펌프, 에어컴프레서, 파이프렌치, 워터펌프플라이어, 왕복톱(레시프로쏘), 스프링배관청소기, 그립망치",점프케이블,,,,False,,
granite4.1:8b,점프선(3.5M),success,점프케이블,"점프케이블, 전선릴, 클램프미터, 적외선온도계, F클램프, 에어펌프, 파이프렌치, 안전로프, 자전거펌프, 에어컴프레서, 워터펌프플라이어, 왕복톱(레시프로쏘), 스프링배관청소기, 사다리, A형사다리",점프케이블,,,길이 3.5M,False,,
granite4.1:8b,점프선(3M),success,점프케이블,"점프케이블, 전선릴, 클램프미터, 적외선온도계, F클램프, 에어펌프, 안전로프, 파이프렌치, 자전거펌프, 에어컴프레서, 워터펌프플라이어, 왕복톱(레시프로쏘), 스프링배관청소기, 사다리, 목공줄",점프케이블,,,길이 3M,False,점프케이블,True
granite4.1:8b,점프선(3m),success,점프케이블,"점프케이블, 전선릴, 클램프미터, 적외선온도계, F클램프, 에어펌프, 안전로프, 파이프렌치, 자전거펌프, 에어컴프레서, 워터펌프플라이어, 왕복톱(레시프로쏘), 사다리, 스프링배관청소기, 목공줄",점프케이블,,,길이 3m,False,,
granite4.1:8b,점프스타터,success,점프케이블,"점프케이블, 타일컷터, 클램프미터, 워터펌프플라이어, 멀티테스터, 와이어스트리퍼, 커터, 타카, F클램프, 스크레퍼, 타카핀, 볼트컷터, 전동타카, 에어펌프, 자전거펌프",멀티테스터,,,,False,,
granite4.1:8b,점프케이블,success,점프케이블,"점프케이블, 케이블컷터, 테이블톱, 클램프미터, F클램프, 파이프렌치, 안전로프, 워터펌프플라이어, 에어펌프, 자전거펌프, 와이어스트리퍼, 스냅링플라이어, 바이스그립플라이어, 에어컴프레서, 충전해머드릴",점프케이블,,,,False,,
granite4.1:8b,접는 톱,success,접톱,"접톱, 목공용접톱, 톱, 쇠톱, 원형톱, 전정톱, 테이블톱, 목공톱, 왕복톱(레시프로쏘), 커터, 커터칼, 그립망치, 줄자, 타일컷터, 사다리",목공용접톱,,,,False,,
granite4.1:8b,접렌지,success,접톱,"접톱, 렌치, 목공용접톱, 쇠지렛대, 전지가위, 고지가위, 옵셋렌치, 토크렌치, 육각렌치, 플라이어렌치, 볼렌치, 만능렌치, 파이프렌치, 별렌치세트, 냉동라쳇렌치",접톱,,,,False,,
granite4.1:8b,접렌치,success,렌치,"렌치, 볼렌치, 옵셋렌치, 토크렌치, 만능렌치, 육각렌치, 몽키렌치, 접톱, 파이프렌치, 플라이어렌치, 볼렌치세트, 별렌치세트, T렌치세트, 냉동라쳇렌치, 조합렌치세트",몽키렌치,,,,False,,
granite4.1:8b,접렌치 1개,success,렌치,"렌치, 볼렌치, 옵셋렌치, 만능렌치, 토크렌치, 육각렌치, 접톱, 몽키렌치, 플라이어렌치, 파이프렌치, 별렌치세트, 볼렌치세트, T렌치세트, 냉동라쳇렌치, 조합렌치세트",접톱,,,,False,,
granite4.1:8b,접별 렌치,success,렌치,"렌치, 별렌치세트, 옵셋렌치, 만능렌치, 육각렌치, 접톱, 볼렌치, 냉동라쳇렌치, 플라이어렌치, 토크렌치, 라쳇렌치세트, 조합렌치세트, 육각렌치세트, 몽키렌치, 소켓렌치세트",조합렌치세트,,,,False,,
granite4.1:8b,접별렌치,success,별렌치세트,"별렌치세트, 렌치, 옵셋렌치, 만능렌치, 육각렌치, 접톱, 볼렌치, 냉동라쳇렌치, 플라이어렌치, 토크렌치, 라쳇렌치세트, 조합렌치세트, 육각렌치세트, 몽키렌치, 볼렌치세트",조합렌치세트,,,,False,,
granite4.1:8b,접육각렌치,success,육각렌치,"육각렌치, 육각렌치세트, 렌치, 옵셋렌치, 만능렌치, 냉동라쳇렌치, 플라이어렌치, 접톱, 라쳇렌치세트, 별렌치세트, 조합렌치세트, 토크렌치, 소켓렌치세트, 파이프렌치, 몽키렌치",육각렌치,,,,False,,
granite4.1:8b,접이식 교자상,success,접톱,"접톱, 줄자, 직각자, 목공용접톱, 열화상카메라, 자전거펌프, 전자산업용니퍼, 플라이어렌치, 플라이어, 다이아고날플라이어, 테이블톱, 플라이어세트, 바이스그립플라이어, 케이블컷터, 파이프렌치",접톱,,,,False,,
granite4.1:8b,접이식 끌차,success,접톱,"접톱, 끌세트, 목공용접톱, 플라이어렌치, 플라이어, 스냅링플라이어, 다이아고날플라이어, 케이블컷터, 드라이버, 테이블톱, 양용드라이버, 점프케이블, 플라이어세트, 바이스그립플라이어, 충전임팩트드라이버",끌세트,,,,False,,
granite4.1:8b,접이식 별육각렌치 세트,success,육각렌치세트,"육각렌치세트, 육각렌치, 별렌치세트, 기어렌치세트, 조합렌치세트, 소켓렌치세트, 라쳇렌치세트, T렌치세트, 볼렌치세트, 렌치, 플라이어렌치, 옵셋렌치, 만능렌치, 세트, 파이프렌치",별렌치세트,,,,False,,
granite4.1:8b,접이식 사다리,success,사다리,"사다리, A형사다리, 접톱, 목공용접톱, 플라이어렌치, 다목적가위, 다이스세트, 다이아고날플라이어, 플라이어, 플라이어세트, 굽은노즈플라이어, 와이어스트리퍼, 레이저거리측정기, 테이블톱, 다림추",사다리,,,,False,,
granite4.1:8b,접이식 쇼핑카트,success,핸드카트,"핸드카트, 접톱, 목공용접톱, 플라이어세트, 타카, 전동타카, 다이스세트, 에어타카, 손타카, 플라이어렌치, 건타카, 드라이버세트, 타카핀, 열화상카메라, 충전임팩트드라이버",핸드카트,,,,False,,
granite4.1:8b,접이식 안전사다리(4단),success,사다리,"사다리, A형사다리, 안전모, 안전장갑, 안전로프, 접톱, 고속절단기, 목공용접톱, 보안경, 절단석, 플라이어렌치, 다목적가위, 다이스세트, 다이아고날플라이어, 전동압착기",A형사다리,,,,False,,
granite4.1:8b,접이식 육각렌치,success,육각렌치,"육각렌치, 육각렌치세트, 플라이어렌치, 렌치, 옵셋렌치, 파이프렌치, 만능렌치, 냉동라쳇렌치, 토크렌치, 별렌치세트, 라쳇렌치세트, 소켓렌치세트, 접톱, 조합렌치세트, 기어렌치세트",육각렌치,,,접이식,False,,
granite4.1:8b,접이식 육각렌치 세트,success,육각렌치세트,"육각렌치세트, 육각렌치, 별렌치세트, 기어렌치세트, 소켓렌치세트, 조합렌치세트, 라쳇렌치세트, T렌치세트, 볼렌치세트, 렌치, 플라이어렌치, 옵셋렌치, 세트, 만능렌치, 파이프렌치",육각렌치세트,,,접이식,False,,
granite4.1:8b,접이식 육각렌치세트,success,육각렌치세트,"육각렌치세트, 육각렌치, 별렌치세트, 기어렌치세트, 소켓렌치세트, 조합렌치세트, 라쳇렌치세트, T렌치세트, 볼렌치세트, 렌치, 플라이어렌치, 옵셋렌치, 세트, 만능렌치, 냉동라쳇렌치",육각렌치세트,,,접이식,False,육각렌치세트,True
granite4.1:8b,접이식 장바구니 / 캐리어 / 카트,success,핸드카트,"핸드카트, 장도리, 접톱, 버니어캘리퍼스, 바이스그립플라이어, 공구세트, 콘크리트니퍼, 공구함세트, 와이어스트리퍼, 플라이어세트, 안전장갑, 공구함, 에어타카, 목공용접톱, 전동공구세트",핸드카트,,,,False,,
granite4.1:8b,접이식 지팡이,success,접톱,"접톱, 목공용접톱, 바이스그립플라이어, 쇠지렛대, 플라이어, 다이아고날플라이어, 플라이어렌치, 파이프렌치, 테이블톱, 점프케이블, 고지가위, 전지가위, 스냅링플라이어, 와이어스트리퍼, 플라이어세트",테이블톱,,,,False,,
granite4.1:8b,접이식 침대,success,접톱,"접톱, 대패, 목공용접톱, 쇠지렛대, 석고대패, 플라이어렌치, 플라이어, 플라이어세트, 테이블톱, 다이아고날플라이어, 바이스그립플라이어, 스냅링플라이어, 파이프렌치, 점프케이블, 드라이버",접톱,,,,False,,
granite4.1:8b,접이식 카트,success,핸드카트,"핸드카트, 접톱, 목공용접톱, 타카, 플라이어세트, 전동타카, 에어타카, 다이스세트, 드라이버세트, 손타카, 카운터싱크, 열화상카메라, 건타카, 세트, 타카핀",핸드카트,,,,False,핸드카트,True
granite4.1:8b,접이식 카트,success,핸드카트,"핸드카트, 접톱, 목공용접톱, 타카, 플라이어세트, 전동타카, 에어타카, 다이스세트, 드라이버세트, 손타카, 카운터싱크, 열화상카메라, 건타카, 세트, 타카핀",핸드카트,,,,False,핸드카트,True
granite4.1:8b,접이식 카트(구루마),success,핸드카트,"핸드카트, 접톱, 공구세트, 글루건, 공구함세트, 글루스틱, 공구함, 연마석, 목공용접톱, 빠루망치, 타카, 전동공구세트, 플라이어세트, 전동타카, 건타카",핸드카트,,,,False,,
granite4.1:8b,접이식 카트(우레탄 바퀴),success,핸드카트,"핸드카트, 접톱, 바이스그립플라이어, 목공용접톱, 레이저수평기, 전동타카, 레이저거리측정기, 타카, 플라이어세트, 에어타카, 드라이버세트, 다이스세트, 스크레퍼, 왕복톱(레시프로쏘), 열화상카메라",핸드카트,,,,False,,
granite4.1:8b,접이식 톱,success,접톱,"접톱, 목공용접톱, 톱, 테이블톱, 원형톱, 전정톱, 쇠톱, 목공톱, 왕복톱(레시프로쏘), 플라이어렌치, 플라이어, 바이스그립플라이어, 플라이어세트, 스냅링플라이어, 점프케이블",접톱,,,,False,접톱,True
granite4.1:8b,접이식 핸드카트,success,핸드카트,"핸드카트, T핸드드라이버, 접톱, 목공용접톱, 전동타카, 플라이어세트, 드라이버세트, 손타카, 충전임팩트드라이버, 임팩트드라이버, 에어타카, 양용드라이버, 드릴비트세트, 타카, 정밀드라이버세트",핸드카트,,,,False,,
granite4.1:8b,접이식사다리,success,사다리,"사다리, A형사다리, 접톱, 목공용접톱, 플라이어렌치, 다이스세트, 다이아고날플라이어, 다목적가위, 플라이어, 플라이어세트, 굽은노즈플라이어, 와이어스트리퍼, 레이저거리측정기, 스냅링플라이어, 바이스그립플라이어",사다리,,,,False,,
granite4.1:8b,접이식사다리(가정용A),success,A형사다리,"A형사다리, 사다리, 접톱, 목공용접톱, 다목적가위, 레이저거리측정기, 전정톱, 다이아고날플라이어, 플라이어렌치, 다이스세트, 철판가위, 콘크리트용드릴비트, 라돈측정기, 양용드라이버, 철공용드릴비트",A형사다리,,,,False,,
granite4.1:8b,접이식육각렌치,success,육각렌치,"육각렌치, 육각렌치세트, 플라이어렌치, 렌치, 옵셋렌치, 파이프렌치, 만능렌치, 냉동라쳇렌치, 라쳇렌치세트, 토크렌치, 별렌치세트, 소켓렌치세트, 조합렌치세트, 기어렌치세트, 접톱",육각렌치,,,,False,,
granite4.1:8b,접이식육각렌치세트,success,육각렌치세트,"육각렌치세트, 육각렌치, 기어렌치세트, 별렌치세트, 소켓렌치세트, 라쳇렌치세트, 조합렌치세트, T렌치세트, 볼렌치세트, 렌치, 플라이어렌치, 옵셋렌치, 만능렌치, 세트, 파이프렌치",육각렌치세트,,,접이식,False,,
granite4.1:8b,접이식카트,success,핸드카트,"핸드카트, 접톱, 목공용접톱, 플라이어세트, 타카, 전동타카, 에어타카, 다이스세트, 드라이버세트, 열화상카메라, 손타카, 건타카, 플라이어렌치, 타카핀, 카운터싱크",핸드카트,,,,False,,
granite4.1:8b,접이식톱,success,접톱,"접톱, 목공용접톱, 테이블톱, 톱, 원형톱, 전정톱, 쇠톱, 목공톱, 왕복톱(레시프로쏘), 플라이어렌치, 플라이어, 바이스그립플라이어, 스냅링플라이어, 다이아고날플라이어, 플라이어세트",접톱,,,,False,,
granite4.1:8b,접이식핸드카트,success,핸드카트,"핸드카트, T핸드드라이버, 접톱, 목공용접톱, 전동타카, 드라이버세트, 플라이어세트, 손타카, 에어타카, 충전임팩트드라이버, 임팩트드라이버, 타카, 양용드라이버, 임팩트드릴, 정밀드라이버세트",핸드카트,,,,False,,
granite4.1:8b,접이식휠체어,success,접톱,"접톱, 플라이어, 플라이어세트, 플라이어렌치, 목공용접톱, 바이스그립플라이어, 스냅링플라이어, 다이아고날플라이어, 굽은노즈플라이어, 워터펌프플라이어, 롱노즈플라이어, 와이어스트리퍼, 에어타카, 에어건, 에어펌프",접톱,,,,False,,
granite4.1:8b,접이식휴대용카트,success,핸드카트,"핸드카트, 목공용접톱, 접톱, 대패, 양용드라이버, 쇠지렛대, 피스제거용비트, 타카, 플라이어세트, 철공용드릴비트, 철공용드릴비트세트, 석고대패, 콘크리트용드릴비트, 전동타카, 에어타카",핸드카트,,,,False,,
granite4.1:8b,접이톱,success,접톱,"접톱, 목공용접톱, 테이블톱, 톱, 쇠톱, 원형톱, 전정톱, 목공톱, 왕복톱(레시프로쏘), 플라이어, 플라이어렌치, 바이스그립플라이어, 스냅링플라이어, 플라이어세트, 다이아고날플라이어",목공용접톱,,,,False,,
granite4.1:8b,접이형 사다리 3단,success,사다리,"사다리, A형사다리, 접톱, 원형톱, 목공용접톱, 고속절단기, 절단석, 다이아고날플라이어, 다목적가위, 플라이어렌치, 플라이어, 와이어스트리퍼, 플라이어세트, 굽은노즈플라이어, 다이스세트",사다리,,,,False,,
granite4.1:8b,접지전선닐,success,전선릴,"전선릴, 접톱, 전지가위, 목공용접톱, 적외선온도계, 쇠지렛대, 전동드릴, 검전기, 충전드릴, 고지가위, 전정톱, 디지털수평기, 전동압착기, 충전해머드릴, LED손전등",전선릴,,,,False,,
granite4.1:8b,접톱,success,접톱,"접톱, 목공용접톱, 쇠톱, 톱, 원형톱, 전정톱, 테이블톱, 목공톱, 왕복톱(레시프로쏘), 그립망치, 도끼, 커터칼, 탭세트, 임팩트드릴, F클램프",목공용접톱,,,,False,접톱,False
granite4.1:8b,접톱,success,접톱,"접톱, 목공용접톱, 쇠톱, 톱, 원형톱, 전정톱, 테이블톱, 목공톱, 왕복톱(레시프로쏘), 그립망치, 도끼, 커터칼, 탭세트, 임팩트드릴, F클램프",목공용접톱,,,,False,접톱,False
granite4.1:8b,접톱 1개,success,접톱,"접톱, 목공용접톱, 톱, 쇠톱, 원형톱, 전정톱, 테이블톱, 목공톱, 왕복톱(레시프로쏘), 그립망치, F클램프, 탭세트, 도끼, 스냅링플라이어, 커터칼",목공용접톱,,,,False,,
granite4.1:8b,접톱(2),success,접톱,"접톱, 목공용접톱, 톱, 쇠톱, 원형톱, 전정톱, 테이블톱, 목공톱, 왕복톱(레시프로쏘), 도끼, 탭세트, 핀펀치, 직각자, 그립망치, 스냅링플라이어",목공용접톱,,,,False,,
granite4.1:8b,접톱(240mm),success,접톱,"접톱, 목공용접톱, 쇠톱, 원형톱, 톱, 전정톱, 테이블톱, 목공톱, 왕복톱(레시프로쏘), F클램프, 클램프미터, 앤드컷팅니퍼, PVC컷터, 전동압착기, 볼트컷터",목공용접톱,,,240mm,False,,
granite4.1:8b,접톱(270mm),success,접톱,"접톱, 목공용접톱, 쇠톱, 원형톱, 톱, 전정톱, 테이블톱, 목공톱, 왕복톱(레시프로쏘), 직각자, 클램프미터, F클램프, 육각렌치, 모종삽, 충전해머드릴",목공용접톱,,,270mm,False,,
granite4.1:8b,접톱(접이식 톱),success,접톱,"접톱, 목공용접톱, 톱, 테이블톱, 쇠톱, 원형톱, 전정톱, 목공톱, 왕복톱(레시프로쏘), 스냅링플라이어, 플라이어렌치, 플라이어, 바이스그립플라이어, 점프케이블, 파이프렌치",목공용접톱,,,,False,,
granite4.1:8b,접톱(치타),success,접톱,"접톱, 목공용접톱, 쇠톱, 톱, 전정톱, 원형톱, 테이블톱, 손타카, 목공톱, 왕복톱(레시프로쏘), 타카, 건타카, 에어타카, 전동타카, 타일컷터",목공용접톱,,,,False,,
granite4.1:8b,접톱(치타)(2),success,접톱,"접톱, 목공용접톱, 쇠톱, 톱, 전정톱, 원형톱, 테이블톱, 목공톱, 손타카, 왕복톱(레시프로쏘), 건타카, 타카, 에어타카, 전동타카, 타일컷터",목공용접톱,,,,False,,
granite4.1:8b,정,success,전정톱,"전정톱, 라돈측정기, 정밀드라이버세트, 레이저거리측정기, 타카, 토크렌치, 렌치, 톱, T렌치세트, 세트, 망치, 펜치, T핸드드라이버, 드라이버, 만능렌치",전정톱,,,,False,,
granite4.1:8b,정공양용 드라이버,success,양용드라이버,"양용드라이버, 드라이버, 정밀드라이버세트, 전동드라이버, 드라이버세트, T핸드드라이버, 임팩트드라이버, 충전임팩트드라이버, 목공용드릴비트, 철공용드릴비트, 목공용접톱, 라돈측정기, 플라이어, 철공용드릴비트세트, 워터펌프플라이어",양용드라이버,,,,False,,
granite4.1:8b,정밀 드라이버,success,정밀드라이버세트,"정밀드라이버세트, 드라이버, 전동드라이버, 임팩트드라이버, 드라이버세트, 양용드라이버, T핸드드라이버, 충전임팩트드라이버, 라돈측정기, 플라이어, 레이저거리측정기, 플라이어렌치, 전정톱, 다이아고날플라이어, 워터펌프플라이어",정밀드라이버세트,,,,False,,
granite4.1:8b,정밀 드라이버 세트,success,정밀드라이버세트,"정밀드라이버세트, 드라이버세트, 드라이버, 전동드라이버, 임팩트드라이버, 양용드라이버, T핸드드라이버, 충전임팩트드라이버, 플라이어세트, 세트, 드릴비트세트, 다이스세트, 공구세트, 콘크리트드릴비트세트, 철공용드릴비트세트",정밀드라이버세트,,,,False,,
granite4.1:8b,정밀 드라이버 수공구 세트,success,정밀드라이버세트,"정밀드라이버세트, 드라이버세트, 공구세트, 전동공구세트, 드라이버, 공구함세트, 전동드라이버, T핸드드라이버, 임팩트드라이버, 양용드라이버, 충전임팩트드라이버, 공구함, 플라이어세트, 철공용드릴비트세트, 드릴비트세트",정밀드라이버세트,,,,False,,
granite4.1:8b,정밀 드라이버셋트,success,정밀드라이버세트,"정밀드라이버세트, 드라이버세트, 드라이버, 전동드라이버, 임팩트드라이버, T핸드드라이버, 양용드라이버, 충전임팩트드라이버, 플라이어세트, 드릴비트세트, 라돈측정기, 옵셋렌치, 콘크리트드릴비트세트, 다이스세트, 플라이어",정밀드라이버세트,,,,False,,
granite4.1:8b,정밀드라이버,success,정밀드라이버세트,"정밀드라이버세트, 드라이버, 전동드라이버, 임팩트드라이버, T핸드드라이버, 양용드라이버, 드라이버세트, 충전임팩트드라이버, 라돈측정기, 플라이어, 레이저거리측정기, 워터펌프플라이어, 전정톱, 다이아고날플라이어, 롱노즈플라이어",정밀드라이버세트,,,,False,,
granite4.1:8b,정밀드라이버 3종 세트,success,정밀드라이버세트,"정밀드라이버세트, 드라이버세트, 드라이버, 전동드라이버, 임팩트드라이버, 양용드라이버, T핸드드라이버, 충전임팩트드라이버, 플라이어세트, 드릴비트세트, 세트, 콘크리트드릴비트세트, 철공용드릴비트세트, 다이스세트, 공구세트",정밀드라이버세트,,,,False,,
granite4.1:8b,정밀드라이버 세트,success,정밀드라이버세트,"정밀드라이버세트, 드라이버세트, 드라이버, 전동드라이버, 임팩트드라이버, 양용드라이버, T핸드드라이버, 충전임팩트드라이버, 플라이어세트, 세트, 드릴비트세트, 다이스세트, 콘크리트드릴비트세트, 공구세트, 철공용드릴비트세트",정밀드라이버세트,,,,False,,
granite4.1:8b,정밀드라이버세트,success,정밀드라이버세트,"정밀드라이버세트, 드라이버세트, 드라이버, 전동드라이버, 임팩트드라이버, 양용드라이버, T핸드드라이버, 충전임팩트드라이버, 플라이어세트, 드릴비트세트, 세트, 다이스세트, 콘크리트드릴비트세트, 철공용드릴비트세트, 비트세트",정밀드라이버세트,,,,False,정밀드라이버세트,True
granite4.1:8b,정밀드라이버세트 Q9006P-A(6pcs),success,정밀드라이버세트,"정밀드라이버세트, 드라이버세트, 드라이버, 전동드라이버, 임팩트드라이버, 양용드라이버, T핸드드라이버, 충전임팩트드라이버, 플라이어세트, 드릴비트세트, 철공용드릴비트세트, 콘크리트드릴비트세트, 세트, 공구세트, 다이스세트",정밀드라이버세트,,,,False,,
granite4.1:8b,정밀드라이버세트(6PCS),success,정밀드라이버세트,"정밀드라이버세트, 드라이버세트, 드라이버, 전동드라이버, 임팩트드라이버, 양용드라이버, T핸드드라이버, 충전임팩트드라이버, 플라이어세트, 드릴비트세트, PVC컷터, SDS드릴비트, 세트, 다이스세트, 콘크리트드릴비트세트",정밀드라이버세트,,,,False,,
granite4.1:8b,정밀드라이버세트(6개),success,정밀드라이버세트,"정밀드라이버세트, 드라이버세트, 드라이버, 전동드라이버, 임팩트드라이버, 양용드라이버, T핸드드라이버, 충전임팩트드라이버, 플라이어세트, 드릴비트세트, 세트, 다이스세트, 콘크리트드릴비트세트, 철공용드릴비트세트, 공구세트",정밀드라이버세트,,,,False,,
granite4.1:8b,정밀드라이버세트2개,success,정밀드라이버세트,"정밀드라이버세트, 드라이버세트, 드라이버, 전동드라이버, 양용드라이버, 임팩트드라이버, T핸드드라이버, 충전임팩트드라이버, 플라이어세트, 드릴비트세트, 세트, 다이스세트, 콘크리트드릴비트세트, 공구세트, 철공용드릴비트세트",정밀드라이버세트,,,,False,,
granite4.1:8b,정밀드라이버셋트,success,정밀드라이버세트,"정밀드라이버세트, 드라이버세트, 드라이버, 전동드라이버, 임팩트드라이버, T핸드드라이버, 양용드라이버, 충전임팩트드라이버, 플라이어세트, 드릴비트세트, 라돈측정기, 콘크리트드릴비트세트, 옵셋렌치, 철공용드릴비트세트, 다이스세트",정밀드라이버세트,,,,False,,
granite4.1:8b,제사상,success,사다리,"사다리, 열화상카메라, A형사다리, 피스제거용비트, 직각자, 절단석, 줄자, 철판가위, 연마석, 대패, 전지가위, 석고대패, 쇠지렛대, 전선릴, 전동타카",대패,,,,False,,
granite4.1:8b,제설 및 청소용품,success,스프링배관청소기,"스프링배관청소기, 피스제거용비트, 직소기, 소켓렌치세트, 목공용접톱, 전자산업용니퍼, 철공용드릴비트세트, 철공용드릴비트, 목공용드릴비트, 양용드라이버, 콘크리트용드릴비트, 공구세트, 전동공구세트, 고압세척기, 냉동라쳇렌치",고압세척기,,,,False,,
granite4.1:8b,제일타카 F30,success,타카,"타카, 에어타카, 건타카, 손타카, 전동타카, 타카핀, 타일컷터, F클램프, 핸드카트, 피스제거용비트, 열화상카메라, 카운터싱크, T핸드드라이버, 충전임팩트드라이버, 고속절단기",타카,,,,False,,
granite4.1:8b,제일타카(소),success,타카,"타카, 손타카, 전동타카, 건타카, 에어타카, 타카핀, 타일컷터, 직소기, 피스제거용비트, 핸드카트, 소켓렌치세트, 카운터싱크, 스프링배관청소기, 열화상카메라, 왕복톱(레시프로쏘)",손타카,,,,False,,
granite4.1:8b,제일타카(중),success,타카,"타카, 손타카, 전동타카, 건타카, 에어타카, 타카핀, 타일컷터, 핸드카트, 피스제거용비트, 카운터싱크, 열화상카메라, 멀티테스터, 열풍기, 고속절단기, 전정톱",손타카,,,,False,,
granite4.1:8b,젠가,success,전지가위,"전지가위, 고지가위, 철판가위, 가스토치, 다목적가위, 건타카, 렌치, 줄자, 별렌치세트, 타카, 에어타카, 손타카, 전동타카, 펜치, 만능렌치",전지가위,,전원,,False,,
granite4.1:8b,조각기세트3개,success,육각렌치세트,"육각렌치세트, 조합렌치세트, 세트, 공구세트, 기어렌치세트, 끌세트, 탭세트, 비트세트, 전동공구세트, 스패너세트, 공구함세트, 플라이어세트, T렌치세트, 드릴비트세트, 볼렌치세트",조합렌치세트,,,,False,,
granite4.1:8b,조각도세트,success,세트,"세트, 육각렌치세트, 조합렌치세트, 공구세트, 탭세트, 비트세트, 끌세트, 다이스세트, 전동공구세트, T렌치세트, 공구함세트, 드릴비트세트, 스패너세트, 별렌치세트, 플라이어세트",공구세트,,,,False,,
granite4.1:8b,조개갈퀴3발,success,조합렌치세트,"조합렌치세트, 돌망치, 그립망치, 고무망치, 빠루망치, 망치, 도끼, 점프케이블, 납볼망치, 사다리, 먹통, 다목적가위, 다이아고날플라이어, 굽은노즈플라이어, 고압세척기",다목적가위,,,,False,,
granite4.1:8b,조개갈퀴4발,success,조합렌치세트,"조합렌치세트, 돌망치, 그립망치, 빠루망치, 고무망치, 점프케이블, 망치, 납볼망치, 도끼, F클램프, 다이아고날플라이어, 먹통, 사다리, 바이스그립플라이어, 테이블톱",조합렌치세트,,,,True,,
granite4.1:8b,조경 가위,success,다목적가위,"다목적가위, 철판가위, 고지가위, 전지가위, 보안경, 조합렌치세트, 가스토치, 도끼, 고압세척기, 그립망치, 사다리, 쇠지렛대, 공구세트, 자전거펌프, 고무망치",다목적가위,,,,False,,
granite4.1:8b,조경(잔디)가위,success,철판가위,"철판가위, 다목적가위, 고지가위, 전지가위, 보안경, 조합렌치세트, 가스토치, 디지털수평기, 사다리, 도끼, 돌망치, 쇠지렛대, 망치, 송풍기, 고무망치",다목적가위,,,,False,,
granite4.1:8b,조경가위,success,철판가위,"철판가위, 고지가위, 다목적가위, 전지가위, 보안경, 조합렌치세트, 가스토치, 고압세척기, 도끼, 쇠지렛대, 와이어스트리퍼, 돌망치, 그립망치, 사다리, 직각자",다목적가위,,,,False,전지가위,False
granite4.1:8b,조경가위 / 양손가위,success,철판가위,"철판가위, 다목적가위, 고지가위, 전지가위, 보안경, LED손전등, 가스토치, 양용드라이버, 손타카, 조합렌치세트, 그립망치, 고압세척기, 도끼, 핸드카트, 목공톱",철판가위,,,,False,,
granite4.1:8b,조립톱,success,톱,"톱, 그립망치, 원형톱, 접톱, 쇠톱, 전정톱, 테이블톱, 목공톱, 조합렌치세트, 목공용접톱, 바이스그립플라이어, 왕복톱(레시프로쏘), 도끼, 점프케이블, 콘크리트니퍼",목공용접톱,,,,False,,
granite4.1:8b,조선낫,success,전선릴,"전선릴, 조합렌치세트, 적외선온도계, 쇠톱, 롱노즈플라이어, 쇠지렛대, 모종삽, 목공톱, 굽은노즈플라이어, 도끼, 접톱, 전동드릴, 목공용접톱, 다이아고날플라이어, 핸드카트",쇠톱,,,,False,,
granite4.1:8b,조인트,success,조합렌치세트,"조합렌치세트, 전기인두, 앵글그라인더, 비트세트, 세트, 드릴비트, 콘크리트드릴비트세트, 핸드카트, 콘크리트용드릴비트, 드릴비트세트, 콘크리트니퍼, 볼트컷터, 임팩트드릴, 끌세트, 임팩트드라이버",조합렌치세트,,,,False,,
granite4.1:8b,조인트 프라이어,success,플라이어,"플라이어, 플라이어세트, 워터펌프플라이어, 플라이어렌치, 롱노즈플라이어, 스냅링플라이어, 굽은노즈플라이어, 바이스그립플라이어, 다이아고날플라이어, 임팩트드라이버, 드라이버, 와이어스트리퍼, 앵글그라인더, 양용드라이버, 에어컴프레서",플라이어,,,,False,,
granite4.1:8b,"조인트(10인치, 12인치)",success,전기인두,"전기인두, 앵글그라인더, 조합렌치세트, 렌치, 핀펀치, 망치, 볼렌치세트, 센터펀치, 별렌치세트, 육각렌치세트, 펜치, 육각렌치, 소켓렌치세트, 돌망치, 옵셋렌치",소켓렌치세트,,,"10인치, 12인치",False,,
granite4.1:8b,조인트(첼라),success,조합렌치세트,"조합렌치세트, 앵글그라인더, 전기인두, 라쳇렌치세트, 플라이어세트, 임팩트드라이버, 세트, 드라이버세트, 끌세트, 비트세트, 충전임팩트드라이버, 플라이어, 정밀드라이버세트, 콘크리트드릴비트세트, 콘크리트용드릴비트",조합렌치세트,,,,False,,
granite4.1:8b,조인트플라이어,success,플라이어,"플라이어, 스냅링플라이어, 워터펌프플라이어, 롱노즈플라이어, 플라이어세트, 다이아고날플라이어, 플라이어렌치, 바이스그립플라이어, 굽은노즈플라이어, 와이어스트리퍼, 임팩트드라이버, 앵글그라인더, 드라이버, 충전임팩트드라이버, 양용드라이버",플라이어,,,,False,,
granite4.1:8b,조합런치셋트 1개,success,조합렌치세트,"조합렌치세트, 옵셋렌치, 라쳇렌치세트, 소켓렌치세트, 볼렌치세트, 기어렌치세트, 별렌치세트, 육각렌치세트, T렌치세트, 렌치, 세트, 망치, 공구세트, 그립망치, 육각렌치",조합렌치세트,,,,False,,
granite4.1:8b,조합렌치,success,조합렌치세트,"조합렌치세트, 렌치, 옵셋렌치, 만능렌치, 육각렌치, 별렌치세트, 라쳇렌치세트, 육각렌치세트, 소켓렌치세트, 냉동라쳇렌치, 볼렌치, 몽키렌치, 볼렌치세트, 플라이어렌치, 토크렌치",조합렌치세트,,,,False,,
granite4.1:8b,조합렌치세트,success,조합렌치세트,"조합렌치세트, 별렌치세트, 라쳇렌치세트, 소켓렌치세트, 육각렌치세트, 볼렌치세트, 기어렌치세트, T렌치세트, 렌치, 만능렌치, 옵셋렌치, 육각렌치, 냉동라쳇렌치, 세트, 몽키렌치",조합렌치세트,,,,False,,
granite4.1:8b,조합렌치세트(13m 제외),success,조합렌치세트,"조합렌치세트, 별렌치세트, 라쳇렌치세트, 소켓렌치세트, 육각렌치세트, 볼렌치세트, 기어렌치세트, T렌치세트, 렌치, 만능렌치, 옵셋렌치, 육각렌치, 세트, 몽키렌치, 냉동라쳇렌치",조합렌치세트,,,13m 제외,False,,
granite4.1:8b,종합 철기리세트,success,조합렌치세트,"조합렌치세트, 세트, 철공용드릴비트세트, 기어렌치세트, 공구세트, 콘크리트드릴비트세트, 전동공구세트, 비트세트, 끌세트, 공구함세트, 탭세트, 별렌치세트, 드릴비트세트, 스패너세트, 볼렌치세트",조합렌치세트,,,,False,,
granite4.1:8b,종합공구세트,success,공구세트,"공구세트, 전동공구세트, 공구함세트, 공구함, 세트, 조합렌치세트, 철공용드릴비트세트, 스패너세트, 탭세트, 비트세트, 끌세트, 플라이어세트, 볼렌치세트, 드릴비트세트, 기어렌치세트",공구세트,,,,False,,
granite4.1:8b,종합공구세트2개,success,공구세트,"공구세트, 전동공구세트, 공구함세트, 공구함, 세트, 조합렌치세트, 철공용드릴비트세트, 스패너세트, 플라이어세트, 탭세트, 끌세트, 비트세트, 볼렌치세트, 기어렌치세트, 드릴비트세트",공구세트,,,,False,,
granite4.1:8b,종홀소,success,모종삽,"모종삽, 직소기, 소켓렌치세트, 스프링배관청소기, 다이아고날플라이어, 롱노즈플라이어, 다이스세트, SDS드릴비트, 줄자, 충전드릴, 드릴비트, 송풍기, 콘크리트용드릴비트, 충전해머드릴, 디지털수평기",모종삽,,,,False,,
granite4.1:8b,죠홀슬(스텐딩클램프) 1개,success,F클램프,"F클램프, 클램프미터, 점프케이블, 자전거펌프, 스냅링플라이어, 스프링배관청소기, 에어펌프, 안전로프, 스크레퍼, 워터펌프플라이어, 바이스그립플라이어, 와이어스트리퍼, 왕복톱(레시프로쏘), 다이아고날플라이어, 전동드릴",F클램프,,,,False,,
granite4.1:8b,주먹 드라이버,success,드라이버,"드라이버, 전동드라이버, 양용드라이버, 드라이버세트, T핸드드라이버, 임팩트드라이버, 정밀드라이버세트, 충전임팩트드라이버, 먹통, 플라이어, 플라이어렌치, 플라이어세트, 롱노즈플라이어, 워터펌프플라이어, 스냅링플라이어",드라이버,,,,False,,
granite4.1:8b,주먹드라이버,success,드라이버,"드라이버, 전동드라이버, 양용드라이버, T핸드드라이버, 드라이버세트, 임팩트드라이버, 정밀드라이버세트, 충전임팩트드라이버, 먹통, 플라이어, 플라이어렌치, 롱노즈플라이어, 워터펌프플라이어, 굽은노즈플라이어, 플라이어세트",드라이버,,,,False,,
granite4.1:8b,주먹양용드라이버,success,양용드라이버,"양용드라이버, 드라이버, 전동드라이버, 드라이버세트, T핸드드라이버, 임팩트드라이버, 정밀드라이버세트, 충전임팩트드라이버, 철공용드릴비트, 먹통, 목공용드릴비트, 콘크리트용드릴비트, 플라이어, 철공용드릴비트세트, 플라이어렌치",양용드라이버,,,,False,,
granite4.1:8b,주먹양용드라이버 1개,success,양용드라이버,"양용드라이버, 드라이버, 전동드라이버, 드라이버세트, T핸드드라이버, 임팩트드라이버, 정밀드라이버세트, 충전임팩트드라이버, 철공용드릴비트, 목공용드릴비트, 콘크리트용드릴비트, 먹통, 철공용드릴비트세트, 플라이어, 플라이어렌치",양용드라이버,,,,False,,
granite4.1:8b,주먹조절도라이버,success,드라이버,"드라이버, 전동드라이버, 양용드라이버, 드라이버세트, T핸드드라이버, 임팩트드라이버, 정밀드라이버세트, 충전임팩트드라이버, 먹통, 도끼, 플라이어, 플라이어렌치, 고속절단기, 롱노즈플라이어, 플라이어세트",임팩트드라이버,,,,False,,
granite4.1:8b,주먹조절드라이버,success,드라이버,"드라이버, 전동드라이버, 드라이버세트, 양용드라이버, T핸드드라이버, 임팩트드라이버, 정밀드라이버세트, 충전임팩트드라이버, 먹통, 플라이어, 고속절단기, 플라이어렌치, 워터펌프플라이어, 플라이어세트, 굽은노즈플라이어",양용드라이버,,,,False,,
granite4.1:8b,줄자,success,줄자,"줄자, 목공줄, 직각자, 자전거펌프, 전자산업용니퍼, 사다리, 임팩트드릴, 전동드릴, 절단석, 글루건, 충전드릴, 전동타카, 볼트컷터, 드라이버, A형사다리",줄자,,,,False,줄자,True
granite4.1:8b,줄자 1개,success,줄자,"줄자, 목공줄, 직각자, 자전거펌프, 사다리, 전자산업용니퍼, 임팩트드릴, 드라이버, 전동드릴, A형사다리, 볼트컷터, 충전드릴, 전선릴, 절단석, 실리콘건",줄자,,,,False,,
granite4.1:8b,줄자 2m,success,줄자,"줄자, 목공줄, 직각자, 자전거펌프, 사다리, 임팩트드릴, 전자산업용니퍼, 클램프미터, 전동드릴, 충전드릴, 볼트컷터, 전선릴, 타일컷터, 모종삽, A형사다리",줄자,,,길이 2m,False,,
granite4.1:8b,줄자 3m,success,줄자,"줄자, 목공줄, 직각자, 자전거펌프, 사다리, 임팩트드릴, 볼트컷터, 클램프미터, 전자산업용니퍼, 전동드릴, 전선릴, 절단석, 충전드릴, 타일컷터, A형사다리",줄자,,,길이 3m,False,,
granite4.1:8b,줄자 3개,success,줄자,"줄자, 목공줄, 직각자, 자전거펌프, 사다리, 전자산업용니퍼, 임팩트드릴, 충전드릴, 전동드릴, 절단석, 볼트컷터, 전선릴, A형사다리, 공구세트, 전동타카",줄자,,,,False,,
granite4.1:8b,"줄자 5,5m",success,줄자,"줄자, 목공줄, 직각자, 자전거펌프, 사다리, 임팩트드릴, 전자산업용니퍼, 타일컷터, 볼트컷터, A형사다리, 충전드릴, 케이블컷터, 절단석, 전동드릴, 전선릴",줄자,,,5.5m,False,,
granite4.1:8b,줄자 5.5M,success,줄자,"줄자, 목공줄, 직각자, 자전거펌프, 임팩트드릴, 전자산업용니퍼, 사다리, 충전드릴, 볼트컷터, 전동드릴, 케이블컷터, A형사다리, 고속절단기, 절단석, 전선릴",줄자,,,5.5M,False,,
granite4.1:8b,줄자 5.5m,success,줄자,"줄자, 목공줄, 직각자, 자전거펌프, 사다리, 임팩트드릴, 전자산업용니퍼, 충전드릴, 볼트컷터, A형사다리, 전동드릴, 타일컷터, 케이블컷터, 절단석, 전선릴",줄자,,,길이 5.5m,False,,
granite4.1:8b,줄자 7.5m,success,줄자,"줄자, 목공줄, 직각자, 자전거펌프, 사다리, 임팩트드릴, 전동드릴, 전자산업용니퍼, 충전드릴, A형사다리, 볼트컷터, 목공용드릴비트, 철공용드릴비트, 타일컷터, 전선릴",줄자,,,길이 7.5m,False,,
granite4.1:8b,줄자 GL-25-75(고무캡),success,줄자,"줄자, 고무망치, 목공줄, 고압세척기, 고속절단기, 직각자, LED투광기, 고지가위, 석고대패, 자전거펌프, LED손전등, LED작업등, 전자산업용니퍼, 임팩트드릴, 다이아고날플라이어",줄자,,,,False,,
granite4.1:8b,줄자 그립퍼X,success,줄자,"줄자, 그립망치, 바이스그립플라이어, 목공줄, 전자산업용니퍼, 니퍼, 직각자, 스크레퍼, 강력니퍼, 콘크리트니퍼, 앵글그라인더, 버니어캘리퍼스, 와이어스트리퍼, 자전거펌프, 앤드컷팅니퍼",줄자,,,,False,,
granite4.1:8b,줄자(1),success,줄자,"줄자, 목공줄, 직각자, 자전거펌프, 사다리, 전자산업용니퍼, 드라이버, 커터, 절단석, 글루건, 임팩트드릴, 볼트컷터, 스크레퍼, 톱, 접톱",줄자,,,,False,,
granite4.1:8b,줄자(10m),success,줄자,"줄자, 목공줄, 직각자, 자전거펌프, 사다리, 임팩트드릴, 전동드릴, 전자산업용니퍼, 볼트컷터, 절단석, 목공톱, 롱노즈플라이어, A형사다리, 모종삽, 클램프미터",줄자,,,길이 10m,False,,
granite4.1:8b,줄자(2),success,줄자,"줄자, 목공줄, 직각자, 자전거펌프, 사다리, 전자산업용니퍼, 드라이버, 글루건, 커터, 절단석, 볼트컷터, 도끼, 톱, 접톱, 임팩트드릴",줄자,,,길이 2,False,,
granite4.1:8b,줄자(2m),success,줄자,"줄자, 목공줄, 직각자, 자전거펌프, 사다리, 전자산업용니퍼, 임팩트드릴, 볼트컷터, 충전드릴, 클램프미터, 전동드릴, 모종삽, 플라이어, 케이블컷터, 절단석",줄자,,,길이: 2m,False,,
granite4.1:8b,줄자(30M),success,줄자,"줄자, 목공줄, 직각자, 자전거펌프, 임팩트드릴, 사다리, 전자산업용니퍼, 충전드릴, 클램프미터, 볼트컷터, 절단석, 플라이어, 충전해머드릴, 충전임팩트드라이버, 케이블컷터",줄자,,,30M,False,,
granite4.1:8b,줄자(3M),success,줄자,"줄자, 목공줄, 직각자, 자전거펌프, 사다리, 전자산업용니퍼, 볼트컷터, 임팩트드릴, 클램프미터, 직소기, 절단석, 충전드릴, 모종삽, 전동드릴, 플라이어",줄자,,,3M,False,,
granite4.1:8b,줄자(3m),success,줄자,"줄자, 목공줄, 직각자, 자전거펌프, 사다리, 전자산업용니퍼, 볼트컷터, 임팩트드릴, 절단석, 클램프미터, 플라이어, 전동드릴, 충전드릴, 직소기, 모종삽",줄자,,,길이 3m,False,,
granite4.1:8b,줄자(5.5M),success,줄자,"줄자, 목공줄, 직각자, 자전거펌프, 사다리, 임팩트드릴, 전자산업용니퍼, 볼트컷터, 충전드릴, 케이블컷터, 전동드릴, 절단석, 플라이어, 목공톱, 충전임팩트드라이버",줄자,,,5.5M,False,,
granite4.1:8b,줄자(5.5m),success,줄자,"줄자, 목공줄, 직각자, 자전거펌프, 사다리, 임팩트드릴, 전자산업용니퍼, 볼트컷터, 충전드릴, 케이블컷터, 전동드릴, A형사다리, 목공톱, 절단석, 타일컷터",줄자,,,5.5m,False,,
granite4.1:8b,줄자(5.5m×25mm),success,줄자,"줄자, 목공줄, 직각자, 자전거펌프, 임팩트드릴, 사다리, 전동드릴, 전자산업용니퍼, 충전드릴, 볼트컷터, 케이블컷터, 전선릴, 목공톱, 접톱, 타일컷터",줄자,,,5.5m × 25mm,False,,
granite4.1:8b,줄자(50M),success,줄자,"줄자, 목공줄, 직각자, 자전거펌프, 사다리, 전자산업용니퍼, 임팩트드릴, 충전드릴, 볼트컷터, 케이블컷터, 클램프미터, 수평기, 플라이어, 충전임팩트드라이버, 목공톱",줄자,,,길이 50미터,False,,
granite4.1:8b,줄자(50m),success,줄자,"줄자, 목공줄, 직각자, 자전거펌프, 사다리, 임팩트드릴, 전자산업용니퍼, 수평기, 플라이어, 볼트컷터, 케이블컷터, 충전드릴, A형사다리, 클램프미터, 목공톱",줄자,,,길이 50m,False,,
granite4.1:8b,줄자(5M),success,줄자,"줄자, 목공줄, 직각자, 자전거펌프, 사다리, 임팩트드릴, 전자산업용니퍼, 충전드릴, 볼트컷터, 전동드릴, 충전임팩트드라이버, 고속절단기, 직소기, 충전해머드릴, 케이블컷터",줄자,,,5M,False,,
granite4.1:8b,줄자(5M) 1개,success,줄자,"줄자, 목공줄, 직각자, 자전거펌프, 사다리, 전자산업용니퍼, 임팩트드릴, 충전드릴, 볼트컷터, 충전해머드릴, 고속절단기, 전선릴, 전동드릴, 충전임팩트드라이버, 케이블컷터",줄자,,,길이 5M,False,,
granite4.1:8b,"줄자(5M,2M)",success,줄자,"줄자, 목공줄, 직각자, 자전거펌프, 사다리, 전자산업용니퍼, 임팩트드릴, 충전드릴, 볼트컷터, 전동드릴, 케이블컷터, 직소기, 클램프미터, 충전해머드릴, 모종삽",줄자,,,"길이: 5M, 2M",False,,
granite4.1:8b,줄자(5m),success,줄자,"줄자, 목공줄, 직각자, 자전거펌프, 사다리, 임팩트드릴, 전자산업용니퍼, 충전드릴, 볼트컷터, 전동드릴, 케이블컷터, 플라이어, 목공톱, 절단석, A형사다리",줄자,,,5m,False,줄자,True
granite4.1:8b,줄자(5m) 1개,success,줄자,"줄자, 목공줄, 직각자, 자전거펌프, 사다리, 전자산업용니퍼, 임팩트드릴, 충전드릴, 볼트컷터, 케이블컷터, 전동드릴, A형사다리, 전선릴, 충전해머드릴, 목공톱",줄자,,,"길이: 5m, 수량: 1개",False,,
granite4.1:8b,줄자(5개),success,줄자,"줄자, 목공줄, 직각자, 사다리, 자전거펌프, 전자산업용니퍼, 임팩트드릴, 충전드릴, 테이블톱, 세트, 볼트컷터, 전동드릴, 드라이버, 절단석, 접톱",줄자,,,5개,False,,
granite4.1:8b,"줄자(7,5M)",success,줄자,"줄자, 목공줄, 직각자, 자전거펌프, 사다리, 임팩트드릴, 전자산업용니퍼, 충전드릴, 볼트컷터, 전동드릴, 플라이어, 클램프미터, 모종삽, A형사다리, 전선릴",줄자,,,길이 7.5M,False,,
granite4.1:8b,줄자(7.5m),success,줄자,"줄자, 목공줄, 직각자, 자전거펌프, 사다리, 임팩트드릴, 전자산업용니퍼, 볼트컷터, 전동드릴, 충전드릴, A형사다리, 플라이어, 케이블컷터, 전선릴, 타일컷터",줄자,,,길이: 7.5m,False,줄자,True
granite4.1:8b,줄자(대형),success,줄자,"줄자, 목공줄, 대패, 직각자, A형사다리, 원형톱, 석고대패, 쇠지렛대, 자전거펌프, 사다리, 전자산업용니퍼, 임팩트드릴, 고속절단기, 고압세척기, 전동드릴",줄자,,,대형,False,,
granite4.1:8b,줄자(스텐리),success,줄자,"줄자, 목공줄, 직각자, 사다리, 와이어스트리퍼, 스패너, 버니어캘리퍼스, 실리콘건, 스크레퍼, 장도리, 가스토치, 자전거펌프, 스패너세트, A형사다리, 글루스틱",줄자,스텐리,,,False,,
granite4.1:8b,줄자(코메론),success,줄자,"줄자, 목공줄, 직각자, 열화상카메라, 자전거펌프, 사다리, 전자산업용니퍼, 글루건, 임팩트드릴, 에어컴프레서, 드라이버, 볼트컷터, 커터, 플라이어, 모종삽",줄자,코메론,,,False,,
granite4.1:8b,줄자(타이어),success,줄자,"줄자, 플라이어, 목공줄, 플라이어렌치, 직각자, 플라이어세트, 에어타카, 와이어스트리퍼, 워터펌프플라이어, 스냅링플라이어, 다이아고날플라이어, 롱노즈플라이어, 타카, 바이스그립플라이어, 타일컷터",줄자,,,,False,,
granite4.1:8b,줄자2개,success,줄자,"줄자, 목공줄, 직각자, 자전거펌프, 사다리, 전자산업용니퍼, 임팩트드릴, 충전드릴, 글루건, 전동드릴, 전선릴, 절단석, 공구세트, 전동타카, 전정톱",줄자,,,,False,,
granite4.1:8b,줄자5.5M,success,줄자,"줄자, 목공줄, 직각자, 자전거펌프, 전자산업용니퍼, 임팩트드릴, 사다리, 충전드릴, 볼트컷터, 절단석, 케이블컷터, 전동드릴, 고속절단기, 철공용드릴비트, 충전임팩트드라이버",줄자,,,5.5M,False,,
granite4.1:8b,줄자세트,success,줄자,"줄자, 세트, 공구세트, 비트세트, 끌세트, 전동공구세트, 드릴비트세트, 볼렌치세트, 탭세트, T렌치세트, 플라이어세트, 공구함세트, 스패너세트, 기어렌치세트, 다이스세트",줄자,,,,False,,
granite4.1:8b,줄톱,success,줄자,"줄자, 톱, 접톱, 목공줄, 쇠톱, 전정톱, 원형톱, 테이블톱, 목공톱, 목공용접톱, 왕복톱(레시프로쏘), 사다리, 드릴비트, 끌세트, 철공용드릴비트",목공톱,,,,False,,
granite4.1:8b,줄톱(300mm),success,줄자,"줄자, 목공줄, 접톱, 톱, 쇠톱, 원형톱, 전정톱, 목공톱, 테이블톱, 목공용접톱, 왕복톱(레시프로쏘), 충전드릴, 철공용드릴비트, 전동드릴, 클램프미터",목공톱,,,크기: 300mm,False,,
granite4.1:8b,줄톱(30CM),success,줄자,"줄자, 목공줄, 접톱, 톱, 쇠톱, 원형톱, 목공톱, 테이블톱, 전정톱, PVC컷터, 목공용접톱, 왕복톱(레시프로쏘), 충전드릴, 사다리, 충전해머드릴",목공톱,,,길이 30cm,False,,
granite4.1:8b,줄톱(쇠손잡이),success,쇠톱,"쇠톱, 줄자, 테이블톱, 목공줄, 접톱, 쇠지렛대, 톱, 손타카, 전정톱, 목공톱, 원형톱, LED손전등, 목공용접톱, 왕복톱(레시프로쏘), 케이블컷터",목공톱,,,,False,,
granite4.1:8b,줌라이트,success,드라이버세트,"드라이버세트, 플라이어세트, 드라이버, 플라이어, 임팩트드라이버, 충전임팩트드라이버, 정밀드라이버세트, 플라이어렌치, 전동드라이버, 스냅링플라이어, 양용드라이버, 바이스그립플라이어, 롱노즈플라이어, T핸드드라이버, 다이아고날플라이어",드라이버세트,,,,True,,
granite4.1:8b,줌헤드랜턴,success,T핸드드라이버,"T핸드드라이버, 핸드카트, 해머드릴, 드릴비트, 드라이버, 충전드릴, 전동드릴, 임팩트드릴, 로터리해머드릴, 충전해머드릴, 드라이버세트, 양용드라이버, 드릴비트세트, 전동드라이버, 임팩트드라이버",전동드릴,,,,False,,
granite4.1:8b,중망치,success,망치,"망치, 돌망치, 고무망치, 빠루망치, 그립망치, 납볼망치, 렌치, 펜치, 센터펀치, 볼렌치, 옵셋렌치, 핀펀치, 몽키렌치, 만능렌치, 별렌치세트",망치,,,,False,,
granite4.1:8b,중전랜턴,success,전정톱,"전정톱, 검전기, 전선릴, 전지가위, 충전드릴, 전동타카, 전기인두, 전동드릴, 안전모, 안전로프, 안전장갑, 전동압착기, 자전거펌프, 전동드라이버, LED손전등",LED손전등,,,,False,,
granite4.1:8b,중함마,success,공구함,"공구함, 연마석, 공구함세트, 방진마스크, 충전해머드릴, 해머드릴, 로터리해머드릴, 전동타카, 안전모, 고압세척기, 손타카, 충전임팩트드라이버, 핸드카트, 임팩트드라이버, 센터펀치",해머드릴,,,,False,,
granite4.1:8b,중해머,success,해머드릴,"해머드릴, 충전해머드릴, 로터리해머드릴, 스패너, 공구함, 앤드컷팅니퍼, 임팩트드라이버, 접톱, 양용드라이버, 멀티테스터, T핸드드라이버, 안전모, 커터, 충전임팩트드라이버, 편구스패너",해머드릴,,,,False,,
granite4.1:8b,중햄머,success,해머드릴,"해머드릴, 충전해머드릴, 로터리해머드릴, 앵글그라인더, 샌더, 앤드컷팅니퍼, 클램프미터, 스패너, 임팩트드라이버, F클램프, T핸드드라이버, 핸드카트, 볼트컷터, 콘크리트니퍼, 전동드라이버",해머드릴,,,,False,,
granite4.1:8b,쥐꼬리 톱날,success,톱,"톱, 쇠톱, 접톱, 목공톱, 전정톱, 원형톱, 테이블톱, 사다리, 다이아고날플라이어, 장도리, 목공용접톱, 실리콘건, 배터리팩, A형사다리, 왕복톱(레시프로쏘)",톱,,,,True,,
granite4.1:8b,쥐꼬리톱,success,쇠톱,"쇠톱, 톱, 원형톱, 전정톱, 테이블톱, 접톱, 목공톱, 사다리, 목공용접톱, 장도리, 왕복톱(레시프로쏘), 실리콘건, 배터리팩, A형사다리, 와이어스트리퍼",쇠톱,,,,False,,
granite4.1:8b,쥐톱,success,쇠톱,"쇠톱, 톱, 접톱, 원형톱, 테이블톱, 전정톱, 목공톱, 목공용접톱, 왕복톱(레시프로쏘), 사다리, 도끼, 손타카, 철판가위, 쇠지렛대, 가스토치",접톱,,,,False,,
granite4.1:8b,지갑톱,success,톱,"톱, 안전장갑, 쇠톱, 원형톱, 접톱, 테이블톱, 전정톱, 목공톱, 쇠지렛대, 고지가위, 전지가위, 목공용접톱, 왕복톱(레시프로쏘), 디지털수평기, 핸드카트",쇠톱,,,,False,,
granite4.1:8b,지그톱,success,톱,"톱, 쇠톱, 접톱, 그립망치, 원형톱, 테이블톱, 전정톱, 목공톱, 고지가위, 쇠지렛대, 전지가위, 앵글그라인더, 왕복톱(레시프로쏘), 바이스그립플라이어, 목공용접톱",목공용접톱,,,,False,,
granite4.1:8b,지렛대(빠루),success,쇠지렛대,"쇠지렛대, 빠루망치, 대패, 글루건, 글루스틱, 석고대패, 고지가위, 전지가위, 디지털수평기, 사다리, 테이블톱, 그립망치, 스크레퍼, 망치, 직각자",쇠지렛대,,,,False,,
granite4.1:8b,지팡이,success,쇠지렛대,"쇠지렛대, 고지가위, 전지가위, 디지털수평기, 바이스그립플라이어, 드라이버, 파이프렌치, 플라이어, 테이블톱, 다이아고날플라이어, 와이어스트리퍼, 점프케이블, 케이블컷터, 플라이어렌치, T핸드드라이버",플라이어,,,,False,,
granite4.1:8b,지팡이 보행보조기,success,보안경,"보안경, 디지털수평기, 쇠지렛대, 조합렌치세트, 열풍기, 바이스그립플라이어, 레이저거리측정기, 송풍기, 레이저수평기, 수평기, 고지가위, 전지가위, 고압세척기, 고속절단기, 파이프렌치",보안경,,,,False,,
granite4.1:8b,직각자,success,직각자,"직각자, 직소기, 줄자, 육각렌치, 육각렌치세트, 자전거펌프, 절단석, 전자산업용니퍼, 고속절단기, 커터, 케이블컷터, 그립망치, 수평기, 원형톱, 볼트컷터",직각자,,,,False,,
granite4.1:8b,직각자 1개,success,직각자,"직각자, 직소기, 줄자, 육각렌치, 육각렌치세트, 자전거펌프, 원형톱, 전자산업용니퍼, 절단석, 케이블컷터, 그립망치, 커터, 볼트컷터, 접톱, 고속절단기",직각자,,,,False,,
granite4.1:8b,직소,success,직소기,"직소기, 직각자, 스프링배관청소기, 소켓렌치세트, 절단석, 와이어스트리퍼, 플라이어, 커터, 송풍기, 줄자, 수평기, 롱노즈플라이어, 에어컴프레서, 실리콘건, 고속절단기",직소기,,,,False,직소기,True
granite4.1:8b,직소 1개,success,직소기,"직소기, 직각자, 스프링배관청소기, 소켓렌치세트, 실리콘건, 절단석, 와이어스트리퍼, 플라이어, 줄자, 커터, 플라이어세트, 스크레퍼, 세트, 수평기, 전동공구세트",직소기,,,,False,,
granite4.1:8b,직소 절단용(합판철판),success,철판가위,"철판가위, 직소기, 절단석, 고속절단기, 철공용드릴비트, 직각자, 철공용드릴비트세트, 목공용접톱, 조합렌치세트, 스프링배관청소기, 전자산업용니퍼, 피스제거용비트, 양용드라이버, 목공용드릴비트, 소켓렌치세트",고속절단기,,,,False,,
granite4.1:8b,"직소(합판, 철판)",success,직소기,"직소기, 철판가위, 직각자, 조합렌치세트, 철공용드릴비트, 스프링배관청소기, 철공용드릴비트세트, 왕복톱(레시프로쏘), 절단석, 소켓렌치세트, 콘크리트니퍼, 수평기, 고속절단기, 열풍기, 연마석",철판가위,,,,False,,
granite4.1:8b,"직소(합판,철판절단)",success,직소기,"직소기, 철판가위, 절단석, 고속절단기, 직각자, 조합렌치세트, 철공용드릴비트, 스프링배관청소기, 철공용드릴비트세트, 커터, 소켓렌치세트, 왕복톱(레시프로쏘), 와이어스트리퍼, 케이블컷터, PVC컷터",직소기,,,,False,,
granite4.1:8b,"직소(힙판, 철판 절단용)",success,직소기,"직소기, 철판가위, 절단석, 고속절단기, 직각자, 철공용드릴비트, 철공용드릴비트세트, 목공용접톱, 스프링배관청소기, 전자산업용니퍼, 피스제거용비트, 목공용드릴비트, 콘크리트용드릴비트, 소켓렌치세트, 접톱",직소기,,,,False,,
granite4.1:8b,직소+날,success,직소기,"직소기, 직각자, 다이아고날플라이어, 소켓렌치세트, 스프링배관청소기, 절단석, 줄자, 전동드릴, 전선릴, 충전드릴, 실리콘건, 커터칼, 망치, 앤드컷팅니퍼, 렌치",직소기,,,,False,,
granite4.1:8b,직소기,success,직소기,"직소기, 직각자, 스프링배관청소기, 검전기, 수평기, 송풍기, 고속절단기, 열풍기, 고압세척기, 디지털수평기, 소켓렌치세트, 전동압착기, 라돈측정기, 레이저수평기, LED투광기",직소기,,,,False,직소기,True
granite4.1:8b,직소기(GST75BE),success,직소기,"직소기, 스프링배관청소기, 직각자, SDS드릴비트, 고속절단기, LED투광기, 송풍기, 고압세척기, 수평기, 검전기, 열풍기, T렌치세트, 디지털수평기, LED손전등, 전동압착기",직소기,,,,False,,
granite4.1:8b,직소기(전기왕복톱),success,직소기,"직소기, 왕복톱(레시프로쏘), 검전기, 전정톱, 전기인두, 스프링배관청소기, 직각자, 전동압착기, 목공톱, 원형톱, 테이블톱, 수평기, 고속절단기, 쇠톱, 송풍기",왕복톱(레시프로쏘),,,,False,,
granite4.1:8b,직소기(카터기),success,직소기,"직소기, 스프링배관청소기, 직각자, 검전기, 커터, 열풍기, 고속절단기, 송풍기, 수평기, 전동압착기, 카운터싱크, 고압세척기, 라돈측정기, 레이저거리측정기, 케이블컷터",직소기,,,,False,,
granite4.1:8b,직소기3개,success,직소기,"직소기, 직각자, 스프링배관청소기, 수평기, 검전기, 송풍기, 고속절단기, 열풍기, 소켓렌치세트, 고압세척기, 전동압착기, 디지털수평기, 라돈측정기, 전동공구세트, LED투광기",직소기,,,,False,,
granite4.1:8b,직소날,success,직소기,"직소기, 직각자, 다이아고날플라이어, 스프링배관청소기, 소켓렌치세트, 전동드릴, 충전드릴, 롱노즈플라이어, 전선릴, 커터칼, 육각렌치, 절단석, 충전해머드릴, 고속절단기, 임팩트드릴",직각자,,,,False,,
granite4.1:8b,직소날,success,직소기,"직소기, 직각자, 다이아고날플라이어, 스프링배관청소기, 소켓렌치세트, 전동드릴, 충전드릴, 롱노즈플라이어, 전선릴, 커터칼, 육각렌치, 절단석, 충전해머드릴, 고속절단기, 임팩트드릴",직각자,,,,False,,
granite4.1:8b,직소날 철판용,success,직소기,"직소기, 철판가위, 철공용드릴비트, 철공용드릴비트세트, 직각자, 목공용접톱, 다이아고날플라이어, 콘크리트용드릴비트, 전자산업용니퍼, 피스제거용비트, 목공용드릴비트, 스프링배관청소기, 양용드라이버, 소켓렌치세트, 커터칼",직소기,,,,False,,
granite4.1:8b,직소날(목재용),success,직소기,"직소기, 목공용접톱, 직각자, 목공용드릴비트, 목공줄, 목공톱, 철공용드릴비트, 다이아고날플라이어, 철공용드릴비트세트, 다목적가위, 스프링배관청소기, 소켓렌치세트, 콘크리트용드릴비트, 전자산업용니퍼, 피스제거용비트",목공톱,,,,False,,
granite4.1:8b,"직소날(목재용,5P)",success,직소기,"직소기, 목공용접톱, 직각자, 목공용드릴비트, 목공줄, 목공톱, PVC컷터, 철공용드릴비트, 다이아고날플라이어, 철공용드릴비트세트, 다목적가위, 피스제거용비트, 스프링배관청소기, 소켓렌치세트, 전자산업용니퍼",목공톱,,,"목재용,5P",False,,
granite4.1:8b,직소날(보쉬),success,직소기,"직소기, 직각자, 보안경, 다이아고날플라이어, 스프링배관청소기, 소켓렌치세트, 전동드릴, 충전드릴, 볼트컷터, 왕복톱(레시프로쏘), 롱노즈플라이어, 핀펀치, 육각렌치, 볼렌치세트, 옵셋렌치",직소기,보쉬(BOSCH),,,False,,
granite4.1:8b,직소날(철판용),success,직소기,"직소기, 철판가위, 철공용드릴비트, 직각자, 철공용드릴비트세트, 다이아고날플라이어, 목공용접톱, 콘크리트용드릴비트, 스프링배관청소기, 전자산업용니퍼, 소켓렌치세트, 피스제거용비트, 목공용드릴비트, 양용드라이버, 절단석",직소기,,,,False,,
granite4.1:8b,"직소날(철판용,5P)",success,직소기,"직소기, 철판가위, 철공용드릴비트, 직각자, 철공용드릴비트세트, PVC컷터, 다이아고날플라이어, 목공용접톱, 피스제거용비트, 전자산업용니퍼, 스프링배관청소기, 콘크리트용드릴비트, 소켓렌치세트, 목공용드릴비트, 양용드라이버",철판가위,,,,False,,
granite4.1:8b,직소절단용(합판철판),success,직소기,"직소기, 철판가위, 절단석, 고속절단기, 직각자, 철공용드릴비트, 철공용드릴비트세트, 목공용접톱, 조합렌치세트, 전자산업용니퍼, 양용드라이버, 스프링배관청소기, 피스제거용비트, 목공용드릴비트, 콘크리트용드릴비트",고속절단기,,,,False,,
granite4.1:8b,직쏘,success,직소기,"직소기, 직각자, 왕복톱(레시프로쏘), 전선릴, 임팩트드릴, 임팩트드라이버, 롱노즈플라이어, 끌세트, 전동드릴, 만능렌치, 핀펀치, 고속절단기, 육각렌치, 전동드라이버, 안전모",직소기,,,,False,,
granite4.1:8b,진공펌프,success,에어펌프,"에어펌프, 자전거펌프, 워터펌프플라이어, 목공톱, 방진마스크, F클램프, 공구함, 목공줄, 클램프미터, 에어컴프레서, 목공용접톱, 안전로프, 점프케이블, 전동공구세트, 파이프렌치",에어컴프레서,,,,False,,
granite4.1:8b,진동드릴,success,전동드릴,"전동드릴, 임팩트드릴, 충전드릴, 해머드릴, 전동드라이버, 드릴비트, 충전해머드릴, 철공용드릴비트, 로터리해머드릴, SDS드릴비트, 드릴비트세트, 목공용드릴비트, 철공용드릴비트세트, 콘크리트용드릴비트, 콘크리트드릴비트세트",임팩트드릴,,,,False,,
granite4.1:8b,진동드릴 GSB 10RE,success,전동드릴,"전동드릴, SDS드릴비트, 충전드릴, 임팩트드릴, 해머드릴, 전동드라이버, 드릴비트, 철공용드릴비트, 드릴비트세트, 충전해머드릴, 로터리해머드릴, 철공용드릴비트세트, 목공용드릴비트, 콘크리트용드릴비트, 콘크리트드릴비트세트",전동드릴,,,,False,,
granite4.1:8b,진드기 청소기,success,스프링배관청소기,"스프링배관청소기, 직소기, 고압세척기, 송풍기, 열풍기, 검전기, 수평기, 방진마스크, 전동압착기, 고속절단기, 라돈측정기, 전기인두, LED투광기, 디지털수평기, 레이저거리측정기",스프링배관청소기,,,,False,,
granite4.1:8b,진드기청소기,success,스프링배관청소기,"스프링배관청소기, 직소기, 고압세척기, 송풍기, 열풍기, 검전기, 수평기, 방진마스크, 라돈측정기, 고속절단기, 전동압착기, 전기인두, 레이저거리측정기, 디지털수평기, LED투광기",스프링배관청소기,,,,False,,
granite4.1:8b,진정톱,success,전정톱,"전정톱, 원형톱, 톱, 테이블톱, 쇠톱, 접톱, 목공톱, 왕복톱(레시프로쏘), 방진마스크, 목공용접톱, 라돈측정기, 정밀드라이버세트, 레이저거리측정기, 핀펀치, 망치",전정톱,,,,False,,
granite4.1:8b,진정톱(곡선),success,전정톱,"전정톱, 톱, 원형톱, 테이블톱, 쇠톱, 접톱, 목공톱, 왕복톱(레시프로쏘), 전선릴, 방진마스크, 목공용접톱, 라돈측정기, 적외선온도계, 레이저거리측정기, 정밀드라이버세트",전정톱,,,,False,,
granite4.1:8b,짐벌,success,납볼망치,"납볼망치, 드라이버, 해머드릴, 세트, 스크레퍼, 전동드릴, 도끼, 플라이어, 쇠지렛대, 임팩트드릴, 먹통, 망치, 탭세트, 돌망치, 점프케이블",망치,,,,False,,
granite4.1:8b,집먼지진드기 청소기,success,스프링배관청소기,"스프링배관청소기, 직소기, 디지털수평기, 송풍기, 열풍기, 고압세척기, 라돈측정기, 수평기, 검전기, 전동압착기, 방진마스크, 레이저수평기, 레이저거리측정기, 고속절단기, LED투광기",스프링배관청소기,,,,False,,
granite4.1:8b,집진기연동장치 1개,success,전동압착기,"전동압착기, 연마석, 장도리, 방진마스크, 냉동라쳇렌치, 안전장갑, 전동드릴, 전동타카, 직소기, 기어렌치세트, 송풍기, 검전기, 전동공구세트, 열풍기, 전동드라이버",전동드릴,,,,False,,
granite4.1:8b,집진커버,success,방진마스크,"방진마스크, 커터, 커터칼, 드라이버, 드라이버세트, 버니어캘리퍼스, 양용드라이버, T핸드드라이버, 임팩트드라이버, 전동드라이버, 정밀드라이버세트, 충전임팩트드라이버, 안전모, 그립망치, 점프케이블",커터,,,,False,,
granite4.1:8b,집톱,success,톱,"톱, 접톱, 쇠톱, 목공톱, 전정톱, 원형톱, 테이블톱, 목공용접톱, 왕복톱(레시프로쏘), 도끼, 그립망치, 에어펌프, 커터칼, 먹통, 핀펀치",톱,,,,False,접톱,False
granite4.1:8b,쪽가위,success,철판가위,"철판가위, 고지가위, 다목적가위, 전지가위, 가스토치, 사다리, 쇠톱, 먹통, 줄자, 다림추, 테이블톱, 직각자, 검전기, 도끼, 대패",고지가위,,,,False,,
granite4.1:8b,쪽가위(다목적가위),success,다목적가위,"다목적가위, 철판가위, 고지가위, 전지가위, 사다리, 다림추, A형사다리, 가스토치, 목공톱, 목공용접톱, 쇠톱, 목공용드릴비트, 목공줄, 다이스세트, 테이블톱",다목적가위,,,,False,,
granite4.1:8b,차단릴,success,절단석,"절단석, 전선릴, 고속절단기, 충전드릴, 전동드릴, 해머드릴, 드릴비트, 임팩트드릴, 충전해머드릴, 드릴비트세트, 로터리해머드릴, 목공용드릴비트, SDS드릴비트, 철공용드릴비트, 콘크리트용드릴비트",전선릴,,,,False,,
granite4.1:8b,차단릴선,success,전선릴,"전선릴, 절단석, 고속절단기, 적외선온도계, 충전드릴, 전동드릴, 드릴비트, 해머드릴, 임팩트드릴, 드릴비트세트, 충전해머드릴, 목공용드릴비트, 로터리해머드릴, SDS드릴비트, 철공용드릴비트",전선릴,,,,False,,
granite4.1:8b,차량 광택기,success,LED투광기,"LED투광기, 직소기, 열풍기, 수평기, 송풍기, 검전기, 고속절단기, 라돈측정기, 고압세척기, 레이저수평기, 전동압착기, 디지털수평기, 레이저거리측정기, 스프링배관청소기, 기어렌치세트",LED투광기,,,,False,,
granite4.1:8b,차량용 공구세트,success,공구세트,"공구세트, 전동공구세트, 공구함세트, 공구함, 철공용드릴비트세트, 세트, 드라이버세트, 스패너세트, 소켓렌치세트, 기어렌치세트, 정밀드라이버세트, 탭세트, 끌세트, 비트세트, 볼렌치세트",공구세트,,,,False,,
granite4.1:8b,차량용 에어컴프레셔,success,에어컴프레서,"에어컴프레서, 에어펌프, 에어건, 에어타카, 워터펌프플라이어, 양용드라이버, 클램프미터, 전자산업용니퍼, 레이저거리측정기, 송풍기, 임팩트드라이버, 충전임팩트드라이버, 스냅링플라이어, 스프링배관청소기, 레이저수평기",에어컴프레서,,,,False,,
granite4.1:8b,차량용 에어펌프,success,에어펌프,"에어펌프, 자전거펌프, 에어컴프레서, 에어건, 워터펌프플라이어, 에어타카, F클램프, 클램프미터, 목공용접톱, 전자산업용니퍼, 양용드라이버, 파이프렌치, 열풍기, 스프링배관청소기, 철공용드릴비트",에어펌프,,,,False,,
granite4.1:8b,차량용 점프선,success,점프케이블,"점프케이블, 전선릴, 적외선온도계, 클램프미터, F클램프, 에어펌프, 안전로프, 자전거펌프, 양용드라이버, 파이프렌치, 에어컴프레서, 전자산업용니퍼, 목공용접톱, 워터펌프플라이어, 콘크리트용드릴비트",점프케이블,,,,False,,
granite4.1:8b,차량용 진공청소기,success,스프링배관청소기,"스프링배관청소기, 직소기, 목공용접톱, 목공용드릴비트, 철공용드릴비트, 고압세척기, 송풍기, 열풍기, 철공용드릴비트세트, 전동공구세트, 방진마스크, 목공톱, 공구함, 고속절단기, 라돈측정기",스프링배관청소기,,,,False,,
granite4.1:8b,"차량용,가정용 공구세트",success,공구세트,"공구세트, 전동공구세트, 공구함세트, 공구함, 철공용드릴비트세트, 세트, 정밀드라이버세트, 목공용접톱, 철공용드릴비트, 드라이버세트, 목공용드릴비트, 스패너세트, 끌세트, 탭세트, 기어렌치세트",공구세트,,,,False,,
granite4.1:8b,참브러쉬,success,볼렌치,"볼렌치, SDS드릴비트, 볼렌치세트, 스프링배관청소기, 만능렌치, 바이스그립플라이어, 토크렌치, 드릴비트, 렌치, 해머드릴, 스냅링플라이어, 돌망치, 파이프렌치, 플라이어렌치, 철공용드릴비트",볼렌치,,,,False,,
granite4.1:8b,창문 로봇 청소기,success,스프링배관청소기,"스프링배관청소기, 직소기, 안전로프, 열풍기, 고압세척기, 소켓렌치세트, 로터리해머드릴, 라돈측정기, 송풍기, 레이저수평기, 왕복톱(레시프로쏘), 고속절단기, 레이저거리측정기, 전동압착기, 수평기",스프링배관청소기,,,,False,,
granite4.1:8b,창문 로봇청소기,success,스프링배관청소기,"스프링배관청소기, 직소기, 안전로프, 고압세척기, 열풍기, 소켓렌치세트, 라돈측정기, 로터리해머드릴, 송풍기, 레이저수평기, 왕복톱(레시프로쏘), 고속절단기, 레이저거리측정기, 검전기, 수평기",스프링배관청소기,,,,False,,
granite4.1:8b,창문로봇청소기,success,스프링배관청소기,"스프링배관청소기, 직소기, 안전로프, 고압세척기, 열풍기, 라돈측정기, 소켓렌치세트, 로터리해머드릴, 송풍기, 레이저수평기, 왕복톱(레시프로쏘), 고속절단기, 레이저거리측정기, 수평기, 검전기",스프링배관청소기,,,,False,,
granite4.1:8b,채혈침,success,다림추,"다림추, 도끼, 만능렌치, 검전기, F클램프, 토크렌치, 먹통, 스프링배관청소기, 카운터싱크, LED투광기, 방진마스크, 절단석, 와이어스트리퍼, 파이프렌치, 전동압착기",다림추,,,,False,,
granite4.1:8b,천막,success,방진마스크,"방진마스크, 에어건, 안전장갑, 배터리팩, 핸드카트, 점프케이블, 실리콘건, 해머드릴, 몽키렌치, 열풍기, 에어컴프레서, 토크렌치, 고무망치, 송풍기, 임팩트드릴",핸드카트,,,,False,,
granite4.1:8b,천체망원경,success,보안경,"보안경, 원형톱, 망치, 돌망치, 고무망치, 그립망치, 빠루망치, 납볼망치, 만능렌치, 에어컴프레서, 옵셋렌치, 렌치, 별렌치세트, 레이저거리측정기, 앵글그라인더",보안경,,,,True,,
granite4.1:8b,철공구박스,success,공구함,"공구함, 공구세트, 공구함세트, 전동공구세트, 철공용드릴비트, 철공용드릴비트세트, 철판가위, 목공톱, 편구스패너, 목공줄, 목공용접톱, 목공용드릴비트, 와이어스트리퍼, 스크레퍼, 버니어캘리퍼스",공구함,,,,False,,
granite4.1:8b,철공용톱 1개,success,철공용드릴비트,"철공용드릴비트, 목공용접톱, 철공용드릴비트세트, 목공톱, 목공용드릴비트, 톱, 원형톱, 전정톱, 테이블톱, 쇠톱, 접톱, 철판가위, 공구함, 왕복톱(레시프로쏘), 목공줄",철공용드릴비트,,,,False,,
granite4.1:8b,철근갓다,success,철판가위,"철판가위, 사다리, 다림추, 철공용드릴비트, A형사다리, 다이스세트, 다목적가위, 철공용드릴비트세트, 다이아고날플라이어, 도끼, 안전장갑, 실리콘건, 쇠톱, 앵글그라인더, 쇠지렛대",쇠톱,,,,False,,
granite4.1:8b,철근갓다(600mm),success,철판가위,"철판가위, 사다리, 다림추, 철공용드릴비트, A형사다리, 다목적가위, 다이스세트, 철공용드릴비트세트, 다이아고날플라이어, 안전장갑, 직각자, 육각렌치, 도끼, 줄자, 목공용접톱",도끼,,,길이 600mm,False,,
granite4.1:8b,철근갓다(대),success,철판가위,"철판가위, 대패, 쇠지렛대, 사다리, 석고대패, 다림추, 철공용드릴비트, A형사다리, 다목적가위, 다이스세트, 철공용드릴비트세트, 다이아고날플라이어, 앵글그라인더, 안전장갑, 왕복톱(레시프로쏘)",안전장갑,,,,False,,
granite4.1:8b,철근갓다(소),success,철판가위,"철판가위, 직소기, 사다리, 다림추, 철공용드릴비트, 소켓렌치세트, A형사다리, 다목적가위, 다이스세트, 철공용드릴비트세트, 스프링배관청소기, 다이아고날플라이어, 왕복톱(레시프로쏘), 쇠지렛대, 쇠톱",쇠톱,,,,False,,
granite4.1:8b,철근절단기,success,고속절단기,"고속절단기, 절단석, 철판가위, 검전기, 철공용드릴비트, 직소기, 철공용드릴비트세트, 수평기, 열풍기, 송풍기, 전동압착기, LED투광기, 레이저거리측정기, 고압세척기, 라돈측정기",고속절단기,,,,False,,
granite4.1:8b,철근캇타,success,철판가위,"철판가위, 타카, 타일컷터, 철공용드릴비트, 전동타카, 건타카, 손타카, 에어타카, 철공용드릴비트세트, 타카핀, 케이블컷터, 커터, 볼트컷터, 커터칼, 콘크리트니퍼",전동타카,,,,False,,
granite4.1:8b,철기리,success,철판가위,"철판가위, 장도리, 철공용드릴비트, 레이저거리측정기, 사다리, 직소기, 철공용드릴비트세트, 실리콘건, 수평기, 검전기, 열풍기, 배터리팩, 송풍기, A형사다리, 콘크리트니퍼",철판가위,,,,False,철공용드릴비트,False
granite4.1:8b,철기리 1세트,success,세트,"세트, 철공용드릴비트세트, 기어렌치세트, 공구세트, 끌세트, 비트세트, 콘크리트드릴비트세트, 탭세트, 전동공구세트, 공구함세트, 스패너세트, 드릴비트세트, 별렌치세트, T렌치세트, 플라이어세트",비트세트,,,,False,,
granite4.1:8b,철기리 세트,success,세트,"세트, 기어렌치세트, 철공용드릴비트세트, 공구세트, 비트세트, 끌세트, 콘크리트드릴비트세트, 탭세트, 스패너세트, 전동공구세트, 공구함세트, 별렌치세트, 드릴비트세트, T렌치세트, 다이스세트",드릴비트세트,,,,False,,
granite4.1:8b,철기리세트,success,세트,"세트, 철공용드릴비트세트, 기어렌치세트, 공구세트, 비트세트, 끌세트, 콘크리트드릴비트세트, 탭세트, 드릴비트세트, 전동공구세트, 공구함세트, 다이스세트, 스패너세트, 별렌치세트, T렌치세트",드릴비트세트,,,,False,,
granite4.1:8b,철기리셋,success,옵셋렌치,"옵셋렌치, 철판가위, 철공용드릴비트, 철공용드릴비트세트, 레이저거리측정기, 실리콘건, 직소기, 기어렌치세트, 사다리, 열풍기, 수평기, 검전기, 장도리, 배터리팩, 와이어스트리퍼",옵셋렌치,,,,False,,
granite4.1:8b,철기리피스,success,피스제거용비트,"피스제거용비트, 철판가위, 와이어스트리퍼, 버니어캘리퍼스, 철공용드릴비트, 철공용드릴비트세트, 실리콘건, 콘크리트니퍼, 열풍기, 사다리, 레이저거리측정기, 직소기, 배터리팩, 수평기, 스프링배관청소기",철공용드릴비트,,,,False,,
granite4.1:8b,철사뭉치,success,철판가위,"철판가위, 사다리, 철공용드릴비트, A형사다리, 철공용드릴비트세트, 망치, 돌망치, 핀펀치, 고무망치, 그립망치, 렌치, 펜치, 센터펀치, 빠루망치, 납볼망치",철공용드릴비트세트,,,,False,,
granite4.1:8b,철삽,success,모종삽,"모종삽, 철판가위, 철공용드릴비트, 철공용드릴비트세트, 목공용접톱, 쇠톱, 접톱, 목공톱, 도끼, 커터칼, 목공줄, 전동드릴, 안전장갑, 에어펌프, 충전드릴",모종삽,,,,False,,
granite4.1:8b,철자,success,줄자,"줄자, 직각자, 철판가위, 철공용드릴비트, 자전거펌프, 철공용드릴비트세트, 전자산업용니퍼, 커터, 접톱, 플라이어, 스크레퍼, 절단석, 사다리, 커터칼, 드라이버",줄자,,,,False,,
granite4.1:8b,철자 (100cm),success,줄자,"줄자, 직각자, 철판가위, 철공용드릴비트, 자전거펌프, 철공용드릴비트세트, 전자산업용니퍼, 스크레퍼, 목공줄, 플라이어, 목공톱, 접톱, 절단석, 수평기, 커터",줄자,,,100cm,False,,
granite4.1:8b,철재 공구통,success,공구함,"공구함, 공구세트, 공구함세트, 전동공구세트, 철공용드릴비트, 먹통, 철공용드릴비트세트, 철판가위, 목공톱, 목공용접톱, 목공줄, 편구스패너, 목공용드릴비트, 전정톱, 도끼",공구함,,,,False,,
granite4.1:8b,철재공구통,success,공구함,"공구함, 공구세트, 공구함세트, 전동공구세트, 철공용드릴비트, 철공용드릴비트세트, 먹통, 철판가위, 목공톱, 목공용접톱, 목공줄, 목공용드릴비트, 편구스패너, 전정톱, 타일컷터",공구함,,,,False,,
granite4.1:8b,철재공구함,success,공구함,"공구함, 공구함세트, 공구세트, 전동공구세트, 철공용드릴비트, 철판가위, 철공용드릴비트세트, 목공톱, 목공용접톱, 목공줄, 목공용드릴비트, 편구스패너, 충전해머드릴, 로터리해머드릴, 다목적가위",공구함,,,,False,,
granite4.1:8b,철제 헤라,success,철판가위,"철판가위, 피스제거용비트, 철공용드릴비트, 철공용드릴비트세트, 플라이어, 열화상카메라, 드라이버, 플라이어세트, 플라이어렌치, 냉동라쳇렌치, 앵글그라인더, 라돈측정기, 드라이버세트, 라쳇렌치세트, T핸드드라이버",플라이어,,,,False,,
granite4.1:8b,철제공구통,success,공구함,"공구함, 공구세트, 공구함세트, 전동공구세트, 먹통, 철공용드릴비트, 철공용드릴비트세트, 철판가위, 목공줄, 목공용접톱, 목공톱, 피스제거용비트, 편구스패너, 목공용드릴비트, 전정톱",공구함,,,,False,,
granite4.1:8b,철제톱,success,톱,"톱, 쇠톱, 전정톱, 접톱, 철판가위, 원형톱, 목공톱, 테이블톱, 피스제거용비트, 목공용접톱, 철공용드릴비트, 왕복톱(레시프로쏘), 철공용드릴비트세트, 도끼, 커터칼",쇠톱,,,,False,,
granite4.1:8b,철줄자,success,줄자,"줄자, 목공줄, 철판가위, 직각자, 철공용드릴비트, 철공용드릴비트세트, 사다리, 자전거펌프, 볼트컷터, 쇠톱, 목공톱, 전자산업용니퍼, 도끼, 수평기, 타일컷터",줄자,,,,False,,
granite4.1:8b,철직자 5개,success,직각자,"직각자, 직소기, 줄자, 철판가위, 철공용드릴비트, 철공용드릴비트세트, 자전거펌프, 전자산업용니퍼, 쇠지렛대, 목공줄, 수평기, 앵글그라인더, 쇠톱, 목공톱, 도끼",직각자,,,,False,,
granite4.1:8b,철톱,success,쇠톱,"쇠톱, 톱, 접톱, 철판가위, 원형톱, 전정톱, 목공톱, 테이블톱, 목공용접톱, 철공용드릴비트, 왕복톱(레시프로쏘), 철공용드릴비트세트, 커터칼, 도끼, 절단석",쇠톱,,,,False,,
granite4.1:8b,철판가위,success,철판가위,"철판가위, 다목적가위, 고지가위, 전지가위, 철공용드릴비트, 가스토치, 철공용드릴비트세트, 쇠톱, 목공용접톱, 테이블톱, 목공톱, 쇠지렛대, 도끼, 열풍기, 석고대패",철판가위,,,,False,,
granite4.1:8b,철판가위(평형),success,철판가위,"철판가위, 다목적가위, 고지가위, 전지가위, 수평기, 원형톱, 철공용드릴비트, 레이저수평기, 디지털수평기, A형사다리, 철공용드릴비트세트, 목공용접톱, 테이블톱, 왕복톱(레시프로쏘), 목공톱",철판가위,,,,False,,
granite4.1:8b,철판기리/6MM,success,철판가위,"철판가위, 철공용드릴비트, 철공용드릴비트세트, 실리콘건, 직소기, 레이저거리측정기, 열풍기, 콘크리트니퍼, 수평기, 고속절단기, 사다리, 버니어캘리퍼스, 와이어스트리퍼, 콘크리트용드릴비트, 송풍기",철공용드릴비트세트,,,6MM,False,,
granite4.1:8b,철판기리세트,success,철판가위,"철판가위, 철공용드릴비트세트, 기어렌치세트, 세트, 공구세트, 콘크리트드릴비트세트, 전동공구세트, 비트세트, 드릴비트세트, 다이스세트, 육각렌치세트, 공구함세트, 드라이버세트, 플라이어세트, 끌세트",비트세트,,,,False,,
granite4.1:8b,철판드릴 비트,success,철공용드릴비트,"철공용드릴비트, 철공용드릴비트세트, 드릴비트, 철판가위, 목공용드릴비트, 드릴비트세트, SDS드릴비트, 콘크리트용드릴비트, 콘크리트드릴비트세트, 임팩트드릴, 비트세트, 충전드릴, 전동드릴, 해머드릴, 피스제거용비트",철공용드릴비트,,,,False,,
granite4.1:8b,철판드릴비트,success,철공용드릴비트,"철공용드릴비트, 드릴비트, 철공용드릴비트세트, 드릴비트세트, 목공용드릴비트, 철판가위, SDS드릴비트, 콘크리트용드릴비트, 콘크리트드릴비트세트, 임팩트드릴, 충전드릴, 비트세트, 전동드릴, 해머드릴, 피스제거용비트",철공용드릴비트,,,,False,철공용드릴비트,True
granite4.1:8b,청소기maktec,success,스프링배관청소기,"스프링배관청소기, 직소기, 고압세척기, 소켓렌치세트, 열풍기, 송풍기, 라돈측정기, 검전기, 고속절단기, 수평기, 전동압착기, 기어렌치세트, 레이저수평기, 디지털수평기, 전동공구세트",스프링배관청소기,,,,False,,
granite4.1:8b,청소기연동장치 1개,success,스프링배관청소기,"스프링배관청소기, 직소기, 전동압착기, 연마석, 소켓렌치세트, 전동공구세트, 안전장갑, 냉동라쳇렌치, 전동타카, 전동드릴, 송풍기, 고압세척기, 전동드라이버, 열풍기, 장도리",스프링배관청소기,,,,False,,
granite4.1:8b,체스,success,스패너,"스패너, 가스토치, 스크레퍼, 다이스세트, 글루스틱, 멀티테스터, 스패너세트, 편구스패너, 방진마스크, 피스제거용비트, 버니어캘리퍼스, 스냅링플라이어, 와이어스트리퍼, 바이스그립플라이어, 스프링배관청소기",스패너,,,,True,,
granite4.1:8b,체온계,success,적외선온도계,"적외선온도계, 에어컴프레서, 클램프미터, 열풍기, 라돈측정기, 에어펌프, 열화상카메라, 안전장갑, 멀티테스터, 송풍기, 타일컷터, 고압세척기, 검전기, 직각자, 세트",적외선온도계,,,,False,,
granite4.1:8b,체인 커터기,success,커터,"커터, 커터칼, 케이블컷터, 타일컷터, 전기인두, 볼트컷터, PVC컷터, 직소기, 고속절단기, 열풍기, 검전기, 수평기, 앵글그라인더, 카운터싱크, 송풍기",커터,,,,False,,
granite4.1:8b,체인렌치(550mm),success,렌치,"렌치, 육각렌치, 옵셋렌치, 만능렌치, 별렌치세트, 볼렌치, 육각렌치세트, 몽키렌치, 플라이어렌치, 토크렌치, 라쳇렌치세트, 소켓렌치세트, 조합렌치세트, 파이프렌치, 냉동라쳇렌치",볼렌치,,,550mm,False,,
granite4.1:8b,체인톱,success,톱,"톱, 쇠톱, 접톱, 원형톱, 테이블톱, 전정톱, 전기인두, 목공톱, 앵글그라인더, 목공용접톱, 왕복톱(레시프로쏘), 핀펀치, 사다리, 센터펀치, 콘크리트니퍼",쇠톱,,,,False,,
granite4.1:8b,첼라,success,드라이버,"드라이버, 플라이어, 열화상카메라, 냉동라쳇렌치, 라돈측정기, 라쳇렌치세트, 플라이어렌치, 전동드라이버, 앵글그라인더, 플라이어세트, 드라이버세트, 양용드라이버, 스냅링플라이어, 임팩트드라이버, 롱노즈플라이어",드라이버,,,,True,워터펌프플라이어,False
granite4.1:8b,첼라,success,드라이버,"드라이버, 플라이어, 열화상카메라, 냉동라쳇렌치, 라돈측정기, 라쳇렌치세트, 플라이어렌치, 전동드라이버, 앵글그라인더, 플라이어세트, 드라이버세트, 양용드라이버, 스냅링플라이어, 임팩트드라이버, 롱노즈플라이어",드라이버,,,,True,워터펌프플라이어,False
granite4.1:8b,첼라,success,드라이버,"드라이버, 플라이어, 열화상카메라, 냉동라쳇렌치, 라돈측정기, 라쳇렌치세트, 플라이어렌치, 전동드라이버, 앵글그라인더, 플라이어세트, 드라이버세트, 양용드라이버, 스냅링플라이어, 임팩트드라이버, 롱노즈플라이어",드라이버,,,,True,워터펌프플라이어,False
granite4.1:8b,첼라 / 체널락,success,드라이버,"드라이버, 플라이어, 열화상카메라, 냉동라쳇렌치, 앵글그라인더, 라쳇렌치세트, 라돈측정기, 전동드라이버, 플라이어렌치, 양용드라이버, 플라이어세트, 드라이버세트, 스냅링플라이어, 롱노즈플라이어, T핸드드라이버",플라이어,,,,False,,
granite4.1:8b,첼라 10'' 1개,success,플라이어,"플라이어, 드라이버, 냉동라쳇렌치, 라돈측정기, 라쳇렌치세트, 플라이어세트, 플라이어렌치, 열화상카메라, 드라이버세트, 앵글그라인더, 전동드라이버, 스냅링플라이어, 양용드라이버, 롱노즈플라이어, T핸드드라이버",플라이어세트,,,10',False,,
granite4.1:8b,"첼라 10,12인치",success,앵글그라인더,"앵글그라인더, 전기인두, 냉동라쳇렌치, 라쳇렌치세트, 플라이어렌치, 렌치, 펜치, 망치, 볼렌치, 옵셋렌치, 별렌치세트, 센터펀치, 플라이어, 드라이버, 볼렌치세트",앵글그라인더,,,,False,,
granite4.1:8b,첼라 1개,success,플라이어,"플라이어, 드라이버, 라쳇렌치세트, 라돈측정기, 플라이어세트, 냉동라쳇렌치, 플라이어렌치, 드라이버세트, 열화상카메라, 앵글그라인더, 전동드라이버, 양용드라이버, 스냅링플라이어, 롱노즈플라이어, T핸드드라이버",스냅링플라이어,,,,False,,
granite4.1:8b,첼라 2개,success,플라이어,"플라이어, 드라이버, 라쳇렌치세트, 플라이어세트, 라돈측정기, 냉동라쳇렌치, 플라이어렌치, 열화상카메라, 드라이버세트, 앵글그라인더, 전동드라이버, 양용드라이버, 스냅링플라이어, 롱노즈플라이어, T핸드드라이버",스냅링플라이어,,,,False,,
granite4.1:8b,첼라 300,success,플라이어,"플라이어, 드라이버, 열화상카메라, 라돈측정기, 플라이어렌치, 플라이어세트, 라쳇렌치세트, 냉동라쳇렌치, 드라이버세트, 전동드라이버, 앵글그라인더, 양용드라이버, 스냅링플라이어, 롱노즈플라이어, 임팩트드라이버",플라이어,,,,False,워터펌프플라이어,False
granite4.1:8b,첼라 300mm,success,플라이어,"플라이어, 드라이버, 열화상카메라, 라돈측정기, 플라이어렌치, 냉동라쳇렌치, 라쳇렌치세트, 플라이어세트, 앵글그라인더, 드라이버세트, 전동드라이버, 롱노즈플라이어, 양용드라이버, 스냅링플라이어, 정밀드라이버세트",롱노즈플라이어,,,길이 300mm,False,,
granite4.1:8b,첼라(1),success,드라이버,"드라이버, 플라이어, 라돈측정기, 냉동라쳇렌치, 열화상카메라, 앵글그라인더, 라쳇렌치세트, 전동드라이버, 플라이어렌치, 드라이버세트, 플라이어세트, 양용드라이버, 임팩트드라이버, 스냅링플라이어, 롱노즈플라이어",스냅링플라이어,,,,False,,
granite4.1:8b,"첼라(10#,12#)",success,드라이버,"드라이버, 플라이어, 냉동라쳇렌치, 라돈측정기, 라쳇렌치세트, 드라이버세트, 플라이어세트, 열화상카메라, 전동드라이버, 앵글그라인더, 플라이어렌치, 양용드라이버, 스냅링플라이어, 롱노즈플라이어, 임팩트드라이버",드라이버,,,"크기: 10#, 12#",True,,
granite4.1:8b,첼라(10'),success,드라이버,"드라이버, 플라이어, 냉동라쳇렌치, 라돈측정기, 열화상카메라, 플라이어렌치, 라쳇렌치세트, 전동드라이버, 앵글그라인더, 플라이어세트, 양용드라이버, 드라이버세트, 임팩트드라이버, 롱노즈플라이어, 스냅링플라이어",롱노즈플라이어,,,,False,,
granite4.1:8b,첼라(10) 3개,success,플라이어,"플라이어, 드라이버, 라돈측정기, 라쳇렌치세트, 플라이어세트, 냉동라쳇렌치, 드라이버세트, 플라이어렌치, 열화상카메라, 전동드라이버, 앵글그라인더, 롱노즈플라이어, 양용드라이버, 스냅링플라이어, 임팩트드라이버",플라이어세트,,,,False,,
granite4.1:8b,"첼라(10,12#)",success,드라이버,"드라이버, 플라이어, 냉동라쳇렌치, 라돈측정기, 라쳇렌치세트, 드라이버세트, 열화상카메라, 전동드라이버, 플라이어세트, 앵글그라인더, 플라이어렌치, 양용드라이버, 임팩트드라이버, 스냅링플라이어, 롱노즈플라이어",드라이버,,,,True,,
granite4.1:8b,첼라(10인치),success,앵글그라인더,"앵글그라인더, 전기인두, 냉동라쳇렌치, 플라이어렌치, 라쳇렌치세트, 렌치, 펜치, 망치, 옵셋렌치, 볼렌치, 센터펀치, 별렌치세트, 핀펀치, 플라이어, 돌망치",망치,,,10인치,False,,
granite4.1:8b,첼라(12'),success,드라이버,"드라이버, 플라이어, 냉동라쳇렌치, 열화상카메라, 라돈측정기, 플라이어렌치, 라쳇렌치세트, 양용드라이버, 전동드라이버, 앵글그라인더, 플라이어세트, 드라이버세트, 임팩트드라이버, 스냅링플라이어, 롱노즈플라이어",드라이버,,,,True,,
granite4.1:8b,첼라(2),success,드라이버,"드라이버, 플라이어, 냉동라쳇렌치, 라돈측정기, 열화상카메라, 라쳇렌치세트, 앵글그라인더, 플라이어렌치, 전동드라이버, 플라이어세트, 양용드라이버, 드라이버세트, 롱노즈플라이어, 스냅링플라이어, 임팩트드라이버",니퍼,,,,False,,
granite4.1:8b,첼라(대),success,대패,"대패, 쇠지렛대, 석고대패, 드라이버, 플라이어, 열화상카메라, 냉동라쳇렌치, 라쳇렌치세트, 플라이어렌치, 앵글그라인더, 전동드라이버, 라돈측정기, 플라이어세트, 양용드라이버, 드라이버세트",대패,,,,False,,
granite4.1:8b,첼라(소),success,직소기,"직소기, 소켓렌치세트, 스프링배관청소기, 드라이버, 플라이어, 열화상카메라, 냉동라쳇렌치, 라쳇렌치세트, 전동드라이버, 라돈측정기, 앵글그라인더, 플라이어렌치, 플라이어세트, 양용드라이버, 드라이버세트",플라이어,,,,False,,
granite4.1:8b,첼라(워터펌프 플라이어),success,워터펌프플라이어,"워터펌프플라이어, 플라이어, 플라이어렌치, 플라이어세트, 에어펌프, 스냅링플라이어, 롱노즈플라이어, 굽은노즈플라이어, 자전거펌프, 다이아고날플라이어, 바이스그립플라이어, 드라이버, 클램프미터, 에어컴프레서, 와이어스트리퍼",워터펌프플라이어,,,,False,,
granite4.1:8b,첼라(워터펌프플라이어),success,워터펌프플라이어,"워터펌프플라이어, 플라이어, 스냅링플라이어, 에어펌프, 플라이어렌치, 플라이어세트, 자전거펌프, 롱노즈플라이어, 바이스그립플라이어, 굽은노즈플라이어, 다이아고날플라이어, 에어컴프레서, 와이어스트리퍼, 클램프미터, 드라이버",워터펌프플라이어,,,,False,,
granite4.1:8b,첼라(워터펌프플라이어)12',success,워터펌프플라이어,"워터펌프플라이어, 플라이어, 스냅링플라이어, 플라이어렌치, 에어펌프, 플라이어세트, 자전거펌프, 바이스그립플라이어, 롱노즈플라이어, 굽은노즈플라이어, 다이아고날플라이어, 와이어스트리퍼, 에어컴프레서, 드라이버, 클램프미터",워터펌프플라이어,,,12'',False,,
granite4.1:8b,첼라(워터펌프플라이어)12'',success,워터펌프플라이어,"워터펌프플라이어, 플라이어, 스냅링플라이어, 플라이어렌치, 플라이어세트, 에어펌프, 자전거펌프, 바이스그립플라이어, 굽은노즈플라이어, 롱노즈플라이어, 다이아고날플라이어, 와이어스트리퍼, 에어컴프레서, 클램프미터, 드라이버",워터펌프플라이어,,,,False,,
granite4.1:8b,첼라12',success,드라이버,"드라이버, 플라이어, 냉동라쳇렌치, 열화상카메라, 라돈측정기, 드라이버세트, 라쳇렌치세트, 플라이어렌치, 전동드라이버, 플라이어세트, 양용드라이버, 앵글그라인더, T핸드드라이버, 스냅링플라이어, 임팩트드라이버",드라이버,,,,True,,
granite4.1:8b,초경 홀쏘,success,보안경,"보안경, 왕복톱(레시프로쏘), 만능렌치, 직소기, 로터리해머드릴, 고속절단기, 고압세척기, 해머드릴, 정밀드라이버세트, T핸드드라이버, 끌세트, 충전드릴, 전선릴, 롱노즈플라이어, 충전해머드릴",보안경,,,,False,,
granite4.1:8b,초정밀드라이버,success,정밀드라이버세트,"정밀드라이버세트, 드라이버, 전동드라이버, 임팩트드라이버, 양용드라이버, 드라이버세트, T핸드드라이버, 충전임팩트드라이버, 라돈측정기, 플라이어, 스냅링플라이어, 레이저거리측정기, 롱노즈플라이어, 플라이어렌치, 워터펌프플라이어",정밀드라이버세트,,,,False,,
granite4.1:8b,축구공,success,공구함,"공구함, 공구세트, 공구함세트, 전동공구세트, 목공톱, 목공줄, 목공용접톱, 편구스패너, 목공용드릴비트, 철공용드릴비트, 센터펀치, 철공용드릴비트세트, 핀펀치, 열풍기, 에어펌프",공구함,,,,False,,
granite4.1:8b,충전 / 휴대용 에어펌프 / 공기압 주입기,success,에어펌프,"에어펌프, 충전드릴, 자전거펌프, 충전해머드릴, 에어컴프레서, 전동압착기, 워터펌프플라이어, 에어건, 충전임팩트드라이버, 에어타카, 고압세척기, 열풍기, 송풍기, 검전기, 전기인두",에어펌프,,충전식,,False,,
granite4.1:8b,충전 그라인더,success,앵글그라인더,"앵글그라인더, 충전드릴, 충전해머드릴, 충전임팩트드라이버, 전기인두, 샌더, 그립망치, 전동드라이버, 바이스그립플라이어, 플라이어, 전동압착기, 플라이어렌치, 드라이버, 스냅링플라이어, 양용드라이버",앵글그라인더,,충전식,,False,앵글그라인더,True
granite4.1:8b,충전 드라이버 드릴,success,충전드릴,"충전드릴, 충전임팩트드라이버, 충전해머드릴, 드라이버, 전동드라이버, 드라이버세트, 양용드라이버, T핸드드라이버, 임팩트드라이버, 전동드릴, 정밀드라이버세트, 드릴비트, 임팩트드릴, 해머드릴, SDS드릴비트",충전드릴,,충전식(무선),,False,,
granite4.1:8b,충전 드라이버/렌치,success,충전임팩트드라이버,"충전임팩트드라이버, 드라이버, 전동드라이버, 충전드릴, 드라이버세트, 양용드라이버, T핸드드라이버, 임팩트드라이버, 충전해머드릴, 플라이어렌치, 렌치, 정밀드라이버세트, 만능렌치, 라쳇렌치세트, 육각렌치",충전임팩트드라이버,,충전식(무선),,True,,
granite4.1:8b,충전 드라이버드릴,success,충전드릴,"충전드릴, 충전임팩트드라이버, 충전해머드릴, 드라이버, 전동드라이버, 드라이버세트, 양용드라이버, T핸드드라이버, 임팩트드라이버, 전동드릴, 정밀드라이버세트, 드릴비트, 해머드릴, 임팩트드릴, SDS드릴비트",충전드릴,,충전식(무선),,False,,
granite4.1:8b,충전 드라이버드릴(16V),success,충전드릴,"충전드릴, 충전임팩트드라이버, 충전해머드릴, 드라이버, 전동드라이버, 드라이버세트, 양용드라이버, T핸드드라이버, 임팩트드라이버, 전동드릴, 정밀드라이버세트, 해머드릴, 임팩트드릴, 드릴비트, SDS드릴비트",충전드릴,,충전식,,False,,
granite4.1:8b,충전 드라이버드릴(18V),success,충전드릴,"충전드릴, 충전임팩트드라이버, 충전해머드릴, 드라이버, 전동드라이버, 드라이버세트, 양용드라이버, T핸드드라이버, 임팩트드라이버, 전동드릴, 정밀드라이버세트, 드릴비트, 해머드릴, 임팩트드릴, SDS드릴비트",충전드릴,,충전식,,False,,
granite4.1:8b,충전 드릴,success,충전드릴,"충전드릴, 충전해머드릴, 전동드릴, 충전임팩트드라이버, 임팩트드릴, 해머드릴, 드릴비트, 드릴비트세트, 철공용드릴비트, SDS드릴비트, 목공용드릴비트, 로터리해머드릴, 철공용드릴비트세트, 전선릴, 콘크리트드릴비트세트",충전드릴,,충전식(무선),,False,,
granite4.1:8b,충전 드릴 드라이버,success,충전드릴,"충전드릴, 충전임팩트드라이버, 충전해머드릴, 드라이버, 전동드라이버, 양용드라이버, 드라이버세트, T핸드드라이버, 임팩트드라이버, 전동드릴, 정밀드라이버세트, 드릴비트, 임팩트드릴, 해머드릴, SDS드릴비트",충전드릴,,충전식(무선),,False,,
granite4.1:8b,충전 멀티커터,success,멀티테스터,"멀티테스터, 커터, 충전드릴, 충전해머드릴, 커터칼, 충전임팩트드라이버, 케이블컷터, 볼트컷터, 배터리팩, 타일컷터, PVC컷터, 전정톱, 카운터싱크, 전동압착기, 전동공구세트",멀티테스터,,,,False,,
granite4.1:8b,충전 무선글루건,success,글루건,"글루건, 충전드릴, 충전해머드릴, 글루스틱, 충전임팩트드라이버, 전선릴, 에어건, 실리콘건, 적외선온도계, 앵글그라인더, 전기인두, 고무망치, 전동압착기, 빠루망치, 배터리팩",충전드릴,,충전식(무선),,False,,
granite4.1:8b,충전 미니 드릴,success,충전드릴,"충전드릴, 충전해머드릴, 전동드릴, 충전임팩트드라이버, 임팩트드릴, 해머드릴, 드릴비트, 드릴비트세트, SDS드릴비트, 철공용드릴비트, 목공용드릴비트, 철공용드릴비트세트, 로터리해머드릴, 콘크리트드릴비트세트, 콘크리트용드릴비트",충전드릴,,충전식(무선),,False,,
granite4.1:8b,충전 미니 송풍기,success,송풍기,"송풍기, 열풍기, 충전드릴, 충전해머드릴, 충전임팩트드라이버, 전동압착기, 전기인두, 클램프미터, 검전기, 직소기, 전자산업용니퍼, 고압세척기, 전정톱, 스프링배관청소기, 전지가위",송풍기,,배터리,,True,,
granite4.1:8b,충전 브로와,success,충전드릴,"충전드릴, 충전해머드릴, 충전임팩트드라이버, 안전로프, 와이어스트리퍼, 로터리해머드릴, 전지가위, 전정톱, 전기인두, 왕복톱(레시프로쏘), 안전모, 전동드릴, 전선릴, 전동압착기, 전동타카",충전드릴,,충전식(무선),,False,,
granite4.1:8b,충전 송풍기,success,송풍기,"송풍기, 열풍기, 충전드릴, 충전해머드릴, 충전임팩트드라이버, 전동압착기, 검전기, 전기인두, 고압세척기, 직소기, 전정톱, 스프링배관청소기, 자전거펌프, 전지가위, 에어컴프레서",송풍기,,배터리,,True,,
granite4.1:8b,충전 스크류 드라이버,success,충전임팩트드라이버,"충전임팩트드라이버, 드라이버, 전동드라이버, 충전드릴, 드라이버세트, 양용드라이버, 임팩트드라이버, T핸드드라이버, 충전해머드릴, 정밀드라이버세트, 스크레퍼, 스냅링플라이어, 방진마스크, 플라이어, 바이스그립플라이어",충전임팩트드라이버,,충전식,,False,,
granite4.1:8b,충전 스크류드라이버,success,충전임팩트드라이버,"충전임팩트드라이버, 드라이버, 전동드라이버, 충전드릴, 드라이버세트, 양용드라이버, 임팩트드라이버, T핸드드라이버, 충전해머드릴, 정밀드라이버세트, 스크레퍼, 스냅링플라이어, 방진마스크, 바이스그립플라이어, 플라이어",충전임팩트드라이버,,충전식(무선),,False,,
granite4.1:8b,충전 임팩 드라이버,success,충전임팩트드라이버,"충전임팩트드라이버, 임팩트드라이버, 드라이버, 전동드라이버, 충전드릴, 양용드라이버, 임팩트드릴, 드라이버세트, 충전해머드릴, T핸드드라이버, 정밀드라이버세트, 배터리팩, 플라이어, 바이스그립플라이어, 스냅링플라이어",충전임팩트드라이버,,,,False,,
granite4.1:8b,충전 임팩 전동드릴,success,충전드릴,"충전드릴, 전동드릴, 임팩트드릴, 충전임팩트드라이버, 충전해머드릴, 전동드라이버, 임팩트드라이버, 전동타카, 전동압착기, 전동공구세트, 해머드릴, 전선릴, 배터리팩, 로터리해머드릴, 전정톱",충전임팩트드라이버,,충전식(무선),,False,,
granite4.1:8b,충전 임팩드라이버,success,충전임팩트드라이버,"충전임팩트드라이버, 임팩트드라이버, 드라이버, 전동드라이버, 충전드릴, 임팩트드릴, 양용드라이버, 충전해머드릴, 드라이버세트, T핸드드라이버, 정밀드라이버세트, 배터리팩, 플라이어, 스냅링플라이어, 바이스그립플라이어",충전임팩트드라이버,,충전식(무선),,False,충전임팩트드라이버,True
granite4.1:8b,충전 임팩드릴,success,충전드릴,"충전드릴, 임팩트드릴, 충전임팩트드라이버, 충전해머드릴, 임팩트드라이버, 전동드릴, 해머드릴, 배터리팩, 로터리해머드릴, 드릴비트, 전선릴, 드릴비트세트, 철공용드릴비트, 목공용드릴비트, SDS드릴비트",충전임팩트드라이버,,충전식(무선),,False,,
granite4.1:8b,충전 임팩전동드릴,success,충전드릴,"충전드릴, 전동드릴, 임팩트드릴, 충전임팩트드라이버, 충전해머드릴, 전동드라이버, 임팩트드라이버, 전동압착기, 전동타카, 전동공구세트, 해머드릴, 전선릴, 로터리해머드릴, 배터리팩, 드릴비트",충전임팩트드라이버,,충전식(무선),,False,,
granite4.1:8b,충전 임팩트 드라이버,success,충전임팩트드라이버,"충전임팩트드라이버, 임팩트드라이버, 임팩트드릴, 드라이버, 전동드라이버, 충전드릴, 드라이버세트, 양용드라이버, T핸드드라이버, 충전해머드릴, 정밀드라이버세트, 배터리팩, 플라이어, 플라이어세트, 스냅링플라이어",충전임팩트드라이버,,충전식(무선),,True,,
granite4.1:8b,충전 임팩트 드라이버(Aimsak AI 414M),success,충전임팩트드라이버,"충전임팩트드라이버, 임팩트드라이버, 임팩트드릴, 드라이버, 전동드라이버, 충전드릴, 드라이버세트, 양용드라이버, T핸드드라이버, 충전해머드릴, 정밀드라이버세트, A형사다리, 배터리팩, 플라이어, 플라이어세트",충전임팩트드라이버,아임삭,충전식(무선),,True,,
granite4.1:8b,충전 전동 드라이버,success,전동드라이버,"전동드라이버, 충전임팩트드라이버, 충전드릴, 드라이버, 충전해머드릴, 양용드라이버, 드라이버세트, 전동드릴, 임팩트드라이버, T핸드드라이버, 전동타카, 전동압착기, 정밀드라이버세트, 전동공구세트, 플라이어",전동드라이버,,충전식,,True,,
granite4.1:8b,충전 전동 해머드릴 (무선),success,충전해머드릴,"충전해머드릴, 해머드릴, 충전드릴, 전동드릴, 로터리해머드릴, 전선릴, 충전임팩트드라이버, 전동압착기, 전동드라이버, 전동타카, 전동공구세트, 임팩트드릴, 드릴비트, 목공용드릴비트, 철공용드릴비트",충전해머드릴,,충전식(무선),,False,,
granite4.1:8b,충전 전동그라인더,success,앵글그라인더,"앵글그라인더, 충전드릴, 충전해머드릴, 충전임팩트드라이버, 전동드라이버, 전동드릴, 전동압착기, 전동타카, 전동공구세트, 전기인두, 전선릴, 전정톱, 전지가위, 샌더, 검전기",앵글그라인더,,충전식,,False,,
granite4.1:8b,충전 전동드릴,success,충전드릴,"충전드릴, 전동드릴, 충전해머드릴, 전동드라이버, 충전임팩트드라이버, 전동압착기, 전동타카, 전동공구세트, 전선릴, 임팩트드릴, 해머드릴, 드릴비트, 로터리해머드릴, 전정톱, SDS드릴비트",충전드릴,,충전식,,False,충전드릴,True
granite4.1:8b,충전 전동드릴(계양),success,충전드릴,"충전드릴, 전동드릴, 충전해머드릴, 전동드라이버, 전동압착기, 충전임팩트드라이버, 전동타카, 전동공구세트, 임팩트드릴, 전선릴, 해머드릴, 드릴비트, SDS드릴비트, 로터리해머드릴, 철공용드릴비트",충전드릴,계양,충전식,,False,충전드릴,True
granite4.1:8b,충전 전동드릴(보쉬),success,충전드릴,"충전드릴, 전동드릴, 충전해머드릴, 전동드라이버, 충전임팩트드라이버, 전동압착기, 전동타카, 전동공구세트, 임팩트드릴, 전선릴, 해머드릴, 드릴비트, 철공용드릴비트, SDS드릴비트, 로터리해머드릴",충전드릴,BOSCH,충전식,,False,충전드릴,True
granite4.1:8b,충전 전동드릴(아임삭),success,충전드릴,"충전드릴, 전동드릴, 충전해머드릴, 충전임팩트드라이버, 임팩트드릴, 전동드라이버, 전동압착기, 전동타카, 해머드릴, 전동공구세트, 전선릴, 드릴비트, 로터리해머드릴, 목공용드릴비트, 전정톱",충전드릴,아임삭,충전식,,False,충전드릴,True
granite4.1:8b,충전 콤보 세트,success,충전드릴,"충전드릴, 충전해머드릴, 충전임팩트드라이버, 세트, 전동공구세트, 공구세트, 탭세트, 비트세트, 끌세트, 공구함세트, 플라이어세트, 드라이버세트, 드릴비트세트, 볼렌치세트, 조합렌치세트",충전드릴,,충전식(무선),,False,,
granite4.1:8b,충전 함마드릴,success,충전드릴,"충전드릴, 충전해머드릴, 해머드릴, 전동드릴, 충전임팩트드라이버, 로터리해머드릴, 임팩트드릴, 드릴비트, 목공용드릴비트, 공구함, 드릴비트세트, 전선릴, SDS드릴비트, 철공용드릴비트, 연마석",충전해머드릴,,충전식(무선),,False,,
granite4.1:8b,충전 함마드릴 드라이버,success,충전드릴,"충전드릴, 충전해머드릴, 충전임팩트드라이버, 드라이버, 전동드라이버, 양용드라이버, 드라이버세트, T핸드드라이버, 임팩트드라이버, 정밀드라이버세트, 해머드릴, 전동드릴, 임팩트드릴, 로터리해머드릴, 드릴비트",충전해머드릴,,충전식(무선),,False,,
granite4.1:8b,충전 해머 드릴 드라이버,success,충전해머드릴,"충전해머드릴, 충전드릴, 충전임팩트드라이버, 해머드릴, 드라이버, 전동드라이버, 로터리해머드릴, 양용드라이버, 드라이버세트, T핸드드라이버, 임팩트드라이버, 정밀드라이버세트, 전동드릴, 임팩트드릴, 드릴비트",충전해머드릴,,충전식(무선),,False,,
granite4.1:8b,충전 해머드릴,success,충전해머드릴,"충전해머드릴, 해머드릴, 충전드릴, 로터리해머드릴, 충전임팩트드라이버, 전동드릴, 임팩트드릴, 드릴비트, 드릴비트세트, 철공용드릴비트, 목공용드릴비트, SDS드릴비트, 철공용드릴비트세트, 전선릴, 콘크리트드릴비트세트",충전해머드릴,,충전식(무선),,False,충전해머드릴,True
granite4.1:8b,충전 해머드릴 보쉬,success,충전해머드릴,"충전해머드릴, 해머드릴, 충전드릴, 로터리해머드릴, 충전임팩트드라이버, 전동드릴, 임팩트드릴, 드릴비트, 철공용드릴비트, 목공용드릴비트, 철공용드릴비트세트, 드릴비트세트, SDS드릴비트, 전선릴, 보안경",충전해머드릴,보쉬(BOSCH),충전식(무선),,False,,
granite4.1:8b,충전 해머드릴(콘크리트드릴),success,충전해머드릴,"충전해머드릴, 해머드릴, 충전드릴, 로터리해머드릴, 콘크리트드릴비트세트, 콘크리트용드릴비트, 콘크리트니퍼, 임팩트드릴, 전동드릴, 충전임팩트드라이버, 드릴비트, 철공용드릴비트, 드릴비트세트, SDS드릴비트, 목공용드릴비트",충전해머드릴,,충전식,,False,,
granite4.1:8b,충전 햄머드릴,success,충전해머드릴,"충전해머드릴, 충전드릴, 해머드릴, 로터리해머드릴, 충전임팩트드라이버, 전동드릴, 임팩트드릴, 드릴비트, 드릴비트세트, 철공용드릴비트, 목공용드릴비트, 철공용드릴비트세트, SDS드릴비트, 전선릴, 콘크리트드릴비트세트",충전해머드릴,,충전식(무선),,False,,
granite4.1:8b,충전 햄머드릴(18V),success,충전해머드릴,"충전해머드릴, 충전드릴, 해머드릴, 로터리해머드릴, 전동드릴, 충전임팩트드라이버, 임팩트드릴, 드릴비트, 드릴비트세트, 철공용드릴비트, SDS드릴비트, 전선릴, 철공용드릴비트세트, 목공용드릴비트, PVC컷터",충전해머드릴,,충전식,18V,False,,
granite4.1:8b,충전 헤머드릴,success,충전해머드릴,"충전해머드릴, 충전드릴, 해머드릴, 로터리해머드릴, 전동드릴, 충전임팩트드라이버, 임팩트드릴, 드릴비트, 드릴비트세트, 철공용드릴비트, 목공용드릴비트, SDS드릴비트, 철공용드릴비트세트, 전선릴, 콘크리트드릴비트세트",충전해머드릴,,충전식(무선),,False,충전해머드릴,True
granite4.1:8b,충전공구,success,충전드릴,"충전드릴, 공구함, 충전해머드릴, 전동공구세트, 공구세트, 공구함세트, 충전임팩트드라이버, 목공줄, 목공톱, 전동압착기, 전정톱, 편구스패너, 전동타카, 전기인두, 전지가위",충전드릴,,충전식(무선),,False,,
granite4.1:8b,충전그라인더,success,앵글그라인더,"앵글그라인더, 충전드릴, 충전해머드릴, 충전임팩트드라이버, 전기인두, 샌더, 바이스그립플라이어, 전동드라이버, 그립망치, 플라이어, 전동압착기, 플라이어렌치, 드라이버, 스냅링플라이어, 플라이어세트",앵글그라인더,,충전식(무선),,False,,
granite4.1:8b,충전기,success,충전드릴,"충전드릴, 충전해머드릴, 검전기, 충전임팩트드라이버, 전기인두, 전동압착기, 열풍기, 직소기, 송풍기, 전지가위, 수평기, 전정톱, 고압세척기, 고속절단기, 전동타카",충전드릴,,충전식,,False,,
granite4.1:8b,충전드라이버,success,충전임팩트드라이버,"충전임팩트드라이버, 충전드릴, 드라이버, 전동드라이버, 양용드라이버, 드라이버세트, 임팩트드라이버, 충전해머드릴, T핸드드라이버, 정밀드라이버세트, 플라이어, 스냅링플라이어, 플라이어렌치, 플라이어세트, 롱노즈플라이어",충전임팩트드라이버,,충전식,,True,전동드라이버,False
granite4.1:8b,충전드라이버 드릴,success,충전드릴,"충전드릴, 충전임팩트드라이버, 충전해머드릴, 드라이버, 전동드라이버, 양용드라이버, 드라이버세트, T핸드드라이버, 임팩트드라이버, 전동드릴, 정밀드라이버세트, 임팩트드릴, 해머드릴, 드릴비트, 철공용드릴비트",충전드릴,,충전식(무선),,False,,
granite4.1:8b,충전드라이버(대),success,충전임팩트드라이버,"충전임팩트드라이버, 충전드릴, 드라이버, 전동드라이버, 양용드라이버, 드라이버세트, 임팩트드라이버, 충전해머드릴, T핸드드라이버, 정밀드라이버세트, 플라이어, 롱노즈플라이어, 스냅링플라이어, 플라이어세트, 플라이어렌치",충전임팩트드라이버,,충전식,,True,,
granite4.1:8b,충전드라이버(소),success,충전임팩트드라이버,"충전임팩트드라이버, 충전드릴, 드라이버, 전동드라이버, 양용드라이버, 드라이버세트, 임팩트드라이버, T핸드드라이버, 충전해머드릴, 정밀드라이버세트, 플라이어, 직소기, 스냅링플라이어, 롱노즈플라이어, 플라이어세트",충전임팩트드라이버,,충전식,,True,,
granite4.1:8b,충전드라이버(소형),success,충전임팩트드라이버,"충전임팩트드라이버, 충전드릴, 드라이버, 전동드라이버, 양용드라이버, 드라이버세트, 임팩트드라이버, T핸드드라이버, 충전해머드릴, 정밀드라이버세트, 플라이어, 직소기, 스냅링플라이어, 롱노즈플라이어, 다이아고날플라이어",충전드릴,,충전식,소형,False,,
granite4.1:8b,충전드라이버드릴,success,충전드릴,"충전드릴, 충전임팩트드라이버, 충전해머드릴, 드라이버, 전동드라이버, 드라이버세트, 양용드라이버, T핸드드라이버, 전동드릴, 임팩트드라이버, 정밀드라이버세트, 임팩트드릴, 해머드릴, 드릴비트, SDS드릴비트",충전드릴,,충전식,,False,,
granite4.1:8b,충전드라이버드릴-AIMSAK B25L18DF,success,충전드릴,"충전드릴, 충전임팩트드라이버, 충전해머드릴, 드라이버, 전동드라이버, SDS드릴비트, 드라이버세트, 임팩트드라이버, 양용드라이버, T핸드드라이버, 전동드릴, 정밀드라이버세트, 임팩트드릴, 해머드릴, 드릴비트",충전드릴,아임삭,충전식(무선),,False,,
granite4.1:8b,충전드릴,success,충전드릴,"충전드릴, 충전해머드릴, 전동드릴, 충전임팩트드라이버, 임팩트드릴, 해머드릴, 드릴비트, 로터리해머드릴, SDS드릴비트, 철공용드릴비트, 드릴비트세트, 목공용드릴비트, 철공용드릴비트세트, 전선릴, 콘크리트드릴비트세트",충전드릴,,충전식(무선),,False,충전드릴,True
granite4.1:8b,충전드릴 (No. 1),success,충전드릴,"충전드릴, 충전해머드릴, 전동드릴, 충전임팩트드라이버, 임팩트드릴, 해머드릴, 드릴비트, 로터리해머드릴, 드릴비트세트, SDS드릴비트, 철공용드릴비트, 목공용드릴비트, 철공용드릴비트세트, 전선릴, 콘크리트드릴비트세트",충전드릴,,충전식(무선),,False,,
granite4.1:8b,충전드릴 1개,success,충전드릴,"충전드릴, 충전해머드릴, 전동드릴, 충전임팩트드라이버, 임팩트드릴, 해머드릴, 드릴비트, 드릴비트세트, 로터리해머드릴, 철공용드릴비트, SDS드릴비트, 목공용드릴비트, 철공용드릴비트세트, 전선릴, 콘크리트드릴비트세트",충전드릴,,충전식(무선),,False,,
granite4.1:8b,충전드릴 AD 314(2),success,충전드릴,"충전드릴, 충전해머드릴, 전동드릴, 충전임팩트드라이버, SDS드릴비트, 해머드릴, 임팩트드릴, 드릴비트, 철공용드릴비트, 드릴비트세트, 철공용드릴비트세트, 목공용드릴비트, 로터리해머드릴, 콘크리트용드릴비트, 전선릴",충전드릴,,충전식,,False,,
granite4.1:8b,충전드릴 드라이버,success,충전드릴,"충전드릴, 충전임팩트드라이버, 충전해머드릴, 드라이버, 전동드라이버, 양용드라이버, 드라이버세트, T핸드드라이버, 임팩트드라이버, 전동드릴, 정밀드라이버세트, 해머드릴, 임팩트드릴, 드릴비트, SDS드릴비트",충전드릴,,충전식(무선),,True,,
granite4.1:8b,충전드릴 드라이버세트,success,충전드릴,"충전드릴, 드라이버세트, 충전임팩트드라이버, 정밀드라이버세트, 충전해머드릴, 드라이버, 전동드라이버, 양용드라이버, 드릴비트세트, 임팩트드라이버, T핸드드라이버, 전동드릴, 철공용드릴비트세트, 콘크리트드릴비트세트, 플라이어세트",충전드릴,,,,False,,
granite4.1:8b,충전드릴 세트,success,충전드릴,"충전드릴, 충전해머드릴, 드릴비트세트, 전동드릴, 철공용드릴비트세트, 콘크리트드릴비트세트, 충전임팩트드라이버, 임팩트드릴, 세트, 전동공구세트, 공구세트, 드릴비트, 해머드릴, 드라이버세트, 끌세트",충전드릴,,충전식(무선),,False,,
granite4.1:8b,충전드릴(18V),success,충전드릴,"충전드릴, 충전해머드릴, 전동드릴, 충전임팩트드라이버, 임팩트드릴, 해머드릴, 드릴비트, SDS드릴비트, 철공용드릴비트, 드릴비트세트, 로터리해머드릴, 철공용드릴비트세트, 목공용드릴비트, 전선릴, 콘크리트용드릴비트",충전드릴,,충전식,18V,False,,
granite4.1:8b,충전드릴(DD-1801L-2S),success,충전드릴,"충전드릴, 충전해머드릴, SDS드릴비트, 전동드릴, 충전임팩트드라이버, LED손전등, LED작업등, 임팩트드릴, 해머드릴, LED투광기, 드릴비트, 드릴비트세트, 철공용드릴비트, 로터리해머드릴, 철공용드릴비트세트",충전드릴,,충전식,,False,,
granite4.1:8b,충전드릴(기리세트 별도),success,충전드릴,"충전드릴, 충전해머드릴, 드릴비트세트, 전동드릴, 콘크리트드릴비트세트, 철공용드릴비트세트, 충전임팩트드라이버, 임팩트드릴, 별렌치세트, 드릴비트, 콘크리트용드릴비트, 로터리해머드릴, 전동공구세트, 해머드릴, 공구세트",충전드릴,,충전식,,False,,
granite4.1:8b,충전드릴(무선),success,충전드릴,"충전드릴, 충전해머드릴, 전동드릴, 전선릴, 충전임팩트드라이버, 임팩트드릴, 해머드릴, 드릴비트, 로터리해머드릴, 드릴비트세트, 목공용드릴비트, SDS드릴비트, 철공용드릴비트, 철공용드릴비트세트, 콘크리트용드릴비트",충전드릴,,충전식(무선),,False,,
granite4.1:8b,충전드릴(소형),success,충전드릴,"충전드릴, 충전해머드릴, 전동드릴, 충전임팩트드라이버, 임팩트드릴, 해머드릴, 드릴비트, 철공용드릴비트, SDS드릴비트, 로터리해머드릴, 목공용드릴비트, 드릴비트세트, 철공용드릴비트세트, 콘크리트용드릴비트, 전선릴",충전드릴,,충전식,소형,False,,
granite4.1:8b,충전드릴14.4,success,충전드릴,"충전드릴, 충전해머드릴, 전동드릴, 충전임팩트드라이버, 임팩트드릴, 해머드릴, 드릴비트, 철공용드릴비트, SDS드릴비트, 로터리해머드릴, 목공용드릴비트, 드릴비트세트, 철공용드릴비트세트, 전선릴, 콘크리트용드릴비트",충전드릴,,충전식(무선),14.4V,False,,
granite4.1:8b,충전드릴3개,success,충전드릴,"충전드릴, 충전해머드릴, 전동드릴, 충전임팩트드라이버, 임팩트드릴, 해머드릴, 드릴비트, 드릴비트세트, 철공용드릴비트, SDS드릴비트, 로터리해머드릴, 철공용드릴비트세트, 목공용드릴비트, 콘크리트드릴비트세트, 전선릴",충전드릴,,충전식(무선),,False,,
granite4.1:8b,충전드릴드라이버,success,충전드릴,"충전드릴, 충전임팩트드라이버, 충전해머드릴, 드라이버, 전동드라이버, 양용드라이버, 드라이버세트, T핸드드라이버, 임팩트드라이버, 전동드릴, 정밀드라이버세트, 드릴비트, 해머드릴, 임팩트드릴, SDS드릴비트",충전드릴,,충전식(무선),,False,,
granite4.1:8b,충전드릴세트,success,충전드릴,"충전드릴, 충전해머드릴, 드릴비트세트, 전동드릴, 철공용드릴비트세트, 콘크리트드릴비트세트, 충전임팩트드라이버, 임팩트드릴, 전동공구세트, 드릴비트, 세트, 공구세트, 드라이버세트, 끌세트, 해머드릴",충전드릴,,충전식(무선),,False,,
granite4.1:8b,충전드릴셋트 2개,success,충전드릴,"충전드릴, 충전해머드릴, 전동드릴, 드릴비트세트, 충전임팩트드라이버, 임팩트드릴, 콘크리트드릴비트세트, 드릴비트, 철공용드릴비트세트, SDS드릴비트, 해머드릴, 철공용드릴비트, 목공용드릴비트, 콘크리트용드릴비트, 로터리해머드릴",충전드릴,,충전식(무선),,False,,
granite4.1:8b,충전랜턴,success,충전드릴,"충전드릴, 충전해머드릴, 충전임팩트드라이버, 전정톱, 전기인두, 전동압착기, 전선릴, 전지가위, 전동타카, 검전기, LED손전등, 전동드릴, 자전거펌프, 안전장갑, 안전로프",LED손전등,,,,False,,
granite4.1:8b,충전멀티커터,success,멀티테스터,"멀티테스터, 커터, 충전드릴, 충전해머드릴, 커터칼, 충전임팩트드라이버, 볼트컷터, 케이블컷터, 배터리팩, 타일컷터, PVC컷터, 전정톱, 클램프미터, 전동공구세트, 전동압착기",커터,,,,False,,
granite4.1:8b,충전브로와,success,충전드릴,"충전드릴, 충전해머드릴, 충전임팩트드라이버, 안전로프, 와이어스트리퍼, 로터리해머드릴, 전지가위, 왕복톱(레시프로쏘), 전정톱, 전기인두, 안전모, 전선릴, 전동드릴, 전동압착기, 전동타카",충전드릴,,충전식,,False,,
granite4.1:8b,충전송풍기,success,송풍기,"송풍기, 열풍기, 충전드릴, 충전해머드릴, 충전임팩트드라이버, 전동압착기, 검전기, 고압세척기, 전기인두, 직소기, 스프링배관청소기, 전정톱, 전지가위, 고속절단기, 에어컴프레서",송풍기,,배터리,,True,송풍기,True
granite4.1:8b,충전송풍기베어툴,success,송풍기,"송풍기, 열풍기, 충전드릴, 충전해머드릴, 충전임팩트드라이버, 전동압착기, 기어렌치세트, 에어컴프레서, 플라이어렌치, 에어펌프, 고압세척기, 전정톱, 플라이어세트, 검전기, 스프링배관청소기",송풍기,,충전식,,True,,
granite4.1:8b,충전스크류드라이버,success,충전임팩트드라이버,"충전임팩트드라이버, 드라이버, 전동드라이버, 충전드릴, 드라이버세트, 양용드라이버, 임팩트드라이버, T핸드드라이버, 충전해머드릴, 정밀드라이버세트, 스크레퍼, 방진마스크, 스냅링플라이어, 바이스그립플라이어, 플라이어",충전임팩트드라이버,,충전식(무선),,False,,
granite4.1:8b,충전식 드라이버 드릴,success,충전드릴,"충전드릴, 충전임팩트드라이버, 충전해머드릴, 드라이버, 전동드라이버, 드라이버세트, 양용드라이버, T핸드드라이버, 임팩트드라이버, 전동드릴, 정밀드라이버세트, 임팩트드릴, 드릴비트, 해머드릴, 철공용드릴비트",충전드릴,,충전식(무선),,False,,
granite4.1:8b,충전식 드릴 1개,success,충전드릴,"충전드릴, 충전해머드릴, 전동드릴, 충전임팩트드라이버, 임팩트드릴, 해머드릴, 드릴비트, 드릴비트세트, 철공용드릴비트, 목공용드릴비트, 로터리해머드릴, SDS드릴비트, 철공용드릴비트세트, 콘크리트드릴비트세트, 콘크리트용드릴비트",충전드릴,,충전식(무선),,False,,
granite4.1:8b,충전식 볼 그립 드라이버,success,충전임팩트드라이버,"충전임팩트드라이버, 드라이버, 전동드라이버, 충전드릴, 양용드라이버, 드라이버세트, T핸드드라이버, 임팩트드라이버, 충전해머드릴, 그립망치, 바이스그립플라이어, 정밀드라이버세트, 볼트컷터, 플라이어, 전동드릴",충전임팩트드라이버,,충전식,,False,,
granite4.1:8b,충전식 송풍기,success,송풍기,"송풍기, 열풍기, 충전드릴, 충전해머드릴, 충전임팩트드라이버, 전동압착기, 검전기, 전기인두, 고압세척기, 직소기, 전정톱, 스프링배관청소기, 전지가위, 고속절단기, 에어컴프레서",송풍기,,배터리,,True,,
granite4.1:8b,충전식 스크류 드라이버,success,충전임팩트드라이버,"충전임팩트드라이버, 드라이버, 전동드라이버, 충전드릴, 드라이버세트, 양용드라이버, 임팩트드라이버, T핸드드라이버, 충전해머드릴, 정밀드라이버세트, 스크레퍼, 방진마스크, 스냅링플라이어, 플라이어, 바이스그립플라이어",충전임팩트드라이버,,충전식,,False,,
granite4.1:8b,충전식 작업등,success,LED작업등,"LED작업등, 충전드릴, 충전해머드릴, 충전임팩트드라이버, LED손전등, 전자산업용니퍼, 전동공구세트, 전정톱, 전지가위, 배터리팩, 전동압착기, 안전장갑, 전기인두, 전동타카, 검전기",LED작업등,,충전식,,False,,
granite4.1:8b,충전식 전기드릴(10.8v),success,충전드릴,"충전드릴, 충전해머드릴, 전동드릴, 전기인두, 검전기, 충전임팩트드라이버, 임팩트드릴, 해머드릴, 전선릴, 드릴비트, 전동압착기, 목공용드릴비트, 철공용드릴비트, 드릴비트세트, SDS드릴비트",충전드릴,,충전식,10.8V,False,,
granite4.1:8b,"충전식 전기드릴(18v-2,0Ah, 3,0Ah)",success,충전드릴,"충전드릴, 충전해머드릴, 전동드릴, 검전기, 전기인두, 충전임팩트드라이버, A형사다리, 임팩트드릴, 해머드릴, 전선릴, 전동압착기, 드릴비트, 철공용드릴비트, SDS드릴비트, 드릴비트세트",충전드릴,,배터리,"18V-2.0Ah, 3.0Ah",False,,
granite4.1:8b,충전식 전동드릴,success,충전드릴,"충전드릴, 전동드릴, 충전해머드릴, 전동드라이버, 전동압착기, 전동타카, 충전임팩트드라이버, 전동공구세트, 전선릴, 임팩트드릴, 해머드릴, 드릴비트, 전정톱, 철공용드릴비트, 로터리해머드릴",충전드릴,,충전식,,False,,
granite4.1:8b,충전식 전동드릴(1),success,충전드릴,"충전드릴, 전동드릴, 충전해머드릴, 전동드라이버, 전동압착기, 전동타카, 충전임팩트드라이버, 전동공구세트, 임팩트드릴, 전선릴, 해머드릴, 드릴비트, 로터리해머드릴, 철공용드릴비트, 드릴비트세트",충전드릴,,충전식,,False,,
granite4.1:8b,충전식 전동드릴(2),success,충전드릴,"충전드릴, 전동드릴, 충전해머드릴, 전동드라이버, 전동압착기, 전동타카, 충전임팩트드라이버, 전동공구세트, 임팩트드릴, 전선릴, 해머드릴, 드릴비트, 로터리해머드릴, 철공용드릴비트, SDS드릴비트",충전드릴,,충전식,2,False,,
granite4.1:8b,충전식 전동드릴(3),success,충전드릴,"충전드릴, 전동드릴, 충전해머드릴, 전동드라이버, 전동압착기, 전동타카, 충전임팩트드라이버, 전동공구세트, 임팩트드릴, 전선릴, 해머드릴, 드릴비트, 로터리해머드릴, 철공용드릴비트, 드릴비트세트",충전드릴,,충전식,3,False,,
granite4.1:8b,충전식 전동드릴A,success,충전드릴,"충전드릴, 전동드릴, 충전해머드릴, 전동드라이버, 전동타카, 전동압착기, 충전임팩트드라이버, 전동공구세트, 임팩트드릴, 전선릴, 해머드릴, 드릴비트, 철공용드릴비트, 목공용드릴비트, 드릴비트세트",전동드릴,,충전식,,False,,
granite4.1:8b,충전식 전동드릴B,success,충전드릴,"충전드릴, 전동드릴, 충전해머드릴, 전동드라이버, 충전임팩트드라이버, 전동압착기, 전동타카, 전동공구세트, 전선릴, 임팩트드릴, 해머드릴, 드릴비트, 철공용드릴비트, SDS드릴비트, 드릴비트세트",충전드릴,,충전식(무선),,False,,
granite4.1:8b,충전식 전동톱,success,충전드릴,"충전드릴, 충전해머드릴, 전정톱, 전동타카, 전동드릴, 전동압착기, 전동공구세트, 전동드라이버, 충전임팩트드라이버, 원형톱, 톱, 접톱, 테이블톱, 전지가위, 목공톱",전동타카,,충전식,,False,,
granite4.1:8b,충전식 타카,success,타카,"타카, 전동타카, 충전드릴, 손타카, 타카핀, 건타카, 충전해머드릴, 에어타카, 충전임팩트드라이버, 타일컷터, 핸드카트, 전정톱, 전동압착기, 카운터싱크, 전기인두",충전드릴,,배터리,,False,,
granite4.1:8b,"충전식 타카, 타카핀세트",success,타카핀,"타카핀, 타카, 전동타카, 손타카, 건타카, 에어타카, 충전드릴, 충전해머드릴, 세트, 충전임팩트드라이버, 탭세트, 공구세트, 전동공구세트, 비트세트, 공구함세트",전동타카,,충전식,,False,,
granite4.1:8b,충전식LED랜턴,success,LED손전등,"LED손전등, LED작업등, LED투광기, 충전드릴, 충전해머드릴, 충전임팩트드라이버, 전정톱, 전지가위, 전기인두, 전동압착기, 배터리팩, 전동타카, 전선릴, 라돈측정기, 안전장갑",LED손전등,,충전식(무선),,False,,
granite4.1:8b,충전식드릴 임펙트,success,충전드릴,"충전드릴, 충전해머드릴, 임팩트드릴, 충전임팩트드라이버, 전동드릴, 임팩트드라이버, 드릴비트, 해머드릴, 드릴비트세트, 철공용드릴비트, 목공용드릴비트, 철공용드릴비트세트, 콘크리트드릴비트세트, SDS드릴비트, 콘크리트용드릴비트",충전임팩트드라이버,,충전식(무선),,False,,
granite4.1:8b,충전식스크류드라이버,success,충전임팩트드라이버,"충전임팩트드라이버, 드라이버, 전동드라이버, 충전드릴, 드라이버세트, 양용드라이버, 임팩트드라이버, T핸드드라이버, 충전해머드릴, 정밀드라이버세트, 스크레퍼, 방진마스크, 스냅링플라이어, 바이스그립플라이어, 플라이어",충전임팩트드라이버,,충전식(무선),,False,,
granite4.1:8b,충전식임펙트드릴,success,충전드릴,"충전드릴, 임팩트드릴, 충전해머드릴, 충전임팩트드라이버, 전동드릴, 임팩트드라이버, 콘크리트드릴비트세트, 해머드릴, 드릴비트, 드릴비트세트, 철공용드릴비트, 철공용드릴비트세트, 목공용드릴비트, SDS드릴비트, 로터리해머드릴",충전임팩트드라이버,,충전식(무선),,False,,
granite4.1:8b,충전식전동드릴,success,충전드릴,"충전드릴, 전동드릴, 충전해머드릴, 전동드라이버, 전동압착기, 충전임팩트드라이버, 전동타카, 전동공구세트, 전선릴, 임팩트드릴, 해머드릴, 드릴비트, 철공용드릴비트, 목공용드릴비트, 로터리해머드릴",충전드릴,,충전식,,False,,
granite4.1:8b,충전식전동드릴(1),success,충전드릴,"충전드릴, 전동드릴, 충전해머드릴, 전동드라이버, 전동압착기, 충전임팩트드라이버, 전동타카, 전동공구세트, 임팩트드릴, 전선릴, 해머드릴, 드릴비트, 로터리해머드릴, 철공용드릴비트, 드릴비트세트",충전드릴,,충전식,,False,,
granite4.1:8b,충전앰팩트드라이버,success,충전임팩트드라이버,"충전임팩트드라이버, 임팩트드라이버, 드라이버, 전동드라이버, 충전드릴, 양용드라이버, 드라이버세트, 충전해머드릴, 임팩트드릴, T핸드드라이버, 정밀드라이버세트, 배터리팩, 플라이어, 플라이어세트, 스냅링플라이어",충전임팩트드라이버,,충전식(무선),,False,,
granite4.1:8b,충전용 사포기계,success,충전드릴,"충전드릴, 충전해머드릴, 충전임팩트드라이버, 검전기, 사다리, 전동압착기, 전기인두, 전자산업용니퍼, 적외선온도계, A형사다리, 직소기, 목공용접톱, 열풍기, 전동공구세트, 송풍기",충전드릴,,충전식,,False,,
granite4.1:8b,충전용 해머드릴(전동드릴),success,충전해머드릴,"충전해머드릴, 해머드릴, 충전드릴, 전동드릴, 로터리해머드릴, 임팩트드릴, 전동드라이버, 충전임팩트드라이버, 철공용드릴비트, 목공용드릴비트, 드릴비트, 전동압착기, 철공용드릴비트세트, 전선릴, 드릴비트세트",충전해머드릴,,충전식,,False,,
granite4.1:8b,충전원형샌더,success,샌더,"샌더, 원형톱, 충전드릴, 충전해머드릴, 충전임팩트드라이버, 앵글그라인더, A형사다리, 전동압착기, 전정톱, 전동드라이버, 전동드릴, 전동타카, 전동공구세트, 자전거펌프, LED손전등",샌더,,충전식(무선),,False,,
granite4.1:8b,충전임팩,success,충전임팩트드라이버,"충전임팩트드라이버, 충전드릴, 충전해머드릴, 임팩트드릴, 임팩트드라이버, 배터리팩, 전기인두, 전정톱, 전지가위, 전동압착기, 전동타카, 전선릴, 안전장갑, 안전모, 안전로프",충전임팩트드라이버,,,,False,,
granite4.1:8b,충전임팩 드라이버,success,충전임팩트드라이버,"충전임팩트드라이버, 임팩트드라이버, 드라이버, 전동드라이버, 충전드릴, 양용드라이버, 드라이버세트, 충전해머드릴, 임팩트드릴, T핸드드라이버, 정밀드라이버세트, 배터리팩, 플라이어, 바이스그립플라이어, 스냅링플라이어",충전임팩트드라이버,,,,False,,
granite4.1:8b,충전임팩드라이버,success,충전임팩트드라이버,"충전임팩트드라이버, 임팩트드라이버, 드라이버, 전동드라이버, 충전드릴, 양용드라이버, 충전해머드릴, 드라이버세트, 임팩트드릴, T핸드드라이버, 정밀드라이버세트, 배터리팩, 플라이어, 바이스그립플라이어, 스냅링플라이어",충전임팩트드라이버,,충전식(무선),,False,충전임팩트드라이버,True
granite4.1:8b,충전임팩드라이버 18v,success,충전임팩트드라이버,"충전임팩트드라이버, 임팩트드라이버, 드라이버, 전동드라이버, 충전드릴, 양용드라이버, 임팩트드릴, 충전해머드릴, 드라이버세트, T핸드드라이버, 정밀드라이버세트, 배터리팩, 플라이어, 스냅링플라이어, 바이스그립플라이어",충전임팩트드라이버,,배터리,,False,,
granite4.1:8b,충전임팩드라이버 배터리,success,충전임팩트드라이버,"충전임팩트드라이버, 배터리팩, 임팩트드라이버, 드라이버, 전동드라이버, 충전드릴, 양용드라이버, 드라이버세트, 충전해머드릴, 임팩트드릴, T핸드드라이버, 정밀드라이버세트, 로터리해머드릴, 플라이어, 워터펌프플라이어",충전임팩트드라이버,,배터리,,False,,
granite4.1:8b,충전임팩드라이버 충전기,success,충전임팩트드라이버,"충전임팩트드라이버, 임팩트드라이버, 충전드릴, 충전해머드릴, 전동드라이버, 드라이버, 양용드라이버, 임팩트드릴, 드라이버세트, T핸드드라이버, 정밀드라이버세트, 전기인두, 검전기, 배터리팩, 전동압착기",충전임팩트드라이버,,충전식(무선),,False,,
granite4.1:8b,충전임팩드릴세트,success,충전임팩트드라이버,"충전임팩트드라이버, 충전드릴, 임팩트드릴, 충전해머드릴, 드릴비트세트, 임팩트드라이버, 전동드릴, 철공용드릴비트세트, 콘크리트드릴비트세트, 해머드릴, 전동공구세트, 세트, 공구세트, 탭세트, 드릴비트",충전임팩트드라이버,,충전식,,False,,
granite4.1:8b,충전임팩트드릴,success,임팩트드릴,"임팩트드릴, 충전임팩트드라이버, 충전드릴, 충전해머드릴, 임팩트드라이버, 전동드릴, 해머드릴, 콘크리트드릴비트세트, 드릴비트, 드릴비트세트, 철공용드릴비트, 목공용드릴비트, SDS드릴비트, 철공용드릴비트세트, 로터리해머드릴",임팩트드릴,,충전식(무선),,True,,
granite4.1:8b,충전전동드릴,success,충전드릴,"충전드릴, 전동드릴, 충전해머드릴, 전동드라이버, 충전임팩트드라이버, 전동압착기, 전동타카, 전동공구세트, 임팩트드릴, 전선릴, 해머드릴, 드릴비트, 철공용드릴비트, SDS드릴비트, 로터리해머드릴",충전드릴,,충전식,,False,충전드릴,True
granite4.1:8b,충전줌라이트,success,충전임팩트드라이버,"충전임팩트드라이버, 충전드릴, 충전해머드릴, 전동드라이버, 드라이버세트, 플라이어세트, 드라이버, 플라이어, 임팩트드라이버, 양용드라이버, 플라이어렌치, 스냅링플라이어, 정밀드라이버세트, 롱노즈플라이어, 바이스그립플라이어",충전드릴,,충전식(무선),,False,,
granite4.1:8b,충전컷소 베어툴,success,충전드릴,"충전드릴, 충전해머드릴, 충전임팩트드라이버, 볼트컷터, 케이블컷터, 타일컷터, PVC컷터, 직소기, 앤드컷팅니퍼, 스프링배관청소기, 전정톱, 소켓렌치세트, 플라이어세트, 플라이어, 스냅링플라이어",충전해머드릴,,충전식,,False,,
granite4.1:8b,충전컷소베어툴,success,충전드릴,"충전드릴, 충전해머드릴, 충전임팩트드라이버, 볼트컷터, 케이블컷터, 타일컷터, 직소기, PVC컷터, 소켓렌치세트, 앤드컷팅니퍼, 스프링배관청소기, 전정톱, 롱노즈플라이어, 스냅링플라이어, 플라이어세트",충전드릴,,충전식(무선),,False,,
granite4.1:8b,충전컷쏘,success,충전드릴,"충전드릴, 충전해머드릴, 충전임팩트드라이버, 볼트컷터, 케이블컷터, 타일컷터, PVC컷터, 왕복톱(레시프로쏘), 앤드컷팅니퍼, 전정톱, 안전모, 전기인두, 전선릴, 전동타카, 전동압착기",충전드릴,,충전식(무선),,False,,
granite4.1:8b,충전함마드릴,success,충전드릴,"충전드릴, 충전해머드릴, 전동드릴, 충전임팩트드라이버, 해머드릴, 임팩트드릴, 로터리해머드릴, 드릴비트, 공구함, 목공용드릴비트, 드릴비트세트, 철공용드릴비트, SDS드릴비트, 전선릴, 공구함세트",충전해머드릴,,충전식(무선),,False,,
granite4.1:8b,충전함마드릴(디월트),success,충전드릴,"충전드릴, 충전해머드릴, 충전임팩트드라이버, 전동드릴, 임팩트드릴, 해머드릴, 드릴비트, SDS드릴비트, 드릴비트세트, 목공용드릴비트, 로터리해머드릴, 철공용드릴비트, 콘크리트드릴비트세트, 철공용드릴비트세트, 콘크리트용드릴비트",충전해머드릴,디월트,충전식,,False,충전해머드릴,True
granite4.1:8b,충전함마드릴(충전해머드릴),success,충전해머드릴,"충전해머드릴, 충전드릴, 해머드릴, 로터리해머드릴, 충전임팩트드라이버, 전동드릴, 임팩트드릴, 드릴비트, 철공용드릴비트, 목공용드릴비트, 드릴비트세트, SDS드릴비트, 철공용드릴비트세트, 전선릴, 공구함",충전해머드릴,,충전식,,False,,
granite4.1:8b,충전함마드릴드라이버,success,충전드릴,"충전드릴, 충전임팩트드라이버, 충전해머드릴, 드라이버, 전동드라이버, 양용드라이버, 드라이버세트, T핸드드라이버, 임팩트드라이버, 정밀드라이버세트, 전동드릴, 해머드릴, 임팩트드릴, 로터리해머드릴, 드릴비트",충전해머드릴,,충전식(무선),,False,,
granite4.1:8b,충전함머드릴,success,충전해머드릴,"충전해머드릴, 충전드릴, 해머드릴, 로터리해머드릴, 전동드릴, 충전임팩트드라이버, 임팩트드릴, 드릴비트, 공구함, 드릴비트세트, 목공용드릴비트, 철공용드릴비트, SDS드릴비트, 철공용드릴비트세트, 공구함세트",충전해머드릴,,충전식(무선),,False,,
granite4.1:8b,충전해머드릴,success,충전해머드릴,"충전해머드릴, 충전드릴, 해머드릴, 로터리해머드릴, 충전임팩트드라이버, 전동드릴, 임팩트드릴, 드릴비트, 철공용드릴비트, 드릴비트세트, 목공용드릴비트, 철공용드릴비트세트, SDS드릴비트, 전선릴, 콘크리트드릴비트세트",충전해머드릴,,충전식(무선),,False,충전해머드릴,True
granite4.1:8b,충전해머드릴 보쉬,success,충전해머드릴,"충전해머드릴, 충전드릴, 해머드릴, 로터리해머드릴, 충전임팩트드라이버, 전동드릴, 임팩트드릴, 철공용드릴비트, 철공용드릴비트세트, 목공용드릴비트, 드릴비트, SDS드릴비트, 드릴비트세트, 전선릴, 보안경",충전해머드릴,보쉬(BOSCH),충전식(무선),,False,,
granite4.1:8b,충전해머드릴(GSB 18V-21),success,충전해머드릴,"충전해머드릴, 충전드릴, 해머드릴, 로터리해머드릴, SDS드릴비트, 충전임팩트드라이버, 전동드릴, 임팩트드릴, 드릴비트, 드릴비트세트, 철공용드릴비트, 철공용드릴비트세트, 목공용드릴비트, 콘크리트드릴비트세트, PVC컷터",충전해머드릴,,충전식,,False,,
granite4.1:8b,충전해머드릴(계양),success,충전해머드릴,"충전해머드릴, 충전드릴, 해머드릴, 로터리해머드릴, 충전임팩트드라이버, 전동드릴, 임팩트드릴, 드릴비트, 양용드라이버, 철공용드릴비트, SDS드릴비트, 드릴비트세트, 목공용드릴비트, 철공용드릴비트세트, 전선릴",충전해머드릴,계양,충전식,,False,충전해머드릴,True
granite4.1:8b,"충전해머드릴(계양, 아임삭)",success,충전해머드릴,"충전해머드릴, 충전드릴, 해머드릴, 로터리해머드릴, 충전임팩트드라이버, 임팩트드릴, 전동드릴, 드릴비트, 철공용드릴비트, 목공용드릴비트, SDS드릴비트, 양용드라이버, 철공용드릴비트세트, 드릴비트세트, 전선릴",충전해머드릴,"계양, 아임삭",충전식(무선),,False,,
granite4.1:8b,충전해머드릴(보쉬),success,충전해머드릴,"충전해머드릴, 충전드릴, 해머드릴, 로터리해머드릴, 충전임팩트드라이버, 전동드릴, 임팩트드릴, 철공용드릴비트, 철공용드릴비트세트, 드릴비트, 목공용드릴비트, SDS드릴비트, 드릴비트세트, 전선릴, 콘크리트드릴비트세트",충전해머드릴,BOSCH,충전식,,False,충전해머드릴,True
granite4.1:8b,충전해머드릴드라이버,success,충전해머드릴,"충전해머드릴, 충전드릴, 해머드릴, 충전임팩트드라이버, 로터리해머드릴, 드라이버, 전동드라이버, 양용드라이버, 드라이버세트, T핸드드라이버, 임팩트드라이버, 전동드릴, 정밀드라이버세트, 임팩트드릴, 드릴비트",충전해머드릴,,충전식(무선),,False,,
granite4.1:8b,충전햄머드릴,success,충전해머드릴,"충전해머드릴, 충전드릴, 해머드릴, 로터리해머드릴, 전동드릴, 충전임팩트드라이버, 임팩트드릴, 드릴비트, 드릴비트세트, 철공용드릴비트, 목공용드릴비트, SDS드릴비트, 철공용드릴비트세트, 전선릴, 콘크리트드릴비트세트",충전해머드릴,,충전식(무선),,False,충전해머드릴,True
granite4.1:8b,충전햄머드릴(16V MAX),success,충전해머드릴,"충전해머드릴, 충전드릴, 해머드릴, 로터리해머드릴, 전동드릴, 충전임팩트드라이버, 임팩트드릴, 드릴비트, 드릴비트세트, 철공용드릴비트, 목공용드릴비트, SDS드릴비트, PVC컷터, 철공용드릴비트세트, 전선릴",충전해머드릴,,충전식,16V MAX,False,,
granite4.1:8b,충전헤지커터,success,커터,"커터, 충전해머드릴, 충전드릴, 커터칼, 충전임팩트드라이버, 전지가위, 볼트컷터, 케이블컷터, 타일컷터, PVC컷터, 배터리팩, 쇠지렛대, 고지가위, 로터리해머드릴, 클램프미터",커터,,,,False,,
granite4.1:8b,층간소음측정기,success,라돈측정기,"라돈측정기, 레이저거리측정기, 직소기, 스프링배관청소기, 전정톱, 송풍기, 열풍기, 소켓렌치세트, 수평기, 고압세척기, 검전기, 전동압착기, 고속절단기, 레이저수평기, 디지털수평기",라돈측정기,,,,False,,
granite4.1:8b,침구 및 다목적 살균기,success,다목적가위,"다목적가위, 전동공구세트, 공구세트, 공구함, 열풍기, 편구스패너, 공구함세트, 직소기, 고압세척기, 스프링배관청소기, 송풍기, 다림추, 수평기, 목공톱, 검전기",다목적가위,,,,False,,
granite4.1:8b,침구류살균청소기,success,스프링배관청소기,"스프링배관청소기, 직소기, 공구세트, 전동공구세트, 공구함, 공구함세트, 편구스패너, 고압세척기, 라돈측정기, 소켓렌치세트, 열풍기, 수평기, 검전기, 송풍기, LED투광기",스프링배관청소기,,,,False,,
granite4.1:8b,침구청소기,success,스프링배관청소기,"스프링배관청소기, 직소기, 공구함, 공구세트, 고압세척기, 전동공구세트, 편구스패너, 송풍기, 열풍기, 검전기, 공구함세트, 수평기, 라돈측정기, 소켓렌치세트, 전동압착기",스프링배관청소기,,,,False,,
granite4.1:8b,카메라,success,열화상카메라,"열화상카메라, 핸드카트, 타카, 드라이버, 건타카, 카운터싱크, 전동타카, 플라이어, 에어타카, 손타카, 타카핀, 렌치, 전동드라이버, 임팩트드라이버, 라돈측정기",열화상카메라,,,,False,,
granite4.1:8b,카본손타카,success,손타카,"손타카, 타카, 건타카, 전동타카, 타카핀, 에어타카, 카운터싱크, 핸드카트, LED손전등, 타일컷터, 열화상카메라, 전정톱, 스패너세트, 쇠톱, 세트",손타카,,,,False,,
granite4.1:8b,카빙나이프,success,파이프렌치,"파이프렌치, 점프케이블, 타카핀, 타카, 카운터싱크, 안전로프, 바이스그립플라이어, F클램프, 클램프미터, 워터펌프플라이어, 에어펌프, 핸드카트, 전동타카, 손타카, 다이아고날플라이어",다이아고날플라이어,,,,False,,
granite4.1:8b,카타,success,타카,"타카, 건타카, 손타카, 타카핀, 전동타카, 에어타카, 핸드카트, 타일컷터, 카운터싱크, 열화상카메라, 커터, 비트세트, 볼트컷터, 커터칼, 케이블컷터",커터,,,,False,,
granite4.1:8b,카터기 1개,success,카운터싱크,"카운터싱크, 커터, 타카, 커터칼, 전동타카, 핸드카트, 볼트컷터, 열풍기, 배터리팩, 케이블컷터, 에어타카, 건타카, 손타카, 타일컷터, 직소기",커터,,,,False,,
granite4.1:8b,카트,success,핸드카트,"핸드카트, 타카, 전동타카, 건타카, 손타카, 타카핀, 카운터싱크, 비트세트, 에어타카, 세트, 볼트컷터, 열화상카메라, 끌세트, 커터, 공구세트",핸드카트,,,,False,,
granite4.1:8b,카트(끌차),success,핸드카트,"핸드카트, 끌세트, 타카, 전동타카, 손타카, 건타카, 에어타카, 타카핀, 볼트컷터, 세트, 카운터싱크, 열화상카메라, 콘크리트용드릴비트, 콘크리트드릴비트세트, 드릴비트세트",핸드카트,,,,False,,
granite4.1:8b,칼,success,커터칼,"커터칼, 커터, 타일컷터, 톱, 전동드릴, 대패, 케이블컷터, 볼트컷터, 임팩트드릴, 쇠톱, 충전드릴, 끌세트, 전선릴, 사다리, 테이블톱",커터칼,,,,False,,
granite4.1:8b,칼갈이,success,커터칼,"커터칼, 테이블톱, 케이블컷터, 드라이버, 바이스그립플라이어, 다이아고날플라이어, 점프케이블, 전동드라이버, 플라이어, 다이스세트, 스냅링플라이어, 파이프렌치, 와이어스트리퍼, 드라이버세트, T핸드드라이버",커터칼,,,,False,,
granite4.1:8b,칼라드라이버 24개,success,드라이버,"드라이버, 전동드라이버, 드라이버세트, 양용드라이버, 임팩트드라이버, T핸드드라이버, 정밀드라이버세트, 충전임팩트드라이버, 플라이어, 커터칼, 플라이어세트, 플라이어렌치, 다이아고날플라이어, 스냅링플라이어, 롱노즈플라이어",드라이버세트,,,,False,,
granite4.1:8b,캇쏘,success,왕복톱(레시프로쏘),"왕복톱(레시프로쏘), 커터, 커터칼, 카운터싱크, 케이블컷터, 쇠톱, 볼트컷터, 배터리팩, 건타카, 비트세트, 타카, 세트, 끌세트, 라쳇렌치세트, 사다리",쇠톱,,,,False,,
granite4.1:8b,캇쏘(1),success,왕복톱(레시프로쏘),"왕복톱(레시프로쏘), 커터, 카운터싱크, 케이블컷터, 커터칼, 쇠톱, 세트, 볼트컷터, 배터리팩, 사다리, 끌세트, 비트세트, 건타카, 드라이버, 타카",커터,,,,False,,
granite4.1:8b,캇타,success,타카,"타카, 건타카, 손타카, 전동타카, 에어타카, 타일컷터, 타카핀, 커터, 케이블컷터, 핸드카트, 볼트컷터, 커터칼, 줄자, 카운터싱크, 세트",타카,,,,False,,
granite4.1:8b,캇타칼 1개,success,커터칼,"커터칼, 타카, 건타카, 손타카, 타일컷터, 전동타카, 타카핀, 에어타카, 볼트컷터, 커터, 케이블컷터, 쇠톱, 임팩트드릴, 전정톱, 점프케이블",커터칼,,,,False,,
granite4.1:8b,"캇타칼, 날, 가위",success,철판가위,"철판가위, 다목적가위, 전지가위, 고지가위, 커터칼, 타카, 타일컷터, 손타카, 건타카, 전동타카, 타카핀, 가스토치, 에어타카, 다이아고날플라이어, 쇠톱",다목적가위,,,,False,,
granite4.1:8b,캇터 1개,success,커터,"커터, 커터칼, 케이블컷터, 볼트컷터, 타일컷터, PVC컷터, 배터리팩, 카운터싱크, 클램프미터, 멀티테스터, 센터펀치, 로터리해머드릴, 워터펌프플라이어, 스패너세트, 스크레퍼",커터,,,,False,,
granite4.1:8b,캐리어,success,버니어캘리퍼스,"버니어캘리퍼스, 와이어스트리퍼, 사다리, 배터리팩, 에어건, 장도리, 플라이어, 실리콘건, 에어펌프, 에어타카, 콘크리트니퍼, 에어컴프레서, 로터리해머드릴, A형사다리, 플라이어세트",사다리,,,,False,,
granite4.1:8b,캘리퍼3개,success,버니어캘리퍼스,"버니어캘리퍼스, 와이어스트리퍼, 콘크리트니퍼, 스크레퍼, 니퍼, 강력니퍼, 사다리, 앤드컷팅니퍼, 전자산업용니퍼, 배터리팩, 실리콘건, 로터리해머드릴, 레이저거리측정기, 케이블컷터, 커터",버니어캘리퍼스,,,,False,,
granite4.1:8b,캘리퍼스,success,버니어캘리퍼스,"버니어캘리퍼스, 와이어스트리퍼, 니퍼, 스크레퍼, 강력니퍼, 콘크리트니퍼, 앤드컷팅니퍼, 스패너, 전자산업용니퍼, 사다리, 실리콘건, 배터리팩, 바이스그립플라이어, 커터, 다이스세트",버니어캘리퍼스,,,,False,,
granite4.1:8b,캠핑 릴선,success,전선릴,"전선릴, 적외선온도계, 충전드릴, 전동드릴, 충전해머드릴, 드릴비트, 임팩트드릴, 드릴비트세트, 해머드릴, 로터리해머드릴, 콘크리트드릴비트세트, 콘크리트용드릴비트, 목공용드릴비트, SDS드릴비트, 철공용드릴비트",전선릴,,,,False,,
granite4.1:8b,캠핑 스텐레스 식기세트25pcs,success,스패너세트,"스패너세트, 다이스세트, 스크레퍼, 세트, 탭세트, 기어렌치세트, 공구세트, 공구함세트, 별렌치세트, 끌세트, 비트세트, 전동공구세트, T렌치세트, 육각렌치세트, 볼렌치세트",세트,,,,False,,
granite4.1:8b,캠핑등,success,LED작업등,"LED작업등, LED손전등, 배터리팩, 사다리, 열화상카메라, 안전장갑, 클램프미터, 케이블컷터, 점프케이블, F클램프, 공구세트, 자전거펌프, LED투광기, 테이블톱, 다목적가위",LED작업등,,,,False,,
granite4.1:8b,캠핑용 고기 불판,success,철판가위,"철판가위, 고속절단기, 고압세척기, 석고대패, 고무망치, 고지가위, 열풍기, 목공용접톱, 수평기, 송풍기, 직소기, 양용드라이버, 전자산업용니퍼, LED투광기, 검전기",철판가위,,,,False,,
granite4.1:8b,캠핑용 대용량 보조배터리,success,배터리팩,"배터리팩, 로터리해머드릴, 콘크리트용드릴비트, 대패, 양용드라이버, 철공용드릴비트, 목공용접톱, 철공용드릴비트세트, 전자산업용니퍼, 보안경, 조합렌치세트, 피스제거용비트, 목공용드릴비트, 쇠지렛대, 충전해머드릴",배터리팩,,,,False,,
granite4.1:8b,캠핑용 의자 (신),success,전자산업용니퍼,"전자산업용니퍼, 줄자, 직각자, 자전거펌프, 목공용접톱, 양용드라이버, 철공용드릴비트, 목공용드릴비트, 피스제거용비트, 콘크리트용드릴비트, 철공용드릴비트세트, 스패너세트, 안전장갑, 라쳇렌치세트, 렌치",목공용접톱,,,,False,,
granite4.1:8b,캠핑용 코펠세트,success,세트,"세트, 탭세트, 끌세트, 공구세트, 철공용드릴비트세트, 비트세트, 공구함세트, 스패너세트, 소켓렌치세트, T렌치세트, 다이스세트, 볼렌치세트, 라쳇렌치세트, 전동공구세트, 별렌치세트",탭세트,,,,False,,
granite4.1:8b,캠핑용 테이블,success,테이블톱,"테이블톱, 점프케이블, 케이블컷터, 양용드라이버, 목공용접톱, 탭세트, 멀티테스터, 콘크리트용드릴비트, 철공용드릴비트세트, 철공용드릴비트, 다목적가위, 플라이어세트, 전자산업용니퍼, 플라이어렌치, 철판가위",테이블톱,,,,False,,
granite4.1:8b,캠핑웨건,success,에어건,"에어건, 글루건, 건타카, 실리콘건, 기어렌치세트, 배터리팩, 공구세트, 사다리, 열풍기, 탭세트, 다목적가위, 라쳇렌치세트, 안전장갑, 렌치, 만능렌치",사다리,,,,False,,
granite4.1:8b,캠핑의자,success,줄자,"줄자, 직각자, 자전거펌프, 전자산업용니퍼, 사다리, 배터리팩, 기어렌치세트, 안전장갑, 소켓렌치세트, 라쳇렌치세트, 렌치, 공구세트, 육각렌치세트, 테이블톱, 세트",사다리,,,,False,,
granite4.1:8b,캠핑테이블,success,테이블톱,"테이블톱, 점프케이블, 케이블컷터, 멀티테스터, 탭세트, 커터칼, 배터리팩, 사다리, 플라이어세트, 열화상카메라, 철판가위, 쇠톱, 드라이버, 다이스세트, 플라이어렌치",테이블톱,,,,False,,
granite4.1:8b,캠핑테이블 세트,success,테이블톱,"테이블톱, 세트, 탭세트, 공구세트, 플라이어세트, 점프케이블, 다이스세트, 케이블컷터, 공구함세트, 드라이버세트, 스패너세트, 끌세트, 전동공구세트, T렌치세트, 기어렌치세트",테이블톱,,,,False,,
granite4.1:8b,캠핑테이블의자세트,success,테이블톱,"테이블톱, 세트, 탭세트, 공구세트, 다이스세트, 플라이어세트, 케이블컷터, 드라이버세트, T렌치세트, 기어렌치세트, 점프케이블, 스패너세트, 육각렌치세트, 볼렌치세트, 소켓렌치세트",테이블톱,,,,False,,
granite4.1:8b,커밋 캠핑체어,success,커터,"커터, 커터칼, 에어컴프레서, 플라이어세트, 플라이어, 에어건, 에어펌프, 기어렌치세트, 버니어캘리퍼스, 플라이어렌치, 에어타카, 워터펌프플라이어, 스냅링플라이어, 와이어스트리퍼, 굽은노즈플라이어",커터,,,,False,,
granite4.1:8b,커터,success,커터,"커터, 커터칼, 케이블컷터, 볼트컷터, 타일컷터, PVC컷터, 카운터싱크, 클램프미터, 멀티테스터, 배터리팩, 로터리해머드릴, 센터펀치, 워터펌프플라이어, 앤드컷팅니퍼, 고속절단기",커터,,,,False,,
granite4.1:8b,커터/절단공구,success,커터,"커터, 커터칼, 절단석, 고속절단기, 공구함, 공구세트, 전동공구세트, 공구함세트, 케이블컷터, 볼트컷터, 타일컷터, PVC컷터, 목공톱, 목공줄, 편구스패너",커터,,,,False,,
granite4.1:8b,커터기,success,커터,"커터, 커터칼, 케이블컷터, 볼트컷터, 타일컷터, 직소기, PVC컷터, 고속절단기, 열풍기, 수평기, 검전기, 카운터싱크, 송풍기, 고압세척기, 라돈측정기",커터,,,,False,,
granite4.1:8b,커터기(소),success,커터,"커터, 커터칼, 직소기, 케이블컷터, 볼트컷터, PVC컷터, 타일컷터, 스프링배관청소기, 고속절단기, 열풍기, 수평기, 송풍기, 검전기, 카운터싱크, 소켓렌치세트",커터칼,,,,False,,
granite4.1:8b,커터칼,success,커터칼,"커터칼, 커터, 볼트컷터, 케이블컷터, 타일컷터, PVC컷터, 카운터싱크, 로터리해머드릴, 절단석, 워터펌프플라이어, 배터리팩, 클램프미터, 멀티테스터, 앤드컷팅니퍼, 센터펀치",커터칼,,,,False,커터칼,True
granite4.1:8b,"커터칼, 날, 가위",success,커터칼,"커터칼, 커터, 철판가위, 다목적가위, 전지가위, 고지가위, 케이블컷터, 볼트컷터, 타일컷터, PVC컷터, 카운터싱크, 로터리해머드릴, 다이아고날플라이어, 가스토치, 워터펌프플라이어",커터칼,,,,False,,
granite4.1:8b,커트절단기,success,고속절단기,"고속절단기, 절단석, 커터, 커터칼, 볼트컷터, 케이블컷터, 직소기, 타일컷터, 검전기, 열풍기, PVC컷터, 송풍기, 고압세척기, 수평기, 비트세트",고속절단기,,,,False,,
granite4.1:8b,컴비네이션렌치셋트 1개,success,옵셋렌치,"옵셋렌치, 조합렌치세트, 렌치, 별렌치세트, 소켓렌치세트, 라쳇렌치세트, 볼렌치세트, 기어렌치세트, 육각렌치세트, T렌치세트, 만능렌치, 플라이어렌치, 몽키렌치, 파이프렌치, 볼렌치",조합렌치세트,,,,False,,
granite4.1:8b,컴팩트드라이버 2종 콤보세트,success,임팩트드라이버,"임팩트드라이버, 드라이버세트, 충전임팩트드라이버, 정밀드라이버세트, 드라이버, 양용드라이버, 전동드라이버, 임팩트드릴, T핸드드라이버, 콘크리트드릴비트세트, 플라이어세트, 세트, 드릴비트세트, 조합렌치세트, 공구세트",드라이버세트,,,,False,,
granite4.1:8b,컴프레서,success,에어컴프레서,"에어컴프레서, 스크레퍼, 워터펌프플라이어, 클램프미터, 에어펌프, 왕복톱(레시프로쏘), 파이프렌치, 레이저수평기, 플라이어, F클램프, 스냅링플라이어, 커터, 송풍기, 레이저거리측정기, 임팩트드라이버",에어컴프레서,,,,False,,
granite4.1:8b,컷소,success,직소기,"직소기, 볼트컷터, 타일컷터, 케이블컷터, PVC컷터, 앤드컷팅니퍼, 소켓렌치세트, 스프링배관청소기, 커터, 커터칼, 절단석, 카운터싱크, 비트세트, 세트, 고속절단기",커터,,,,False,,
granite4.1:8b,컷소 날,success,직소기,"직소기, 타일컷터, 볼트컷터, 케이블컷터, PVC컷터, 앤드컷팅니퍼, 소켓렌치세트, 다이아고날플라이어, 스프링배관청소기, 커터, 커터칼, 절단석, 카운터싱크, 비트세트, 쇠톱",커터,,,,False,,
granite4.1:8b,컷소기,success,직소기,"직소기, 스프링배관청소기, 케이블컷터, 타일컷터, 볼트컷터, PVC컷터, 검전기, 송풍기, 앤드컷팅니퍼, 고속절단기, 수평기, 열풍기, 커터, 소켓렌치세트, 커터칼",커터,,,,False,,
granite4.1:8b,컷소기(US-400XE),success,직소기,"직소기, 스프링배관청소기, SDS드릴비트, 케이블컷터, 볼트컷터, PVC컷터, 타일컷터, LED투광기, 고속절단기, 앤드컷팅니퍼, 송풍기, 검전기, 수평기, 열풍기, LED작업등",직소기,,,,False,,
granite4.1:8b,컷쏘날 1세트 / 금속용 컷쏘날 1세트,success,세트,"세트, 끌세트, 비트세트, 탭세트, 공구세트, 스패너세트, 볼트컷터, 철공용드릴비트세트, 별렌치세트, 드릴비트세트, 소켓렌치세트, 라쳇렌치세트, 볼렌치세트, 육각렌치세트, 다이스세트",세트,,,,True,,
granite4.1:8b,"컷트절단기(12#,18#)",success,고속절단기,"고속절단기, 절단석, 볼트컷터, 케이블컷터, PVC컷터, 타일컷터, 앤드컷팅니퍼, 직소기, 커터, 커터칼, 송풍기, 검전기, 열풍기, 수평기, 콘크리트드릴비트세트",고속절단기,,,,False,,
granite4.1:8b,"컷트절단기(12,18#)",success,고속절단기,"고속절단기, 절단석, 볼트컷터, 케이블컷터, PVC컷터, 타일컷터, 앤드컷팅니퍼, 직소기, 커터, 커터칼, 송풍기, 검전기, 열풍기, 수평기, 콘크리트드릴비트세트",고속절단기,,,,False,,
granite4.1:8b,케이블 릴,success,케이블컷터,"케이블컷터, 점프케이블, 테이블톱, 전선릴, 충전드릴, 전동드릴, 임팩트드릴, 목공줄, 목공용드릴비트, 드릴비트, 충전해머드릴, 드릴비트세트, 해머드릴, 로터리해머드릴, 콘크리트드릴비트세트",전선릴,,,,False,,
granite4.1:8b,케이블 릴 선,success,케이블컷터,"케이블컷터, 점프케이블, 전선릴, 테이블톱, 적외선온도계, 충전드릴, 전동드릴, 목공줄, 드릴비트, 임팩트드릴, 드릴비트세트, 목공용드릴비트, 레이저수평기, 충전해머드릴, 콘크리트드릴비트세트",전선릴,,,,False,,
granite4.1:8b,케이블릴,success,케이블컷터,"케이블컷터, 점프케이블, 테이블톱, 전선릴, 드릴비트, 충전드릴, 목공용드릴비트, 전동드릴, 드릴비트세트, 목공줄, 임팩트드릴, SDS드릴비트, 콘크리트드릴비트세트, 충전해머드릴, 콘크리트용드릴비트",전선릴,,,,False,,
granite4.1:8b,케이블릴선,success,케이블컷터,"케이블컷터, 점프케이블, 전선릴, 테이블톱, 적외선온도계, 드릴비트, 충전드릴, 목공줄, 목공용드릴비트, 드릴비트세트, 전동드릴, SDS드릴비트, 콘크리트드릴비트세트, 충전해머드릴, 임팩트드릴",전선릴,,,,False,,
granite4.1:8b,케이블릴선(50M) 1개,success,케이블컷터,"케이블컷터, 점프케이블, 전선릴, 테이블톱, 적외선온도계, 목공용드릴비트, 충전드릴, 목공줄, 드릴비트, 드릴비트세트, 충전해머드릴, SDS드릴비트, 임팩트드릴, 레이저거리측정기, 철공용드릴비트세트",전선릴,,,"길이 50미터, 수량 1개",False,,
granite4.1:8b,코너플렉시블(RABO-M 샤프트),success,점프케이블,"점프케이블, 왕복톱(레시프로쏘), A형사다리, 스패너세트, 스패너, 워터펌프플라이어, 테이블톱, 케이블컷터, 안전로프, 편구스패너, 플라이어세트, F클램프, 에어펌프, 플라이어렌치, 클램프미터",플라이어세트,,,,False,,
granite4.1:8b,코드릴,success,전동드릴,"전동드릴, 충전드릴, 드릴비트, 해머드릴, 임팩트드릴, 충전해머드릴, 드릴비트세트, SDS드릴비트, 로터리해머드릴, 목공용드릴비트, 철공용드릴비트, 전선릴, 콘크리트용드릴비트, 콘크리트드릴비트세트, 철공용드릴비트세트",전동드릴,,,,False,,
granite4.1:8b,코메론 줄자,success,줄자,"줄자, 목공줄, 직각자, 열화상카메라, 자전거펌프, 전자산업용니퍼, 임팩트드릴, 에어컴프레서, 해머드릴, 글루건, 커터, 클램프미터, 충전임팩트드라이버, 볼트컷터, 임팩트드라이버",줄자,코메론,,,False,줄자,True
granite4.1:8b,코이코 플라이어,success,플라이어,"플라이어, 플라이어세트, 플라이어렌치, 굽은노즈플라이어, 롱노즈플라이어, 다이아고날플라이어, 스냅링플라이어, 바이스그립플라이어, 워터펌프플라이어, 와이어스트리퍼, 드라이버, 전동드라이버, 충전임팩트드라이버, 임팩트드라이버, T핸드드라이버",플라이어,,,,False,,
granite4.1:8b,코킹건,success,에어건,"에어건, 글루건, 실리콘건, 건타카, 카운터싱크, 토크렌치, 몽키렌치, 커터칼, 도끼, 앵글그라인더, 콘크리트드릴비트세트, 원형톱, 핀펀치, 고무망치, 톱",에어건,,,,False,,
granite4.1:8b,코팅기,success,앤드컷팅니퍼,"앤드컷팅니퍼, 직소기, 송풍기, 열풍기, 수평기, 검전기, 고압세척기, 고속절단기, 전동압착기, 라돈측정기, 스프링배관청소기, LED투광기, 레이저수평기, 전기인두, 디지털수평기",앤드컷팅니퍼,,,,False,,
granite4.1:8b,코펠,success,점프케이블,"점프케이블, 니퍼, 커터칼, 타카핀, 도끼, 해머드릴, 임팩트드릴, 파이프렌치, 강력니퍼, 콘크리트니퍼, 대패, 톱, 목공줄, 핀펀치, 모종삽",모종삽,,,,False,,
granite4.1:8b,콘기리,success,실리콘건,"실리콘건, 콘크리트니퍼, 콘크리트용드릴비트, 콘크리트드릴비트세트, 장도리, 직소기, 사다리, 레이저거리측정기, 송풍기, 수평기, 배터리팩, 열풍기, 고속절단기, 기어렌치세트, 전기인두",콘크리트드릴비트세트,,,,False,,
granite4.1:8b,콘기리 3.5mm,success,실리콘건,"실리콘건, 콘크리트니퍼, 콘크리트용드릴비트, 콘크리트드릴비트세트, 레이저거리측정기, 직소기, 사다리, 장도리, 송풍기, 수평기, 배터리팩, 고속절단기, 전동압착기, 열풍기, A형사다리",콘크리트용드릴비트,,,,False,,
granite4.1:8b,콘기리 6.5mm,success,실리콘건,"실리콘건, 콘크리트니퍼, 콘크리트용드릴비트, 콘크리트드릴비트세트, 레이저거리측정기, 직소기, 장도리, 사다리, 송풍기, 수평기, 고속절단기, 전동압착기, 열풍기, 검전기, A형사다리",콘크리트드릴비트세트,,,6.5mm,False,,
granite4.1:8b,콘크리트 드릴,success,콘크리트용드릴비트,"콘크리트용드릴비트, 콘크리트드릴비트세트, 콘크리트니퍼, 임팩트드릴, 전동드릴, 충전드릴, 드릴비트, 해머드릴, 철공용드릴비트, 드릴비트세트, 철공용드릴비트세트, SDS드릴비트, 로터리해머드릴, 목공용드릴비트, 실리콘건",콘크리트용드릴비트,,,,True,,
granite4.1:8b,"콘크리트 드릴 3,0MM 20개",success,콘크리트용드릴비트,"콘크리트용드릴비트, 콘크리트드릴비트세트, 콘크리트니퍼, 임팩트드릴, 전동드릴, 충전드릴, 드릴비트, 해머드릴, 철공용드릴비트세트, 철공용드릴비트, 드릴비트세트, 로터리해머드릴, 목공용드릴비트, SDS드릴비트, 실리콘건",콘크리트드릴비트세트,,,"3.0mm, 20개",False,,
granite4.1:8b,"콘크리트 드릴 6,5MM 20개",success,콘크리트용드릴비트,"콘크리트용드릴비트, 콘크리트드릴비트세트, 콘크리트니퍼, 임팩트드릴, 전동드릴, 충전드릴, 드릴비트, 철공용드릴비트, 철공용드릴비트세트, 드릴비트세트, 해머드릴, 목공용드릴비트, 로터리해머드릴, SDS드릴비트, 실리콘건",콘크리트드릴비트세트,,,"6.5mm, 20개",False,,
granite4.1:8b,콘크리트 드릴 비트(10.0mm),success,콘크리트용드릴비트,"콘크리트용드릴비트, 콘크리트드릴비트세트, 콘크리트니퍼, 드릴비트, 드릴비트세트, 철공용드릴비트, 목공용드릴비트, SDS드릴비트, 철공용드릴비트세트, 임팩트드릴, 전동드릴, 비트세트, 충전드릴, 피스제거용비트, 해머드릴",콘크리트용드릴비트,,,10.0mm,True,,
granite4.1:8b,콘크리트 드릴 비트(4.8mm),success,콘크리트용드릴비트,"콘크리트용드릴비트, 콘크리트드릴비트세트, 콘크리트니퍼, 드릴비트, 철공용드릴비트, 드릴비트세트, 목공용드릴비트, 철공용드릴비트세트, SDS드릴비트, 임팩트드릴, 전동드릴, 비트세트, 충전드릴, 피스제거용비트, 실리콘건",콘크리트용드릴비트,,,4.8mm,True,,
granite4.1:8b,콘크리트 드릴 비트(6.0mm),success,콘크리트용드릴비트,"콘크리트용드릴비트, 콘크리트드릴비트세트, 콘크리트니퍼, 드릴비트, 드릴비트세트, 철공용드릴비트, 목공용드릴비트, SDS드릴비트, 철공용드릴비트세트, 임팩트드릴, 비트세트, 전동드릴, 충전드릴, 피스제거용비트, 해머드릴",콘크리트용드릴비트,,,6.0mm,True,,
granite4.1:8b,콘크리트 드릴 비트(6.4mm),success,콘크리트용드릴비트,"콘크리트용드릴비트, 콘크리트드릴비트세트, 콘크리트니퍼, 드릴비트, 철공용드릴비트, 드릴비트세트, 목공용드릴비트, SDS드릴비트, 철공용드릴비트세트, 임팩트드릴, 전동드릴, 비트세트, 충전드릴, 피스제거용비트, 해머드릴",콘크리트용드릴비트,,,6.4mm,True,,
granite4.1:8b,콘크리트 드릴 비트세트,success,콘크리트드릴비트세트,"콘크리트드릴비트세트, 콘크리트용드릴비트, 드릴비트세트, 철공용드릴비트세트, 비트세트, 콘크리트니퍼, 드릴비트, 철공용드릴비트, 목공용드릴비트, SDS드릴비트, 임팩트드릴, 세트, 끌세트, 드라이버세트, 공구세트",콘크리트드릴비트세트,,,,False,,
granite4.1:8b,콘크리트 드릴날,success,콘크리트용드릴비트,"콘크리트용드릴비트, 콘크리트드릴비트세트, 콘크리트니퍼, 전동드릴, 임팩트드릴, 드릴비트, 충전드릴, 철공용드릴비트, 드릴비트세트, 해머드릴, 철공용드릴비트세트, 목공용드릴비트, SDS드릴비트, 로터리해머드릴, 실리콘건",콘크리트용드릴비트,,,,True,,
granite4.1:8b,콘크리트 드릴비트,success,콘크리트용드릴비트,"콘크리트용드릴비트, 콘크리트드릴비트세트, 드릴비트, 드릴비트세트, 콘크리트니퍼, SDS드릴비트, 철공용드릴비트, 목공용드릴비트, 철공용드릴비트세트, 임팩트드릴, 비트세트, 전동드릴, 충전드릴, 실리콘건, 피스제거용비트",콘크리트용드릴비트,,,,True,,
granite4.1:8b,콘크리트 해머드릴,success,해머드릴,"해머드릴, 로터리해머드릴, 콘크리트니퍼, 콘크리트용드릴비트, 콘크리트드릴비트세트, 충전해머드릴, 임팩트드릴, 전동드릴, 충전드릴, 철공용드릴비트, 드릴비트, 철공용드릴비트세트, 실리콘건, 드릴비트세트, 목공용드릴비트",로터리해머드릴,,,,False,,
granite4.1:8b,콘크리트기리 1세트,success,콘크리트드릴비트세트,"콘크리트드릴비트세트, 콘크리트니퍼, 콘크리트용드릴비트, 세트, 공구세트, 기어렌치세트, 실리콘건, 비트세트, 전동공구세트, 끌세트, 드릴비트세트, 공구함세트, 탭세트, 플라이어세트, 다이스세트",콘크리트드릴비트세트,,,,False,,
granite4.1:8b,콘크리트기리(드릴날),success,콘크리트용드릴비트,"콘크리트용드릴비트, 콘크리트드릴비트세트, 콘크리트니퍼, 전동드릴, 드릴비트, 실리콘건, 임팩트드릴, 충전드릴, 드릴비트세트, 철공용드릴비트, 로터리해머드릴, 목공용드릴비트, 철공용드릴비트세트, SDS드릴비트, 해머드릴",콘크리트용드릴비트,,,,False,,
granite4.1:8b,콘크리트기리/6MM,success,콘크리트니퍼,"콘크리트니퍼, 콘크리트용드릴비트, 콘크리트드릴비트세트, 실리콘건, 사다리, 레이저거리측정기, 와이어스트리퍼, 직소기, 버니어캘리퍼스, 배터리팩, 장도리, A형사다리, 볼트컷터, 로터리해머드릴, 스크레퍼",콘크리트드릴비트세트,,,6MM,False,,
granite4.1:8b,콘크리트기리세트,success,콘크리트드릴비트세트,"콘크리트드릴비트세트, 콘크리트니퍼, 콘크리트용드릴비트, 세트, 공구세트, 기어렌치세트, 비트세트, 전동공구세트, 실리콘건, 끌세트, 드릴비트세트, 공구함세트, 탭세트, 다이스세트, 플라이어세트",드릴비트세트,,,,False,,
granite4.1:8b,콘크리트드릴비트,success,콘크리트용드릴비트,"콘크리트용드릴비트, 콘크리트드릴비트세트, 드릴비트, 드릴비트세트, 콘크리트니퍼, SDS드릴비트, 철공용드릴비트, 목공용드릴비트, 철공용드릴비트세트, 임팩트드릴, 비트세트, 전동드릴, 충전드릴, 피스제거용비트, 실리콘건",콘크리트용드릴비트,,,,True,,
granite4.1:8b,콘크리트드릴비트 세트,success,콘크리트드릴비트세트,"콘크리트드릴비트세트, 콘크리트용드릴비트, 드릴비트세트, 드릴비트, 철공용드릴비트세트, 콘크리트니퍼, SDS드릴비트, 철공용드릴비트, 목공용드릴비트, 비트세트, 임팩트드릴, 세트, 끌세트, 드라이버세트, 공구세트",콘크리트드릴비트세트,,,,False,,
granite4.1:8b,콘크리트드릴비트5P,success,콘크리트드릴비트세트,"콘크리트드릴비트세트, 콘크리트용드릴비트, 드릴비트, 콘크리트니퍼, 드릴비트세트, 철공용드릴비트, SDS드릴비트, 목공용드릴비트, 철공용드릴비트세트, 임팩트드릴, 비트세트, 전동드릴, 충전드릴, 피스제거용비트, 로터리해머드릴",콘크리트드릴비트세트,,,,True,,
granite4.1:8b,콘크리트드릴세트,success,콘크리트드릴비트세트,"콘크리트드릴비트세트, 콘크리트용드릴비트, 콘크리트니퍼, 드릴비트세트, 임팩트드릴, 철공용드릴비트세트, 세트, 전동드릴, 끌세트, 드릴비트, 공구세트, 드라이버세트, 충전드릴, 비트세트, 철공용드릴비트",콘크리트드릴비트세트,,,,False,,
granite4.1:8b,콘크리트용 못,success,콘크리트용드릴비트,"콘크리트용드릴비트, 콘크리트니퍼, 콘크리트드릴비트세트, 실리콘건, 목공용접톱, 철공용드릴비트, 철공용드릴비트세트, 목공용드릴비트, 스크레퍼, 볼트컷터, 와이어스트리퍼, 피스제거용비트, 토크렌치, 사다리, 핸드카트",콘크리트용드릴비트,,,,True,,
granite4.1:8b,콘크리트충전드릴(4개),success,충전드릴,"충전드릴, 콘크리트드릴비트세트, 콘크리트용드릴비트, 콘크리트니퍼, 충전해머드릴, 전동드릴, 임팩트드릴, 충전임팩트드라이버, 철공용드릴비트세트, 철공용드릴비트, 드릴비트, 드릴비트세트, 해머드릴, 로터리해머드릴, SDS드릴비트",충전드릴,,충전식,"콘크리트용, 비트 포함 4개",False,,
granite4.1:8b,콘크리트타카,success,콘크리트니퍼,"콘크리트니퍼, 콘크리트용드릴비트, 콘크리트드릴비트세트, 전동타카, 건타카, 타카, 손타카, 에어타카, 타카핀, 실리콘건, 카운터싱크, 핸드카트, 타일컷터, 배터리팩, 사다리",건타카,,,,False,,
granite4.1:8b,콘크리트해머드릴(4개),success,해머드릴,"해머드릴, 로터리해머드릴, 콘크리트니퍼, 콘크리트드릴비트세트, 충전해머드릴, 콘크리트용드릴비트, 임팩트드릴, 전동드릴, 충전드릴, 철공용드릴비트세트, 철공용드릴비트, 드릴비트, 드릴비트세트, 목공용드릴비트, 실리콘건",로터리해머드릴,,,,False,,
granite4.1:8b,콘트리트드릴비트,success,콘크리트드릴비트세트,"콘크리트드릴비트세트, 콘크리트용드릴비트, 드릴비트, 드릴비트세트, SDS드릴비트, 철공용드릴비트, 목공용드릴비트, 철공용드릴비트세트, 임팩트드릴, 콘크리트니퍼, 비트세트, 전동드릴, 와이어스트리퍼, 피스제거용비트, 충전드릴",콘크리트용드릴비트,,,,False,,
granite4.1:8b,콤비네이션 렌치,success,렌치,"렌치, 조합렌치세트, 만능렌치, 옵셋렌치, 플라이어렌치, 파이프렌치, 볼렌치, 몽키렌치, 육각렌치, 별렌치세트, 토크렌치, 라쳇렌치세트, 소켓렌치세트, 볼렌치세트, 육각렌치세트",조합렌치세트,,,,False,,
granite4.1:8b,콤비네이션 렌치 세트,success,조합렌치세트,"조합렌치세트, 별렌치세트, 볼렌치세트, 소켓렌치세트, 라쳇렌치세트, 기어렌치세트, T렌치세트, 육각렌치세트, 렌치, 비트세트, 만능렌치, 옵셋렌치, 세트, 플라이어렌치, 파이프렌치",조합렌치세트,,,,False,,
granite4.1:8b,콤비네이션 렌치 세트(14pcs),success,조합렌치세트,"조합렌치세트, 별렌치세트, 소켓렌치세트, 볼렌치세트, 라쳇렌치세트, 기어렌치세트, T렌치세트, 육각렌치세트, 렌치, 비트세트, 만능렌치, 옵셋렌치, 플라이어렌치, 세트, 파이프렌치",조합렌치세트,,,,False,,
granite4.1:8b,콤비네이션 렌치세트,success,조합렌치세트,"조합렌치세트, 별렌치세트, 볼렌치세트, 라쳇렌치세트, 소켓렌치세트, T렌치세트, 기어렌치세트, 육각렌치세트, 렌치, 만능렌치, 옵셋렌치, 비트세트, 세트, 플라이어렌치, 몽키렌치",조합렌치세트,,,,False,,
granite4.1:8b,콤비네이션렌치세트 1개,success,조합렌치세트,"조합렌치세트, 별렌치세트, 볼렌치세트, 라쳇렌치세트, 소켓렌치세트, 기어렌치세트, T렌치세트, 육각렌치세트, 렌치, 만능렌치, 옵셋렌치, 비트세트, 플라이어렌치, 몽키렌치, 세트",조합렌치세트,,,,False,,
granite4.1:8b,콤비레이션렌치,success,렌치,"렌치, 조합렌치세트, 파이프렌치, 몽키렌치, 옵셋렌치, 플라이어렌치, 볼렌치, 만능렌치, 레이저수평기, 육각렌치, 토크렌치, 별렌치세트, 볼렌치세트, 소켓렌치세트, 라쳇렌치세트",조합렌치세트,,,,False,,
granite4.1:8b,콤비스파나세트,success,스패너세트,"스패너세트, 비트세트, 세트, 다이스세트, 드릴비트세트, 탭세트, 공구세트, 끌세트, 콘크리트드릴비트세트, 조합렌치세트, 볼렌치세트, 철공용드릴비트세트, 공구함세트, T렌치세트, 소켓렌치세트",스패너세트,,,,False,,
granite4.1:8b,콤비스패너,success,스패너,"스패너, 편구스패너, 스패너세트, 대패, 바이스그립플라이어, 피스제거용비트, 멀티테스터, 스크레퍼, 스냅링플라이어, 버니어캘리퍼스, 다이스세트, 석고대패, 에어컴프레서, 와이어스트리퍼, 롱노즈플라이어",스패너,,,,False,,
granite4.1:8b,콤비스퍼너(6PC),success,PVC컷터,"PVC컷터, 스패너, 편구스패너, 스패너세트, 스크레퍼, 버니어캘리퍼스, 니퍼, 와이어스트리퍼, 피스제거용비트, 강력니퍼, 콘크리트니퍼, 전자산업용니퍼, 앤드컷팅니퍼, 다이스세트, 멀티테스터",스패너세트,,,,False,,
granite4.1:8b,콤파스,success,파이프렌치,"파이프렌치, 스패너, 가스토치, 글루스틱, 편구스패너, 스크레퍼, 멀티테스터, 방진마스크, 다이스세트, 바이스그립플라이어, 버니어캘리퍼스, 스패너세트, 스냅링플라이어, 와이어스트리퍼, 피스제거용비트",파이프렌치,,,,True,,
granite4.1:8b,콤푸레샤,success,스크레퍼,"스크레퍼, 에어컴프레서, 레이저수평기, 왕복톱(레시프로쏘), 레이저거리측정기, 볼렌치, 몽키렌치, 펜치, 파이프렌치, 핀펀치, 볼렌치세트, 고무망치, 조합렌치세트, 토크렌치, 대패",에어컴프레서,,,,False,,
granite4.1:8b,콤푸레셔,success,스크레퍼,"스크레퍼, 에어컴프레서, 레이저수평기, 왕복톱(레시프로쏘), 레이저거리측정기, 니퍼, 해머드릴, 플라이어, 카운터싱크, 버니어캘리퍼스, 콘크리트니퍼, 파이프렌치, 스패너, 대패, 워터펌프플라이어",에어컴프레서,,,,False,,
granite4.1:8b,콤프레샤,success,에어컴프레서,"에어컴프레서, 왕복톱(레시프로쏘), 파이프렌치, 스크레퍼, F클램프, 점프케이블, 에어펌프, 클램프미터, 레이저수평기, 안전로프, 워터펌프플라이어, 자전거펌프, 레이저거리측정기, 스프링배관청소기, 펜치",에어컴프레서,,,,False,,
granite4.1:8b,콤프레샤(2.5HP),success,에어컴프레서,"에어컴프레서, 왕복톱(레시프로쏘), PVC컷터, 스크레퍼, 파이프렌치, 에어펌프, 레이저수평기, 자전거펌프, 점프케이블, 클램프미터, F클램프, 워터펌프플라이어, 레이저거리측정기, 안전로프, 스프링배관청소기",에어컴프레서,,,,False,,
granite4.1:8b,콤프레서,success,에어컴프레서,"에어컴프레서, 스크레퍼, 왕복톱(레시프로쏘), 클램프미터, 파이프렌치, 워터펌프플라이어, F클램프, 에어펌프, 점프케이블, 레이저수평기, 레이저거리측정기, 임팩트드라이버, 자전거펌프, 대패, 충전임팩트드라이버",에어컴프레서,,,,False,,
granite4.1:8b,콤프레셔,success,에어컴프레서,"에어컴프레서, 왕복톱(레시프로쏘), 스크레퍼, 클램프미터, 파이프렌치, 레이저수평기, 에어펌프, F클램프, 워터펌프플라이어, 점프케이블, 레이저거리측정기, 자전거펌프, 안전로프, 스프링배관청소기, 임팩트드라이버",에어컴프레서,,,,False,에어컴프레서,True
granite4.1:8b,콤프레셔 / 수리 중입니다.,success,에어컴프레서,"에어컴프레서, 사다리, 레이저수평기, 콘크리트니퍼, 버니어캘리퍼스, A형사다리, 수평기, 왕복톱(레시프로쏘), 니퍼, 스크레퍼, 레이저거리측정기, 다림추, 에어펌프, 강력니퍼, 클램프미터",에어컴프레서,,,,False,,
granite4.1:8b,콩크리트기리(6m),success,콘크리트니퍼,"콘크리트니퍼, 콘크리트용드릴비트, 콘크리트드릴비트세트, 사다리, 실리콘건, 장도리, 레이저거리측정기, 배터리팩, 와이어스트리퍼, A형사다리, 버니어캘리퍼스, 직소기, 로터리해머드릴, 기어렌치세트, 스크레퍼",콘크리트드릴비트세트,,,,False,,
granite4.1:8b,크로우바,success,안전로프,"안전로프, 스크레퍼, 토크렌치, 카운터싱크, 왕복톱(레시프로쏘), 바이스그립플라이어, 로터리해머드릴, 콘크리트니퍼, 방진마스크, 콘크리트용드릴비트, 콘크리트드릴비트세트, 글루건, 드라이버, 드릴비트, 사다리",안전로프,,,,True,,
granite4.1:8b,큰 줄자,success,줄자,"줄자, 목공줄, 직각자, 자전거펌프, 사다리, A형사다리, 고속절단기, 임팩트드릴, 볼트컷터, 고압세척기, 전동드릴, 전자산업용니퍼, 타일컷터, 대패, 절단석",줄자,,,,False,,
granite4.1:8b,큰톱,success,톱,"톱, 쇠톱, 접톱, 원형톱, 전정톱, 테이블톱, 목공톱, 목공용접톱, 왕복톱(레시프로쏘), 대패, 핀펀치, 가스토치, 고속절단기, 커터칼, 그립망치",쇠톱,,,,False,,
granite4.1:8b,클램프,success,F클램프,"F클램프, 클램프미터, 자전거펌프, 점프케이블, 에어펌프, 안전로프, 워터펌프플라이어, 파이프렌치, 스크레퍼, 그립망치, 스냅링플라이어, 플라이어, 에어컴프레서, 스프링배관청소기, 플라이어렌치",F클램프,,,,False,,
granite4.1:8b,클램프걸이대 1개,success,클램프미터,"클램프미터, F클램프, 점프케이블, 쇠지렛대, 워터펌프플라이어, 파이프렌치, 스냅링플라이어, 대패, 바이스그립플라이어, 자전거펌프, 플라이어렌치, 플라이어세트, 다이아고날플라이어, 안전로프, 플라이어",F클램프,,,,False,,
granite4.1:8b,클램프테스타 1개,success,F클램프,"F클램프, 클램프미터, 멀티테스터, 점프케이블, 테이블톱, 스크레퍼, 스프링배관청소기, 전동타카, 타카, 자전거펌프, 스냅링플라이어, 안전로프, 에어펌프, 와이어스트리퍼, 글루스틱",F클램프,,,,False,,
granite4.1:8b,"타이어 게이지(기본형, 공기압 측정)",success,라돈측정기,"라돈측정기, 레이저거리측정기, 플라이어, 고압세척기, 전동압착기, 바이스그립플라이어, 기어렌치세트, 워터펌프플라이어, 플라이어렌치, 와이어스트리퍼, 플라이어세트, 다이아고날플라이어, 레이저수평기, 스냅링플라이어, 정밀드라이버세트",라돈측정기,,,,False,,
granite4.1:8b,타이어게이지,success,플라이어,"플라이어, 플라이어렌치, 플라이어세트, 바이스그립플라이어, 다이아고날플라이어, 와이어스트리퍼, 스냅링플라이어, 워터펌프플라이어, 롱노즈플라이어, 에어타카, 굽은노즈플라이어, 타카, 드라이버, 타일컷터, T핸드드라이버",플라이어,,,,False,,
granite4.1:8b,타일커터기,success,타일컷터,"타일컷터, 커터, 커터칼, 케이블컷터, 타카, 볼트컷터, 전동타카, 직소기, 고속절단기, PVC컷터, 열풍기, 타카핀, 에어타카, 수평기, 손타카",타일컷터,,,,False,,
granite4.1:8b,타일커터기(500mm),success,타일컷터,"타일컷터, 커터, 커터칼, 케이블컷터, PVC컷터, 볼트컷터, 타카, 전동타카, 직소기, 고속절단기, 열풍기, 에어타카, 손타카, 수평기, 고압세척기",타일컷터,,,500mm,False,,
granite4.1:8b,타지마 줄자 7.5m,success,줄자,"줄자, 타카, 목공줄, 전동타카, 연마석, 타일컷터, 직각자, 손타카, 전지가위, 건타카, 타카핀, 고지가위, 방진마스크, 에어타카, 쇠지렛대",줄자,타지마,,길이 7.5m,False,줄자,True
granite4.1:8b,타지마줄자,success,줄자,"줄자, 타카, 목공줄, 연마석, 타일컷터, 전동타카, 직각자, 손타카, 타카핀, 건타카, 쇠지렛대, 전지가위, 방진마스크, 고지가위, 에어타카",줄자,타지마,,,False,줄자,True
granite4.1:8b,타지마줄자(3m),success,줄자,"줄자, 목공줄, 타카, 타일컷터, 직각자, 연마석, 전동타카, 쇠지렛대, 손타카, 타카핀, 전지가위, 방진마스크, 고지가위, 건타카, 에어타카",줄자,타지마,,길이 3m,False,줄자,True
granite4.1:8b,타지마줄자(7.5M),success,줄자,"줄자, 목공줄, 타카, 연마석, 타일컷터, 직각자, 전동타카, 쇠지렛대, 전지가위, 손타카, 건타카, 타카핀, 고지가위, 방진마스크, 에어타카",줄자,타지마,,길이 7.5미터,False,,
granite4.1:8b,타카,success,타카,"타카, 타카핀, 손타카, 전동타카, 건타카, 에어타카, 타일컷터, 핸드카트, 카운터싱크, 열화상카메라, 토크렌치, 톱, T핸드드라이버, 도끼, 줄자",타카,,,,False,타카,True
granite4.1:8b,타카 1개,success,타카,"타카, 전동타카, 손타카, 타카핀, 건타카, 에어타카, 타일컷터, 핸드카트, 카운터싱크, 열화상카메라, 톱, 도끼, 줄자, 세트, 사다리",타카,,,,False,,
granite4.1:8b,타카 본체 (타카핀x),success,타카핀,"타카핀, 타카, 전동타카, 손타카, 건타카, 에어타카, 타일컷터, 카운터싱크, 핀펀치, 핸드카트, 열화상카메라, 탭세트, 톱, 토크렌치, 배터리팩",타카핀,,,,False,,
granite4.1:8b,타카(1자),success,타카,"타카, 손타카, 전동타카, 타카핀, 건타카, 에어타카, 줄자, 직각자, 타일컷터, 핸드카트, 카운터싱크, 자전거펌프, 전자산업용니퍼, 열화상카메라, 톱",타카,,,,False,,
granite4.1:8b,타카(SMATO AT-519),success,타카,"타카, 손타카, 전동타카, 건타카, 타카핀, 에어타카, A형사다리, T렌치세트, T핸드드라이버, SDS드릴비트, 타일컷터, 핸드카트, 카운터싱크, 열화상카메라, 충전임팩트드라이버",손타카,스마토,,,False,,
granite4.1:8b,타카(ㄷ자),success,타카,"타카, 전동타카, 손타카, 타카핀, 건타카, 에어타카, 줄자, 직각자, 타일컷터, 핸드카트, 자전거펌프, 카운터싱크, 열화상카메라, 전자산업용니퍼, 사다리",타카,,,,False,,
granite4.1:8b,타카(소),success,타카,"타카, 타카핀, 손타카, 전동타카, 건타카, 에어타카, 직소기, 타일컷터, 핸드카트, 소켓렌치세트, 카운터싱크, 스프링배관청소기, 열화상카메라, 톱, 줄자",전동타카,,배터리,,False,,
granite4.1:8b,타카(일자),success,타카,"타카, 손타카, 타카핀, 전동타카, 건타카, 에어타카, 타일컷터, 줄자, 직각자, 핸드카트, 카운터싱크, 자전거펌프, 전자산업용니퍼, 열화상카메라, 톱",손타카,,,,False,,
granite4.1:8b,타카건,success,타카,"타카, 타카핀, 건타카, 손타카, 전동타카, 에어타카, 에어건, 글루건, 실리콘건, 타일컷터, 카운터싱크, 핸드카트, 토크렌치, T핸드드라이버, 열화상카메라",타카,,,,True,,
granite4.1:8b,타카건(손타카),success,손타카,"손타카, 타카, 건타카, 타카핀, 전동타카, 에어타카, 에어건, 글루건, 핸드카트, 타일컷터, 카운터싱크, 실리콘건, LED손전등, T핸드드라이버, 토크렌치",손타카,,,,False,,
granite4.1:8b,타카심,success,타카,"타카, 타카핀, 손타카, 전동타카, 건타카, 에어타카, 타일컷터, 핸드카트, 카운터싱크, 열화상카메라, 토크렌치, 탭세트, T핸드드라이버, 도끼, 톱",손타카,,,,False,,
granite4.1:8b,타카핀,success,타카핀,"타카핀, 타카, 손타카, 건타카, 전동타카, 에어타카, 핀펀치, 타일컷터, 카운터싱크, 핸드카트, 열화상카메라, 점프케이블, 톱, 바이스그립플라이어, 스크레퍼",타카핀,,,,False,타카핀,True
granite4.1:8b,타카핀 8mm,success,타카핀,"타카핀, 타카, 전동타카, 손타카, 건타카, 에어타카, 핀펀치, 타일컷터, 카운터싱크, 핸드카트, 열화상카메라, 점프케이블, 클램프미터, 커터칼, 바이스그립플라이어",타카핀,,,8mm,True,,
granite4.1:8b,타카핀 R-13/10mm 2500PCS,success,타카핀,"타카핀, 타카, 전동타카, PVC컷터, 손타카, 건타카, 에어타카, SDS드릴비트, 핀펀치, 타일컷터, 핸드카트, 카운터싱크, 목공톱, 열화상카메라, 레이저거리측정기",타카핀,,,"R-13/10mm, 수량 2500 PCS",False,,
granite4.1:8b,타카핀(12mm),success,타카핀,"타카핀, 타카, 전동타카, 손타카, 건타카, 에어타카, 핀펀치, 타일컷터, 카운터싱크, 핸드카트, 열화상카메라, 점프케이블, 콘크리트니퍼, 목공톱, 클램프미터",타카핀,,,12mm,False,,
granite4.1:8b,타카핀(1자),success,타카핀,"타카핀, 타카, 손타카, 전동타카, 건타카, 에어타카, 줄자, 핀펀치, 직각자, 타일컷터, 카운터싱크, 핸드카트, 자전거펌프, 전자산업용니퍼, 열화상카메라",타카핀,,,,False,,
granite4.1:8b,타카핀(ㄷ자),success,타카핀,"타카핀, 타카, 전동타카, 손타카, 건타카, 에어타카, 줄자, 핀펀치, 직각자, 타일컷터, 자전거펌프, 핸드카트, 카운터싱크, 전자산업용니퍼, 열화상카메라",타카핀,,,,False,,
granite4.1:8b,"타카핀(본체, 핀)",success,타카핀,"타카핀, 타카, 전동타카, 손타카, 핀펀치, 건타카, 에어타카, 타일컷터, 카운터싱크, 톱, 핸드카트, 점프케이블, 열화상카메라, 바이스그립플라이어, 테이블톱",타카핀,,,,False,,
granite4.1:8b,타카핀/6212,success,타카핀,"타카핀, 타카, 손타카, 전동타카, 건타카, 에어타카, 핀펀치, 타일컷터, 카운터싱크, 핸드카트, 열화상카메라, T핸드드라이버, 충전임팩트드라이버, 스냅링플라이어, 톱",타카핀,,,,False,,
granite4.1:8b,타카핀제거기,success,타카핀,"타카핀, 타카, 피스제거용비트, 전동타카, 손타카, 건타카, 에어타카, 타일컷터, 레이저거리측정기, 핀펀치, 자전거펌프, 고속절단기, 열풍기, 라돈측정기, 고압세척기",손타카,,,,False,,
granite4.1:8b,탭 드릴 세트,success,탭세트,"탭세트, 드릴비트세트, 철공용드릴비트세트, 콘크리트드릴비트세트, 임팩트드릴, 전동드릴, 드릴비트, 충전드릴, 세트, 해머드릴, 철공용드릴비트, 끌세트, 공구세트, 드라이버세트, SDS드릴비트",드릴비트세트,,,,False,,
granite4.1:8b,탱크팡,success,토크렌치,"토크렌치, 스크레퍼, 카운터싱크, 방진마스크, 콘크리트니퍼, 콘크리트용드릴비트, 콘크리트드릴비트세트, 배터리팩, 센터펀치, 바이스그립플라이어, T핸드드라이버, 워터펌프플라이어, 테이블톱, 타카, 톱",톱,,,,False,,
granite4.1:8b,"탱크팡 콤보(콘크리트 못박기용 집게, 손보호기 팡팡)/만능다기능 망치",success,만능렌치,"만능렌치, 콘크리트니퍼, 콘크리트용드릴비트, 망치, 콘크리트드릴비트세트, 그립망치, 돌망치, 납볼망치, 보안경, 고무망치, 토크렌치, 빠루망치, 기어렌치세트, 송풍기, 열풍기",만능렌치,,,,False,,
granite4.1:8b,테스타기(DM-1010),success,멀티테스터,"멀티테스터, LED투광기, 테이블톱, 직소기, 열풍기, SDS드릴비트, 타카, 전동타카, 송풍기, 라돈측정기, 검전기, 스프링배관청소기, 타일컷터, 건타카, 디지털수평기",검전기,,,,False,,
granite4.1:8b,테스타기(ST-506TR-3),success,멀티테스터,"멀티테스터, T렌치세트, T핸드드라이버, SDS드릴비트, 테이블톱, 직소기, 스프링배관청소기, 송풍기, 타카, 전동타카, 수평기, 타일컷터, 열풍기, 와이어스트리퍼, 손타카",멀티테스터,,,,False,,
granite4.1:8b,테스터,success,멀티테스터,"멀티테스터, 테이블톱, 커터, 스크레퍼, 와이어스트리퍼, 스패너, 가스토치, 배터리팩, 타일컷터, 커터칼, 클램프미터, 스패너세트, 로터리해머드릴, 케이블컷터, 센터펀치",멀티테스터,,,,False,,
granite4.1:8b,테스터기 1개,success,멀티테스터,"멀티테스터, 테이블톱, 직소기, 열풍기, 송풍기, 라돈측정기, 와이어스트리퍼, 스프링배관청소기, 커터, 검전기, 수평기, 클램프미터, 고압세척기, 스크레퍼, 타일컷터",검전기,,,,False,,
granite4.1:8b,테스트,success,멀티테스터,"멀티테스터, 와이어스트리퍼, 테이블톱, 다이스세트, 스패너세트, 세트, 스크레퍼, 가스토치, 비트세트, 스패너, 방진마스크, 글루스틱, 피스제거용비트, T렌치세트, 탭세트",멀티테스터,,,,False,,
granite4.1:8b,테이블,success,테이블톱,"테이블톱, 점프케이블, 케이블컷터, 멀티테스터, 탭세트, 드라이버, 톱, 플라이어, 사다리, 대패, 세트, 바이스그립플라이어, 원형톱, 줄자, 레이저수평기",테이블톱,,,,False,,
granite4.1:8b,테이블 및 의자 1개,success,테이블톱,"테이블톱, 케이블컷터, 점프케이블, 줄자, 직각자, 멀티테스터, 탭세트, 자전거펌프, 전자산업용니퍼, 세트, 플라이어세트, 다이스세트, 드라이버세트, 드라이버, 플라이어렌치",테이블톱,,,,False,,
granite4.1:8b,텐트,success,세트,"세트, 비트세트, 탭세트, 드릴비트세트, 콘크리트드릴비트세트, 핸드카트, 끌세트, T렌치세트, 공구세트, 드릴비트, 볼트컷터, 별렌치세트, 콘크리트용드릴비트, 볼렌치세트, 소켓렌치세트",핸드카트,,,,False,,
granite4.1:8b,텐트용 실내 매트,success,콘크리트용드릴비트,"콘크리트용드릴비트, 실리콘건, 철공용드릴비트세트, 피스제거용비트, 목공용드릴비트, 철공용드릴비트, 세트, 탭세트, 콘크리트드릴비트세트, 드릴비트세트, 핸드카트, 비트세트, T렌치세트, 끌세트, 공구세트",콘크리트용드릴비트,,,,True,,
granite4.1:8b,토션 비트,success,비트세트,"비트세트, 드릴비트, 피스제거용비트, 드릴비트세트, 토크렌치, 철공용드릴비트, SDS드릴비트, 목공용드릴비트, 철공용드릴비트세트, 콘크리트드릴비트세트, 콘크리트용드릴비트, 가스토치, 세트, 볼트컷터, 탭세트",피스제거용비트,,,,False,,
granite4.1:8b,토이카트 엠버,success,핸드카트,"핸드카트, 토크렌치, 타카, 임팩트드라이버, 드라이버세트, 드라이버, 충전임팩트드라이버, T핸드드라이버, 정밀드라이버세트, 타카핀, 전동타카, 양용드라이버, 에어타카, 가스토치, 손타카",핸드카트,,,,False,,
granite4.1:8b,토이카트 폴리,success,핸드카트,"핸드카트, 토크렌치, 타카, 전동타카, 타카핀, 가스토치, 손타카, 와이어스트리퍼, 건타카, 에어타카, 콘크리트드릴비트세트, 콘크리트용드릴비트, 콘크리트니퍼, 배터리팩, 다이스세트",핸드카트,,,,False,,
granite4.1:8b,토치,success,가스토치,"가스토치, 토크렌치, 펜치, 볼렌치, 렌치, 망치, 몽키렌치, 볼렌치세트, 돌망치, T렌치세트, 핀펀치, 고무망치, 만능렌치, 그립망치, 센터펀치",가스토치,,가스,,False,,
granite4.1:8b,토크렌치,success,토크렌치,"토크렌치, 렌치, 몽키렌치, 볼렌치, 육각렌치, 파이프렌치, 만능렌치, 옵셋렌치, T렌치세트, 플라이어렌치, 소켓렌치세트, 볼렌치세트, 별렌치세트, 육각렌치세트, 냉동라쳇렌치",토크렌치,,,,False,토크렌치,True
granite4.1:8b,톱,success,톱,"톱, 쇠톱, 접톱, 전정톱, 원형톱, 테이블톱, 목공톱, 목공용접톱, 왕복톱(레시프로쏘), 탭세트, 핀펀치, 토크렌치, 점프케이블, 도끼, 타카",톱,,,,False,톱,True
granite4.1:8b,톱 1개,success,톱,"톱, 쇠톱, 접톱, 원형톱, 전정톱, 테이블톱, 목공톱, 목공용접톱, 왕복톱(레시프로쏘), 탭세트, 핀펀치, 사다리, 점프케이블, 센터펀치, 카운터싱크",톱,,,,False,,
granite4.1:8b,톱(300mm),success,톱,"톱, 쇠톱, 접톱, 원형톱, 전정톱, 테이블톱, 목공톱, 목공용접톱, 왕복톱(레시프로쏘), 점프케이블, 핀펀치, 그립망치, 클램프미터, 자전거펌프, 탭세트",목공용접톱,,,300mm,False,,
granite4.1:8b,톱(350mm),success,톱,"톱, 쇠톱, 접톱, 테이블톱, 전정톱, 원형톱, 목공톱, 목공용접톱, 왕복톱(레시프로쏘), 사다리, 핀펀치, 자전거펌프, 점프케이블, 커터칼, 에어펌프",목공용접톱,,,350mm,False,,
granite4.1:8b,톱(대),success,톱,"톱, 대패, 쇠톱, 접톱, 전정톱, 테이블톱, 원형톱, 석고대패, 목공톱, 쇠지렛대, 왕복톱(레시프로쏘), 목공용접톱, 탭세트, 핀펀치, 사다리",대패,,,,False,,
granite4.1:8b,톱(대형),success,원형톱,"원형톱, 톱, 테이블톱, 대패, 전정톱, 쇠톱, 접톱, 목공톱, 석고대패, A형사다리, 왕복톱(레시프로쏘), 쇠지렛대, 목공용접톱, 핀펀치, 탭세트",톱,,,,False,,
granite4.1:8b,톱(목공용),success,목공용접톱,"목공용접톱, 목공톱, 톱, 목공용드릴비트, 목공줄, 테이블톱, 전정톱, 원형톱, 철공용드릴비트, 접톱, 쇠톱, 철공용드릴비트세트, 왕복톱(레시프로쏘), 공구함, 다목적가위",목공톱,,,,False,,
granite4.1:8b,톱(소),success,톱,"톱, 쇠톱, 직소기, 접톱, 원형톱, 전정톱, 테이블톱, 목공톱, 왕복톱(레시프로쏘), 소켓렌치세트, 목공용접톱, 스프링배관청소기, 핀펀치, 탭세트, 그립망치",접톱,,,,False,,
granite4.1:8b,톱(소형),success,원형톱,"원형톱, 톱, 테이블톱, 전정톱, 쇠톱, 접톱, 목공톱, 직소기, 왕복톱(레시프로쏘), A형사다리, 목공용접톱, 소켓렌치세트, 스프링배관청소기, 핀펀치, 탭세트",톱,,,,False,,
granite4.1:8b,톱(쇠톱),success,쇠톱,"쇠톱, 톱, 테이블톱, 접톱, 전정톱, 원형톱, 목공톱, 왕복톱(레시프로쏘), 목공용접톱, 쇠지렛대, 사다리, 도끼, 망치, 핀펀치, 그립망치",쇠톱,,,,False,,
granite4.1:8b,톱(외날),success,톱,"톱, 쇠톱, 접톱, 전정톱, 원형톱, 테이블톱, 목공톱, 적외선온도계, 다이아고날플라이어, 왕복톱(레시프로쏘), 목공용접톱, 핀펀치, 탭세트, 센터펀치, 사다리",적외선온도계,,,,False,,
granite4.1:8b,톱(접이식),success,접톱,"접톱, 톱, 목공용접톱, 테이블톱, 전정톱, 원형톱, 쇠톱, 목공톱, 왕복톱(레시프로쏘), 바이스그립플라이어, 점프케이블, 스냅링플라이어, 플라이어, 다이아고날플라이어, 플라이어렌치",접톱,,,,False,접톱,True
granite4.1:8b,톱(중),success,톱,"톱, 쇠톱, 접톱, 전정톱, 테이블톱, 원형톱, 목공톱, 왕복톱(레시프로쏘), 목공용접톱, 탭세트, 핀펀치, 센터펀치, 사다리, 에어펌프, 핸드카트",목공용접톱,,,,False,,
granite4.1:8b,톱(코메론),success,톱,"톱, 쇠톱, 접톱, 전정톱, 원형톱, 테이블톱, 목공톱, 열화상카메라, 목공용접톱, 왕복톱(레시프로쏘), 핀펀치, 탭세트, 점프케이블, 센터펀치, 니퍼",톱,코메론,,,False,,
granite4.1:8b,톱/낫/삽/원예공구,success,공구함,"공구함, 원형톱, 공구세트, 목공톱, 공구함세트, 전동공구세트, 톱, 목공용접톱, 모종삽, 쇠톱, 전정톱, 테이블톱, 접톱, 목공줄, 왕복톱(레시프로쏘)",톱,,,,False,,
granite4.1:8b,톱/전정톱,success,전정톱,"전정톱, 톱, 원형톱, 테이블톱, 쇠톱, 접톱, 목공톱, 왕복톱(레시프로쏘), 목공용접톱, 전동타카, 전동드릴, 검전기, 전동압착기, 전지가위, LED손전등",전정톱,,,,False,,
granite4.1:8b,톱1,success,톱,"톱, 쇠톱, 접톱, 전정톱, 원형톱, 테이블톱, 목공톱, 목공용접톱, 왕복톱(레시프로쏘), 탭세트, 점프케이블, 사다리, 핀펀치, 토크렌치, 카운터싱크",톱,,,,False,,
granite4.1:8b,톱270mm),success,톱,"톱, 접톱, 쇠톱, 전정톱, 원형톱, 목공톱, 테이블톱, 목공용접톱, 왕복톱(레시프로쏘), 점프케이블, 클램프미터, 고속절단기, 안전모, PVC컷터, 도끼",톱,,,길이 270mm,False,,
granite4.1:8b,톱날,success,톱,"톱, 접톱, 쇠톱, 전정톱, 원형톱, 목공톱, 테이블톱, 다이아고날플라이어, 목공용접톱, 왕복톱(레시프로쏘), 핀펀치, 탭세트, 토크렌치, 전동드릴, 그립망치",톱,,,,False,,
granite4.1:8b,톱날 교체용,success,목공용접톱,"목공용접톱, 톱, 접톱, 전정톱, 쇠톱, 목공톱, 원형톱, 테이블톱, 다이아고날플라이어, 양용드라이버, 철공용드릴비트, 목공용드릴비트, 전자산업용니퍼, 피스제거용비트, 철공용드릴비트세트",목공용드릴비트,,,,False,,
granite4.1:8b,톱날 철판용,success,철판가위,"철판가위, 철공용드릴비트, 목공용접톱, 톱, 철공용드릴비트세트, 목공톱, 접톱, 전정톱, 원형톱, 테이블톱, 쇠톱, 콘크리트용드릴비트, 목공용드릴비트, 전자산업용니퍼, 다이아고날플라이어",철판가위,,,,False,,
granite4.1:8b,톱날(타지마),success,톱,"톱, 연마석, 타카, 접톱, 손타카, 쇠톱, 타카핀, 전정톱, 방진마스크, 목공톱, 원형톱, 건타카, 전동타카, 쇠지렛대, 테이블톱",톱,타지마,,,False,,
granite4.1:8b,톱대,success,톱,"톱, 대패, 접톱, 전정톱, 원형톱, 테이블톱, 쇠톱, 쇠지렛대, 목공톱, 석고대패, 목공용접톱, 왕복톱(레시프로쏘), 탭세트, 그립망치, 핀펀치",톱,,,,False,,
granite4.1:8b,톱대(알루미늄핸들) 12“,success,톱,"톱, 대패, 핸드카트, 접톱, 글루건, 클램프미터, 쇠지렛대, 목공톱, 전정톱, 테이블톱, 쇠톱, 원형톱, 글루스틱, 석고대패, T핸드드라이버",목공톱,,,"12"" (크기)",False,,
granite4.1:8b,톱대/날 쇠톱대12″ (회전형/헤피티),success,쇠톱,"쇠톱, 쇠지렛대, 원형톱, 전정톱, 톱, 접톱, 대패, 테이블톱, 목공톱, 석고대패, 목공용접톱, 왕복톱(레시프로쏘), A형사다리, 피스제거용비트, 멀티테스터",쇠톱,,,12인치 회전형 헤피티,False,,
granite4.1:8b,톱류,success,톱,"톱, 쇠톱, 접톱, 원형톱, 테이블톱, 전정톱, 목공톱, 목공용접톱, 왕복톱(레시프로쏘), 탭세트, 핀펀치, 망치, 그립망치, LED투광기, 직각자",톱,,,,False,,
granite4.1:8b,톱세트 1개,success,세트,"세트, 탭세트, 톱, 공구세트, 끌세트, 비트세트, T렌치세트, 공구함세트, 스패너세트, 드릴비트세트, 다이스세트, 볼렌치세트, 전동공구세트, 별렌치세트, 소켓렌치세트",톱,,,,False,,
granite4.1:8b,톱자루(1)+톱날(2),success,톱,"톱, 쇠톱, 접톱, 전정톱, 원형톱, 목공톱, 테이블톱, 목공용접톱, 줄자, 글루건, 직각자, 왕복톱(레시프로쏘), 빠루망치, 글루스틱, 자전거펌프",목공용접톱,,,,False,,
granite4.1:8b,톱자루+톱날,success,톱,"톱, 쇠톱, 접톱, 전정톱, 원형톱, 목공톱, 테이블톱, 목공용접톱, 줄자, 글루건, 직각자, 빠루망치, 왕복톱(레시프로쏘), 글루스틱, 자전거펌프",목공용접톱,,,,False,,
granite4.1:8b,툴앤툴 해머드릴 18.5V,success,해머드릴,"해머드릴, 충전해머드릴, 로터리해머드릴, 충전드릴, 전동드릴, 임팩트드릴, 드릴비트, 앤드컷팅니퍼, 철공용드릴비트, 드릴비트세트, 철공용드릴비트세트, SDS드릴비트, 목공용드릴비트, PVC컷터, 콘크리트드릴비트세트",충전해머드릴,,충전식,,False,,
granite4.1:8b,튜브커터,success,커터,"커터, 커터칼, 케이블컷터, 볼트컷터, 타일컷터, PVC컷터, 클램프미터, 카운터싱크, 워터펌프플라이어, 멀티테스터, 로터리해머드릴, 센터펀치, 배터리팩, 핸드카트, 목공톱",커터,,,,False,,
granite4.1:8b,튜브커터(파이프커터),success,커터,"커터, 커터칼, 파이프렌치, 케이블컷터, 볼트컷터, 타일컷터, PVC컷터, 워터펌프플라이어, 클램프미터, 점프케이블, 에어펌프, 카운터싱크, 와이어스트리퍼, 자전거펌프, F클램프",커터,,,,True,,
granite4.1:8b,트리머,success,와이어스트리퍼,"와이어스트리퍼, 로터리해머드릴, 해머드릴, 콘크리트니퍼, 충전해머드릴, 사다리, 콘크리트드릴비트세트, 콘크리트용드릴비트, 배터리팩, 버니어캘리퍼스, 실리콘건, 장도리, 레이저거리측정기, A형사다리, 플라이어",사다리,,,,False,,
granite4.1:8b,트리머2개,success,와이어스트리퍼,"와이어스트리퍼, 로터리해머드릴, 해머드릴, 충전해머드릴, 콘크리트니퍼, 콘크리트드릴비트세트, 사다리, 콘크리트용드릴비트, 배터리팩, 실리콘건, 버니어캘리퍼스, 레이저거리측정기, A형사다리, 장도리, 세트",사다리,,,,False,,
granite4.1:8b,트리머셋1개,success,와이어스트리퍼,"와이어스트리퍼, 로터리해머드릴, 옵셋렌치, 해머드릴, 충전해머드릴, 콘크리트드릴비트세트, 콘크리트용드릴비트, 콘크리트니퍼, 사다리, 드릴비트세트, 세트, 탭세트, 드라이버세트, 플라이어세트, T렌치세트",드라이버세트,,,,False,,
granite4.1:8b,틴닝가위,success,철판가위,"철판가위, 고지가위, 전지가위, 다목적가위, 가스토치, 톱, 토크렌치, 앤드컷팅니퍼, 핀펀치, 테이블톱, T렌치세트, 방진마스크, T핸드드라이버, 도끼, 탭세트",다목적가위,,,,False,,
granite4.1:8b,파괴 해머드릴,success,해머드릴,"해머드릴, 충전해머드릴, 로터리해머드릴, 임팩트드릴, 충전드릴, 전동드릴, 드릴비트, 드릴비트세트, 목공용드릴비트, 철공용드릴비트, SDS드릴비트, 철공용드릴비트세트, 콘크리트드릴비트세트, 콘크리트용드릴비트, 파이프렌치",해머드릴,,,,False,,
granite4.1:8b,파괴드릴,success,충전드릴,"충전드릴, 전동드릴, 해머드릴, 임팩트드릴, 드릴비트, 충전해머드릴, 드릴비트세트, 로터리해머드릴, SDS드릴비트, 철공용드릴비트, 목공용드릴비트, 철공용드릴비트세트, 콘크리트드릴비트세트, 콘크리트용드릴비트, 파이프렌치",임팩트드릴,,,,False,,
granite4.1:8b,파괴해머드릴,success,해머드릴,"해머드릴, 충전해머드릴, 로터리해머드릴, 전동드릴, 임팩트드릴, 충전드릴, 드릴비트, 드릴비트세트, 철공용드릴비트, 목공용드릴비트, 철공용드릴비트세트, SDS드릴비트, 콘크리트드릴비트세트, 콘크리트용드릴비트, 파이프렌치",해머드릴,,,,False,,
granite4.1:8b,파괴햄머드릴,success,해머드릴,"해머드릴, 충전해머드릴, 로터리해머드릴, 전동드릴, 충전드릴, 임팩트드릴, 드릴비트, 드릴비트세트, 목공용드릴비트, 철공용드릴비트, 철공용드릴비트세트, SDS드릴비트, 콘크리트드릴비트세트, 콘크리트용드릴비트, 파이프렌치",해머드릴,,,,False,,
granite4.1:8b,파라솔세트,success,세트,"세트, 플라이어세트, 탭세트, 드라이버세트, 끌세트, 라쳇렌치세트, 공구세트, 비트세트, 스패너세트, T렌치세트, 다이스세트, 별렌치세트, 공구함세트, 볼렌치세트, 전동공구세트",세트,,,,False,,
granite4.1:8b,파랑 원형바구니 2,success,원형톱,"원형톱, 공구함, 파이프렌치, 편구스패너, 공구세트, 공구함세트, A형사다리, 전동공구세트, 바이스그립플라이어, 니퍼, 버니어캘리퍼스, 강력니퍼, 앤드컷팅니퍼, 빠루망치, 콘크리트니퍼",원형톱,,,,False,,
granite4.1:8b,파쇄햄머,success,해머드릴,"해머드릴, 파이프렌치, 충전해머드릴, 로터리해머드릴, 볼트컷터, 커터, 클램프미터, PVC컷터, 커터칼, 접톱, 앤드컷팅니퍼, 빠루망치, 카운터싱크, 앵글그라인더, 스패너",해머드릴,,,,False,,
granite4.1:8b,파워압축기 1개,success,전동압착기,"전동압착기, 고압세척기, 파이프렌치, 워터펌프플라이어, 송풍기, 열풍기, 검전기, 직소기, 수평기, 라돈측정기, 고속절단기, 전기인두, 레이저수평기, 레이저거리측정기, LED투광기",전동압착기,,,,False,,
granite4.1:8b,파워점프케이블,success,점프케이블,"점프케이블, 케이블컷터, 파이프렌치, 테이블톱, 워터펌프플라이어, F클램프, 에어펌프, 클램프미터, 자전거펌프, 안전로프, 와이어스트리퍼, 커터칼, 충전해머드릴, 충전임팩트드라이버, 배터리팩",점프케이블,,,,False,,
granite4.1:8b,파워크레인,success,스크레퍼,"스크레퍼, 파이프렌치, 토크렌치, 워터펌프플라이어, 앵글그라인더, 전기인두, 카운터싱크, 에어컴프레서, 레이저수평기, 왕복톱(레시프로쏘), 방진마스크, 에어건, 레이저거리측정기, 빠루망치, 콘크리트니퍼",스크레퍼,,,,False,,
granite4.1:8b,파이 프렌치(300MM),success,파이프렌치,"파이프렌치, 렌치, 플라이어렌치, 육각렌치, 만능렌치, 몽키렌치, 옵셋렌치, 토크렌치, 볼렌치, 별렌치세트, 육각렌치세트, 냉동라쳇렌치, 볼렌치세트, 조합렌치세트, 소켓렌치세트",파이프렌치,,,300MM,False,,
granite4.1:8b,파이프 렌치,success,파이프렌치,"파이프렌치, 렌치, 플라이어렌치, 옵셋렌치, 육각렌치, 만능렌치, 토크렌치, 냉동라쳇렌치, 별렌치세트, 육각렌치세트, 몽키렌치, 라쳇렌치세트, 소켓렌치세트, 조합렌치세트, 기어렌치세트",파이프렌치,,,,False,,
granite4.1:8b,파이프 렌치,success,파이프렌치,"파이프렌치, 렌치, 플라이어렌치, 옵셋렌치, 육각렌치, 만능렌치, 토크렌치, 냉동라쳇렌치, 별렌치세트, 육각렌치세트, 몽키렌치, 라쳇렌치세트, 소켓렌치세트, 조합렌치세트, 기어렌치세트",파이프렌치,,,,False,,
granite4.1:8b,파이프 렌치 10',success,파이프렌치,"파이프렌치, 렌치, 플라이어렌치, 육각렌치, 만능렌치, 옵셋렌치, 냉동라쳇렌치, 토크렌치, 별렌치세트, 육각렌치세트, 라쳇렌치세트, 몽키렌치, 소켓렌치세트, 조합렌치세트, 기어렌치세트",파이프렌치,,,10'',False,,
granite4.1:8b,파이프 렌치 10inch,success,파이프렌치,"파이프렌치, 렌치, 플라이어렌치, 육각렌치, 만능렌치, 옵셋렌치, 냉동라쳇렌치, 별렌치세트, 토크렌치, 육각렌치세트, 라쳇렌치세트, 몽키렌치, 기어렌치세트, 조합렌치세트, 소켓렌치세트",파이프렌치,,,10인치,False,,
granite4.1:8b,파이프 렌치 12',success,파이프렌치,"파이프렌치, 렌치, 플라이어렌치, 만능렌치, 옵셋렌치, 육각렌치, 냉동라쳇렌치, 별렌치세트, 라쳇렌치세트, 육각렌치세트, 토크렌치, 소켓렌치세트, 기어렌치세트, 몽키렌치, 조합렌치세트",파이프렌치,,,12'',False,,
granite4.1:8b,파이프 렌치 12inch,success,파이프렌치,"파이프렌치, 렌치, 플라이어렌치, 만능렌치, 육각렌치, 옵셋렌치, 냉동라쳇렌치, 별렌치세트, 라쳇렌치세트, 육각렌치세트, 토크렌치, 소켓렌치세트, 몽키렌치, 기어렌치세트, 조합렌치세트",파이프렌치,,,12인치,False,,
granite4.1:8b,파이프 렌치 14',success,파이프렌치,"파이프렌치, 렌치, 플라이어렌치, 만능렌치, 옵셋렌치, 육각렌치, 냉동라쳇렌치, 별렌치세트, 토크렌치, 조합렌치세트, 육각렌치세트, 라쳇렌치세트, 몽키렌치, 소켓렌치세트, 기어렌치세트",파이프렌치,,,14',False,,
granite4.1:8b,파이프 렌치 14inch,success,파이프렌치,"파이프렌치, 렌치, 플라이어렌치, 만능렌치, 육각렌치, 옵셋렌치, 냉동라쳇렌치, 별렌치세트, 조합렌치세트, 토크렌치, 육각렌치세트, 라쳇렌치세트, 몽키렌치, 소켓렌치세트, 기어렌치세트",파이프렌치,,,14인치,False,,
granite4.1:8b,파이프 렌치 1개,success,파이프렌치,"파이프렌치, 렌치, 플라이어렌치, 옵셋렌치, 육각렌치, 만능렌치, 냉동라쳇렌치, 소켓렌치세트, 별렌치세트, 라쳇렌치세트, 토크렌치, 육각렌치세트, 조합렌치세트, 몽키렌치, 기어렌치세트",파이프렌치,,,,False,,
granite4.1:8b,파이프 렌치10',success,파이프렌치,"파이프렌치, 렌치, 플라이어렌치, 만능렌치, 육각렌치, 옵셋렌치, 냉동라쳇렌치, 별렌치세트, 토크렌치, 육각렌치세트, 라쳇렌치세트, 조합렌치세트, 몽키렌치, 소켓렌치세트, 기어렌치세트",파이프렌치,,,,False,,
granite4.1:8b,파이프 렌치12',success,파이프렌치,"파이프렌치, 렌치, 플라이어렌치, 옵셋렌치, 만능렌치, 육각렌치, 냉동라쳇렌치, 별렌치세트, 라쳇렌치세트, 육각렌치세트, 토크렌치, 소켓렌치세트, 기어렌치세트, 조합렌치세트, 몽키렌치",파이프렌치,,,,False,,
granite4.1:8b,파이프 렌치14',success,파이프렌치,"파이프렌치, 렌치, 플라이어렌치, 만능렌치, 옵셋렌치, 육각렌치, 냉동라쳇렌치, 조합렌치세트, 별렌치세트, 라쳇렌치세트, 토크렌치, 육각렌치세트, 소켓렌치세트, 몽키렌치, 기어렌치세트",파이프렌치,,,,False,,
granite4.1:8b,파이프 커터,success,커터,"커터, 파이프렌치, 커터칼, 케이블컷터, 볼트컷터, 워터펌프플라이어, PVC컷터, 점프케이블, 클램프미터, 타일컷터, 에어펌프, 와이어스트리퍼, 자전거펌프, F클램프, 스프링배관청소기",커터,,,,True,,
granite4.1:8b,파이프그립플라이어,success,바이스그립플라이어,"바이스그립플라이어, 파이프렌치, 워터펌프플라이어, 플라이어, 스냅링플라이어, 다이아고날플라이어, 플라이어세트, 플라이어렌치, 롱노즈플라이어, 굽은노즈플라이어, 그립망치, 와이어스트리퍼, 점프케이블, 드라이버, F클램프",바이스그립플라이어,,,,False,,
granite4.1:8b,파이프랜치,success,파이프렌치,"파이프렌치, 플라이어렌치, 핀펀치, 토크렌치, F클램프, 워터펌프플라이어, 육각렌치, 렌치, 점프케이블, 에어펌프, 그립망치, 펜치, 센터펀치, 몽키렌치, 옵셋렌치",파이프렌치,,,,False,,
granite4.1:8b,파이프랜치(10inch),success,파이프렌치,"파이프렌치, 플라이어렌치, 핀펀치, 육각렌치, 워터펌프플라이어, 에어펌프, 렌치, 점프케이블, 토크렌치, 센터펀치, 펜치, 그립망치, F클램프, 냉동라쳇렌치, 자전거펌프",파이프렌치,,,10인치,False,,
granite4.1:8b,파이프랜치(10세신) 1개,success,파이프렌치,"파이프렌치, 플라이어렌치, 별렌치세트, 핀펀치, 워터펌프플라이어, 육각렌치세트, 점프케이블, 기어렌치세트, 볼렌치세트, 소켓렌치세트, 렌치, 육각렌치, 조합렌치세트, 에어펌프, 라쳇렌치세트",파이프렌치,,,10세신,False,,
granite4.1:8b,파이프랜치(12inch),success,파이프렌치,"파이프렌치, 플라이어렌치, 핀펀치, 점프케이블, 육각렌치, 센터펀치, 워터펌프플라이어, 렌치, F클램프, 토크렌치, 냉동라쳇렌치, 펜치, 옵셋렌치, 에어펌프, 그립망치",파이프렌치,,,12인치,False,,
granite4.1:8b,파이프랜치(12세신) 1개,success,파이프렌치,"파이프렌치, 플라이어렌치, 별렌치세트, 점프케이블, 핀펀치, 워터펌프플라이어, 볼렌치세트, 육각렌치세트, 소켓렌치세트, 렌치, F클램프, 기어렌치세트, 육각렌치, 조합렌치세트, 옵셋렌치",파이프렌치,,,12세신,False,,
granite4.1:8b,파이프랜치(8inch),success,파이프렌치,"파이프렌치, 플라이어렌치, 핀펀치, 육각렌치, 점프케이블, 워터펌프플라이어, 렌치, 토크렌치, 에어펌프, F클램프, 그립망치, 센터펀치, 펜치, 납볼망치, 옵셋렌치",파이프렌치,,,8인치,False,,
granite4.1:8b,"파이프랜치(대,소)",success,파이프렌치,"파이프렌치, 플라이어렌치, 핀펀치, 소켓렌치세트, 대패, 육각렌치, 워터펌프플라이어, 에어펌프, 스프링배관청소기, 렌치, 점프케이블, 토크렌치, F클램프, 직소기, 옵셋렌치",파이프렌치,,,,False,,
granite4.1:8b,"파이프랜치(대,중,소)",success,파이프렌치,"파이프렌치, 플라이어렌치, 핀펀치, 소켓렌치세트, 대패, 에어펌프, 육각렌치, 워터펌프플라이어, 스프링배관청소기, 렌치, 센터펀치, 점프케이블, 토크렌치, F클램프, 직소기",파이프렌치,,,,False,,
granite4.1:8b,파이프렌지,success,파이프렌치,"파이프렌치, 플라이어렌치, 워터펌프플라이어, 에어펌프, 점프케이블, 토크렌치, 렌치, F클램프, 육각렌치, 몽키렌치, 에어컴프레서, 옵셋렌치, 바이스그립플라이어, 핀펀치, 자전거펌프",파이프렌치,,,,False,,
granite4.1:8b,파이프렌지(10″),success,파이프렌치,"파이프렌치, 플라이어렌치, 워터펌프플라이어, 에어펌프, 렌치, 점프케이블, 육각렌치, 토크렌치, 에어컴프레서, 몽키렌치, F클램프, 자전거펌프, 옵셋렌치, 만능렌치, 육각렌치세트",파이프렌치,,,10″,False,,
granite4.1:8b,파이프렌찌(알미늄),success,파이프렌치,"파이프렌치, 클램프미터, 플라이어렌치, 렌치, F클램프, 옵셋렌치, 볼렌치, 토크렌치, 육각렌치, 별렌치세트, 점프케이블, 볼렌치세트, 몽키렌치, 워터펌프플라이어, 에어펌프",파이프렌치,,,알미늄,False,,
granite4.1:8b,파이프렌치,success,파이프렌치,"파이프렌치, 렌치, 플라이어렌치, 토크렌치, 몽키렌치, 볼렌치, 육각렌치, 옵셋렌치, 만능렌치, 볼렌치세트, 별렌치세트, 육각렌치세트, 기어렌치세트, T렌치세트, 조합렌치세트",파이프렌치,,,,False,파이프렌치,True
granite4.1:8b,파이프렌치,success,파이프렌치,"파이프렌치, 렌치, 플라이어렌치, 토크렌치, 몽키렌치, 볼렌치, 육각렌치, 옵셋렌치, 만능렌치, 볼렌치세트, 별렌치세트, 육각렌치세트, 기어렌치세트, T렌치세트, 조합렌치세트",파이프렌치,,,,False,파이프렌치,True
granite4.1:8b,파이프렌치  14″,success,파이프렌치,"파이프렌치, 플라이어렌치, 렌치, 토크렌치, 육각렌치, 몽키렌치, 만능렌치, 옵셋렌치, 볼렌치, 별렌치세트, 조합렌치세트, 볼렌치세트, 육각렌치세트, 냉동라쳇렌치, 기어렌치세트",파이프렌치,,,"14""",False,,
granite4.1:8b,파이프렌치 (10'),success,파이프렌치,"파이프렌치, 플라이어렌치, 렌치, 토크렌치, 육각렌치, 몽키렌치, 옵셋렌치, 만능렌치, 볼렌치, 별렌치세트, 냉동라쳇렌치, 볼렌치세트, 육각렌치세트, 조합렌치세트, 기어렌치세트",파이프렌치,,,10',False,,
granite4.1:8b,파이프렌치 (12'),success,파이프렌치,"파이프렌치, 플라이어렌치, 렌치, 육각렌치, 토크렌치, 몽키렌치, 옵셋렌치, 볼렌치, 만능렌치, 별렌치세트, 볼렌치세트, 냉동라쳇렌치, 육각렌치세트, 기어렌치세트, 조합렌치세트",파이프렌치,,,길이 12인치,False,,
granite4.1:8b,파이프렌치 10,success,파이프렌치,"파이프렌치, 렌치, 플라이어렌치, 토크렌치, 육각렌치, 몽키렌치, 볼렌치, 만능렌치, 옵셋렌치, 볼렌치세트, 별렌치세트, 육각렌치세트, 기어렌치세트, 조합렌치세트, 냉동라쳇렌치",파이프렌치,,,10,False,,
granite4.1:8b,파이프렌치 10인치,success,파이프렌치,"파이프렌치, 렌치, 플라이어렌치, 육각렌치, 토크렌치, 몽키렌치, 만능렌치, 옵셋렌치, 볼렌치, 별렌치세트, 볼렌치세트, 육각렌치세트, 기어렌치세트, 냉동라쳇렌치, 조합렌치세트",파이프렌치,,,10인치,False,,
granite4.1:8b,파이프렌치 12,success,파이프렌치,"파이프렌치, 플라이어렌치, 렌치, 토크렌치, 볼렌치, 육각렌치, 몽키렌치, 만능렌치, 옵셋렌치, 볼렌치세트, 별렌치세트, 냉동라쳇렌치, 육각렌치세트, 기어렌치세트, 조합렌치세트",파이프렌치,,,12,False,,
granite4.1:8b,파이프렌치 12',success,파이프렌치,"파이프렌치, 플라이어렌치, 렌치, 토크렌치, 육각렌치, 볼렌치, 몽키렌치, 옵셋렌치, 만능렌치, 별렌치세트, 볼렌치세트, 냉동라쳇렌치, 육각렌치세트, 기어렌치세트, 조합렌치세트",파이프렌치,,,12'',False,,
granite4.1:8b,파이프렌치 12″,success,파이프렌치,"파이프렌치, 플라이어렌치, 렌치, 육각렌치, 토크렌치, 볼렌치, 옵셋렌치, 몽키렌치, 만능렌치, 별렌치세트, 볼렌치세트, 냉동라쳇렌치, 육각렌치세트, 기어렌치세트, 조합렌치세트",파이프렌치,,,12″,False,,
granite4.1:8b,파이프렌치 12인치,success,파이프렌치,"파이프렌치, 렌치, 플라이어렌치, 육각렌치, 토크렌치, 볼렌치, 옵셋렌치, 몽키렌치, 만능렌치, 별렌치세트, 볼렌치세트, 육각렌치세트, 냉동라쳇렌치, 기어렌치세트, 조합렌치세트",파이프렌치,,,12인치,False,,
granite4.1:8b,파이프렌치 14'' 1개,success,파이프렌치,"파이프렌치, 렌치, 플라이어렌치, 토크렌치, 육각렌치, 몽키렌치, 별렌치세트, 만능렌치, 옵셋렌치, 볼렌치, 조합렌치세트, 볼렌치세트, 소켓렌치세트, 냉동라쳇렌치, 육각렌치세트",파이프렌치,,,14',False,,
granite4.1:8b,파이프렌치 14인치,success,파이프렌치,"파이프렌치, 렌치, 플라이어렌치, 육각렌치, 토크렌치, 몽키렌치, 만능렌치, 옵셋렌치, 볼렌치, 별렌치세트, 볼렌치세트, 육각렌치세트, 조합렌치세트, 냉동라쳇렌치, 기어렌치세트",파이프렌치,,,14인치,False,,
granite4.1:8b,파이프렌치 18,success,파이프렌치,"파이프렌치, 플라이어렌치, 렌치, 토크렌치, 육각렌치, 몽키렌치, 볼렌치, 옵셋렌치, 만능렌치, 볼렌치세트, 육각렌치세트, 별렌치세트, 냉동라쳇렌치, 기어렌치세트, 조합렌치세트",파이프렌치,,,18,False,,
granite4.1:8b,파이프렌치 18인치,success,파이프렌치,"파이프렌치, 플라이어렌치, 렌치, 육각렌치, 토크렌치, 몽키렌치, 볼렌치, 옵셋렌치, 만능렌치, 육각렌치세트, 볼렌치세트, 별렌치세트, 기어렌치세트, 냉동라쳇렌치, 조합렌치세트",파이프렌치,,,18인치,False,,
granite4.1:8b,파이프렌치 1개,success,파이프렌치,"파이프렌치, 렌치, 플라이어렌치, 토크렌치, 몽키렌치, 육각렌치, 볼렌치, 옵셋렌치, 만능렌치, 볼렌치세트, 별렌치세트, 기어렌치세트, 육각렌치세트, 소켓렌치세트, 조합렌치세트",파이프렌치,,,,False,,
granite4.1:8b,파이프렌치 4',success,파이프렌치,"파이프렌치, 플라이어렌치, 렌치, 토크렌치, 몽키렌치, 육각렌치, 옵셋렌치, 볼렌치, 만능렌치, 별렌치세트, 볼렌치세트, 육각렌치세트, 조합렌치세트, 기어렌치세트, 냉동라쳇렌치",파이프렌치,,,4'',False,,
granite4.1:8b,파이프렌치 대,success,파이프렌치,"파이프렌치, 렌치, 플라이어렌치, 토크렌치, 육각렌치, 몽키렌치, 볼렌치, 옵셋렌치, 만능렌치, 볼렌치세트, 육각렌치세트, 별렌치세트, 기어렌치세트, 조합렌치세트, 냉동라쳇렌치",파이프렌치,,,,False,,
granite4.1:8b,"파이프렌치 대,중",success,파이프렌치,"파이프렌치, 렌치, 플라이어렌치, 토크렌치, 볼렌치, 육각렌치, 몽키렌치, 옵셋렌치, 만능렌치, 볼렌치세트, 별렌치세트, 육각렌치세트, 조합렌치세트, 기어렌치세트, 냉동라쳇렌치",파이프렌치,,,"대,중",False,,
granite4.1:8b,"파이프렌치 대,중,소",success,파이프렌치,"파이프렌치, 렌치, 플라이어렌치, 토크렌치, 소켓렌치세트, 육각렌치, 볼렌치, 몽키렌치, 옵셋렌치, 만능렌치, 볼렌치세트, 별렌치세트, 육각렌치세트, 조합렌치세트, 기어렌치세트",파이프렌치,,,"대,중,소",False,,
granite4.1:8b,파이프렌치 소,success,파이프렌치,"파이프렌치, 토크렌치, 렌치, 소켓렌치세트, 플라이어렌치, 볼렌치, 몽키렌치, 육각렌치, 볼렌치세트, 옵셋렌치, 만능렌치, 육각렌치세트, 별렌치세트, 기어렌치세트, T렌치세트",파이프렌치,,,,False,,
granite4.1:8b,파이프렌치 중,success,파이프렌치,"파이프렌치, 플라이어렌치, 렌치, 토크렌치, 몽키렌치, 볼렌치, 육각렌치, 옵셋렌치, 만능렌치, 볼렌치세트, 별렌치세트, 육각렌치세트, 기어렌치세트, T렌치세트, 조합렌치세트",파이프렌치,,,,False,,
granite4.1:8b,파이프렌치(1),success,파이프렌치,"파이프렌치, 렌치, 플라이어렌치, 토크렌치, 몽키렌치, 볼렌치, 옵셋렌치, 육각렌치, 만능렌치, 볼렌치세트, 별렌치세트, 냉동라쳇렌치, 육각렌치세트, 기어렌치세트, 조합렌치세트",파이프렌치,,,,False,,
granite4.1:8b,파이프렌치(10'),success,파이프렌치,"파이프렌치, 플라이어렌치, 렌치, 토크렌치, 육각렌치, 몽키렌치, 옵셋렌치, 만능렌치, 볼렌치, 별렌치세트, 육각렌치세트, 냉동라쳇렌치, 볼렌치세트, 조합렌치세트, 기어렌치세트",파이프렌치,,,10',False,,
granite4.1:8b,파이프렌치(10인치),success,파이프렌치,"파이프렌치, 렌치, 플라이어렌치, 육각렌치, 토크렌치, 몽키렌치, 옵셋렌치, 만능렌치, 볼렌치, 별렌치세트, 육각렌치세트, 볼렌치세트, 냉동라쳇렌치, 기어렌치세트, 조합렌치세트",파이프렌치,,,10인치,False,,
granite4.1:8b,파이프렌치(12,success,파이프렌치,"파이프렌치, 렌치, 플라이어렌치, 토크렌치, 몽키렌치, 육각렌치, 옵셋렌치, 볼렌치, 만능렌치, 별렌치세트, 볼렌치세트, 냉동라쳇렌치, 육각렌치세트, 기어렌치세트, 소켓렌치세트",파이프렌치,,,,False,,
granite4.1:8b,"파이프렌치(12#,14#)",success,파이프렌치,"파이프렌치, 렌치, 플라이어렌치, 토크렌치, 옵셋렌치, 몽키렌치, 볼렌치, 육각렌치, 별렌치세트, 만능렌치, 볼렌치세트, 냉동라쳇렌치, 조합렌치세트, 소켓렌치세트, 육각렌치세트",파이프렌치,,,"12#, 14#",False,,
granite4.1:8b,파이프렌치(12'),success,파이프렌치,"파이프렌치, 플라이어렌치, 렌치, 육각렌치, 토크렌치, 몽키렌치, 옵셋렌치, 볼렌치, 만능렌치, 별렌치세트, 냉동라쳇렌치, 볼렌치세트, 육각렌치세트, 기어렌치세트, 소켓렌치세트",파이프렌치,,,12',False,,
granite4.1:8b,파이프렌치(12),success,파이프렌치,"파이프렌치, 렌치, 플라이어렌치, 토크렌치, 몽키렌치, 옵셋렌치, 육각렌치, 볼렌치, 만능렌치, 별렌치세트, 냉동라쳇렌치, 볼렌치세트, 육각렌치세트, 소켓렌치세트, 기어렌치세트",파이프렌치,,,12,False,,
granite4.1:8b,"파이프렌치(12,14#)",success,파이프렌치,"파이프렌치, 렌치, 플라이어렌치, 토크렌치, 옵셋렌치, 몽키렌치, 볼렌치, 육각렌치, 만능렌치, 별렌치세트, 볼렌치세트, 냉동라쳇렌치, 조합렌치세트, 육각렌치세트, 소켓렌치세트",파이프렌치,,,"12,14#",False,,
granite4.1:8b,파이프렌치(12인치),success,파이프렌치,"파이프렌치, 렌치, 플라이어렌치, 육각렌치, 옵셋렌치, 토크렌치, 몽키렌치, 볼렌치, 만능렌치, 별렌치세트, 볼렌치세트, 냉동라쳇렌치, 육각렌치세트, 소켓렌치세트, 기어렌치세트",파이프렌치,,,12인치,False,,
granite4.1:8b,파이프렌치(14,success,파이프렌치,"파이프렌치, 렌치, 플라이어렌치, 토크렌치, 몽키렌치, 옵셋렌치, 육각렌치, 볼렌치, 만능렌치, 별렌치세트, 볼렌치세트, 조합렌치세트, 냉동라쳇렌치, 육각렌치세트, 기어렌치세트",파이프렌치,,,14,False,,
granite4.1:8b,파이프렌치(14'),success,파이프렌치,"파이프렌치, 렌치, 플라이어렌치, 토크렌치, 육각렌치, 몽키렌치, 옵셋렌치, 만능렌치, 볼렌치, 별렌치세트, 볼렌치세트, 조합렌치세트, 육각렌치세트, 냉동라쳇렌치, 기어렌치세트",파이프렌치,,,14',False,,
granite4.1:8b,파이프렌치(14),success,파이프렌치,"파이프렌치, 렌치, 플라이어렌치, 토크렌치, 몽키렌치, 옵셋렌치, 육각렌치, 볼렌치, 만능렌치, 별렌치세트, 냉동라쳇렌치, 볼렌치세트, 조합렌치세트, 육각렌치세트, 소켓렌치세트",파이프렌치,,,14,False,,
granite4.1:8b,파이프렌치(14인치),success,파이프렌치,"파이프렌치, 렌치, 플라이어렌치, 토크렌치, 육각렌치, 몽키렌치, 옵셋렌치, 만능렌치, 볼렌치, 별렌치세트, 볼렌치세트, 조합렌치세트, 육각렌치세트, 냉동라쳇렌치, 기어렌치세트",파이프렌치,,,14인치,False,파이프렌치,True
granite4.1:8b,파이프렌치(18),success,파이프렌치,"파이프렌치, 렌치, 플라이어렌치, 토크렌치, 몽키렌치, 육각렌치, 옵셋렌치, 볼렌치, 만능렌치, 볼렌치세트, 별렌치세트, 냉동라쳇렌치, 육각렌치세트, 기어렌치세트, 조합렌치세트",파이프렌치,,,18,False,,
granite4.1:8b,파이프렌치(18인치),success,파이프렌치,"파이프렌치, 렌치, 플라이어렌치, 육각렌치, 토크렌치, 몽키렌치, 옵셋렌치, 볼렌치, 만능렌치, 육각렌치세트, 별렌치세트, 볼렌치세트, 냉동라쳇렌치, 기어렌치세트, 조합렌치세트",파이프렌치,,,18인치,False,,
granite4.1:8b,파이프렌치(2),success,파이프렌치,"파이프렌치, 렌치, 플라이어렌치, 토크렌치, 몽키렌치, 옵셋렌치, 육각렌치, 볼렌치, 만능렌치, 별렌치세트, 볼렌치세트, 냉동라쳇렌치, 육각렌치세트, 조합렌치세트, 소켓렌치세트",파이프렌치,,,,False,,
granite4.1:8b,파이프렌치(300mm),success,파이프렌치,"파이프렌치, 플라이어렌치, 렌치, 육각렌치, 옵셋렌치, 만능렌치, 토크렌치, 몽키렌치, 볼렌치, 육각렌치세트, 별렌치세트, 볼렌치세트, 조합렌치세트, 소켓렌치세트, 기어렌치세트",파이프렌치,,,300mm,False,,
granite4.1:8b,파이프렌치(大),success,파이프렌치,"파이프렌치, 렌치, 플라이어렌치, 육각렌치, 토크렌치, 몽키렌치, 볼렌치, 옵셋렌치, 만능렌치, 별렌치세트, 육각렌치세트, 볼렌치세트, 조합렌치세트, 기어렌치세트, 냉동라쳇렌치",파이프렌치,,,대,False,,
granite4.1:8b,파이프렌치(小),success,파이프렌치,"파이프렌치, 렌치, 플라이어렌치, 토크렌치, 몽키렌치, 육각렌치, 옵셋렌치, 볼렌치, 만능렌치, 별렌치세트, 볼렌치세트, 육각렌치세트, 냉동라쳇렌치, 조합렌치세트, 소켓렌치세트",파이프렌치,,,소,False,,
granite4.1:8b,"파이프렌치(대,중,소) 1개",success,파이프렌치,"파이프렌치, 렌치, 플라이어렌치, 소켓렌치세트, 토크렌치, 육각렌치, 몽키렌치, 옵셋렌치, 볼렌치, 별렌치세트, 만능렌치, 볼렌치세트, 육각렌치세트, 조합렌치세트, 기어렌치세트",파이프렌치,,,"대,중,소",False,,
granite4.1:8b,파이프렌치(대?중?소?),success,파이프렌치,"파이프렌치, 렌치, 플라이어렌치, 토크렌치, 소켓렌치세트, 육각렌치, 몽키렌치, 볼렌치, 옵셋렌치, 만능렌치, 별렌치세트, 볼렌치세트, 육각렌치세트, 핀펀치, 조합렌치세트",파이프렌치,,,,False,,
granite4.1:8b,파이프렌치(블루텍),success,파이프렌치,"파이프렌치, 플라이어렌치, 렌치, 볼렌치, 토크렌치, 몽키렌치, 육각렌치, 볼렌치세트, 옵셋렌치, 만능렌치, 점프케이블, 별렌치세트, 빠루망치, 조합렌치세트, 라쳇렌치세트",파이프렌치,,,,False,,
granite4.1:8b,파이프렌치10,success,파이프렌치,"파이프렌치, 렌치, 플라이어렌치, 토크렌치, 육각렌치, 만능렌치, 볼렌치, 몽키렌치, 옵셋렌치, 볼렌치세트, 별렌치세트, 육각렌치세트, 조합렌치세트, 기어렌치세트, 냉동라쳇렌치",파이프렌치,,,,False,,
granite4.1:8b,파이프렌치12,success,파이프렌치,"파이프렌치, 플라이어렌치, 렌치, 토크렌치, 육각렌치, 볼렌치, 만능렌치, 옵셋렌치, 몽키렌치, 별렌치세트, 볼렌치세트, 육각렌치세트, 냉동라쳇렌치, 기어렌치세트, 조합렌치세트",파이프렌치,,,,False,,
granite4.1:8b,파이프렌치12',success,파이프렌치,"파이프렌치, 플라이어렌치, 렌치, 토크렌치, 육각렌치, 볼렌치, 옵셋렌치, 몽키렌치, 만능렌치, 별렌치세트, 볼렌치세트, 냉동라쳇렌치, 육각렌치세트, 기어렌치세트, 조합렌치세트",파이프렌치,,,,False,,
granite4.1:8b,파이프렌치12'',success,파이프렌치,"파이프렌치, 플라이어렌치, 렌치, 육각렌치, 토크렌치, 몽키렌치, 옵셋렌치, 볼렌치, 만능렌치, 별렌치세트, 볼렌치세트, 냉동라쳇렌치, 육각렌치세트, 기어렌치세트, 소켓렌치세트",파이프렌치,,,,False,,
granite4.1:8b,파이프렌치12(소),success,파이프렌치,"파이프렌치, 렌치, 플라이어렌치, 소켓렌치세트, 육각렌치, 토크렌치, 옵셋렌치, 볼렌치, 몽키렌치, 만능렌치, 별렌치세트, 볼렌치세트, 육각렌치세트, 냉동라쳇렌치, 기어렌치세트",파이프렌치,,,12(소),False,,
granite4.1:8b,파이프렌치12인치,success,파이프렌치,"파이프렌치, 렌치, 플라이어렌치, 육각렌치, 토크렌치, 옵셋렌치, 볼렌치, 만능렌치, 몽키렌치, 별렌치세트, 볼렌치세트, 육각렌치세트, 냉동라쳇렌치, 기어렌치세트, 조합렌치세트",파이프렌치,,,12인치,False,,
granite4.1:8b,파이프렌치12＂,success,파이프렌치,"파이프렌치, 플라이어렌치, 렌치, 토크렌치, 육각렌치, 볼렌치, 몽키렌치, 옵셋렌치, 만능렌치, 별렌치세트, 볼렌치세트, 육각렌치세트, 냉동라쳇렌치, 기어렌치세트, 조합렌치세트",파이프렌치,,,"12""",False,,
granite4.1:8b,파이프렌치14,success,파이프렌치,"파이프렌치, 렌치, 플라이어렌치, 토크렌치, 육각렌치, 만능렌치, 몽키렌치, 옵셋렌치, 볼렌치, 조합렌치세트, 별렌치세트, 볼렌치세트, 냉동라쳇렌치, 육각렌치세트, 기어렌치세트",파이프렌치,,,,False,,
granite4.1:8b,파이프렌치14',success,파이프렌치,"파이프렌치, 렌치, 플라이어렌치, 토크렌치, 몽키렌치, 육각렌치, 옵셋렌치, 만능렌치, 볼렌치, 별렌치세트, 조합렌치세트, 볼렌치세트, 냉동라쳇렌치, 육각렌치세트, 기어렌치세트",파이프렌치,,,,False,,
granite4.1:8b,파이프렌치14(대),success,파이프렌치,"파이프렌치, 렌치, 플라이어렌치, 육각렌치, 토크렌치, 만능렌치, 옵셋렌치, 몽키렌치, 볼렌치, 조합렌치세트, 별렌치세트, 육각렌치세트, 냉동라쳇렌치, 볼렌치세트, 소켓렌치세트",파이프렌치,,,14,False,,
granite4.1:8b,파이프렌치14인치,success,파이프렌치,"파이프렌치, 렌치, 플라이어렌치, 육각렌치, 토크렌치, 몽키렌치, 만능렌치, 옵셋렌치, 볼렌치, 별렌치세트, 조합렌치세트, 육각렌치세트, 볼렌치세트, 냉동라쳇렌치, 기어렌치세트",파이프렌치,,,14인치,False,,
granite4.1:8b,파이프렌치14＂,success,파이프렌치,"파이프렌치, 렌치, 플라이어렌치, 토크렌치, 몽키렌치, 육각렌치, 옵셋렌치, 만능렌치, 볼렌치, 별렌치세트, 조합렌치세트, 볼렌치세트, 냉동라쳇렌치, 육각렌치세트, 소켓렌치세트",파이프렌치,,,"14""",False,,
granite4.1:8b,파이프스패너,success,스패너,"스패너, 파이프렌치, 편구스패너, 스패너세트, 워터펌프플라이어, 와이어스트리퍼, 바이스그립플라이어, 스프링배관청소기, 점프케이블, 에어펌프, F클램프, 대패, 스냅링플라이어, 클램프미터, 자전거펌프",파이프렌치,,,,False,,
granite4.1:8b,파이프카타,success,파이프렌치,"파이프렌치, 타카, 에어타카, 핸드카트, 전동타카, 타카핀, 점프케이블, 손타카, 건타카, F클램프, 케이블컷터, 타일컷터, 워터펌프플라이어, 에어펌프, 클램프미터",파이프렌치,,,,True,,
granite4.1:8b,파이프커터,success,커터,"커터, 파이프렌치, 커터칼, 케이블컷터, 점프케이블, 볼트컷터, 워터펌프플라이어, 클램프미터, 타일컷터, PVC컷터, F클램프, 에어펌프, 와이어스트리퍼, 자전거펌프, 에어컴프레서",커터,,,,True,,
granite4.1:8b,파이프커터 22mm,success,파이프렌치,"파이프렌치, 커터, 커터칼, 케이블컷터, 클램프미터, 워터펌프플라이어, 점프케이블, 볼트컷터, PVC컷터, 타일컷터, F클램프, 에어펌프, 자전거펌프, 와이어스트리퍼, 스프링배관청소기",파이프렌치,,,22mm,True,,
granite4.1:8b,파이프커팅기,success,파이프렌치,"파이프렌치, 커터, 커터칼, 케이블컷터, 점프케이블, 앤드컷팅니퍼, 스프링배관청소기, 직소기, 고속절단기, 워터펌프플라이어, 에어펌프, 클램프미터, 열풍기, 고압세척기, 레이저거리측정기",파이프렌치,,,,True,,
granite4.1:8b,파이프컷트기,success,파이프렌치,"파이프렌치, 케이블컷터, 볼트컷터, PVC컷터, 타일컷터, 점프케이블, 스프링배관청소기, 에어펌프, 워터펌프플라이어, 앤드컷팅니퍼, 고속절단기, 직소기, F클램프, 클램프미터, 커터",고속절단기,,,,False,,
granite4.1:8b,파이프클램프 47개,success,F클램프,"F클램프, 클램프미터, 파이프렌치, 점프케이블, 에어펌프, 워터펌프플라이어, 자전거펌프, 안전로프, 스프링배관청소기, 에어컴프레서, 바이스그립플라이어, 와이어스트리퍼, 케이블컷터, 플라이어렌치, 스냅링플라이어",F클램프,,,,False,,
granite4.1:8b,팬치,success,펜치,"펜치, 렌치, 망치, 볼렌치, 핀펀치, 돌망치, 옵셋렌치, 만능렌치, 가스토치, 몽키렌치, 토크렌치, 빠루망치, 센터펀치, 그립망치, 볼렌치세트",펜치,,,,False,,
granite4.1:8b,팬치(200mm),success,펜치,"펜치, 렌치, 망치, 볼렌치, 핀펀치, 돌망치, 옵셋렌치, 만능렌치, 납볼망치, 육각렌치, 몽키렌치, 고무망치, 그립망치, 가스토치, 빠루망치",펜치,,,200mm,False,,
granite4.1:8b,펀칭기,success,핀펀치,"핀펀치, 센터펀치, 직소기, 송풍기, 수평기, 열풍기, 전동압착기, 검전기, 스프링배관청소기, 라돈측정기, LED투광기, 고속절단기, 고압세척기, 전기인두, 레이저수평기",핀펀치,,,,False,,
granite4.1:8b,펌프,success,에어펌프,"에어펌프, 자전거펌프, 워터펌프플라이어, F클램프, 클램프미터, 파이프렌치, 점프케이블, 안전로프, 에어컴프레서, 스프링배관청소기, 왕복톱(레시프로쏘), 드라이버, 열풍기, 핀펀치, 송풍기",자전거펌프,,,,False,,
granite4.1:8b,페이팅건,success,에어건,"에어건, 글루건, 건타카, 실리콘건, 앤드컷팅니퍼, 플라이어, 테이블톱, 플라이어렌치, 파이프렌치, 스냅링플라이어, 드라이버, 플라이어세트, 바이스그립플라이어, 다이아고날플라이어, 다이스세트",에어건,,,,False,,
granite4.1:8b,페인트 롤러,success,전기인두,"전기인두, 앵글그라인더, 볼트컷터, 임팩트드릴, 핸드카트, 콘크리트드릴비트세트, 비트세트, 콘크리트니퍼, 공구세트, 세트, 스패너세트, 콘크리트용드릴비트, 임팩트드라이버, 드릴비트세트, 와이어스트리퍼",전기인두,,,,True,,
granite4.1:8b,페인트롤러,success,전기인두,"전기인두, 앵글그라인더, 볼트컷터, 임팩트드릴, 임팩트드라이버, 비트세트, 핸드카트, 충전임팩트드라이버, 와이어스트리퍼, 콘크리트드릴비트세트, 스패너세트, 세트, 콘크리트니퍼, 공구세트, 드릴비트세트",전기인두,,,,True,,
granite4.1:8b,페인트붓 5개,success,전기인두,"전기인두, 앵글그라인더, 비트세트, 볼트컷터, 공구세트, 세트, 콘크리트드릴비트세트, 핸드카트, 드릴비트세트, 스패너세트, 탭세트, 임팩트드릴, 철공용드릴비트세트, 끌세트, 전동공구세트",핸드카트,,,,False,,
granite4.1:8b,페인팅 건,success,에어건,"에어건, 건타카, 글루건, 실리콘건, 앤드컷팅니퍼, 전기인두, 앵글그라인더, 플라이어렌치, 펜치, 렌치, 옵셋렌치, 핀펀치, 육각렌치, 카운터싱크, 스냅링플라이어",에어건,,,,False,,
granite4.1:8b,페인팅건,success,에어건,"에어건, 글루건, 실리콘건, 건타카, 앤드컷팅니퍼, 전기인두, 앵글그라인더, 플라이어렌치, 펜치, 렌치, 카운터싱크, 핀펀치, 빠루망치, 스냅링플라이어, 스프링배관청소기",에어건,,,,False,,
granite4.1:8b,페인팅건(콤프라샤용),success,앵글그라인더,"앵글그라인더, 에어건, 글루건, 건타카, 실리콘건, 양용드라이버, 전기인두, 앤드컷팅니퍼, 워터펌프플라이어, 목공용접톱, 파이프렌치, F클램프, 에어컴프레서, 에어펌프, 클램프미터",에어펌프,,,,False,,
granite4.1:8b,페파 샌드기,success,샌더,"샌더, 파이프렌치, 송풍기, 열풍기, 수평기, 직소기, 검전기, 전동압착기, 고압세척기, 기어렌치세트, 전기인두, T핸드드라이버, 충전드릴, 라돈측정기, LED투광기",샌더,,,,False,,
granite4.1:8b,펜지,success,펜치,"펜치, 전지가위, 고지가위, 쇠지렛대, 디지털수평기, 렌치, 핀펀치, 별렌치세트, 옵셋렌치, 만능렌치, 몽키렌치, 토크렌치, 소켓렌치세트, 육각렌치, T렌치세트",펜치,,,,False,,
granite4.1:8b,펜지(8인치),success,펜치,"펜치, 전기인두, 렌치, 전지가위, 고지가위, 쇠지렛대, 앵글그라인더, 옵셋렌치, 핀펀치, 육각렌치, 디지털수평기, 망치, 만능렌치, 토크렌치, 별렌치세트",펜치,,,8인치,False,,
granite4.1:8b,펜찌,success,펜치,"펜치, 렌치, 핀펀치, 별렌치세트, 옵셋렌치, 만능렌치, 볼렌치세트, T렌치세트, 볼렌치, 소켓렌치세트, 토크렌치, 몽키렌치, 라쳇렌치세트, 파이프렌치, 육각렌치",펜치,,,,False,,
granite4.1:8b,펜치,success,펜치,"펜치, 렌치, 핀펀치, 망치, 볼렌치, 몽키렌치, 만능렌치, 옵셋렌치, 토크렌치, 볼렌치세트, 별렌치세트, 파이프렌치, T렌치세트, 돌망치, 그립망치",펜치,,,,False,펜치,True
granite4.1:8b,펜치 1개,success,펜치,"펜치, 렌치, 망치, 핀펀치, 만능렌치, 볼렌치세트, 별렌치세트, 몽키렌치, 볼렌치, 토크렌치, 옵셋렌치, 소켓렌치세트, 그립망치, T렌치세트, 플라이어렌치",펜치,,,,False,,
granite4.1:8b,펜치 2개,success,펜치,"펜치, 렌치, 망치, 핀펀치, 만능렌치, 별렌치세트, 옵셋렌치, 몽키렌치, 볼렌치세트, 토크렌치, 볼렌치, 소켓렌치세트, T렌치세트, 플라이어렌치, 그립망치",펜치,,,,False,,
granite4.1:8b,펜치 6＂,success,펜치,"펜치, 렌치, 핀펀치, 망치, 볼렌치, 육각렌치, 옵셋렌치, 만능렌치, 몽키렌치, 별렌치세트, 볼렌치세트, 육각렌치세트, 그립망치, 토크렌치, 소켓렌치세트",펜치,,,"6""",False,,
granite4.1:8b,펜치 7'' 2개,success,펜치,"펜치, 렌치, 별렌치세트, 핀펀치, 망치, 볼렌치세트, 만능렌치, 소켓렌치세트, 옵셋렌치, 몽키렌치, 라쳇렌치세트, T렌치세트, 볼렌치, 조합렌치세트, 육각렌치",핀펀치,,,"7'', 2개",False,,
granite4.1:8b,펜치 7＂,success,펜치,"펜치, 렌치, 핀펀치, 망치, 몽키렌치, 볼렌치, 만능렌치, 옵셋렌치, 별렌치세트, 볼렌치세트, 토크렌치, T렌치세트, 센터펀치, 육각렌치, 파이프렌치",펜치,,,"7""",False,,
granite4.1:8b,펜치(1),success,펜치,"펜치, 렌치, 망치, 핀펀치, 볼렌치, 몽키렌치, 옵셋렌치, 만능렌치, 토크렌치, 돌망치, 볼렌치세트, 별렌치세트, 파이프렌치, 센터펀치, 그립망치",펜치,,,,False,,
granite4.1:8b,"펜치(150mm,175mm)",success,펜치,"펜치, 렌치, 옵셋렌치, 망치, 만능렌치, 핀펀치, 육각렌치, 플라이어렌치, 몽키렌치, 파이프렌치, 별렌치세트, 그립망치, 볼렌치, 조합렌치세트, 볼렌치세트",펜치,,,길이 150mm와 175mm,False,,
granite4.1:8b,펜치(2),success,펜치,"펜치, 렌치, 망치, 핀펀치, 옵셋렌치, 볼렌치, 몽키렌치, 만능렌치, 토크렌치, 별렌치세트, 볼렌치세트, 돌망치, 파이프렌치, 센터펀치, 그립망치",펜치,,,,False,,
granite4.1:8b,펜치(6#),success,펜치,"펜치, 렌치, 핀펀치, 망치, 옵셋렌치, 볼렌치, 몽키렌치, 만능렌치, 육각렌치, 별렌치세트, 그립망치, 토크렌치, 센터펀치, 볼렌치세트, 파이프렌치",펜치,,,6#,False,,
granite4.1:8b,펜치(7inch),success,펜치,"펜치, 렌치, 핀펀치, 망치, 옵셋렌치, 만능렌치, 볼렌치, 몽키렌치, 별렌치세트, 볼렌치세트, 육각렌치, 토크렌치, 플라이어렌치, 돌망치, 파이프렌치",펜치,,,7인치,False,,
granite4.1:8b,펜치(8'') 1개,success,펜치,"펜치, 렌치, 망치, 별렌치세트, 핀펀치, 옵셋렌치, 볼렌치세트, 소켓렌치세트, 만능렌치, 볼렌치, 그립망치, 라쳇렌치세트, 토크렌치, 몽키렌치, 파이프렌치",펜치,,,크기: 8'',False,,
granite4.1:8b,펜치(8) 3개,success,펜치,"펜치, 렌치, 망치, 핀펀치, 별렌치세트, 옵셋렌치, 만능렌치, 볼렌치세트, 볼렌치, 소켓렌치세트, 토크렌치, 몽키렌치, T렌치세트, 그립망치, 라쳇렌치세트",펜치,,,"크기/형태: 8 (가능한 경우 구멍 크기 또는 모양을 나타냄), 수량: 3",False,,
granite4.1:8b,펜치(8″),success,펜치,"펜치, 렌치, 핀펀치, 망치, 옵셋렌치, 만능렌치, 볼렌치, 별렌치세트, 몽키렌치, 토크렌치, 육각렌치, 파이프렌치, 볼렌치세트, 그립망치, 센터펀치",펜치,,,8″,False,,
granite4.1:8b,펜치(8인치),success,펜치,"펜치, 렌치, 망치, 핀펀치, 옵셋렌치, 볼렌치, 만능렌치, 토크렌치, 몽키렌치, 육각렌치, 별렌치세트, 파이프렌치, 센터펀치, 그립망치, 돌망치",파이프렌치,,,8인치,False,펜치,False
granite4.1:8b,펜치(9#),success,펜치,"펜치, 렌치, 핀펀치, 망치, 볼렌치, 토크렌치, 만능렌치, 몽키렌치, 옵셋렌치, 별렌치세트, 그립망치, 센터펀치, 파이프렌치, 볼렌치세트, 돌망치",펜치,,,9#,False,,
granite4.1:8b,펜치(9인치),success,펜치,"펜치, 렌치, 핀펀치, 망치, 볼렌치, 만능렌치, 옵셋렌치, 몽키렌치, 토크렌치, 별렌치세트, 육각렌치, 돌망치, 볼렌치세트, 센터펀치, 그립망치",펜치,,,9인치,False,,
granite4.1:8b,펜치(비압착),success,펜치,"펜치, 전동압착기, 렌치, 핀펀치, 옵셋렌치, 만능렌치, 볼렌치, 몽키렌치, 파이프렌치, 망치, 볼렌치세트, 토크렌치, 플라이어렌치, 별렌치세트, 육각렌치",펜치,,,,False,,
granite4.1:8b,펜치(소),success,펜치,"펜치, 소켓렌치세트, 렌치, 핀펀치, 망치, 볼렌치, 직소기, 몽키렌치, 옵셋렌치, 토크렌치, 만능렌치, 그립망치, 볼렌치세트, 돌망치, 별렌치세트",펜치,,,,False,,
granite4.1:8b,"펜치, 롱노즈",success,펜치,"펜치, 롱노즈플라이어, 굽은노즈플라이어, 렌치, 볼렌치, 핀펀치, 옵셋렌치, 망치, 몽키렌치, 볼렌치세트, 육각렌치, 별렌치세트, 센터펀치, 라쳇렌치세트, 만능렌치",롱노즈플라이어,,,,False,,
granite4.1:8b,펜치8',success,펜치,"펜치, 렌치, 핀펀치, 망치, 만능렌치, 옵셋렌치, 볼렌치, 별렌치세트, 토크렌치, 몽키렌치, 볼렌치세트, 그립망치, 파이프렌치, 플라이어렌치, 육각렌치",펜치,,,,False,,
granite4.1:8b,펜치세트(3PCS),success,펜치,"펜치, 별렌치세트, T렌치세트, 볼렌치세트, 소켓렌치세트, 라쳇렌치세트, 조합렌치세트, 기어렌치세트, 육각렌치세트, 세트, 공구세트, PVC컷터, 탭세트, 스패너세트, 비트세트",펜치,,,,False,,
granite4.1:8b,평끌 13mm,success,끌세트,"끌세트, 수평기, 레이저수평기, 디지털수평기, 목공용접톱, 접톱, 커터칼, 전선릴, 임팩트드릴, 전동드릴, 냉동라쳇렌치, 클램프미터, 철공용드릴비트, 충전드릴, 육각렌치",육각렌치,,,13mm,False,,
granite4.1:8b,평끌 25mm,success,끌세트,"끌세트, 수평기, 디지털수평기, 레이저수평기, 목공용접톱, 임팩트드릴, 전선릴, 전동드릴, 접톱, 육각렌치, 클램프미터, 냉동라쳇렌치, 커터칼, 다림추, 충전드릴",다림추,,,25mm,False,,
granite4.1:8b,포르토,success,가스토치,"가스토치, 토크렌치, 세트, 비트세트, 타카, 임팩트드라이버, 공구함, 충전임팩트드라이버, 볼트컷터, 드라이버, 공구함세트, 볼렌치, 건타카, 플라이어, 피스제거용비트",세트,,,,False,,
granite4.1:8b,포스너비트셋트 1개,success,비트세트,"비트세트, 스패너세트, 드릴비트세트, 피스제거용비트, 드릴비트, 콘크리트드릴비트세트, 철공용드릴비트세트, 스패너, 콘크리트용드릴비트, SDS드릴비트, 철공용드릴비트, 편구스패너, 다이스세트, 목공용드릴비트, 옵셋렌치",드릴비트세트,,,,False,,
granite4.1:8b,포켓 몽키,success,몽키렌치,"몽키렌치, 소켓렌치세트, 핸드카트, 공구세트, 도끼, 톱, 세트, 공구함세트, 토크렌치, 센터펀치, 안전장갑, 배터리팩, 빠루망치, 공구함, 원형톱",몽키렌치,,,,False,,
granite4.1:8b,포켓몽키,success,몽키렌치,"몽키렌치, 소켓렌치세트, 도끼, 토크렌치, 카운터싱크, 빠루망치, 공구세트, 핸드카트, 톱, 핀펀치, 센터펀치, 세트, 배터리팩, 원형톱, 전동압착기",몽키렌치,,,,False,,
granite4.1:8b,포켓형 목공톱,success,목공톱,"목공톱, 목공용접톱, 목공줄, 원형톱, 목공용드릴비트, 접톱, 톱, 전정톱, 공구함, 테이블톱, 소켓렌치세트, 쇠톱, 공구함세트, 공구세트, A형사다리",목공톱,,,,False,,
granite4.1:8b,포티스 공구세트(40PCS),success,공구세트,"공구세트, 전동공구세트, 공구함세트, 공구함, 세트, PVC컷터, 스패너세트, 다이스세트, 철공용드릴비트세트, 탭세트, 플라이어세트, 편구스패너, 비트세트, 멀티테스터, 끌세트",공구세트,,,,False,,
granite4.1:8b,포티스 공구세트(40pcs),success,공구세트,"공구세트, 전동공구세트, 공구함세트, 공구함, 세트, 스패너세트, 다이스세트, 철공용드릴비트세트, 탭세트, 플라이어세트, 편구스패너, 비트세트, 멀티테스터, 끌세트, 소켓렌치세트",공구세트,,,,False,,
granite4.1:8b,폴대,success,대패,"대패, 쇠지렛대, 석고대패, 볼렌치, 톱, 줄자, 플라이어, 샌더, 테이블톱, 스패너, 펜치, 핀펀치, 망치, 수평기, 볼렌치세트",대패,,,,False,,
granite4.1:8b,폴라로이드,success,드라이버,"드라이버, T핸드드라이버, 플라이어, 전동드라이버, 양용드라이버, 안전로프, 드라이버세트, 로터리해머드릴, 임팩트드라이버, 충전임팩트드라이버, 플라이어세트, 플라이어렌치, 정밀드라이버세트, 스냅링플라이어, 다이아고날플라이어",드라이버,,,,True,,
granite4.1:8b,폴라로이드 카메라,success,열화상카메라,"열화상카메라, 플라이어, 드라이버, T핸드드라이버, 전동드라이버, 플라이어렌치, 핸드카트, 충전임팩트드라이버, 플라이어세트, 임팩트드라이버, 양용드라이버, 스냅링플라이어, 드라이버세트, 다이아고날플라이어, 롱노즈플라이어",열화상카메라,,,,False,,
granite4.1:8b,폴라로이드카메라,success,열화상카메라,"열화상카메라, 핸드카트, 플라이어, 드라이버, T핸드드라이버, 플라이어렌치, 전동드라이버, 임팩트드라이버, 충전임팩트드라이버, 플라이어세트, 스냅링플라이어, 양용드라이버, 워터펌프플라이어, 드라이버세트, 롱노즈플라이어",열화상카메라,,,,False,,
granite4.1:8b,폴라로이드카메라(와이드),success,열화상카메라,"열화상카메라, 핸드카트, 와이어스트리퍼, 드라이버, T핸드드라이버, 전동드라이버, 플라이어, 양용드라이버, 임팩트드라이버, 드라이버세트, 충전임팩트드라이버, 플라이어렌치, 워터펌프플라이어, 정밀드라이버세트, 플라이어세트",열화상카메라,,,,False,,
granite4.1:8b,폴라로이드카메라(필름별도),success,열화상카메라,"열화상카메라, 핸드카트, 플라이어, 드라이버, T핸드드라이버, 플라이어렌치, 플라이어세트, 전동드라이버, 드라이버세트, 양용드라이버, 별렌치세트, 충전임팩트드라이버, 정밀드라이버세트, 스냅링플라이어, 임팩트드라이버",열화상카메라,,,,False,,
granite4.1:8b,프라이어,success,플라이어,"플라이어, 플라이어렌치, 플라이어세트, 워터펌프플라이어, 롱노즈플라이어, 스냅링플라이어, 굽은노즈플라이어, 바이스그립플라이어, 드라이버, 다이아고날플라이어, 와이어스트리퍼, 에어컴프레서, 에어펌프, 전동드라이버, 드라이버세트",플라이어,,,,False,,
granite4.1:8b,프러그톱 1개,success,접톱,"접톱, 톱, 쇠톱, 왕복톱(레시프로쏘), 원형톱, 그립망치, 전정톱, 테이블톱, 목공톱, 앵글그라인더, 목공용접톱, F클램프, 에어펌프, 바이스그립플라이어, 클램프미터",접톱,,,,False,,
granite4.1:8b,프레스타어댑터,success,에어컴프레서,"에어컴프레서, 에어타카, 스크레퍼, 타일컷터, 워터펌프플라이어, 에어펌프, 클램프미터, 멀티테스터, 스냅링플라이어, 와이어스트리퍼, 왕복톱(레시프로쏘), 커터, 타카, 건타카, 전동타카",에어컴프레서,,,,False,,
granite4.1:8b,프렌치세트,success,T렌치세트,"T렌치세트, 볼렌치세트, 별렌치세트, 육각렌치세트, 조합렌치세트, 소켓렌치세트, 기어렌치세트, 라쳇렌치세트, 파이프렌치, 세트, 렌치, 비트세트, 끌세트, 플라이어세트, 공구세트",파이프렌치,,,,False,,
granite4.1:8b,프로몽키,success,몽키렌치,"몽키렌치, 왕복톱(레시프로쏘), 안전로프, 파이프렌치, 에어펌프, 클램프미터, 로터리해머드릴, F클램프, 에어컴프레서, 점프케이블, 자전거펌프, 토크렌치, 핀펀치, 스프링배관청소기, 도끼",몽키렌치,,,,False,,
granite4.1:8b,프로몽키(로보스터),success,몽키렌치,"몽키렌치, 왕복톱(레시프로쏘), 안전로프, 멀티테스터, 로터리해머드릴, 클램프미터, 보안경, 워터펌프플라이어, 스프링배관청소기, 에어펌프, 자전거펌프, F클램프, 센터펀치, 가스토치, 파이프렌치",몽키렌치,,,,False,,
granite4.1:8b,프로자켓줄자 1개,success,줄자,"줄자, 직각자, 목공줄, 자전거펌프, 왕복톱(레시프로쏘), 소켓렌치세트, 안전로프, 전자산업용니퍼, 에어컴프레서, 점프케이블, 사다리, 로터리해머드릴, 클램프미터, 공구세트, F클램프",줄자,,,,False,,
granite4.1:8b,프로젝터,success,왕복톱(레시프로쏘),"왕복톱(레시프로쏘), 안전로프, 클램프미터, 로터리해머드릴, 커터, 워터펌프플라이어, 케이블컷터, 볼트컷터, 에어펌프, 에어컴프레서, 커터칼, PVC컷터, 타일컷터, 멀티테스터, 자전거펌프",왕복톱(레시프로쏘),,,,True,,
granite4.1:8b,플라스틱공구통,success,공구함,"공구함, 공구세트, 글루스틱, 공구함세트, 전동공구세트, 먹통, 플라이어, 스냅링플라이어, 플라이어세트, 플라이어렌치, 바이스그립플라이어, 편구스패너, 롱노즈플라이어, 워터펌프플라이어, 굽은노즈플라이어",공구함,,,,False,,
granite4.1:8b,플라이어,success,플라이어,"플라이어, 플라이어세트, 플라이어렌치, 스냅링플라이어, 롱노즈플라이어, 워터펌프플라이어, 굽은노즈플라이어, 다이아고날플라이어, 바이스그립플라이어, 드라이버, 와이어스트리퍼, 전동드라이버, 드라이버세트, 양용드라이버, 임팩트드라이버",플라이어,,,,False,플라이어,True
granite4.1:8b,플라이어,success,플라이어,"플라이어, 플라이어세트, 플라이어렌치, 스냅링플라이어, 롱노즈플라이어, 워터펌프플라이어, 굽은노즈플라이어, 다이아고날플라이어, 바이스그립플라이어, 드라이버, 와이어스트리퍼, 전동드라이버, 드라이버세트, 양용드라이버, 임팩트드라이버",플라이어,,,,False,플라이어,True
granite4.1:8b,플라이어 (10인치),success,플라이어,"플라이어, 플라이어렌치, 플라이어세트, 스냅링플라이어, 롱노즈플라이어, 워터펌프플라이어, 굽은노즈플라이어, 다이아고날플라이어, 바이스그립플라이어, 드라이버, 와이어스트리퍼, 앵글그라인더, 양용드라이버, T핸드드라이버, 전동드라이버",롱노즈플라이어,,,10인치,False,,
granite4.1:8b,플라이어 10'' 1개,success,플라이어,"플라이어, 플라이어세트, 플라이어렌치, 스냅링플라이어, 롱노즈플라이어, 워터펌프플라이어, 굽은노즈플라이어, 다이아고날플라이어, 바이스그립플라이어, 드라이버, 와이어스트리퍼, 드라이버세트, 전동드라이버, T핸드드라이버, 양용드라이버",플라이어,,,10',False,,
granite4.1:8b,플라이어 10″,success,플라이어,"플라이어, 플라이어세트, 플라이어렌치, 스냅링플라이어, 롱노즈플라이어, 굽은노즈플라이어, 워터펌프플라이어, 다이아고날플라이어, 바이스그립플라이어, 드라이버, 와이어스트리퍼, T핸드드라이버, 드라이버세트, 양용드라이버, 임팩트드라이버",플라이어,,,10″,False,,
granite4.1:8b,플라이어(1),success,플라이어,"플라이어, 플라이어세트, 플라이어렌치, 스냅링플라이어, 롱노즈플라이어, 워터펌프플라이어, 굽은노즈플라이어, 다이아고날플라이어, 바이스그립플라이어, 드라이버, 와이어스트리퍼, 드라이버세트, 전동드라이버, 양용드라이버, 임팩트드라이버",플라이어,,,,False,,
granite4.1:8b,"플라이어(160mm,200mm)",success,플라이어,"플라이어, 플라이어세트, 플라이어렌치, 스냅링플라이어, 롱노즈플라이어, 워터펌프플라이어, 굽은노즈플라이어, 다이아고날플라이어, 바이스그립플라이어, 와이어스트리퍼, 드라이버, 양용드라이버, 전동드라이버, T핸드드라이버, 드라이버세트",롱노즈플라이어,,,길이 160mm와 200mm,False,,
granite4.1:8b,플라이어(2),success,플라이어,"플라이어, 플라이어세트, 플라이어렌치, 스냅링플라이어, 롱노즈플라이어, 굽은노즈플라이어, 워터펌프플라이어, 다이아고날플라이어, 바이스그립플라이어, 드라이버, 와이어스트리퍼, 양용드라이버, 드라이버세트, 전동드라이버, 임팩트드라이버",플라이어,,,,False,,
granite4.1:8b,플라이어(6인치),success,플라이어,"플라이어, 플라이어렌치, 플라이어세트, 스냅링플라이어, 롱노즈플라이어, 워터펌프플라이어, 굽은노즈플라이어, 다이아고날플라이어, 바이스그립플라이어, 드라이버, 와이어스트리퍼, 앵글그라인더, 양용드라이버, 전동드라이버, T핸드드라이버",롱노즈플라이어,,,6인치,False,,
granite4.1:8b,플라이어(8″),success,플라이어,"플라이어, 플라이어세트, 플라이어렌치, 스냅링플라이어, 롱노즈플라이어, 굽은노즈플라이어, 워터펌프플라이어, 다이아고날플라이어, 바이스그립플라이어, 드라이버, 와이어스트리퍼, 양용드라이버, 드라이버세트, T핸드드라이버, 전동드라이버",롱노즈플라이어,,,8″,False,,
granite4.1:8b,플라이어(8인치),success,플라이어,"플라이어, 플라이어렌치, 플라이어세트, 스냅링플라이어, 롱노즈플라이어, 워터펌프플라이어, 굽은노즈플라이어, 다이아고날플라이어, 바이스그립플라이어, 드라이버, 와이어스트리퍼, 앵글그라인더, 양용드라이버, 임팩트드라이버, 드라이버세트",롱노즈플라이어,,,8인치,False,,
granite4.1:8b,플라이어(소),success,플라이어,"플라이어, 플라이어세트, 플라이어렌치, 스냅링플라이어, 롱노즈플라이어, 굽은노즈플라이어, 워터펌프플라이어, 다이아고날플라이어, 바이스그립플라이어, 드라이버, 와이어스트리퍼, 직소기, 양용드라이버, 전동드라이버, 드라이버세트",플라이어,,,,False,,
granite4.1:8b,플라이어(중형) 2개,success,플라이어,"플라이어, 플라이어세트, 플라이어렌치, 스냅링플라이어, 롱노즈플라이어, 워터펌프플라이어, 굽은노즈플라이어, 다이아고날플라이어, 바이스그립플라이어, 드라이버, 와이어스트리퍼, 양용드라이버, 전동드라이버, 드라이버세트, T핸드드라이버",플라이어,,,"중형, 2개",False,,
granite4.1:8b,플라이어(첼라),success,플라이어,"플라이어, 플라이어세트, 플라이어렌치, 스냅링플라이어, 롱노즈플라이어, 굽은노즈플라이어, 워터펌프플라이어, 다이아고날플라이어, 바이스그립플라이어, 드라이버, 전동드라이버, 와이어스트리퍼, 양용드라이버, 드라이버세트, 임팩트드라이버",플라이어,,,,False,,
granite4.1:8b,플라이어10＂,success,플라이어,"플라이어, 플라이어세트, 플라이어렌치, 스냅링플라이어, 롱노즈플라이어, 굽은노즈플라이어, 워터펌프플라이어, 다이아고날플라이어, 바이스그립플라이어, 드라이버, 와이어스트리퍼, T핸드드라이버, 드라이버세트, 임팩트드라이버, 양용드라이버",플라이어,,,10인치,False,,
granite4.1:8b,플라이어6＂,success,플라이어,"플라이어, 플라이어세트, 플라이어렌치, 스냅링플라이어, 롱노즈플라이어, 굽은노즈플라이어, 워터펌프플라이어, 다이아고날플라이어, 바이스그립플라이어, 드라이버, 와이어스트리퍼, 드라이버세트, T핸드드라이버, 임팩트드라이버, 전동드라이버",플라이어,,,6인치,False,,
granite4.1:8b,플라이어8',success,플라이어,"플라이어, 플라이어세트, 플라이어렌치, 스냅링플라이어, 롱노즈플라이어, 굽은노즈플라이어, 워터펌프플라이어, 다이아고날플라이어, 바이스그립플라이어, 드라이버, 와이어스트리퍼, 드라이버세트, T핸드드라이버, 임팩트드라이버, 양용드라이버",플라이어,,,,False,,
granite4.1:8b,플라이어8인치 1개,success,플라이어,"플라이어, 플라이어렌치, 플라이어세트, 스냅링플라이어, 롱노즈플라이어, 굽은노즈플라이어, 워터펌프플라이어, 다이아고날플라이어, 바이스그립플라이어, 와이어스트리퍼, 드라이버, 앵글그라인더, 드라이버세트, 양용드라이버, 충전임팩트드라이버",플라이어,,,8인치,False,,
granite4.1:8b,플라이어8＂,success,플라이어,"플라이어, 플라이어세트, 플라이어렌치, 스냅링플라이어, 롱노즈플라이어, 굽은노즈플라이어, 워터펌프플라이어, 다이아고날플라이어, 바이스그립플라이어, 드라이버, 와이어스트리퍼, 드라이버세트, T핸드드라이버, 임팩트드라이버, 충전임팩트드라이버",플라이어,,,8인치,False,,
granite4.1:8b,플라이어세트,success,플라이어세트,"플라이어세트, 플라이어, 플라이어렌치, 스냅링플라이어, 롱노즈플라이어, 굽은노즈플라이어, 워터펌프플라이어, 드라이버세트, 다이아고날플라이어, 바이스그립플라이어, 세트, 기어렌치세트, 다이스세트, 정밀드라이버세트, 공구세트",플라이어세트,,,,False,,
granite4.1:8b,플라이어셋트 8피스,success,플라이어세트,"플라이어세트, 플라이어, 플라이어렌치, 스냅링플라이어, 롱노즈플라이어, 바이스그립플라이어, 굽은노즈플라이어, 워터펌프플라이어, 다이아고날플라이어, 피스제거용비트, 와이어스트리퍼, 드라이버세트, 다이스세트, 스패너세트, 정밀드라이버세트",드라이버세트,,,,False,,
granite4.1:8b,플라토 니퍼,success,니퍼,"니퍼, 강력니퍼, 콘크리트니퍼, 플라이어, 전자산업용니퍼, 앤드컷팅니퍼, 플라이어세트, 굽은노즈플라이어, 플라이어렌치, 스냅링플라이어, 롱노즈플라이어, 워터펌프플라이어, 버니어캘리퍼스, 바이스그립플라이어, 다이아고날플라이어",니퍼,,,,False,,
granite4.1:8b,플랙시블샤프트,success,점프케이블,"점프케이블, 왕복톱(레시프로쏘), F클램프, 테이블톱, 플라이어세트, 워터펌프플라이어, 케이블컷터, 플라이어, 클램프미터, 플라이어렌치, 에어펌프, 파이프렌치, 자전거펌프, 스냅링플라이어, 안전로프",플라이어,,,,False,,
granite4.1:8b,플러스비트 2날 (14*160),success,비트세트,"비트세트, 피스제거용비트, 드릴비트, 드릴비트세트, SDS드릴비트, 철공용드릴비트, 철공용드릴비트세트, 목공용드릴비트, 콘크리트드릴비트세트, 콘크리트용드릴비트, 다이아고날플라이어, 플라이어세트, 스냅링플라이어, 스패너세트, 다이스세트",드릴비트세트,,,,False,,
granite4.1:8b,플렉서블 비트홀더,success,비트세트,"비트세트, 드릴비트, 드릴비트세트, 피스제거용비트, 철공용드릴비트, SDS드릴비트, 철공용드릴비트세트, 목공용드릴비트, 샌더, 콘크리트드릴비트세트, 콘크리트용드릴비트, 플라이어세트, 케이블컷터, 에어컴프레서, 점프케이블",비트세트,,,,False,,
granite4.1:8b,플렉시블 비트홀,success,비트세트,"비트세트, 드릴비트, 드릴비트세트, 피스제거용비트, 철공용드릴비트, SDS드릴비트, 철공용드릴비트세트, 목공용드릴비트, 콘크리트드릴비트세트, 콘크리트용드릴비트, 플라이어세트, 점프케이블, 테이블톱, 케이블컷터, 플라이어",드릴비트세트,,,,False,,
granite4.1:8b,플렉시블 비트홀더,success,비트세트,"비트세트, 드릴비트, 드릴비트세트, 피스제거용비트, 철공용드릴비트, SDS드릴비트, 철공용드릴비트세트, 목공용드릴비트, 샌더, 콘크리트드릴비트세트, 콘크리트용드릴비트, 플라이어세트, 케이블컷터, 점프케이블, 앵글그라인더",비트세트,,,,False,,
granite4.1:8b,플렉시블비트홀더,success,비트세트,"비트세트, 드릴비트, 드릴비트세트, 피스제거용비트, 철공용드릴비트, SDS드릴비트, 철공용드릴비트세트, 목공용드릴비트, 샌더, 콘크리트드릴비트세트, 콘크리트용드릴비트, 플라이어세트, 케이블컷터, 앵글그라인더, 점프케이블",드릴비트세트,,,,False,,
granite4.1:8b,피스 모듬세트,success,피스제거용비트,"피스제거용비트, 다이스세트, 세트, 스패너세트, 공구세트, 비트세트, 탭세트, T렌치세트, 플라이어세트, 공구함세트, 끌세트, 전동공구세트, 볼렌치세트, 드릴비트세트, 모종삽",비트세트,,,,False,,
granite4.1:8b,피스 종류별(5종류) 모듬세트,success,모종삽,"모종삽, 피스제거용비트, 세트, 별렌치세트, 다이스세트, 공구세트, 스패너세트, 비트세트, 탭세트, 공구함세트, 플라이어세트, 전동공구세트, T렌치세트, 드릴비트세트, 볼렌치세트",비트세트,,,,False,,
granite4.1:8b,피스모듬세트,success,피스제거용비트,"피스제거용비트, 다이스세트, 세트, 스패너세트, 비트세트, 공구세트, 탭세트, T렌치세트, 플라이어세트, 공구함세트, 드릴비트세트, 볼렌치세트, 끌세트, 전동공구세트, 철공용드릴비트세트",드릴비트세트,,,,False,,
granite4.1:8b,피스제거용비트,success,피스제거용비트,"피스제거용비트, 비트세트, 철공용드릴비트, 철공용드릴비트세트, 목공용드릴비트, 콘크리트용드릴비트, 드릴비트, SDS드릴비트, 드릴비트세트, 콘크리트드릴비트세트, 다이스세트, 바이스그립플라이어, 스프링배관청소기, 볼트컷터, 스패너세트",피스제거용비트,,,,False,피스제거용비트,True
granite4.1:8b,피톤치드 연무기,success,고무망치,"고무망치, 연마석, 피스제거용비트, 기어렌치세트, 핀펀치, 펜치, 송풍기, 직소기, 렌치, 검전기, 망치, 고속절단기, 수평기, 열풍기, 옵셋렌치",송풍기,,,,False,,
granite4.1:8b,핀 마이크,success,핀펀치,"핀펀치, 방진마스크, 타카핀, 연마석, 카운터싱크, 토크렌치, 스크레퍼, 콘크리트니퍼, 파이프렌치, 테이블톱, 플라이어, 콘크리트용드릴비트, 바이스그립플라이어, 콘크리트드릴비트세트, 드라이버",핀펀치,,,,False,,
granite4.1:8b,핀셋,success,핀펀치,"핀펀치, 옵셋렌치, 타카핀, 비트세트, 탭세트, 소켓렌치세트, 세트, 별렌치세트, 플라이어세트, T렌치세트, 끌세트, 파이프렌치, 전선릴, 핸드카트, 펜치",핀펀치,,,,False,,
granite4.1:8b,하수구스프링청소기,success,스프링배관청소기,"스프링배관청소기, 직소기, 편구스패너, 수평기, 스냅링플라이어, 디지털수평기, 레이저수평기, 고압세척기, 송풍기, 워터펌프플라이어, 열풍기, 공구세트, 자전거펌프, 공구함, 전동공구세트",스프링배관청소기,,,,False,,
granite4.1:8b,하수구청소기,success,스프링배관청소기,"스프링배관청소기, 직소기, 수평기, 디지털수평기, 레이저수평기, 고압세척기, 공구세트, 공구함, 송풍기, 전동공구세트, 편구스패너, 열풍기, 검전기, 라돈측정기, 고속절단기",스프링배관청소기,,,,False,,
granite4.1:8b,하수청소기(10m),success,스프링배관청소기,"스프링배관청소기, 직소기, 수평기, 레이저수평기, 디지털수평기, 고압세척기, 라돈측정기, 송풍기, 레이저거리측정기, 열풍기, 고속절단기, 전동압착기, 검전기, 소켓렌치세트, LED투광기",스프링배관청소기,,,,False,,
granite4.1:8b,하이스 홀쏘,success,다이스세트,"다이스세트, 바이스그립플라이어, 왕복톱(레시프로쏘), 스냅링플라이어, 글루스틱, 와이어스트리퍼, 멀티테스터, 스패너, 롱노즈플라이어, 가스토치, T핸드드라이버, 스크레퍼, 편구스패너, 드라이버, 플라이어",왕복톱(레시프로쏘),,,,False,,
granite4.1:8b,하이스날,success,다이스세트,"다이스세트, 바이스그립플라이어, 다이아고날플라이어, 글루스틱, 스패너, 스냅링플라이어, 와이어스트리퍼, 편구스패너, 가스토치, 피스제거용비트, 스패너세트, 방진마스크, 멀티테스터, 롱노즈플라이어, 스크레퍼",다이아고날플라이어,,,,False,,
granite4.1:8b,하이스톱날,success,다이스세트,"다이스세트, 바이스그립플라이어, 톱, 테이블톱, 쇠톱, 접톱, 다이아고날플라이어, 전정톱, 원형톱, 목공톱, 스냅링플라이어, 와이어스트리퍼, 글루스틱, 왕복톱(레시프로쏘), 가스토치",쇠톱,,,,False,,
granite4.1:8b,한복 (아이/성인),success,다이아고날플라이어,"다이아고날플라이어, 왕복톱(레시프로쏘), 전기인두, 앵글그라인더, 테이블톱, 플라이어, 드라이버, 플라이어세트, 바이스그립플라이어, 다이스세트, 양용드라이버, 케이블컷터, 드라이버세트, T핸드드라이버, 와이어스트리퍼",다이아고날플라이어,,,,True,,
granite4.1:8b,함마,success,연마석,"연마석, 공구함, 방진마스크, 공구함세트, 해머드릴, 로터리해머드릴, 충전해머드릴, 건타카, 타카, 안전모, 핸드카트, 줄자, 전동타카, 목공줄, 손타카",해머드릴,,,,False,망치,False
granite4.1:8b,함마(中),success,연마석,"연마석, 공구함, 공구함세트, 방진마스크, 해머드릴, 로터리해머드릴, 충전해머드릴, 건타카, 핸드카트, 타카, 안전모, 전동타카, 다림추, 줄자, 손타카",해머드릴,,,,False,,
granite4.1:8b,함마(대),success,대패,"대패, 연마석, 공구함, 쇠지렛대, 석고대패, 공구함세트, 방진마스크, 해머드릴, 로터리해머드릴, 건타카, 충전해머드릴, 타카, 안전모, 핸드카트, 전동타카",해머드릴,,,,False,,
granite4.1:8b,함마(무진동 망치),success,고무망치,"고무망치, 망치, 돌망치, 납볼망치, 방진마스크, 그립망치, 빠루망치, 연마석, 공구함, 냉동라쳇렌치, 전동드릴, 공구함세트, 전동타카, 렌치, 전동압착기",망치,,,,False,,
granite4.1:8b,함마기리 1개,success,공구함,"공구함, 연마석, 공구함세트, 방진마스크, 레이저거리측정기, 장도리, 사다리, 배터리팩, 실리콘건, 로터리해머드릴, 수평기, 직소기, 검전기, 열풍기, 송풍기",로터리해머드릴,,,,False,,
granite4.1:8b,함마드릴,success,해머드릴,"해머드릴, 전동드릴, 충전드릴, 임팩트드릴, 충전해머드릴, 로터리해머드릴, 드릴비트, 목공용드릴비트, 드릴비트세트, 연마석, SDS드릴비트, 공구함, 철공용드릴비트, 철공용드릴비트세트, 공구함세트",충전해머드릴,,,,False,해머드릴,False
granite4.1:8b,함마드릴 10.8V,success,해머드릴,"해머드릴, 전동드릴, 충전드릴, 임팩트드릴, 충전해머드릴, 드릴비트, 로터리해머드릴, 목공용드릴비트, 드릴비트세트, 철공용드릴비트, SDS드릴비트, 연마석, 공구함, 철공용드릴비트세트, 콘크리트용드릴비트",충전해머드릴,,배터리,,False,,
granite4.1:8b,함마드릴 18V,success,해머드릴,"해머드릴, 전동드릴, 충전드릴, 충전해머드릴, 임팩트드릴, 드릴비트, 로터리해머드릴, 목공용드릴비트, 드릴비트세트, SDS드릴비트, 철공용드릴비트, 연마석, 공구함, 철공용드릴비트세트, PVC컷터",충전해머드릴,,배터리,,False,,
granite4.1:8b,함마드릴 1개,success,해머드릴,"해머드릴, 전동드릴, 충전드릴, 임팩트드릴, 충전해머드릴, 드릴비트, 로터리해머드릴, 드릴비트세트, 목공용드릴비트, 연마석, 철공용드릴비트, 공구함, SDS드릴비트, 철공용드릴비트세트, 콘크리트드릴비트세트",해머드릴,,,,False,,
granite4.1:8b,함마드릴(경량) 1개,success,해머드릴,"해머드릴, 충전드릴, 전동드릴, 임팩트드릴, 충전해머드릴, 드릴비트, 로터리해머드릴, 드릴비트세트, 목공용드릴비트, 보안경, 철공용드릴비트, 공구함, 연마석, SDS드릴비트, 철공용드릴비트세트",해머드릴,,,경량,False,,
granite4.1:8b,함마드릴(소),success,해머드릴,"해머드릴, 전동드릴, 충전드릴, 임팩트드릴, 충전해머드릴, 로터리해머드릴, 드릴비트, 목공용드릴비트, 드릴비트세트, 연마석, 철공용드릴비트, SDS드릴비트, 공구함, 직소기, 철공용드릴비트세트",충전해머드릴,,충전식,,False,,
granite4.1:8b,함마드릴(중),success,해머드릴,"해머드릴, 전동드릴, 충전드릴, 임팩트드릴, 충전해머드릴, 로터리해머드릴, 드릴비트, 목공용드릴비트, 드릴비트세트, 연마석, 공구함, 철공용드릴비트, SDS드릴비트, 철공용드릴비트세트, 공구함세트",충전해머드릴,,충전식,,False,,
granite4.1:8b,함마드릴220v(10m),success,해머드릴,"해머드릴, 전동드릴, 충전드릴, 충전해머드릴, 임팩트드릴, 드릴비트, 로터리해머드릴, 목공용드릴비트, 드릴비트세트, SDS드릴비트, 철공용드릴비트, 연마석, 공구함, 철공용드릴비트세트, 콘크리트용드릴비트",해머드릴,,,,False,,
granite4.1:8b,함마드릴비트,success,드릴비트,"드릴비트, 드릴비트세트, 목공용드릴비트, SDS드릴비트, 철공용드릴비트, 콘크리트용드릴비트, 철공용드릴비트세트, 콘크리트드릴비트세트, 해머드릴, 임팩트드릴, 충전해머드릴, 충전드릴, 전동드릴, 비트세트, 로터리해머드릴",해머드릴,,,,False,,
granite4.1:8b,함마전동드릴,success,전동드릴,"전동드릴, 해머드릴, 전동드라이버, 충전드릴, 충전해머드릴, 전동타카, 로터리해머드릴, 임팩트드릴, 전동압착기, 목공용드릴비트, 전동공구세트, 전선릴, 드릴비트, 철공용드릴비트, 드릴비트세트",해머드릴,,,,False,,
granite4.1:8b,함마전동드릴(보쉬),success,전동드릴,"전동드릴, 해머드릴, 전동드라이버, 충전드릴, 충전해머드릴, 전동타카, 임팩트드릴, 전동압착기, 로터리해머드릴, 전동공구세트, 목공용드릴비트, 전선릴, 철공용드릴비트, 드릴비트, 철공용드릴비트세트",해머드릴,BOSCH,,,False,,
granite4.1:8b,함마전동드릴(스킬),success,전동드릴,"전동드릴, 전동드라이버, 해머드릴, 충전드릴, 전동타카, 충전해머드릴, 임팩트드릴, 전동압착기, 로터리해머드릴, 전동공구세트, 목공용드릴비트, 전선릴, 드릴비트, SDS드릴비트, 철공용드릴비트",해머드릴,SKIL,,,False,,
granite4.1:8b,함마전동드릴세트(유선),success,전동드릴,"전동드릴, 전동공구세트, 전선릴, 드릴비트세트, 충전드릴, 해머드릴, 전동드라이버, 충전해머드릴, 공구함세트, 철공용드릴비트세트, 임팩트드릴, 콘크리트드릴비트세트, 전동타카, 전동압착기, 목공용드릴비트",전동드릴,,유선,,False,,
granite4.1:8b,함머드릴,success,해머드릴,"해머드릴, 로터리해머드릴, 충전해머드릴, 전동드릴, 임팩트드릴, 충전드릴, 드릴비트, 목공용드릴비트, 드릴비트세트, 철공용드릴비트, SDS드릴비트, 공구함, 철공용드릴비트세트, 콘크리트드릴비트세트, 콘크리트용드릴비트",해머드릴,,,,False,,
granite4.1:8b,함석가위,success,철판가위,"철판가위, 고지가위, 다목적가위, 전지가위, 공구함, 절단석, 석고대패, 연마석, 공구함세트, 가스토치, 해머드릴, 로터리해머드릴, 테이블톱, 다림추, 카운터싱크",철판가위,,,,False,철판가위,True
granite4.1:8b,함석가위 1개,success,철판가위,"철판가위, 다목적가위, 고지가위, 전지가위, 공구함, 절단석, 연마석, 공구함세트, 석고대패, 가스토치, 테이블톱, 해머드릴, 탭세트, 로터리해머드릴, 쇠지렛대",철판가위,,,,False,,
granite4.1:8b,핫매트봉,success,비트세트,"비트세트, 세트, 핸드카트, 드릴비트세트, 볼트컷터, 콘크리트드릴비트세트, 탭세트, 끌세트, 드릴비트, 임팩트드릴, 콘크리트용드릴비트, 철공용드릴비트세트, 공구세트, 스패너세트, T렌치세트",드릴비트,,,,False,,
granite4.1:8b,핫멜트 건,success,에어건,"에어건, 건타카, 글루건, 실리콘건, 비트세트, 세트, 핸드카트, 드릴비트세트, 콘크리트드릴비트세트, 탭세트, 임팩트드릴, 볼트컷터, 드릴비트, T렌치세트, 라쳇렌치세트",글루건,,,,False,,
granite4.1:8b,핫멜트 글루건,success,글루건,"글루건, 글루스틱, 에어건, 실리콘건, 앵글그라인더, 건타카, 빠루망치, 해머드릴, 임팩트드릴, 핸드카트, 드릴비트세트, 드릴비트, 세트, 비트세트, 클램프미터",글루건,,,,False,,
granite4.1:8b,핫멜트건,success,에어건,"에어건, 글루건, 건타카, 실리콘건, 비트세트, 세트, 핸드카트, 드릴비트세트, 탭세트, 콘크리트드릴비트세트, T렌치세트, 임팩트드릴, 볼트컷터, 드릴비트, 끌세트",에어건,,,,False,,
granite4.1:8b,핫멜트건(글루건),success,글루건,"글루건, 글루스틱, 에어건, 실리콘건, 건타카, 빠루망치, 앵글그라인더, 해머드릴, 핸드카트, 임팩트드릴, 세트, 클램프미터, 드릴비트세트, 비트세트, 드릴비트",글루건,,,,False,,
granite4.1:8b,핫멜트건40W,success,에어건,"에어건, 글루건, 실리콘건, 건타카, 비트세트, 세트, 핸드카트, 콘크리트드릴비트세트, 임팩트드릴, 드릴비트세트, 탭세트, 볼트컷터, 철공용드릴비트세트, 별렌치세트, 라쳇렌치세트",글루건,,,,False,,
granite4.1:8b,핫멜트건심,success,에어건,"에어건, 건타카, 글루건, 실리콘건, 비트세트, 세트, 핸드카트, 콘크리트드릴비트세트, 드릴비트세트, 탭세트, 드릴비트, 임팩트드릴, 콘크리트용드릴비트, 철공용드릴비트세트, T렌치세트",글루건,,,,False,,
granite4.1:8b,핫멜트그루건,success,글루건,"글루건, 에어건, 글루스틱, 건타카, 그립망치, 빠루망치, 실리콘건, 앵글그라인더, 바이스그립플라이어, 해머드릴, 임팩트드릴, 핸드카트, 볼트컷터, 비트세트, 콘크리트드릴비트세트",글루건,,,,False,,
granite4.1:8b,핫멜트글루건,success,글루건,"글루건, 글루스틱, 에어건, 실리콘건, 건타카, 해머드릴, 앵글그라인더, 빠루망치, 임팩트드릴, 핸드카트, 볼트컷터, 임팩트드라이버, 비트세트, 드릴비트, T핸드드라이버",글루건,,,,False,,
granite4.1:8b,핫멜트알,success,비트세트,"비트세트, 세트, 드릴비트세트, 콘크리트드릴비트세트, 핸드카트, 임팩트드릴, 볼트컷터, 탭세트, 끌세트, 드릴비트, 철공용드릴비트세트, 콘크리트용드릴비트, T렌치세트, 공구세트, 다이스세트",탭세트,,,,False,,
granite4.1:8b,핫멜트진,success,방진마스크,"방진마스크, 비트세트, 세트, 드릴비트세트, 임팩트드릴, 콘크리트드릴비트세트, 핸드카트, 드릴비트, T렌치세트, 탭세트, 볼트컷터, 끌세트, 임팩트드라이버, 철공용드릴비트세트, 라쳇렌치세트",방진마스크,,,,False,,
granite4.1:8b,항공 가위,success,철판가위,"철판가위, 다목적가위, 고지가위, 전지가위, 목공톱, 공구함, 가스토치, 목공줄, 목공용접톱, 공구세트, 공구함세트, 전동공구세트, 철공용드릴비트, 목공용드릴비트, 철공용드릴비트세트",철판가위,,,,False,,
granite4.1:8b,항공가위,success,철판가위,"철판가위, 다목적가위, 고지가위, 전지가위, 공구함, 목공톱, 가스토치, 목공줄, 공구세트, 공구함세트, 목공용접톱, 전동공구세트, 철공용드릴비트, 목공용드릴비트, 에어타카",철판가위,,,,False,,
granite4.1:8b,"항공가위,전지가위",success,전지가위,"전지가위, 고지가위, 철판가위, 다목적가위, 전정톱, 전동공구세트, 공구함, 전동압착기, 가스토치, 검전기, 목공톱, 전동타카, 충전드릴, 전동드릴, 공구세트",전지가위,,,,False,,
granite4.1:8b,해라,success,해머드릴,"해머드릴, 로터리해머드릴, 충전해머드릴, 드라이버, 플라이어, 열화상카메라, 임팩트드라이버, T핸드드라이버, 라돈측정기, 플라이어렌치, 냉동라쳇렌치, 전동드라이버, 플라이어세트, 양용드라이버, 드라이버세트",해머드릴,,,,False,,
granite4.1:8b,해머,success,해머드릴,"해머드릴, 로터리해머드릴, 충전해머드릴, 니퍼, 커터, 스패너, 플라이어, 에어컴프레서, 스크레퍼, 샌더, 드라이버, 강력니퍼, 임팩트드라이버, 클램프미터, 와이어스트리퍼",해머드릴,,,,False,,
granite4.1:8b,해머 드릴,success,해머드릴,"해머드릴, 로터리해머드릴, 충전해머드릴, 임팩트드릴, 전동드릴, 충전드릴, 드릴비트, 목공용드릴비트, 드릴비트세트, 철공용드릴비트, SDS드릴비트, 철공용드릴비트세트, 콘크리트용드릴비트, 콘크리트드릴비트세트, 전선릴",해머드릴,,,,False,,
granite4.1:8b,해머 전동 드릴세트,success,해머드릴,"해머드릴, 충전해머드릴, 전동드릴, 로터리해머드릴, 전동공구세트, 드릴비트세트, 철공용드릴비트세트, 충전드릴, 콘크리트드릴비트세트, 임팩트드릴, 전동드라이버, 전동타카, 전동압착기, 세트, 드릴비트",해머드릴,,,,False,,
granite4.1:8b,해머(0.9KG),success,해머드릴,"해머드릴, 충전해머드릴, 로터리해머드릴, 강력니퍼, 에어컴프레서, 플라이어, 니퍼, 버니어캘리퍼스, 커터, 스크레퍼, 클램프미터, 드라이버, 충전임팩트드라이버, 임팩트드라이버, 스패너",해머드릴,,,,False,,
granite4.1:8b,해머(중),success,해머드릴,"해머드릴, 로터리해머드릴, 충전해머드릴, 니퍼, 플라이어, 스패너, 커터, 스크레퍼, 샌더, 에어컴프레서, 공구함, 드라이버, 강력니퍼, 앤드컷팅니퍼, 워터펌프플라이어",해머드릴,,,,False,,
granite4.1:8b,해머드릴,success,해머드릴,"해머드릴, 로터리해머드릴, 충전해머드릴, 전동드릴, 임팩트드릴, 충전드릴, 드릴비트, 목공용드릴비트, 드릴비트세트, 철공용드릴비트, SDS드릴비트, 철공용드릴비트세트, 콘크리트드릴비트세트, 콘크리트용드릴비트, 전선릴",해머드릴,,,,False,해머드릴,True
granite4.1:8b,해머드릴 드라이버,success,해머드릴,"해머드릴, 충전해머드릴, 로터리해머드릴, 드라이버, 전동드라이버, 드라이버세트, 임팩트드라이버, 양용드라이버, T핸드드라이버, 충전임팩트드라이버, 정밀드라이버세트, 전동드릴, 충전드릴, 임팩트드릴, 드릴비트",해머드릴,,,,False,,
granite4.1:8b,해머드릴 비트 세트(철재),success,해머드릴,"해머드릴, 철공용드릴비트세트, 충전해머드릴, 로터리해머드릴, 드릴비트세트, 철공용드릴비트, 콘크리트드릴비트세트, 비트세트, 드릴비트, 목공용드릴비트, 콘크리트용드릴비트, SDS드릴비트, 세트, 임팩트드릴, 충전드릴",철공용드릴비트세트,,,,False,,
granite4.1:8b,해머드릴 비트 세트(콘크리트),success,콘크리트드릴비트세트,"콘크리트드릴비트세트, 콘크리트용드릴비트, 해머드릴, 콘크리트니퍼, 로터리해머드릴, 드릴비트세트, 충전해머드릴, 철공용드릴비트세트, 비트세트, 드릴비트, 철공용드릴비트, 목공용드릴비트, 세트, 임팩트드릴, SDS드릴비트",로터리해머드릴,,,,False,,
granite4.1:8b,해머드릴 세트,success,해머드릴,"해머드릴, 로터리해머드릴, 충전해머드릴, 드릴비트세트, 철공용드릴비트세트, 임팩트드릴, 콘크리트드릴비트세트, 세트, 전동드릴, 충전드릴, 탭세트, 드라이버세트, 공구세트, 스패너세트, 공구함세트",해머드릴,,,,False,,
granite4.1:8b,해머드릴 유선,success,해머드릴,"해머드릴, 충전해머드릴, 로터리해머드릴, 전동드릴, 임팩트드릴, 충전드릴, 전선릴, 드릴비트, 목공용드릴비트, 철공용드릴비트, 드릴비트세트, SDS드릴비트, 철공용드릴비트세트, 콘크리트용드릴비트, 콘크리트드릴비트세트",해머드릴,,유선,,False,,
granite4.1:8b,해머드릴(2),success,해머드릴,"해머드릴, 로터리해머드릴, 충전해머드릴, 임팩트드릴, 전동드릴, 충전드릴, 드릴비트, 드릴비트세트, 목공용드릴비트, 철공용드릴비트, SDS드릴비트, 철공용드릴비트세트, 콘크리트드릴비트세트, 콘크리트용드릴비트, 전선릴",해머드릴,,,,False,,
granite4.1:8b,해머드릴(계양),success,해머드릴,"해머드릴, 충전해머드릴, 로터리해머드릴, 임팩트드릴, 전동드릴, 충전드릴, 드릴비트, 목공용드릴비트, 철공용드릴비트, 드릴비트세트, 양용드라이버, SDS드릴비트, 철공용드릴비트세트, 콘크리트드릴비트세트, 콘크리트용드릴비트",해머드릴,계양,,,False,,
granite4.1:8b,해머드릴(대),success,해머드릴,"해머드릴, 충전해머드릴, 로터리해머드릴, 전동드릴, 임팩트드릴, 충전드릴, 드릴비트, 철공용드릴비트, 목공용드릴비트, 대패, 드릴비트세트, SDS드릴비트, 철공용드릴비트세트, 콘크리트드릴비트세트, 콘크리트용드릴비트",해머드릴,,,,False,,
granite4.1:8b,해머드릴(무선),success,해머드릴,"해머드릴, 충전해머드릴, 로터리해머드릴, 충전드릴, 전동드릴, 임팩트드릴, 전선릴, 드릴비트, 목공용드릴비트, 드릴비트세트, 철공용드릴비트, SDS드릴비트, 고무망치, 철공용드릴비트세트, 콘크리트드릴비트세트",로터리해머드릴,,충전식(무선),,False,,
granite4.1:8b,"해머드릴(무선, 충천용)",success,해머드릴,"해머드릴, 충전해머드릴, 로터리해머드릴, 충전드릴, 전동드릴, 임팩트드릴, 전선릴, 목공용드릴비트, 철공용드릴비트, 콘크리트용드릴비트, 철공용드릴비트세트, 드릴비트, 드릴비트세트, SDS드릴비트, 콘크리트드릴비트세트",로터리해머드릴,,충전식(무선),충천용,False,,
granite4.1:8b,해머드릴(보쉬),success,해머드릴,"해머드릴, 충전해머드릴, 로터리해머드릴, 임팩트드릴, 전동드릴, 충전드릴, 드릴비트, 목공용드릴비트, 철공용드릴비트, 철공용드릴비트세트, 드릴비트세트, SDS드릴비트, 보안경, 콘크리트드릴비트세트, 콘크리트용드릴비트",해머드릴,보쉬,,,False,해머드릴,True
granite4.1:8b,해머드릴(유선),success,해머드릴,"해머드릴, 충전해머드릴, 로터리해머드릴, 충전드릴, 전동드릴, 임팩트드릴, 전선릴, 드릴비트, 목공용드릴비트, 철공용드릴비트, 드릴비트세트, SDS드릴비트, 철공용드릴비트세트, 콘크리트용드릴비트, 콘크리트드릴비트세트",해머드릴,,유선,,False,해머드릴,True
granite4.1:8b,해머드릴(콘크리트 타공용),success,해머드릴,"해머드릴, 로터리해머드릴, 콘크리트용드릴비트, 충전해머드릴, 콘크리트니퍼, 콘크리트드릴비트세트, 철공용드릴비트, 목공용드릴비트, 철공용드릴비트세트, 임팩트드릴, 전동드릴, 충전드릴, 목공용접톱, 드릴비트, 드릴비트세트",로터리해머드릴,,,,False,,
granite4.1:8b,해머드릴비트 세트,success,해머드릴,"해머드릴, 드릴비트세트, 드릴비트, 철공용드릴비트세트, 콘크리트드릴비트세트, 충전해머드릴, 로터리해머드릴, 목공용드릴비트, 철공용드릴비트, SDS드릴비트, 콘크리트용드릴비트, 비트세트, 세트, 임팩트드릴, 드라이버세트",해머드릴,,,,False,,
granite4.1:8b,해머드릴세트,success,해머드릴,"해머드릴, 로터리해머드릴, 충전해머드릴, 드릴비트세트, 철공용드릴비트세트, 콘크리트드릴비트세트, 임팩트드릴, 세트, 전동드릴, 충전드릴, 드라이버세트, 드릴비트, 탭세트, 공구세트, 공구함세트",해머드릴,,,,False,,
granite4.1:8b,해머망치,success,해머드릴,"해머드릴, 망치, 돌망치, 고무망치, 빠루망치, 납볼망치, 로터리해머드릴, 그립망치, 충전해머드릴, 렌치, 몽키렌치, 핀펀치, 펜치, 옵셋렌치, 플라이어렌치",망치,,,,False,,
granite4.1:8b,해빙/용접기,success,목공용접톱,"목공용접톱, 접톱, 해머드릴, 충전해머드릴, 수평기, 열풍기, 로터리해머드릴, 직소기, 송풍기, 전동압착기, 디지털수평기, 고압세척기, 레이저수평기, 검전기, 양용드라이버",해머드릴,,,,False,,
granite4.1:8b,해빙기,success,해머드릴,"해머드릴, 충전해머드릴, 열풍기, 수평기, 송풍기, 직소기, 로터리해머드릴, 검전기, 고압세척기, 고속절단기, 디지털수평기, 전동압착기, 레이저수평기, 라돈측정기, 전기인두",열풍기,,,,False,,
granite4.1:8b,해빙기(ROKO-3300),success,해머드릴,"해머드릴, 충전해머드릴, 직소기, 로터리해머드릴, 열풍기, 수평기, 송풍기, 검전기, 고압세척기, 고속절단기, 전동압착기, 레이저수평기, 라돈측정기, 디지털수평기, 전기인두",열풍기,,,,False,,
granite4.1:8b,핸드 그라인더,success,앵글그라인더,"앵글그라인더, 핸드카트, T핸드드라이버, 샌더, 그립망치, 바이스그립플라이어, 플라이어, 플라이어렌치, 전동드라이버, 드라이버, 양용드라이버, 굽은노즈플라이어, 전기인두, 임팩트드라이버, 전동드릴",앵글그라인더,,,,False,,
granite4.1:8b,핸드 그라인더 1개,success,앵글그라인더,"앵글그라인더, 핸드카트, T핸드드라이버, 그립망치, 샌더, 바이스그립플라이어, 플라이어렌치, 플라이어, 드라이버, 전동드라이버, 양용드라이버, 스냅링플라이어, 굽은노즈플라이어, 와이어스트리퍼, 플라이어세트",앵글그라인더,,,,False,,
granite4.1:8b,핸드 드라이버,success,T핸드드라이버,"T핸드드라이버, 드라이버, 전동드라이버, 양용드라이버, 핸드카트, 임팩트드라이버, 드라이버세트, 정밀드라이버세트, 충전임팩트드라이버, 플라이어, 전동드릴, 플라이어렌치, 롱노즈플라이어, 해머드릴, 워터펌프플라이어",드라이버,,,,False,,
granite4.1:8b,핸드그라인더,success,앵글그라인더,"앵글그라인더, 핸드카트, T핸드드라이버, 샌더, 그립망치, 바이스그립플라이어, 전동드라이버, 드라이버, 양용드라이버, 플라이어, 앤드컷팅니퍼, 임팩트드라이버, 플라이어렌치, 스냅링플라이어, 전기인두",앵글그라인더,,,,False,,
granite4.1:8b,핸드그라인더+날,success,앵글그라인더,"앵글그라인더, 핸드카트, T핸드드라이버, 샌더, 다이아고날플라이어, 그립망치, 바이스그립플라이어, 드라이버, 앤드컷팅니퍼, 전동드라이버, 양용드라이버, 해머드릴, 임팩트드라이버, 충전드릴, 스냅링플라이어",앵글그라인더,,,,False,,
granite4.1:8b,핸드드라이버,success,T핸드드라이버,"T핸드드라이버, 드라이버, 전동드라이버, 양용드라이버, 핸드카트, 임팩트드라이버, 드라이버세트, 충전임팩트드라이버, 정밀드라이버세트, 플라이어, 해머드릴, 워터펌프플라이어, 전동드릴, 롱노즈플라이어, 스냅링플라이어",드라이버,,,,False,,
granite4.1:8b,핸드드릴,success,T핸드드라이버,"T핸드드라이버, 핸드카트, 전동드릴, 해머드릴, 임팩트드릴, 충전드릴, 충전해머드릴, 드릴비트, 로터리해머드릴, SDS드릴비트, 드릴비트세트, 목공용드릴비트, 철공용드릴비트, 콘크리트드릴비트세트, 철공용드릴비트세트",전동드릴,,,,False,,
granite4.1:8b,핸드드릴 1개,success,T핸드드라이버,"T핸드드라이버, 핸드카트, 전동드릴, 해머드릴, 임팩트드릴, 충전드릴, 충전해머드릴, 드릴비트, 로터리해머드릴, SDS드릴비트, 드릴비트세트, 목공용드릴비트, 철공용드릴비트, 콘크리트드릴비트세트, 철공용드릴비트세트",전동드릴,,,,False,,
granite4.1:8b,핸드믹서,success,핸드카트,"핸드카트, T핸드드라이버, 에어컴프레서, 해머드릴, 드릴비트, 앤드컷팅니퍼, 임팩트드릴, 전동드릴, 드라이버, 드릴비트세트, SDS드릴비트, 충전해머드릴, 양용드라이버, 드라이버세트, 임팩트드라이버",핸드카트,,,,False,,
granite4.1:8b,핸드사포,success,핸드카트,"핸드카트, T핸드드라이버, 사다리, A형사다리, 앤드컷팅니퍼, 해머드릴, 전동드릴, 로터리해머드릴, 드라이버, 임팩트드릴, 양용드라이버, 충전드릴, 충전해머드릴, 임팩트드라이버, SDS드릴비트",핸드카트,,,,False,,
granite4.1:8b,핸드소켓렌치세트32pcs,success,소켓렌치세트,"소켓렌치세트, 별렌치세트, 라쳇렌치세트, 육각렌치세트, 기어렌치세트, 조합렌치세트, T렌치세트, 볼렌치세트, 핸드카트, 렌치, 옵셋렌치, 육각렌치, 만능렌치, T핸드드라이버, 몽키렌치",소켓렌치세트,,,,False,,
granite4.1:8b,핸드카,success,핸드카트,"핸드카트, T핸드드라이버, 전동타카, 손타카, 건타카, 타카, 에어타카, 드라이버, 양용드라이버, 전동드라이버, 카운터싱크, 임팩트드라이버, 열화상카메라, 타카핀, 전동드릴",핸드카트,,,,False,,
granite4.1:8b,핸드카,success,핸드카트,"핸드카트, T핸드드라이버, 전동타카, 손타카, 건타카, 타카, 에어타카, 드라이버, 양용드라이버, 전동드라이버, 카운터싱크, 임팩트드라이버, 열화상카메라, 타카핀, 전동드릴",핸드카트,,,,False,,
granite4.1:8b,핸드카 철제바구니,success,핸드카트,"핸드카트, T핸드드라이버, 철판가위, 공구함, 전동타카, 공구세트, 철공용드릴비트, 공구함세트, 철공용드릴비트세트, 전동공구세트, 손타카, 타카, 앤드컷팅니퍼, 편구스패너, 에어타카",공구함,,,,False,,
granite4.1:8b,핸드카트,success,핸드카트,"핸드카트, T핸드드라이버, 전동타카, 손타카, 타카, 드릴비트, 건타카, 드릴비트세트, SDS드릴비트, 에어타카, 임팩트드라이버, 볼트컷터, 드라이버세트, 임팩트드릴, 카운터싱크",핸드카트,,,,False,핸드카트,True
granite4.1:8b,핸드타카,success,핸드카트,"핸드카트, 손타카, 건타카, 전동타카, 타카, 에어타카, T핸드드라이버, 타카핀, 카운터싱크, 타일컷터, 열화상카메라, 앤드컷팅니퍼, 전동드릴, 드라이버, 양용드라이버",손타카,,,,False,,
granite4.1:8b,핸드타카건,success,핸드카트,"핸드카트, 건타카, 타카, 손타카, 전동타카, T핸드드라이버, 타카핀, 에어타카, 에어건, 글루건, 실리콘건, 카운터싱크, 타일컷터, 드릴비트, 전동드릴",타카,,,,False,,
granite4.1:8b,핸드탭세트,success,탭세트,"탭세트, 핸드카트, 세트, T핸드드라이버, 공구세트, 드릴비트세트, 비트세트, 공구함세트, 드라이버세트, 끌세트, T렌치세트, 전동공구세트, 스패너세트, 육각렌치세트, 다이스세트",탭세트,,,,False,,
granite4.1:8b,핸드톱,success,핸드카트,"핸드카트, T핸드드라이버, 톱, 접톱, 테이블톱, 원형톱, 쇠톱, 전정톱, 목공톱, 목공용접톱, 왕복톱(레시프로쏘), 해머드릴, 전동드릴, 임팩트드릴, LED손전등",톱,,,,False,,
granite4.1:8b,핸드펌프,success,핸드카트,"핸드카트, 에어펌프, 자전거펌프, T핸드드라이버, 워터펌프플라이어, F클램프, 클램프미터, 점프케이블, 파이프렌치, 안전로프, 해머드릴, 전동드릴, 에어컴프레서, 앤드컷팅니퍼, 스프링배관청소기",자전거펌프,,,,False,,
granite4.1:8b,핸드펌프 SM-HP5(초고압용),success,고압세척기,"고압세척기, 에어펌프, 자전거펌프, 핸드카트, T핸드드라이버, 워터펌프플라이어, SDS드릴비트, 전동압착기, PVC컷터, 목공용접톱, 양용드라이버, 목공용드릴비트, 고속절단기, F클램프, 클램프미터",에어펌프,,,,False,,
granite4.1:8b,핸드형 타일커터,success,타일컷터,"타일컷터, 커터, 핸드카트, 커터칼, T핸드드라이버, 원형톱, 케이블컷터, 볼트컷터, 전동타카, 타카, PVC컷터, 로터리해머드릴, 손타카, A형사다리, 타카핀",타일컷터,,,,False,,
granite4.1:8b,핸디덤프카트,success,핸드카트,"핸드카트, T핸드드라이버, F클램프, 전동타카, 점프케이블, 타카, 클램프미터, 에어펌프, 디지털수평기, 자전거펌프, 손타카, 건타카, 안전로프, 에어타카, 카운터싱크",핸드카트,,,,False,,
granite4.1:8b,핸디클램프,success,F클램프,"F클램프, 클램프미터, 핸드카트, T핸드드라이버, 자전거펌프, 에어펌프, 워터펌프플라이어, 점프케이블, 안전로프, 파이프렌치, 에어컴프레서, 바이스그립플라이어, 전동드릴, 안전장갑, 앵글그라인더",F클램프,,,,False,,
granite4.1:8b,햄머 드릴,success,해머드릴,"해머드릴, 로터리해머드릴, 충전해머드릴, 전동드릴, 임팩트드릴, 충전드릴, 드릴비트, 드릴비트세트, 목공용드릴비트, 철공용드릴비트, SDS드릴비트, 철공용드릴비트세트, 콘크리트용드릴비트, 콘크리트드릴비트세트, 전선릴",해머드릴,,,,False,,
granite4.1:8b,햄머드릴,success,해머드릴,"해머드릴, 로터리해머드릴, 충전해머드릴, 전동드릴, 임팩트드릴, 충전드릴, 드릴비트, 드릴비트세트, 목공용드릴비트, 철공용드릴비트, SDS드릴비트, 철공용드릴비트세트, 콘크리트드릴비트세트, 콘크리트용드릴비트, 전선릴",해머드릴,,,,False,,
granite4.1:8b,햄머드릴 1개,success,해머드릴,"해머드릴, 충전해머드릴, 로터리해머드릴, 전동드릴, 충전드릴, 임팩트드릴, 드릴비트, 드릴비트세트, 목공용드릴비트, 철공용드릴비트, SDS드릴비트, 철공용드릴비트세트, 콘크리트드릴비트세트, 콘크리트용드릴비트, 전선릴",해머드릴,,,,False,,
granite4.1:8b,햄머드릴세트,success,해머드릴,"해머드릴, 충전해머드릴, 로터리해머드릴, 드릴비트세트, 철공용드릴비트세트, 콘크리트드릴비트세트, 세트, 전동드릴, 임팩트드릴, 충전드릴, 드릴비트, 공구세트, 탭세트, 드라이버세트, 스패너세트",해머드릴,,,,False,,
granite4.1:8b,헤나,success,건타카,"건타카, 스패너, 다이아고날플라이어, 렌치, 해머드릴, 핸드카트, 에어타카, 손타카, 열화상카메라, 별렌치세트, 고압세척기, 열풍기, 글루건, 직각자, 줄자",건타카,,,,True,,
granite4.1:8b,헤드셋 마이크,success,방진마스크,"방진마스크, 옵셋렌치, 연마석, 카운터싱크, 드라이버, T핸드드라이버, 토크렌치, 드라이버세트, 스크레퍼, 콘크리트드릴비트세트, 콘크리트용드릴비트, 임팩트드라이버, 전동드라이버, 핸드카트, 해머드릴",방진마스크,,,,False,,
granite4.1:8b,헤라,success,플라이어,"플라이어, 드라이버, 열화상카메라, 라돈측정기, 플라이어세트, 플라이어렌치, 드라이버세트, 전동드라이버, 냉동라쳇렌치, 앵글그라인더, 라쳇렌치세트, 양용드라이버, T핸드드라이버, 임팩트드라이버, 스냅링플라이어",스냅링플라이어,,,,False,,
granite4.1:8b,헤라 3인치,success,앵글그라인더,"앵글그라인더, 전기인두, 플라이어렌치, 냉동라쳇렌치, 라쳇렌치세트, 렌치, 플라이어, 망치, 펜치, 플라이어세트, 드라이버, 핀펀치, 육각렌치, 옵셋렌치, 열화상카메라",렌치,,,3인치 크기,False,스크레퍼,False
granite4.1:8b,헤라 5인치,success,앵글그라인더,"앵글그라인더, 전기인두, 플라이어렌치, 냉동라쳇렌치, 라쳇렌치세트, 렌치, 펜치, 플라이어, 망치, 핀펀치, 드라이버, 열화상카메라, 육각렌치, 옵셋렌치, 만능렌치",앵글그라인더,,,,False,스크레퍼,False
granite4.1:8b,헤어고데기,success,고압세척기,"고압세척기, 고속절단기, 기어렌치세트, 고무망치, 고지가위, 열풍기, 다이아고날플라이어, 송풍기, 직소기, 석고대패, 수평기, 에어건, 검전기, 전기인두, 에어펌프",고압세척기,,,,False,,
granite4.1:8b,헤어드라이기,success,드라이버,"드라이버, 전동드라이버, T핸드드라이버, 드라이버세트, 양용드라이버, 임팩트드라이버, 플라이어, 정밀드라이버세트, 충전임팩트드라이버, 워터펌프플라이어, 플라이어렌치, 스냅링플라이어, 플라이어세트, 바이스그립플라이어, 다이아고날플라이어",드라이버세트,,,,False,,
granite4.1:8b,헤어롤세트,success,세트,"세트, 플라이어세트, 기어렌치세트, 끌세트, 탭세트, 공구세트, 비트세트, T렌치세트, 드릴비트세트, 드라이버세트, 전동공구세트, 볼렌치세트, 별렌치세트, 스패너세트, 공구함세트",세트,,,,True,,
granite4.1:8b,헤어아이론,success,다이아고날플라이어,"다이아고날플라이어, 플라이어, 에어건, 바이스그립플라이어, 와이어스트리퍼, 플라이어렌치, 플라이어세트, 스냅링플라이어, 워터펌프플라이어, 에어펌프, 롱노즈플라이어, 굽은노즈플라이어, 에어타카, 에어컴프레서, 드라이버",에어건,,,,False,,
granite4.1:8b,헤지커터,success,커터,"커터, 커터칼, 케이블컷터, 볼트컷터, 타일컷터, PVC컷터, 로터리해머드릴, 고지가위, 쇠지렛대, 카운터싱크, 핸드카트, 전지가위, 고압세척기, 디지털수평기, 고속절단기",고지가위,,,,False,,
granite4.1:8b,헨디줄자 6개,success,줄자,"줄자, 목공줄, 직각자, 디지털수평기, 핸드카트, 해머드릴, 자전거펌프, 전동드릴, 렌치, 로터리해머드릴, 임팩트드릴, T핸드드라이버, 연마석, 사다리, 별렌치세트",줄자,,,,False,,
granite4.1:8b,현대오피스 A4코팅기,success,피스제거용비트,"피스제거용비트, A형사다리, 대패, 앤드컷팅니퍼, 스프링배관청소기, 직소기, 석고대패, 쇠지렛대, 고압세척기, 송풍기, 열풍기, 수평기, 고속절단기, 라돈측정기, 스패너",앤드컷팅니퍼,,,,False,,
granite4.1:8b,혈당계,success,적외선온도계,"적외선온도계, 라돈측정기, 글루건, 클램프미터, 멀티테스터, 끌세트, 세트, 글루스틱, 직각자, 드라이버, 검전기, 에어컴프레서, 비트세트, 드릴비트세트, 돌망치",적외선온도계,,,,False,,
granite4.1:8b,혈당시험지,success,전지가위,"전지가위, 고지가위, 쇠지렛대, 왕복톱(레시프로쏘), 디지털수평기, 라돈측정기, 멀티테스터, 적외선온도계, 글루건, 먹통, 글루스틱, LED투광기, 클램프미터, 레이저거리측정기, 전동압착기",전지가위,,,,True,,
granite4.1:8b,호미,success,클램프미터,"클램프미터, 해머드릴, 로터리해머드릴, 도끼, 전지가위, 고지가위, 몽키렌치, 안전모, 충전해머드릴, 톱, 핸드카트, 세트, 다림추, 드라이버, 장도리",도끼,,,,False,,
granite4.1:8b,호삽,success,모종삽,"모종삽, 해머드릴, 공구함, 도끼, 핸드카트, 충전해머드릴, 로터리해머드릴, 쇠톱, 안전장갑, 공구함세트, 접톱, 전동드릴, 사다리, 전동압착기, 원형톱",모종삽,,,,False,,
granite4.1:8b,호수닐선(물청소용),success,스프링배관청소기,"스프링배관청소기, 전선릴, 직소기, 수평기, 레이저수평기, 적외선온도계, 디지털수평기, 목공용접톱, 피스제거용비트, 소켓렌치세트, 목공용드릴비트, 전자산업용니퍼, 철공용드릴비트, 양용드라이버, 철공용드릴비트세트",스프링배관청소기,,,,False,,
granite4.1:8b,호수코드릴,success,해머드릴,"해머드릴, 전동드릴, 충전드릴, 임팩트드릴, 로터리해머드릴, 충전해머드릴, 드릴비트, 목공용드릴비트, SDS드릴비트, 철공용드릴비트, 드릴비트세트, 수평기, 철공용드릴비트세트, 콘크리트드릴비트세트, 콘크리트용드릴비트",전동드릴,,,,False,,
granite4.1:8b,호스,success,글루스틱,"글루스틱, 가스토치, 스패너, 다이스세트, 스크레퍼, 편구스패너, 멀티테스터, 방진마스크, 스패너세트, 피스제거용비트, 바이스그립플라이어, 스냅링플라이어, 와이어스트리퍼, 스프링배관청소기, 버니어캘리퍼스",스냅링플라이어,,,,False,,
granite4.1:8b,호스(컴프레서),success,에어컴프레서,"에어컴프레서, 스크레퍼, 왕복톱(레시프로쏘), 바이스그립플라이어, 스패너, 에어펌프, 스프링배관청소기, 워터펌프플라이어, 레이저수평기, 클램프미터, 편구스패너, 스냅링플라이어, 송풍기, 글루스틱, 멀티테스터",에어컴프레서,,,,False,,
granite4.1:8b,호스릴,success,전선릴,"전선릴, 해머드릴, 글루스틱, 전동드릴, 스패너, 충전드릴, 가스토치, 다이스세트, 드릴비트, 임팩트드릴, 스크레퍼, 방진마스크, 로터리해머드릴, 편구스패너, 충전해머드릴",전선릴,,,,False,,
granite4.1:8b,호스릴,success,전선릴,"전선릴, 해머드릴, 글루스틱, 전동드릴, 스패너, 충전드릴, 가스토치, 다이스세트, 드릴비트, 임팩트드릴, 스크레퍼, 방진마스크, 로터리해머드릴, 편구스패너, 충전해머드릴",전선릴,,,,False,,
granite4.1:8b,호스릴(20m),success,전선릴,"전선릴, 해머드릴, 전동드릴, 충전드릴, 글루스틱, 스패너, 임팩트드릴, 가스토치, 드릴비트, 다이스세트, 스크레퍼, 로터리해머드릴, 방진마스크, 충전해머드릴, 편구스패너",전선릴,,,,False,,
granite4.1:8b,호스릴선,success,전선릴,"전선릴, 적외선온도계, 해머드릴, 글루스틱, 전동드릴, 충전드릴, 다이스세트, 방진마스크, 로터리해머드릴, 임팩트드릴, 가스토치, 충전해머드릴, 드릴비트, 편구스패너, 바이스그립플라이어",전선릴,,,,False,,
granite4.1:8b,혼합드릴비트 2개,success,드릴비트,"드릴비트, 드릴비트세트, 철공용드릴비트, 목공용드릴비트, SDS드릴비트, 철공용드릴비트세트, 콘크리트용드릴비트, 콘크리트드릴비트세트, 임팩트드릴, 충전드릴, 전동드릴, 비트세트, 해머드릴, 충전해머드릴, 피스제거용비트",비트세트,,,,False,,
granite4.1:8b,홀쏘(3종),success,모종삽,"모종삽, 왕복톱(레시프로쏘), 끌세트, 안전모, 충전드릴, 직소기, 사다리, 고압세척기, 충전해머드릴, 로터리해머드릴, 핸드카트, 롱노즈플라이어, 열풍기, 세트, 볼렌치세트",볼렌치세트,,,,False,,
granite4.1:8b,홀형 별비트,success,드릴비트,"드릴비트, 비트세트, 드릴비트세트, 별렌치세트, SDS드릴비트, 목공용드릴비트, 콘크리트용드릴비트, 콘크리트드릴비트세트, 철공용드릴비트, 피스제거용비트, 철공용드릴비트세트, 원형톱, A형사다리, 세트, 볼트컷터",별렌치세트,,,,False,,
granite4.1:8b,화신가위,success,철판가위,"철판가위, 고지가위, 전지가위, 다목적가위, 열화상카메라, 가스토치, LED손전등, 라돈측정기, 라쳇렌치세트, 만능렌치, 렌치, 레이저수평기, 스패너세트, 석고대패, LED작업등",고지가위,,,,False,,
granite4.1:8b,화이바 빠루망치,success,빠루망치,"빠루망치, 망치, 돌망치, 납볼망치, 그립망치, 고무망치, 파이프렌치, 플라이어렌치, 글루건, 바이스그립플라이어, 렌치, 핀펀치, 펜치, 열화상카메라, 육각렌치",빠루망치,,,,False,,
granite4.1:8b,화이트보드 피켓,success,피스제거용비트,"피스제거용비트, 소켓렌치세트, 보안경, 드라이버세트, 임팩트드라이버, 핸드카트, 열화상카메라, 드라이버, 드릴비트, T핸드드라이버, 정밀드라이버세트, 충전임팩트드라이버, 드릴비트세트, 플라이어세트, 양용드라이버",플라이어세트,,,,False,,
granite4.1:8b,확대경 1개,success,보안경,"보안경, 대패, 쇠지렛대, 석고대패, 렌치, 옵셋렌치, 망치, 만능렌치, 플라이어렌치, 별렌치세트, 조합렌치세트, 그립망치, 육각렌치, 육각렌치세트, 직소기",보안경,,,,False,,
granite4.1:8b,확성기,success,직소기,"직소기, 수평기, 검전기, 송풍기, 열풍기, 고속절단기, 전동압착기, LED투광기, 고압세척기, 라돈측정기, 전기인두, 레이저수평기, 디지털수평기, 기어렌치세트, 스프링배관청소기",송풍기,,,,False,,
granite4.1:8b,확성기(강의용 무선 마이크),success,방진마스크,"방진마스크, 강력니퍼, 전선릴, 고무망치, 연마석, 양용드라이버, 레이저수평기, 콘크리트용드릴비트, 직소기, 레이저거리측정기, 수평기, 카운터싱크, 적외선온도계, 검전기, 토크렌치",방진마스크,,무선,,True,,
granite4.1:8b,회로시험기,success,왕복톱(레시프로쏘),"왕복톱(레시프로쏘), 안전로프, 직소기, 검전기, 수평기, 라돈측정기, 송풍기, 로터리해머드릴, 열풍기, 레이저수평기, 전동압착기, 전기인두, LED투광기, 고속절단기, 디지털수평기",검전기,,,,False,,
granite4.1:8b,후레쉬,success,스크레퍼,"스크레퍼, 에어컴프레서, 레이저수평기, 왕복톱(레시프로쏘), 레이저거리측정기, 볼렌치, 토크렌치, 볼렌치세트, 펜치, 몽키렌치, 렌치, 도끼, 파이프렌치, 옵셋렌치, 플라이어렌치",스크레퍼,,,,True,,
granite4.1:8b,후쿠메타,success,타카,"타카, 손타카, 건타카, 열화상카메라, 타카핀, 전동타카, 에어타카, 타일컷터, 임팩트드라이버, 핸드카트, 줄자, 고속절단기, 드라이버, 드릴비트, 글루건",타카,,,,True,,
granite4.1:8b,후크 커터칼,success,커터칼,"커터칼, 커터, 카운터싱크, 볼트컷터, 타일컷터, 케이블컷터, 로터리해머드릴, 토크렌치, PVC컷터, 절단석, 앤드컷팅니퍼, 해머드릴, 콘크리트니퍼, 스크레퍼, 고속절단기",커터칼,,,,False,,
granite4.1:8b,후크메타,success,타카,"타카, 토크렌치, 열화상카메라, 손타카, 건타카, 에어타카, 타카핀, 전동타카, 스크레퍼, 타일컷터, 카운터싱크, 방진마스크, 콘크리트니퍼, 콘크리트용드릴비트, 콘크리트드릴비트세트",스크레퍼,,,,False,,
granite4.1:8b,휠체어,success,플라이어,"플라이어, 에어건, 에어펌프, 에어타카, 플라이어세트, 플라이어렌치, 에어컴프레서, 기어렌치세트, 와이어스트리퍼, 버니어캘리퍼스, 워터펌프플라이어, 스냅링플라이어, 롱노즈플라이어, 바이스그립플라이어, 굽은노즈플라이어",플라이어,,,,True,,
granite4.1:8b,휴대용 / 차량용 / 캠핑용 냉장고,success,목공용접톱,"목공용접톱, 양용드라이버, 석고대패, 철공용드릴비트, 전자산업용니퍼, 목공용드릴비트, 피스제거용비트, 철공용드릴비트세트, 콘크리트용드릴비트, 냉동라쳇렌치, 안전장갑, 대패, 쇠지렛대, 장도리, 고압세척기",목공용접톱,,,,True,,
granite4.1:8b,휴대용 5단 사다리,success,사다리,"사다리, A형사다리, 고속절단기, 절단석, 대패, 쇠지렛대, 다목적가위, 콘크리트용드릴비트, 석고대패, 로터리해머드릴, 철공용드릴비트, 목공용접톱, 양용드라이버, 목공용드릴비트, 충전해머드릴",사다리,,,,False,,
granite4.1:8b,휴대용 개인용 저주파자극기,success,전자산업용니퍼,"전자산업용니퍼, 레이저수평기, 전기인두, 레이저거리측정기, 목공용접톱, 양용드라이버, 대패, 피스제거용비트, 줄자, 철공용드릴비트, 직각자, 목공용드릴비트, 파이프렌치, 쇠지렛대, 자전거펌프",자전거펌프,,,,False,,
granite4.1:8b,휴대용 공구세트,success,공구세트,"공구세트, 전동공구세트, 공구함세트, 공구함, 철공용드릴비트세트, 세트, 탭세트, 스패너세트, 플라이어세트, 끌세트, 비트세트, T렌치세트, 드릴비트세트, 볼렌치세트, 소켓렌치세트",공구세트,,,,False,,
granite4.1:8b,휴대용 기가폰,success,대패,"대패, 고지가위, 석고대패, 쇠지렛대, 철판가위, 가스토치, 다목적가위, 전지가위, 열풍기, 송풍기, 양용드라이버, 목공용접톱, 수평기, 고압세척기, 검전기",다목적가위,,,,False,,
granite4.1:8b,휴대용 미세먼지측정기,success,라돈측정기,"라돈측정기, 레이저거리측정기, 쇠지렛대, 클램프미터, 디지털수평기, 정밀드라이버세트, 고압세척기, 송풍기, 열풍기, 전정톱, 전동압착기, 기어렌치세트, 철공용드릴비트세트, 대패, 양용드라이버",라돈측정기,,,,False,,
granite4.1:8b,휴대용 미싱기,success,카운터싱크,"카운터싱크, 대패, 클램프미터, 쇠지렛대, 직소기, 석고대패, 피스제거용비트, 열풍기, 수평기, 송풍기, 목공용접톱, 검전기, 철공용드릴비트, 레이저수평기, 양용드라이버",양용드라이버,,,,False,,
granite4.1:8b,휴대용 버너,success,양용드라이버,"양용드라이버, 스패너, 대패, 스패너세트, 편구스패너, 쇠지렛대, 석고대패, 드라이버, 버니어캘리퍼스, T핸드드라이버, 전동드라이버, 전자산업용니퍼, 피스제거용비트, 목공용접톱, 충전임팩트드라이버",버니어캘리퍼스,,,,False,,
granite4.1:8b,휴대용 사다리(3단),success,사다리,"사다리, A형사다리, 대패, 고속절단기, 절단석, 쇠지렛대, 다목적가위, 석고대패, 콘크리트용드릴비트, 로터리해머드릴, 목공용접톱, 배터리팩, 레이저거리측정기, 철공용드릴비트, 다림추",사다리,,,,False,,
granite4.1:8b,휴대용 소음 측정기,success,라돈측정기,"라돈측정기, 레이저거리측정기, 직소기, 스프링배관청소기, 송풍기, 소켓렌치세트, 열풍기, 전동압착기, 대패, 전정톱, 쇠지렛대, 수평기, 디지털수평기, 레이저수평기, 고압세척기",라돈측정기,,,,False,,
granite4.1:8b,휴대용공구세트,success,공구세트,"공구세트, 전동공구세트, 공구함세트, 공구함, 철공용드릴비트세트, 세트, 탭세트, 플라이어세트, 스패너세트, 비트세트, 드릴비트세트, 끌세트, 볼렌치세트, T렌치세트, 드라이버세트",공구세트,,,,False,,
granite4.1:8b,휴대용에어펌프,success,에어펌프,"에어펌프, 자전거펌프, 에어컴프레서, 에어건, 워터펌프플라이어, 에어타카, 플라이어렌치, F클램프, 클램프미터, 대패, 플라이어, 목공용접톱, 와이어스트리퍼, 파이프렌치, 플라이어세트",에어펌프,,,,False,,
granite4.1:8b,휴대용유모차,success,안전모,"안전모, 모종삽, 대패, 쇠지렛대, 석고대패, 양용드라이버, 목공용접톱, 철공용드릴비트, 목공용드릴비트, 피스제거용비트, 철공용드릴비트세트, 전자산업용니퍼, 콘크리트용드릴비트, 충전해머드릴, 충전임팩트드라이버",모종삽,,,,False,,
granite4.1:8b,휴대용육각렌치,success,육각렌치,"육각렌치, 육각렌치세트, 렌치, 만능렌치, 옵셋렌치, 플라이어렌치, 토크렌치, 별렌치세트, 몽키렌치, 소켓렌치세트, 조합렌치세트, 냉동라쳇렌치, 라쳇렌치세트, 파이프렌치, 볼렌치",육각렌치,,,,False,,
granite4.1:8b,흙손,success,손타카,"손타카, LED손전등, 목공톱, 테이블톱, T핸드드라이버, 핸드카트, 도끼, 쇠톱, 톱, 그립망치, 망치, 모종삽, 원형톱, 스크레퍼, 타일컷터",모종삽,,,,False,,
granite4.1:8b,힐티기리6mm,success,멀티테스터,"멀티테스터, 레이저거리측정기, 실리콘건, 직소기, 사다리, 장도리, 수평기, 열풍기, 검전기, 고속절단기, 로터리해머드릴, 송풍기, 배터리팩, 콘크리트니퍼, 전동압착기",로터리해머드릴,,,,False,,
