Input_Name,status,rag_top1,rag_candidates,standard_name,brand,power_source,specification,fallback_used,gt_standard_name,is_correct
180mm 샌더,success,클램프미터,"클램프미터, 고속절단기, 전동공구세트, 별렌치세트, 스패너세트",샌더,,,180mm,False,샌더,True
LED 손전등,success,LED손전등,"LED손전등, LED투광기, LED작업등, 레이저수평기, 라돈측정기",LED손전등,,,,False,LED손전등,True
경랑몽키(8인치),success,옵셋렌치,"옵셋렌치, 앵글그라인더, 다이아고날플라이어, 플라이어렌치, 굽은노즈플라이어",앵글그라인더,,,8인치,False,몽키렌치,False
고압세척기,success,고압세척기,"고압세척기, 타일컷터, 편구스패너, 와이어스트리퍼, 전선릴",고압세척기,,,,False,고압세척기,True
바이스플라이어,success,스냅링플라이어,"스냅링플라이어, 앵글그라인더, 다이아고날플라이어, 플라이어렌치, 옵셋렌치",스냅링플라이어,,,,False,바이스그립플라이어,False
보쉬 pushdrive,success,SDS드릴비트,"SDS드릴비트, 고속절단기, 정밀드라이버세트, 철공용드릴비트, 목공용드릴비트",정밀드라이버세트,보쉬(BOSCH),,,False,전동드라이버,False
보쉬 수공구세트,success,목공줄,"목공줄, 공구세트, 기어렌치세트, 전동공구세트, 스패너세트",공구세트,보쉬(BOSCH),,,False,공구세트,True
임팩트 진동드릴,success,임팩트드릴,"임팩트드릴, 만능렌치, 그립망치, 빠루망치, 납볼망치",임팩트드릴,,,,False,,
저소음 컴프레서,success,옵셋렌치,"옵셋렌치, 스냅링플라이어, 플라이어렌치, 굽은노즈플라이어, 충전해머드릴",옵셋렌치,,,,True,,
"전동드릴(무선, 보쉬)",success,전동드릴,"전동드릴, 전선릴, 편구스패너, 쇠지렛대, 충전해머드릴",전동드릴,보쉬,충전식(무선),,False,충전드릴,False
충전 드라이버/렌치,success,충전임팩트드라이버,"충전임팩트드라이버, 충전드릴, 배터리팩, 충전해머드릴, 드라이버세트",충전임팩트드라이버,,충전식(무선),,False,,
충전 드라이버드릴,success,충전드릴,"충전드릴, 충전해머드릴, 충전임팩트드라이버, 드라이버세트, 전동드릴",충전드릴,,충전식(무선),,False,,
충전 멀티커터,success,충전임팩트드라이버,"충전임팩트드라이버, 배터리팩, 충전드릴, 전기인두, 멀티테스터",멀티테스터,,,,False,,
(1)접톱,success,원형톱,"원형톱, 목공줄, 스패너세트, 쇠톱, T렌치세트",쇠톱,,,,False,접톱,False
(11)육각렌치,success,와이어스트리퍼,"와이어스트리퍼, 편구스패너, 볼렌치세트, 라쳇렌치세트, 전동타카",볼렌치세트,,,,False,,
(12)검전기,success,전기인두,"전기인두, 배터리팩, 충전임팩트드라이버, 충전드릴, 철공용드릴비트",전기인두,,,,False,,
(13)망치,success,T렌치세트,"T렌치세트, 소켓렌치세트, 기어렌치세트, 스패너세트, 볼렌치세트",볼렌치세트,,,,False,망치,False
(14)커터칼,success,냉동라쳇렌치,"냉동라쳇렌치, 바이스그립플라이어, 버니어캘리퍼스, 앤드컷팅니퍼, 다이아고날플라이어",버니어캘리퍼스,,,,False,,
(15)펜치,success,T렌치세트,"T렌치세트, 기어렌치세트, 스패너세트, 소켓렌치세트, 납볼망치",T렌치세트,,,,False,펜치,False
(16)롱노우즈 플라이어(라디오펜치),success,소켓렌치세트,"소켓렌치세트, 전동공구세트, 볼렌치세트, 편구스패너, 와이어스트리퍼",플라이어,,,,False,롱노즈플라이어,False
(17)스패너,success,와이어스트리퍼,"와이어스트리퍼, 편구스패너, 타일컷터, 양용드라이버, 전선릴",편구스패너,,,,False,,
(18)손전등,success,전동공구세트,"전동공구세트, 기어렌치세트, 공구세트, T렌치세트, 소켓렌치세트",소켓렌치세트,,,,False,LED손전등,False
(19)소켓렌치 세트,success,기어렌치세트,"기어렌치세트, 육각렌치세트, 조합렌치세트, T렌치세트, 공구함세트",기어렌치세트,,,,False,,
(20)유선 전동드릴,success,전동공구세트,"전동공구세트, 드릴비트세트, 만능렌치, 스패너세트, 소켓렌치세트",전동공구세트,,유선,20,False,전동드릴,False
"(20, 55)드릴비트세트",success,공구함세트,"공구함세트, 드릴비트세트, 철공용드릴비트세트, 공구세트, 전동공구세트",드릴비트세트,,,"(20, 55)",False,,
(22)수평계,success,조합렌치세트,"조합렌치세트, 직소기, T렌치세트, 기어렌치세트, 수평기",수평기,,,,False,,
(23)그라인더,success,라쳇렌치세트,"라쳇렌치세트, 볼렌치세트, 편구스패너, 소켓렌치세트, 와이어스트리퍼",라쳇렌치세트,,,,True,,
"(24, 25)스패너(200mm)",success,클램프미터,"클램프미터, 드릴비트세트, 전동공구세트, 공구세트, 고속절단기",클램프미터,,,"(24, 25)스패너(200mm)",False,,
"(26, 27)스패너(300mm)",success,클램프미터,"클램프미터, 고속절단기, 전동공구세트, 스패너세트, 공구세트",스패너세트,,,"(26, 27) 크기의 스패너, 길이 300mm",False,,
(28)납볼망치,success,납볼망치,"납볼망치, 소켓렌치세트, 만능렌치, 전지가위, 스패너세트",납볼망치,,,,False,납볼망치,True
(29)전지가위(소형),success,육각렌치세트,"육각렌치세트, 전동공구세트, 기어렌치세트, T렌치세트, 소켓렌치세트",소켓렌치세트,,,,False,,
(3)만능렌치,success,만능렌치,"만능렌치, 조합렌치세트, T렌치세트, 스패너세트, 전동압착기",만능렌치,,,,False,,
(30)펀칭기,success,납볼망치,"납볼망치, 소켓렌치세트, 스패너세트, 만능렌치, 볼렌치세트",납볼망치,,,(30),False,,
(31)손타카 소형,success,소켓렌치세트,"소켓렌치세트, 스패너세트, 볼렌치세트, 기어렌치세트, T렌치세트",소켓렌치세트,,,,False,,
(32)장도리,success,와이어스트리퍼,"와이어스트리퍼, 편구스패너, 전선릴, 타일컷터, 볼렌치세트",볼렌치세트,,,(32)장,False,장도리,False
(33)실리콘건,success,전동공구세트,"전동공구세트, 소켓렌치세트, 공구세트, 납볼망치, T렌치세트",납볼망치,,,,False,,
(34)글루건(소형),success,T렌치세트,"T렌치세트, 기어렌치세트, 소켓렌치세트, 비트세트, 공구함세트",비트세트,,,,False,글루건,False
(35)정밀드라이버세트,success,정밀드라이버세트,"정밀드라이버세트, 전동공구세트, 공구함세트, 공구세트, 기어렌치세트",정밀드라이버세트,,,,False,,
(36) 유선햄머전동드릴(콘크리트용),success,철공용드릴비트,"철공용드릴비트, 목공용드릴비트, 콘크리트용드릴비트, 철공용드릴비트세트, 콘크리트드릴비트세트",철공용드릴비트,,유선,(36),True,해머드릴,False
(37)드릴날 세트(콘크리트용),success,콘크리트드릴비트세트,"콘크리트드릴비트세트, 드릴비트세트, 전동공구세트, 공구세트, 철공용드릴비트",콘크리트드릴비트세트,,,,False,콘크리트드릴비트세트,True
(39)마그네틱 줄자,success,소켓렌치세트,"소켓렌치세트, 볼렌치세트, 스패너세트, 타일컷터, 편구스패너",편구스패너,,,,False,줄자,False
(4)락킹 플라이어(바이스그립),success,볼렌치세트,"볼렌치세트, 소켓렌치세트, 편구스패너, 라쳇렌치세트, 와이어스트리퍼",편구스패너,,,,False,바이스그립플라이어,False
(40)철기리 세트,success,철공용드릴비트세트,"철공용드릴비트세트, 철공용드릴비트, 공구함세트, 공구세트, 철판가위",공구세트,,,,False,철공용드릴비트세트,False
(41)조합렌치 세트,success,조합렌치세트,"조합렌치세트, 공구함세트, 기어렌치세트, T렌치세트, 육각렌치세트",조합렌치세트,,,,False,,
(42)양용드라이버,success,드라이버세트,"드라이버세트, 전동공구세트, 전동압착기, 전지가위, 만능렌치",드라이버세트,,,,False,양용드라이버,False
(43)검전기,success,배터리팩,"배터리팩, 전기인두, 충전임팩트드라이버, 충전드릴, 고속절단기",배터리팩,,,,True,,
(44)육각렌치세트,success,육각렌치세트,"육각렌치세트, 기어렌치세트, 공구함세트, T렌치세트, 조합렌치세트",육각렌치세트,,,,False,,
(45)에어펌프(자전거 공기주입기),success,자전거펌프,"자전거펌프, 에어펌프, 철공용드릴비트, 목공용드릴비트, 고속절단기",에어펌프,,,,False,자전거펌프,False
(46)플라이어,success,볼렌치세트,"볼렌치세트, 편구스패너, 와이어스트리퍼, 전선릴, 다이스세트",다이스세트,,,,False,플라이어,False
(47)쇠톱,success,원형톱,"원형톱, 쇠톱, 목공줄, 스패너세트, 납볼망치",쇠톱,,,,False,,
(48)정밀드라이버세트,success,정밀드라이버세트,"정밀드라이버세트, 전동공구세트, 공구세트, 공구함세트, 기어렌치세트",정밀드라이버세트,,,,False,,
(49)유선전동드릴(상자),success,철공용드릴비트,"철공용드릴비트, 충전임팩트드라이버, 철공용드릴비트세트, 목공용드릴비트, 케이블컷터",철공용드릴비트,,유선,(49),False,,
(5)니퍼,success,니퍼,"니퍼, 다이스세트, 글루건, 줄자, 장도리",니퍼,,,(5),False,니퍼,True
(50)에어콤프레셔,success,옵셋렌치,"옵셋렌치, 충전해머드릴, 굽은노즈플라이어, 다이아고날플라이어, 앤드컷팅니퍼",옵셋렌치,,,(50),True,,
(51)에어타카,success,앤드컷팅니퍼,"앤드컷팅니퍼, 와이어스트리퍼, 옵셋렌치, 라쳇렌치세트, 전선릴",앤드컷팅니퍼,,에어,,False,,
(52)에어타카,success,전동타카,"전동타카, 토크렌치, 볼렌치세트, 편구스패너, 와이어스트리퍼",전동타카,,에어,,False,,
(53)에어타카,success,전동타카,"전동타카, 토크렌치, 볼렌치세트, 건타카, 편구스패너",전동타카,,에어,,False,,
(54)미니충전전동드릴,success,전동공구세트,"전동공구세트, 고속절단기, 충전드릴, 드릴비트세트, 만능렌치",충전드릴,,충전식,,False,충전드릴,True
(56)바이스플라이어(5인치),success,소켓렌치세트,"소켓렌치세트, 스패너세트, 기어렌치세트, 만능렌치, 전동공구세트",소켓렌치세트,,,,False,바이스그립플라이어,False
(57)레이저거리측정기,success,라돈측정기,"라돈측정기, 고속절단기, 육각렌치세트, SDS드릴비트, 별렌치세트",라돈측정기,,,,False,레이저거리측정기,False
(58)해머 드릴비트세트,success,소켓렌치세트,"소켓렌치세트, 전동공구세트, 기어렌치세트, 스패너세트, T렌치세트",전동공구세트,,,,False,,
(59)접톱 2,success,육각렌치세트,"육각렌치세트, 기어렌치세트, T렌치세트, 조합렌치세트, 육각렌치",육각렌치세트,,,,True,,
(6)줄자,success,소켓렌치세트,"소켓렌치세트, 기어렌치세트, 스패너세트, T렌치세트, 조합렌치세트",조합렌치세트,,,,False,,
(7)쇠톱,success,원형톱,"원형톱, 쇠톱, 목공줄, 스패너세트, 기어렌치세트",쇠톱,,,,False,쇠톱,True
(8)전선릴,success,볼렌치세트,"볼렌치세트, 편구스패너, 소켓렌치세트, 라쳇렌치세트, 와이어스트리퍼",와이어스트리퍼,,,,False,,
(9)핸드톱,success,원형톱,"원형톱, 목공줄, 기어렌치세트, T렌치세트, 손타카",원형톱,,,,False,,
(불가),success,망치,"망치, 고무망치, 에어건, 그립망치, 빠루망치",망치,,,,True,,
(불가)다카핀,success,고무망치,"고무망치, 그립망치, 빠루망치, 줄자, 돌망치",돌망치,,,,False,,
(불가)소켓렌치세트,success,스패너세트,"스패너세트, 소켓렌치세트, 드릴비트세트, 그립망치, 기어렌치세트",소켓렌치세트,,,,False,,
(불가)스크류 드라이버 비트세트,success,정밀드라이버세트,"정밀드라이버세트, 전동공구세트, 드릴비트세트, 공구세트, SDS드릴비트",드릴비트세트,,,,False,,
(불가)육각 기리세트,success,절단석,"절단석, 그립망치, 스패너세트, 목공줄, 드릴비트세트",드릴비트세트,,,,False,,
(불가)일자드라이버,success,그립망치,"그립망치, 임팩트드릴, 고무망치, 전동드릴, 빠루망치",임팩트드릴,,,,False,,
.몽키스패너200mm,success,클램프미터,"클램프미터, 소켓렌치세트, 전동공구세트, 스패너세트, 드릴비트세트",클램프미터,,,200mm,True,몽키렌치,False
.몽키스패너300mm,success,클램프미터,"클램프미터, 고속절단기, 전동공구세트, 스패너세트, 소켓렌치세트",스패너세트,,,300mm,False,몽키렌치,False
12P 3종 기리세트(육각씽크),success,전동공구세트,"전동공구세트, 정밀드라이버세트, 철공용드릴비트세트, 드릴비트세트, 공구세트",드릴비트세트,,,,False,드릴비트세트,True
12인치 몽키스패너,success,냉동라쳇렌치,"냉동라쳇렌치, 앤드컷팅니퍼, 다이아고날플라이어, 옵셋렌치, 스냅링플라이어",냉동라쳇렌치,,,12인치,True,몽키렌치,False
13RE,success,타카,"타카, 장도리, 공구함, 끌세트, 스패너",타카,,,,True,해머드릴,False
18V 밧데리(디월트),success,전동공구세트,"전동공구세트, 정밀드라이버세트, 드릴비트세트, 공구세트, 고속절단기",전동공구세트,디월트,배터리,,True,배터리팩,False
1단 사다리,success,사다리,"사다리, A형사다리, 편구스패너, 끌세트, 타일컷터",사다리,,,,False,,
250 세신 파이프렌치,success,드릴비트세트,"드릴비트세트, 전동공구세트, 기어렌치세트, 스패너세트, T렌치세트",드릴비트세트,,,,False,파이프렌치,False
2단 사다리,success,사다리,"사다리, A형사다리, 끌세트, 편구스패너, 다림추",사다리,,,,False,사다리,True
2단 스크래퍼,success,스패너세트,"스패너세트, 전동공구세트, 소켓렌치세트, 직각자, 임팩트드릴",스패너세트,,,,True,,
2단 양손가위(K-5100),success,전동공구세트,"전동공구세트, 정밀드라이버세트, 공구세트, 고속절단기, 강력니퍼",고속절단기,,,,False,,
2단사다리,success,A형사다리,"A형사다리, 사다리, 다림추, 수평기, 손타카",사다리,,,,False,사다리,True
3.6v 전동드라이버,success,정밀드라이버세트,"정밀드라이버세트, 전동공구세트, 드라이버세트, 고속절단기, 공구세트",전동공구세트,,배터리,,False,전동드라이버,False
300mm첼라,success,소켓렌치세트,"소켓렌치세트, 볼렌치세트, 편구스패너, 와이어스트리퍼, 스패너세트",소켓렌치세트,,,300mm,True,워터펌프플라이어,False
30M 작업닐선,success,클램프미터,"클램프미터, 고속절단기, 전동공구세트, 철공용드릴비트, 목공용드릴비트",전동공구세트,,,,False,전선릴,False
30m 줄자,success,클램프미터,"클램프미터, 고속절단기, 전동공구세트, 스패너세트, 공구세트",공구세트,,,,False,줄자,False
30m작업닐선,success,고속절단기,"고속절단기, 만능렌치, 전지가위, 임팩트드릴, 빠루망치",전지가위,,,,False,,
3M줄자,success,소켓렌치세트,"소켓렌치세트, 전동공구세트, T렌치세트, 스패너세트, 기어렌치세트",소켓렌치세트,,,,True,줄자,False
3공펀치,success,T렌치세트,"T렌치세트, 기어렌치세트, 스패너세트, 소켓렌치세트, 조합렌치세트",소켓렌치세트,,,,False,,
3단 사다리,success,사다리,"사다리, A형사다리, 끌세트, 편구스패너, 다림추",사다리,,,,False,사다리,True
3단 사다리(접이식),success,사다리,"사다리, A형사다리, 끌세트, 편구스패너, 다림추",사다리,,,,False,사다리,True
3단매트,success,T렌치세트,"T렌치세트, 스패너세트, 기어렌치세트, 공구세트, 다림추",다림추,,,,False,,
3단사다리,success,A형사다리,"A형사다리, 사다리, 다림추, 수평기, 끌세트",사다리,,,,False,사다리,True
3단핸드카트,success,핸드카트,"핸드카트, 정밀드라이버세트, 드라이버세트, T핸드드라이버, 전동공구세트",핸드카트,,,,False,,
4구 코드릴,success,라쳇렌치세트,"라쳇렌치세트, 편구스패너, 전선릴, 와이어스트리퍼, 볼렌치세트",전선릴,,,,False,전선릴,True
4단 A형사다리,success,A형사다리,"A형사다리, 사다리, 다림추, 수평기, 철판가위",A형사다리,,,,False,,
4단 사다리,success,사다리,"사다리, A형사다리, 끌세트, 편구스패너, 타일컷터",사다리,,,,False,사다리,True
4단 접이식 사다리,success,A형사다리,"A형사다리, 다림추, 끌세트, 수평기, 전동공구세트",A형사다리,,,,False,,
4단사다리,success,A형사다리,"A형사다리, 사다리, 다림추, 수평기, 끌세트",사다리,,,,False,사다리,True
4단접이식사다리(다목적용),success,A형사다리,"A형사다리, 다림추, 육각렌치세트, 조합렌치세트, 철판가위",A형사다리,,,,False,,
4방항 냉동라쳇,success,냉동라쳇렌치,"냉동라쳇렌치, 다이아고날플라이어, 옵셋렌치, 플라이어렌치, 앤드컷팅니퍼",냉동라쳇렌치,,,,False,냉동라쳇렌치,True
4방향 냉동라쳇,success,냉동라쳇렌치,"냉동라쳇렌치, 옵셋렌치, 다이아고날플라이어, 플라이어렌치, 굽은노즈플라이어",냉동라쳇렌치,,,,False,냉동라쳇렌치,True
4인용파라솔세트,success,소켓렌치세트,"소켓렌치세트, 기어렌치세트, 전동공구세트, T렌치세트, 스패너세트",소켓렌치세트,,,,True,,
4인치 그라인더,success,바이스그립플라이어,"바이스그립플라이어, 냉동라쳇렌치, 다이아고날플라이어, 앵글그라인더, 버니어캘리퍼스",앵글그라인더,,,4인치,False,앵글그라인더,True
4인치 절단석(A형),success,라쳇렌치세트,"라쳇렌치세트, 굽은노즈플라이어, 플라이어렌치, 옵셋렌치, 편구스패너",라쳇렌치세트,,,4인치 절단석 (A형),False,,
50m 줄자,success,클램프미터,"클램프미터, 고속절단기, 전동공구세트, 수평기, 공구세트",공구세트,,,,False,줄자,False
50m릴선(작업선),success,고속절단기,"고속절단기, 클램프미터, 전동압착기, 전동공구세트, 정밀드라이버세트",고속절단기,,,,True,전선릴,False
5단 사다리,success,사다리,"사다리, A형사다리, 다림추, 끌세트, 편구스패너",사다리,,,,False,사다리,True
6각 렌치,success,기어렌치세트,"기어렌치세트, 스패너세트, T렌치세트, 소켓렌치세트, 납볼망치",소켓렌치세트,,,,False,육각렌치,False
6각 링고리 세트,success,기어렌치세트,"기어렌치세트, 육각렌치세트, T렌치세트, 공구함세트, 조합렌치세트",육각렌치세트,,,,False,,
6각렌치세트 1개,success,기어렌치세트,"기어렌치세트, 조합렌치세트, T렌치세트, 육각렌치세트, 전동공구세트",육각렌치세트,,,,False,,
6각렌치세트 9개,success,기어렌치세트,"기어렌치세트, 조합렌치세트, 소켓렌치세트, T렌치세트, 스패너세트",소켓렌치세트,,,,False,육각렌치세트,False
6단 사다리,success,사다리,"사다리, A형사다리, 끌세트, 편구스패너, 다림추",사다리,,,,False,,
8인치 펜치,success,기어렌치세트,"기어렌치세트, 스패너세트, 공구세트, 전동공구세트, 소켓렌치세트",소켓렌치세트,,,8인치,False,펜치,False
8피스 플라이어세트,success,기어렌치세트,"기어렌치세트, 소켓렌치세트, 전동공구세트, 스패너세트, T렌치세트",기어렌치세트,,,,False,플라이어세트,False
?드펌프,success,에어펌프,"에어펌프, 고속절단기, 목공용드릴비트, 드릴비트세트, 철공용드릴비트",에어펌프,,,,False,,
?치,success,고무망치,"고무망치, 렌치, 에어건, 해머드릴, 전동드릴",렌치,,,,False,,
A형 4단 사다리,success,A형사다리,"A형사다리, 사다리, 다림추, 수평기, 전동공구세트",사다리,,,,False,A형사다리,False
A형 6단 사다리,success,A형사다리,"A형사다리, 사다리, 다림추, 수평기, 전동공구세트",사다리,,,,False,,
A형 사다리,success,A형사다리,"A형사다리, 사다리, 다림추, 수평기, 끌세트",사다리,,,,False,A형사다리,False
A형사다리(1.45M),success,클램프미터,"클램프미터, 고속절단기, 전동공구세트, A형사다리, 수평기",A형사다리,,,1.45M,False,A형사다리,True
BOMANN 전동드릴,success,전동드릴,"전동드릴, 양용드라이버, 와이어스트리퍼, 편구스패너, 타일컷터",전동드릴,보만(BOMANN),,,False,전동드릴,True
BOSCH GSB18V-21,success,SDS드릴비트,"SDS드릴비트, 전동공구세트, 정밀드라이버세트, 고속절단기, 별렌치세트",전동공구세트,보쉬(BOSCH),배터리,,False,충전해머드릴,False
BOSCH Professional 전동드라이브,success,바이스그립플라이어,"바이스그립플라이어, 버니어캘리퍼스, 앤드컷팅니퍼, 냉동라쳇렌치, 다이아고날플라이어",바이스그립플라이어,보쉬(BOSCH),전동,,False,전동드라이버,False
BOSCH 엑세서리 드릴 세트,success,전동공구세트,"전동공구세트, 공구세트, 드릴비트세트, 공구함세트, 목공용드릴비트",드릴비트세트,보쉬(BOSCH),,,False,드릴비트세트,True
BOSCH 전동드릴,success,전동드릴,"전동드릴, 편구스패너, 타일컷터, 와이어스트리퍼, 양용드라이버",전동드릴,보쉬(BOSCH),,,False,전동드릴,True
F 클램프,success,F클램프,"F클램프, 스패너세트, 스패너, 그립망치, 드릴비트",F클램프,,,,False,F클램프,True
HSS쇠톱날,success,만능렌치,"만능렌치, 빠루망치, 그립망치, 돌망치, 납볼망치",만능렌치,,,,False,,
Kamaki 전지가위(굵은 가지용),success,강력니퍼,"강력니퍼, 건타카, 카운터싱크, 원형톱, 전동타카",전지가위,카마키(Kamaki),배터리,굵은 가지용,False,전지가위,True
Kamaki 전지가위(잔 가지용),success,건타카,"건타카, 에어타카, 전동타카, 카운터싱크, 전지가위",전지가위,카마키,배터리,,False,전지가위,True
LCD전자 현미경,success,라돈측정기,"라돈측정기, LED작업등, LED손전등, 클램프미터, 육각렌치세트",라돈측정기,,,,False,,
LED 랜턴,success,LED작업등,"LED작업등, LED손전등, LED투광기, 라돈측정기, 직각자",LED손전등,,,,False,LED손전등,True
LED 작업등,success,LED작업등,"LED작업등, LED손전등, LED투광기, 전기인두, 라돈측정기",LED작업등,,,,False,LED작업등,True
LED 투광기,success,LED투광기,"LED투광기, LED손전등, LED작업등, 레이저수평기, 적외선온도계",LED투광기,,,,False,LED투광기,True
LED 포토박스,success,LED투광기,"LED투광기, LED손전등, LED작업등, 라돈측정기, 레이저수평기",LED작업등,,,,False,,
LED등,success,LED손전등,"LED손전등, LED작업등, LED투광기, 라돈측정기, 전기인두",LED작업등,,,,False,,
LED랜턴,success,손타카,"손타카, 직각자, 글루건, 니퍼, 전지가위",손타카,,,,True,LED손전등,False
LED램프,success,LED투광기,"LED투광기, LED손전등, LED작업등, 레이저수평기, 라돈측정기",LED작업등,,,,False,,
LED작업등,success,LED작업등,"LED작업등, LED손전등, LED투광기, 라돈측정기, 육각렌치세트",LED작업등,,,,False,LED작업등,True
LED작업등(충전용),success,LED작업등,"LED작업등, LED손전등, LED투광기, 목공용드릴비트, 철공용드릴비트",LED작업등,,충전식,,False,LED작업등,True
LED충전작업등,success,LED작업등,"LED작업등, LED손전등, 목공용드릴비트, 전동공구세트, 육각렌치세트",LED손전등,,충전식,,False,LED작업등,False
LED후레쉬,success,LED작업등,"LED작업등, LED손전등, 직각자, 육각렌치, 만능렌치",LED손전등,,,,False,LED손전등,True
LS 사다리 3단,success,사다리,"사다리, 편구스패너, 라쳇렌치세트, 끌세트, 전동드라이버",사다리,LS,,3단,False,사다리,True
LS사다리,success,끌세트,"끌세트, 육각렌치, 편구스패너, 소켓렌치세트, 장도리",장도리,LS,,,False,사다리,False
LS사다리(1),success,소켓렌치세트,"소켓렌치세트, 끌세트, 볼렌치세트, 편구스패너, 스패너세트",소켓렌치세트,LS,,1,False,,
LS사다리(3단),success,끌세트,"끌세트, 소켓렌치세트, 스패너세트, 전동공구세트, 기어렌치세트",끌세트,LS,,3단,True,사다리,False
L렌지세트,success,볼렌치세트,"볼렌치세트, 소켓렌치세트, 스패너세트, T렌치세트, 다이스세트",볼렌치세트,,,,True,육각렌치세트,False
L렌지셋트,success,와이어스트리퍼,"와이어스트리퍼, 편구스패너, 전선릴, 볼렌치세트, 타일컷터",볼렌치세트,,,,False,육각렌치세트,False
L렌치 세트,success,T렌치세트,"T렌치세트, 기어렌치세트, 공구함세트, 전동공구세트, 육각렌치세트",육각렌치세트,,,,False,육각렌치세트,True
L렌치세트,success,T렌치세트,"T렌치세트, 소켓렌치세트, 기어렌치세트, 스패너세트, 볼렌치세트",T렌치세트,,,,False,육각렌치세트,False
L렌치세트(9pcs),success,조합렌치세트,"조합렌치세트, 클램프미터, 전동공구세트, 육각렌치세트, T렌치세트",육각렌치세트,,,,False,육각렌치세트,True
L형 랜치세트,success,T렌치세트,"T렌치세트, 기어렌치세트, 공구함세트, 육각렌치세트, 글루스틱",T렌치세트,,,,False,,
L형 렌치세트,success,육각렌치세트,"육각렌치세트, 기어렌치세트, T렌치세트, 공구함세트, 전동공구세트",T렌치세트,,,,False,육각렌치세트,False
L형 렌치세트,success,육각렌치세트,"육각렌치세트, 기어렌치세트, T렌치세트, 공구함세트, 전동공구세트",T렌치세트,,,,False,육각렌치세트,False
L형 렌치세트(9pcs),success,육각렌치세트,"육각렌치세트, 전동공구세트, 조합렌치세트, 클램프미터, 정밀드라이버세트",조합렌치세트,,,,False,,
L형 렌치센트,success,편구스패너,"편구스패너, 볼렌치세트, 소켓렌치세트, 토크렌치, 와이어스트리퍼",소켓렌치세트,,,,False,육각렌치세트,False
N플러스 보행보조차,success,충전해머드릴,"충전해머드릴, 와이어스트리퍼, 앤드컷팅니퍼, 전동드릴, 전선릴",충전해머드릴,,,,True,,
OS-265,success,SDS드릴비트,"SDS드릴비트, 실리콘건, 충전임팩트드라이버, 정밀드라이버세트, 배터리팩",SDS드릴비트,,,,True,,
PIPE렌치,success,파이프렌치,"파이프렌치, 카운터싱크, 볼트컷터, 펜치, 장도리",파이프렌치,,,,False,파이프렌치,True
PVC 카타,success,PVC컷터,"PVC컷터, 전동공구세트, 전동압착기, 공구함세트, SDS드릴비트",PVC컷터,,,,False,,
PVC카타,success,PVC컷터,"PVC컷터, 건타카, 타카핀, 에어타카, 전동타카",PVC컷터,,,,False,PVC컷터,True
PVC카터,success,PVC컷터,"PVC컷터, 목공용드릴비트, 충전임팩트드라이버, 철공용드릴비트, 고속절단기",PVC컷터,,,,False,,
PVC커타,success,PVC컷터,"PVC컷터, SDS드릴비트, 전동공구세트, 공구함세트, 전동압착기",PVC컷터,,,,False,PVC컷터,True
PVC타카,success,PVC컷터,"PVC컷터, 목공용드릴비트, SDS드릴비트, 공구함세트, 고속절단기",PVC컷터,,,,False,,
SB 수평,success,수평기,"수평기, 센터펀치, SDS드릴비트, 직소기, 전동압착기",수평기,,,,False,수평기,True
SDS 기리,success,SDS드릴비트,"SDS드릴비트, 전지가위, 보안경, 전동압착기, 납볼망치",SDS드릴비트,,,,False,SDS드릴비트,True
SDS 앙카드릴,success,SDS드릴비트,"SDS드릴비트, 임팩트드릴, 그립망치, 전지가위, 납볼망치",SDS드릴비트,,,,False,,
SDS기리 (14×160),success,SDS드릴비트,"SDS드릴비트, 육각렌치세트, 전동공구세트, 기어렌치세트, 비트세트",SDS드릴비트,,,14×160,False,SDS드릴비트,True
SDS기리 (17×210),success,SDS드릴비트,"SDS드릴비트, 전동공구세트, 별렌치세트, 육각렌치세트, 기어렌치세트",SDS드릴비트,,,17×210,False,,
SDS척,success,SDS드릴비트,"SDS드릴비트, 전지가위, 전동압착기, 다이스세트, 수평기",SDS드릴비트,,,,False,,
T렌치 세트,success,T렌치세트,"T렌치세트, 기어렌치세트, 육각렌치세트, 공구함세트, 스패너세트",T렌치세트,,,,False,T렌치세트,True
T자,success,타카,"타카, 손타카, 장도리, 줄자, 스패너",줄자,,,,False,,
T핸드 드라이버,success,T핸드드라이버,"T핸드드라이버, 드라이버세트, 드라이버, 핸드카트, 정밀드라이버세트",T핸드드라이버,,,,False,T핸드드라이버,True
T핸드드라이버,success,T핸드드라이버,"T핸드드라이버, 드라이버세트, 드라이버, 핸드카트, 정밀드라이버세트",T핸드드라이버,,,,False,T핸드드라이버,True
T형 드라이버핸들,success,드라이버세트,"드라이버세트, 드라이버, 양용드라이버, 끌세트, 정밀드라이버세트",드라이버,,,,False,,
USB몰래카메라탐지기,success,SDS드릴비트,"SDS드릴비트, 전자산업용니퍼, 충전임팩트드라이버, 정밀드라이버세트, 배터리팩",SDS드릴비트,,,,True,,
VIP 공구세트 (20PCS),success,정밀드라이버세트,"정밀드라이버세트, 전동공구세트, 고속절단기, SDS드릴비트, 안전로프",전동공구세트,,,,False,공구세트,False
X100Ti,success,전자산업용니퍼,"전자산업용니퍼, 비트세트, 정밀드라이버세트, 전동공구세트, 실리콘건",전자산업용니퍼,,,,True,,
[고장]그라인더,success,앤드컷팅니퍼,"앤드컷팅니퍼, 쇠지렛대, 와이어스트리퍼, 굽은노즈플라이어, 전동드라이버",앤드컷팅니퍼,,,,False,,
[보쉬]테이블쏘(10인치),success,테이블톱,"테이블톱, 고무망치, 편구스패너, 타일컷터, 쇠지렛대",테이블톱,BOSCH,,10인치,False,테이블톱,True
bosch,success,볼렌치,"볼렌치, 타카, 펜치, 장도리, 공구함",볼렌치,보쉬(BOSCH),,,True,,
bosch2(무선전동드릴),success,정밀드라이버세트,"정밀드라이버세트, 전동공구세트, 드라이버세트, 고속절단기, 철공용드릴비트",드라이버세트,보쉬(BOSCH),충전식(무선),,False,충전드릴,False
bosch3(무선전동드릴),success,정밀드라이버세트,"정밀드라이버세트, 드라이버세트, 전동공구세트, 고속절단기, 철공용드릴비트",전동공구세트,보쉬(BOSCH),충전식(무선),,False,충전드릴,False
led 작업등,success,전지가위,"전지가위, 전동압착기, 석고대패, 전동공구세트, 공구세트",전지가위,,,,False,LED작업등,False
led손전등,success,공구세트,"공구세트, 송풍기, 드릴비트세트, 손타카, 직각자",송풍기,,,,False,LED손전등,False
pvc파이프커터,success,PVC컷터,"PVC컷터, SDS드릴비트, 목공용드릴비트, 정밀드라이버세트, 전동공구세트",PVC컷터,,,,False,PVC컷터,True
ttc 펜치(6인치),success,소켓렌치세트,"소켓렌치세트, 스패너세트, 만능렌치, 전동공구세트, 편구스패너",편구스패너,TTC,,6인치,False,펜치,False
usb 충전식 드라이버,success,충전임팩트드라이버,"충전임팩트드라이버, 배터리팩, 충전드릴, 드라이버세트, 철공용드릴비트",충전드릴,,충전식(무선),,False,전동드라이버,False
utp케이블타카,success,전동타카,"전동타카, 건타카, 육각렌치, 장도리, 빠루망치",전동타카,,,,False,,
ㄷ자형 타카,success,플라이어,"플라이어, 굽은노즈플라이어, 라쳇렌치세트, 핀펀치, 플라이어렌치",플라이어,,,,False,,
ㄷ형 타카핀,success,핀펀치,"핀펀치, 플라이어, 굽은노즈플라이어, 옵셋렌치, 플라이어렌치",핀펀치,,,,False,타카핀,False
가스 검지기,success,가스토치,"가스토치, 석고대패, 고속절단기, 공구세트, 철공용드릴비트",가스토치,,가스,,False,,
가스 누설 측정기,success,가스토치,"가스토치, 고속절단기, 라돈측정기, 클램프미터, 전동공구세트",라돈측정기,,가스,,False,,
가스검지기,success,가스토치,"가스토치, 고속절단기, 정밀드라이버세트, 석고대패, 라돈측정기",라돈측정기,,가스,,False,,
가스탐지기,success,가스토치,"가스토치, 정밀드라이버세트, 라돈측정기, 고속절단기, 석고대패",라돈측정기,,가스,,False,,
가스토치,success,가스토치,"가스토치, 빠루망치, 에어건, 그립망치, 돌망치",가스토치,,가스,,False,가스토치,True
가스토치(휴대용) 1개,success,가스토치,"가스토치, 전동공구세트, 공구세트, 고속절단기, 드릴비트세트",가스토치,,가스,휴대용,False,,
가열총(열풍기),success,드릴비트,"드릴비트, 볼트컷터, 송풍기, 가스토치, 석고대패",송풍기,,,,False,열풍기,False
가위,success,스패너,"스패너, 손타카, 절단석, 전지가위, 돌망치",전지가위,,,,False,,
가위(고지가위),success,그립망치,"그립망치, 납볼망치, 돌망치, 목공줄, 전지가위",전지가위,,,,False,,
가위(다목적),success,다목적가위,"다목적가위, 전지가위, 납볼망치, 고지가위, 직각자",다목적가위,,,,False,,
가위(양손),success,손타카,"손타카, 목공줄, 절단석, 스패너세트, 납볼망치",손타카,,,,False,,
가위(양손_)대(자루),success,전동타카,"전동타카, 만능렌치, 빠루망치, 고무망치, 편구스패너",만능렌치,,,,False,,
가위류,success,그립망치,"그립망치, 돌망치, 장도리, 빠루망치, 만능렌치",장도리,,,,False,,
가정?차량용 공구세트,success,정밀드라이버세트,"정밀드라이버세트, 공구세트, 전동공구세트, 공구함세트, 목공용드릴비트",공구세트,,,,False,,
가정사다리 3단,success,A형사다리,"A형사다리, 사다리, 다림추, 끌세트, 전지가위",사다리,,,,False,,
가정용 공구 세트,success,공구함세트,"공구함세트, 육각렌치세트, 공구세트, 전동공구세트, 기어렌치세트",공구세트,,,,False,,
가정용 공구세트,success,공구함세트,"공구함세트, 공구세트, 전동공구세트, 육각렌치세트, 기어렌치세트",공구세트,,,,False,공구세트,True
가정용 공구세트,success,공구함세트,"공구함세트, 공구세트, 전동공구세트, 육각렌치세트, 기어렌치세트",공구세트,,,,False,공구세트,True
가정용 공구세트 #25PCS,success,정밀드라이버세트,"정밀드라이버세트, 전동공구세트, SDS드릴비트, 공구세트, 공구함세트",공구세트,,,,False,,
"가정용 공구세트 (예약시 전화주세요 02-2241-5084) 2박3일 1,000원",success,냉동라쳇렌치,"냉동라쳇렌치, 버니어캘리퍼스, 앤드컷팅니퍼, 충전해머드릴, 다이아고날플라이어",냉동라쳇렌치,,,,True,,
가정용 공구세트18pcs,success,고속절단기,"고속절단기, 공구함세트, 목공용드릴비트, 전동공구세트, 정밀드라이버세트",공구함세트,,,,False,,
가정용 공구세트20pcs,success,목공용드릴비트,"목공용드릴비트, 공구함세트, 철공용드릴비트세트, 정밀드라이버세트, 전동공구세트",공구함세트,,,,False,,
가정용 공구셋트 1개,success,소켓렌치세트,"소켓렌치세트, 전동공구세트, 스패너세트, 기어렌치세트, 전지가위",전동공구세트,,,,False,,
가정용 기본공구세트,success,공구함세트,"공구함세트, 육각렌치세트, 정밀드라이버세트, 전동공구세트, 공구세트",공구세트,,,,False,,
가정용 미니드릴 Set,success,공구함세트,"공구함세트, 정밀드라이버세트, 전동공구세트, 공구세트, 육각렌치세트",공구세트,,,,False,충전드릴,False
가정용 사다,success,납볼망치,"납볼망치, 전지가위, 돌망치, 손타카, 공구함",공구함,,,,False,,
가정용 사다리,success,A형사다리,"A형사다리, 사다리, 다림추, 전지가위, 수평기",사다리,,,,False,사다리,True
가정용 소형 드릴,success,전선릴,"전선릴, 와이어스트리퍼, 편구스패너, 쇠지렛대, 타일컷터",전선릴,,,"소형, 가정용",True,전동드릴,False
가정용 일반 2단사다리,success,A형사다리,"A형사다리, 사다리, 끌세트, 전동공구세트, 전지가위",사다리,,,,False,,
가정용 일반 3단사다리,success,A형사다리,"A형사다리, 사다리, 끌세트, 전동공구세트, 다림추",사다리,,,,False,,
가정용 절단기,success,그립망치,"그립망치, 절단석, 돌망치, 납볼망치, 전지가위",절단석,,,,False,,
가정용공구 세트,success,육각렌치세트,"육각렌치세트, 공구함세트, 고지가위, 조합렌치세트, 전동공구세트",공구함세트,,,,False,,
가정용공구세트,success,육각렌치세트,"육각렌치세트, 공구함세트, 고지가위, 전동공구세트, 공구세트",공구세트,,,,False,,
가정용공구세트(18pcs),success,육각렌치세트,"육각렌치세트, SDS드릴비트, 정밀드라이버세트, 전동공구세트, 공구함세트",공구함세트,,,,False,공구세트,False
가정용공구세트(25pcs),success,육각렌치세트,"육각렌치세트, 공구함세트, 정밀드라이버세트, 전동공구세트, SDS드릴비트",공구함세트,,,,False,공구세트,False
가정용공구셋트,success,전지가위,"전지가위, 납볼망치, 기어렌치세트, 소켓렌치세트, 조합렌치세트",조합렌치세트,,,,False,,
가정용공구함세트,success,공구함세트,"공구함세트, 육각렌치세트, 공구세트, 조합렌치세트, 기어렌치세트",공구함세트,,,,False,,
가정용사다리,success,A형사다리,"A형사다리, 사다리, 다림추, 전지가위, 수평기",사다리,,,,False,,
가정용일반공구세트,success,육각렌치세트,"육각렌치세트, 공구함세트, 전동공구세트, 정밀드라이버세트, 조합렌치세트",공구함세트,,,,False,,
가정용전동공구세트,success,전동공구세트,"전동공구세트, 정밀드라이버세트, 육각렌치세트, 공구세트, 공구함세트",전동공구세트,,유선,,False,,
각도조절 작업용 LED 조명,success,LED투광기,"LED투광기, LED손전등, LED작업등, 라돈측정기, 레이저수평기",LED작업등,,,,False,,
각도컷팅기(몰딩겸용),success,만능렌치,"만능렌치, 타일컷터, 스패너세트, 빠루망치, 그립망치",만능렌치,,,,False,,
각도톱,success,접톱,"접톱, 톱, 쇠톱, 원형톱, 전정톱",원형톱,,,,False,,
각삽,success,T렌치세트,"T렌치세트, 기어렌치세트, 공구세트, 전지가위, 목공줄",공구세트,,,,False,,
각삽(1),success,조합렌치세트,"조합렌치세트, T렌치세트, 기어렌치세트, 스패너세트, 소켓렌치세트",조합렌치세트,,,,True,,
갓다,success,렌치,"렌치, 플라이어, 고무망치, 전선릴, 플라이어렌치",렌치,,,,True,커터,False
강력 절단기,success,강력니퍼,"강력니퍼, 절단석, 전동압착기, 고속절단기, 드릴비트",고속절단기,,,,False,,
강력니퍼,success,강력니퍼,"강력니퍼, 만능렌치, 빠루망치, 전동압착기, 돌망치",강력니퍼,,,,False,강력니퍼,True
강력절단기,success,고속절단기,"고속절단기, 전동압착기, 강력니퍼, 목공용드릴비트, 철공용드릴비트",고속절단기,,,,False,볼트컷터,False
강력절단기(45cm),success,철공용드릴비트,"철공용드릴비트, 클램프미터, 목공용드릴비트, 고속절단기, 철공용드릴비트세트",고속절단기,,,45cm,False,볼트컷터,False
강력절단기45CM,success,고속절단기,"고속절단기, 철공용드릴비트, 클램프미터, 목공용드릴비트, 철공용드릴비트세트",고속절단기,,,45CM,False,,
거리측정기,success,라돈측정기,"라돈측정기, 육각렌치, 육각렌치세트, 수평기, SDS드릴비트",라돈측정기,,,,False,레이저거리측정기,False
거짓말탐지기,success,임팩트드릴,"임팩트드릴, 임팩트드라이버, 납볼망치, 직각자, 돌망치",임팩트드릴,,,,True,,
건 타카,success,만능렌치,"만능렌치, 빠루망치, 임팩트드릴, 에어건, 해머드릴",해머드릴,,,,False,,
건습식 청소기(집진형),success,스프링배관청소기,"스프링배관청소기, 목공용드릴비트, 고속절단기, 목공줄, 드릴비트세트",스프링배관청소기,,,,False,,
건식다리미,success,그립망치,"그립망치, 모종삽, 육각렌치, 납볼망치, 빠루망치",그립망치,,,,False,,
건타카,success,건타카,"건타카, 전동타카, 장도리, 타카, 돌망치",건타카,,,,False,건타카,True
건타카 AT-519 아펙스,success,전동공구세트,"전동공구세트, 편구스패너, 양용드라이버, 전동타카, 전지가위",전동타카,,,,False,,
건타카(다기능),success,건타카,"건타카, 전지가위, 만능렌치, 납볼망치, T렌치세트",건타카,,,다기능,False,,
건타카(다기능),success,건타카,"건타카, 전지가위, 만능렌치, 납볼망치, T렌치세트",건타카,,,다기능,False,,
건타카(손타카),success,건타카,"건타카, 빠루망치, 전동타카, 만능렌치, 손타카",손타카,,,,False,,
건타카+타카핀,success,타카핀,"타카핀, 건타카, 전동타카, 타카, 몽키렌치",전동타카,,,,False,,
건타카+핀,success,소켓렌치세트,"소켓렌치세트, 스패너세트, 전동타카, T렌치세트, 기어렌치세트",전동타카,,,,False,,
건타카/타카핀 추가시 개당 500원 추가,success,충전해머드릴,"충전해머드릴, 라쳇렌치세트, 볼렌치세트, 소켓렌치세트, 편구스패너",충전해머드릴,,,,True,,
건타카핀,success,건타카,"건타카, 전동타카, 타카핀, 볼렌치, 육각렌치",타카핀,,,,False,,
검전기,success,검전기,"검전기, 커터칼, 안전로프, 드릴비트, 공구세트",검전기,,,,False,검전기,True
검전드라이버,success,스패너,"스패너, 스패너세트, 끌세트, 목공줄, 양용드라이버",양용드라이버,,,,False,검전기,False
겸용드라이버,success,빠루망치,"빠루망치, 만능렌치, 전지가위, 그립망치, 직각자",만능렌치,,,,False,양용드라이버,False
겸용드라이버(4150),success,드라이버세트,"드라이버세트, 정밀드라이버세트, 전동공구세트, 고속절단기, 소켓렌치세트",정밀드라이버세트,,,,False,,
겸용드라이버(6200),success,정밀드라이버세트,"정밀드라이버세트, 드라이버세트, 고속절단기, 전동공구세트, 공구세트",드라이버세트,,,,False,,
겸용해머드릴(GBH5-38X),success,소켓렌치세트,"소켓렌치세트, 스패너세트, 전동공구세트, 드릴비트세트, 만능렌치",드릴비트세트,,,,False,해머드릴,False
경광등,success,라돈측정기,"라돈측정기, 직각자, 별렌치세트, 열화상카메라, 연마석",라돈측정기,,,,False,,
경랑첼라(10인치),success,바이스그립플라이어,"바이스그립플라이어, 냉동라쳇렌치, 앵글그라인더, 다이아고날플라이어, 스냅링플라이어",앵글그라인더,,,10인치,False,,
경랑첼라(12인치),success,냉동라쳇렌치,"냉동라쳇렌치, 다이아고날플라이어, 옵셋렌치, 플라이어렌치, 앤드컷팅니퍼",앤드컷팅니퍼,,,12인치,False,,
경량 몽키,success,고무망치,"고무망치, 건타카, 편구스패너, 몽키렌치, 전동타카",몽키렌치,,,,False,,
경량 몽키렌치,success,몽키렌치,"몽키렌치, 토크렌치, 전동타카, 와이어스트리퍼, 볼렌치세트",몽키렌치,,,경량,False,몽키렌치,True
경량몽키,success,건타카,"건타카, 고무망치, 빠루망치, 전동타카, 만능렌치",만능렌치,,,,False,몽키렌치,False
경량몽키(10인치),success,냉동라쳇렌치,"냉동라쳇렌치, 옵셋렌치, 다이아고날플라이어, 바이스그립플라이어, 플라이어렌치",바이스그립플라이어,,,10인치,False,,
경량몽키(8인치),success,몽키렌치,"몽키렌치, 전동타카, 토크렌치, 만능렌치, 소켓렌치세트",몽키렌치,,,"경량, 8인치",False,,
경량몽키(칼라),success,전동타카,"전동타카, 건타카, 토크렌치, 몽키렌치, 고무망치",몽키렌치,,,,False,,
경량몽키렌치,success,토크렌치,"토크렌치, 몽키렌치, 전동타카, 볼렌치세트, 와이어스트리퍼",몽키렌치,,,,False,,
경량안전발판 3단,success,안전로프,"안전로프, 안전모, 정밀드라이버세트, 철공용드릴비트, 고속절단기",안전모,,,,False,,
계단용 수레,success,다림추,"다림추, A형사다리, 끌세트, 사다리, 수평기",사다리,,,,False,,
계양임팩드릴,success,해머드릴,"해머드릴, 임팩트드릴, 드릴비트, 목공줄, 만능렌치",임팩트드릴,계양,,,False,임팩트드릴,True
계양전동드릴,success,드릴비트,"드릴비트, 드릴비트세트, 전동공구세트, 목공줄, 임팩트드릴",전동공구세트,계양,유선,,False,전동드릴,False
고글,success,장도리,"장도리, 돌망치, 손타카, 에어건, 빠루망치",장도리,,,,True,보안경,False
고글 (보안경),success,보안경,"보안경, 임팩트드릴, 직각자, 안전로프, 그립망치",보안경,,,,False,,
고글(보안경),success,보안경,"보안경, 안전로프, 임팩트드릴, 그립망치, 석고대패",보안경,,,,False,,
고급 드라이버7종세트,success,정밀드라이버세트,"정밀드라이버세트, 드라이버세트, 전동공구세트, 소켓렌치세트, 공구세트",드라이버세트,,,,False,,
고무 망치(중) 1개,success,만능렌치,"만능렌치, 해머드릴, 고무망치, 임팩트드릴, 빠루망치",고무망치,,,,False,,
고무 피복줄자(7.2M25),success,소켓렌치세트,"소켓렌치세트, 전동공구세트, 별렌치세트, 볼렌치세트, 스패너세트",소켓렌치세트,,,,True,,
고무롤러,success,전선릴,"전선릴, 양용드라이버, 스크레퍼, 편구스패너, 전동드릴",스크레퍼,,,,False,,
고무망치,success,고무망치,"고무망치, 전선릴, 빠루망치, 스크레퍼, 해머드릴",고무망치,,,,False,고무망치,True
고무망치(검정),success,고무망치,"고무망치, 빠루망치, 그립망치, 타일컷터, 편구스패너",고무망치,,,,False,,
고무압축기 1개,success,고압세척기,"고압세척기, 타일컷터, 만능렌치, 편구스패너, 스패너세트",만능렌치,,,,False,,
고무양용드라이버,success,양용드라이버,"양용드라이버, 와이어스트리퍼, 전동드릴, 편구스패너, 전동드라이버",양용드라이버,,,,False,,
고무피복줄자,success,전선릴,"전선릴, 편구스패너, 쇠지렛대, 와이어스트리퍼, 굽은노즈플라이어",전선릴,,,,False,줄자,False
고무피복줄자,success,전선릴,"전선릴, 편구스패너, 쇠지렛대, 와이어스트리퍼, 굽은노즈플라이어",전선릴,,,,False,줄자,False
고무피복줄자(3),success,냉동라쳇렌치,"냉동라쳇렌치, 앤드컷팅니퍼, 버니어캘리퍼스, 바이스그립플라이어, 라쳇렌치세트",냉동라쳇렌치,,,,True,,
고무피복줄자(5.5M),success,클램프미터,"클램프미터, 고속절단기, 전동공구세트, 목공용드릴비트, 정밀드라이버세트",클램프미터,,,,True,줄자,False
고무피복줄자(7.5M),success,클램프미터,"클램프미터, 전동공구세트, 고속절단기, 공구세트, 드릴비트세트",클램프미터,,,,True,,
고무호스,success,전선릴,"전선릴, 고무망치, 스크레퍼, 렌치, 편구스패너",전선릴,,,,False,,
고속스팀해빙기,success,소켓렌치세트,"소켓렌치세트, 편구스패너, 끌세트, 만능렌치, 타일컷터",만능렌치,,,,False,,
고속절단기,success,고속절단기,"고속절단기, 전동압착기, 전동공구세트, 만능렌치, 공구세트",고속절단기,,,,False,고속절단기,True
고압 세척기,success,고압세척기,"고압세척기, 타일컷터, 편구스패너, 와이어스트리퍼, 전선릴",고압세척기,,,,False,고압세척기,True
"고압력 쌍발 발펌프(자동차,오토바이,자전거)",success,자전거펌프,"자전거펌프, 철공용드릴비트, 에어펌프, 고속절단기, 정밀드라이버세트",에어펌프,,,,False,,
고압세척기,success,고압세척기,"고압세척기, 타일컷터, 편구스패너, 와이어스트리퍼, 전선릴",고압세척기,,,,False,고압세척기,True
고압용세척기,success,고압세척기,"고압세척기, 전동압착기, 끌세트, 타일컷터, 스패너세트",고압세척기,,,,False,,
고전지가위,success,전지가위,"전지가위, 납볼망치, 직소기, 고지가위, 육각렌치",전지가위,,,,False,,
고지가위,success,고지가위,"고지가위, 전지가위, 먹통, 목공줄, 돌망치",고지가위,,,,False,고지가위,True
고지가위(5m),success,클램프미터,"클램프미터, 고지가위, 육각렌치세트, 공구함세트, 공구세트",고지가위,,,5m,False,고지가위,True
고프로,success,돌망치,"돌망치, 스패너, 납볼망치, 장도리, 손타카",돌망치,,,,True,,
곡선 전정톱,success,다림추,"다림추, 수평기, 육각렌치세트, 스패너세트, 원형톱",원형톱,,,,False,,
곡선톱,success,수평기,"수평기, 스패너세트, 육각렌치, T렌치세트, 기어렌치세트",수평기,,,,False,,
공간살균기,success,절단석,"절단석, 전동압착기, 그립망치, 글루스틱, 수평기",수평기,,,,False,,
공구Box 1개,success,공구세트,"공구세트, 전동공구세트, 드릴비트세트, 공구함세트, 정밀드라이버세트",공구세트,,,,False,,
공구가방세트(가정용) jaya,success,전동공구세트,"전동공구세트, 공구세트, 공구함세트, 기어렌치세트, 육각렌치세트",공구함세트,자야(JAYA),,가정용,False,,
공구가위,success,전지가위,"전지가위, 공구세트, 전동압착기, 전동공구세트, 수평기",전지가위,,,,False,,
공구놀이세트,success,공구세트,"공구세트, 전동공구세트, 기어렌치세트, 스패너세트, T렌치세트",공구세트,,,,False,,
공구박스,success,철판가위,"철판가위, 공구세트, 공구함세트, 드릴비트세트, 전동공구세트",공구함세트,,,,False,,
공구박스 1개,success,공구세트,"공구세트, 소켓렌치세트, 드릴비트세트, 전동공구세트, 스패너세트",공구세트,,,,False,,
공구박스(대),success,충전해머드릴,"충전해머드릴, 쇠지렛대, 굽은노즈플라이어, 편구스패너, 전동드라이버",충전해머드릴,,,,True,,
공구세트,success,공구세트,"공구세트, 전동공구세트, 공구함세트, 기어렌치세트, T렌치세트",공구세트,,,,False,공구세트,True
공구세트,success,공구세트,"공구세트, 전동공구세트, 공구함세트, 기어렌치세트, T렌치세트",공구세트,,,,False,공구세트,True
공구세트,success,공구세트,"공구세트, 전동공구세트, 공구함세트, 기어렌치세트, T렌치세트",공구세트,,,,False,공구세트,True
공구세트 (12pcs),success,클램프미터,"클램프미터, 고속절단기, 전동공구세트, 정밀드라이버세트, 목공용드릴비트",전동공구세트,,,,False,,
공구세트 16pcs,success,고속절단기,"고속절단기, 전동공구세트, 전동압착기, 공구세트, 공구함세트",공구세트,,,,False,,
공구세트 1개,success,공구세트,"공구세트, 전동공구세트, 기어렌치세트, 스패너세트, 드릴비트세트",공구세트,,,,False,,
공구세트 1개(소켓 18개),success,전동공구세트,"전동공구세트, 공구함세트, 공구세트, 드릴비트세트, 기어렌치세트",공구세트,,,소켓 18개,False,,
공구세트 25pcs,success,클램프미터,"클램프미터, 고속절단기, 전동공구세트, 공구함세트, 정밀드라이버세트",공구함세트,,,,False,,
공구세트 2개,success,공구세트,"공구세트, 전동공구세트, 드릴비트세트, 기어렌치세트, 스패너세트",공구세트,,,,False,,
공구세트 3개,success,공구세트,"공구세트, 전동공구세트, 공구함세트, 기어렌치세트, 드릴비트세트",공구세트,,,,False,,
공구세트(1),success,전동공구세트,"전동공구세트, 기어렌치세트, 공구세트, 소켓렌치세트, T렌치세트",공구세트,,,1,False,,
공구세트(12종),success,공구함세트,"공구함세트, 공구세트, 전동공구세트, 기어렌치세트, 육각렌치세트",공구세트,,,,False,,
공구세트(JAYA JTS80),success,전동공구세트,"전동공구세트, 정밀드라이버세트, 공구세트, 소켓렌치세트, 기어렌치세트",공구세트,자야,,,False,공구세트,True
공구세트(대),success,옵셋렌치,"옵셋렌치, 라쳇렌치세트, 굽은노즈플라이어, 플라이어렌치, 앤드컷팅니퍼",라쳇렌치세트,,,,False,,
공구세트(대)-139pcs,success,고속절단기,"고속절단기, 클램프미터, 전동공구세트, 공구세트, 정밀드라이버세트",공구세트,,,139개 구성 요소,False,공구세트,True
공구세트(대)-HARDEN,success,쇠지렛대,"쇠지렛대, 와이어스트리퍼, 편구스패너, 라쳇렌치세트, 전선릴",라쳇렌치세트,하든(HARDEN),,,False,공구세트,False
공구세트(소),success,공구세트,"공구세트, 전동공구세트, 소켓렌치세트, 스패너세트, 기어렌치세트",공구세트,,,,False,,
공구세트(소) JTS-14,success,전동공구세트,"전동공구세트, 철공용드릴비트세트, 철공용드릴비트, 정밀드라이버세트, 공구세트",공구세트,,,소,False,,
공구세트(중),success,공구세트,"공구세트, 전동공구세트, 공구함세트, 기어렌치세트, T렌치세트",공구세트,,,,False,,
공구세트(중) JTS-20,success,전동공구세트,"전동공구세트, 철공용드릴비트세트, 정밀드라이버세트, 공구세트, 공구함세트",공구세트,,,중,False,,
공구세트3개,success,공구세트,"공구세트, 전동공구세트, 공구함세트, 드릴비트세트, 기어렌치세트",공구세트,,,,False,,
공구셋트,success,소켓렌치세트,"소켓렌치세트, 스패너세트, 끌세트, 타일컷터, 편구스패너",스패너세트,,,,False,공구세트,False
공구셋트 1개,success,스패너세트,"스패너세트, 전동공구세트, 소켓렌치세트, 공구세트, 기어렌치세트",공구세트,,,,False,,
공구셋트(16pcs)(1),success,조합렌치세트,"조합렌치세트, 클램프미터, 고속절단기, 전동압착기, 전동공구세트",전동공구세트,,배터리,16개 구성 요소,False,,
"공구셋트(18pcs,5개)",success,고속절단기,"고속절단기, 전동공구세트, 클램프미터, 조합렌치세트, 공구함세트",공구함세트,,,"18피스, 5개",False,,
공구셋트(25pcs)(1),success,클램프미터,"클램프미터, 고속절단기, 전동공구세트, 조합렌치세트, 전동압착기",조합렌치세트,,,,False,,
"공구셋트(25pcs,5개)",success,클램프미터,"클램프미터, 고속절단기, 전동공구세트, 공구함세트, 정밀드라이버세트",공구함세트,,,"25개 세트, 포함 5가지 종류",False,,
공구셋트SMATO(16),success,전동공구세트,"전동공구세트, 소켓렌치세트, 공구세트, 공구함세트, 기어렌치세트",공구세트,스마토(SMATO),,16,False,공구세트,True
공구셋트SMATO(25),success,전동공구세트,"전동공구세트, 소켓렌치세트, 공구함세트, 공구세트, 기어렌치세트",공구세트,스마토(SMATO),,25,False,공구세트,True
공구주머니,success,공구세트,"공구세트, 목공줄, 드릴비트세트, 전지가위, 공구함세트",공구함세트,,,,False,,
공구통,success,전동압착기,"전동압착기, 전지가위, 공구함, 보안경, 전동공구세트",공구함,,,,False,,
공구함,success,공구함,"공구함, 납볼망치, 장도리, 돌망치, 전지가위",공구함,,,,False,,
공구함 키트 박스,success,공구함세트,"공구함세트, 드릴비트세트, 공구세트, 철판가위, 정밀드라이버세트",공구세트,,,,False,,
공구함(내용물 미포함),success,공구함세트,"공구함세트, 직소기, 글루스틱, 고지가위, 공구세트",공구세트,,,,False,,
공구함(특4호) 420x220x210,success,SDS드릴비트,"SDS드릴비트, 전동공구세트, 정밀드라이버세트, 별렌치세트, 공구세트",공구세트,,,420x220x210,False,,
공구함세트,success,공구함세트,"공구함세트, 공구세트, 기어렌치세트, T렌치세트, 전동공구세트",공구함세트,,,,False,,
공구함키트박스(디월트),success,소켓렌치세트,"소켓렌치세트, 정밀드라이버세트, 전자산업용니퍼, SDS드릴비트, 전동공구세트",전동공구세트,디월트(DeWalt),,,False,공구함,False
공기오염측정기,success,라돈측정기,"라돈측정기, 전동공구세트, 전동압착기, 가스토치, 에어타카",라돈측정기,,,,False,,
공업용 청소기,success,스프링배관청소기,"스프링배관청소기, 목공용드릴비트, 철공용드릴비트, 고속절단기, 공구함세트",스프링배관청소기,,,,False,,
공예용니퍼 1개,success,소켓렌치세트,"소켓렌치세트, 스패너세트, 만능렌치, 편구스패너, 전동공구세트",만능렌치,,,,False,,
공유 우산,success,에어타카,"에어타카, 조합렌치세트, 공구함, 전지가위, 직소기",에어타카,,,,True,,
공유(양)우산,success,에어타카,"에어타카, 조합렌치세트, 공구함, 전지가위, 건타카",에어타카,,,,True,,
공유우산,success,공구함,"공구함, 전지가위, 에어타카, 건타카, 센터펀치",공구함,,,,False,,
공유우산,success,공구함,"공구함, 전지가위, 에어타카, 건타카, 센터펀치",공구함,,,,False,,
관통기,success,돌망치,"돌망치, 그립망치, 전동압착기, 전지가위, 손타카",손타카,,,,False,,
광폭몽키스패너,success,냉동라쳇렌치,"냉동라쳇렌치, 다이아고날플라이어, 바이스그립플라이어, 앤드컷팅니퍼, 버니어캘리퍼스",버니어캘리퍼스,,,,False,,
교자상,success,납볼망치,"납볼망치, 전지가위, 육각렌치, 직각자, 돌망치",납볼망치,,,,True,,
교체식 만능접톱,success,정밀드라이버세트,"정밀드라이버세트, 공구세트, 공구함세트, 드릴비트세트, 목공줄",공구세트,,,,False,,
교환식톱,success,접톱,"접톱, 원형톱, 쇠톱, 목공줄, 전정톱",원형톱,,,,False,,
구급Box 1개,success,전지가위,"전지가위, 보안경, 납볼망치, 센터펀치, 그립망치",전지가위,,,,True,,
구두칼,success,커터칼,"커터칼, 절단석, 톱, 쇠톱, 목공줄",커터칼,,,,False,,
구르마,success,건타카,"건타카, 타카, 장도리, 돌망치, 전동타카",건타카,,,,True,,
구리스주입기,success,전선릴,"전선릴, 와이어스트리퍼, 라쳇렌치세트, 편구스패너, 플라이어렌치",편구스패너,,,,False,,
구명조끼,success,그립망치,"그립망치, 목공줄, 스패너, 절단석, 돌망치",그립망치,,,,False,,
구자말이공구 1개,success,편구스패너,"편구스패너, 와이어스트리퍼, 전선릴, 타일컷터, 전동드릴",전동드릴,,,,False,,
굽은 노즈,success,목공줄,"목공줄, 절단석, 모종삽, 스패너세트, 빠루망치",모종삽,,,,False,,
굽은 노즈 플라이어,success,굽은노즈플라이어,"굽은노즈플라이어, 스냅링플라이어, 플라이어렌치, 다이아고날플라이어, 옵셋렌치",굽은노즈플라이어,,,,False,굽은노즈플라이어,True
굽은 노즈플라이어,success,굽은노즈플라이어,"굽은노즈플라이어, 플라이어렌치, 스냅링플라이어, 옵셋렌치, 다이아고날플라이어",굽은노즈플라이어,,,,False,,
굽은노즈플라이어,success,굽은노즈플라이어,"굽은노즈플라이어, 플라이어렌치, 옵셋렌치, 스냅링플라이어, 플라이어",굽은노즈플라이어,,,,False,,
굽은롱노우즈,success,빠루망치,"빠루망치, 스패너세트, 만능렌치, 편구스패너, 소켓렌치세트",만능렌치,,,,False,,
권총인두,success,드릴비트,"드릴비트, 볼트컷터, 석고대패, 임팩트드릴, 절단석",드릴비트,,,,True,,
권총인두(60W),success,드릴비트,"드릴비트, 볼트컷터, 철공용드릴비트, 석고대패, 고속절단기",드릴비트,,,,True,전기인두,False
권총인두(납땜기),success,볼트컷터,"볼트컷터, 드릴비트세트, 드릴비트, 쇠지렛대, 임팩트드릴",드릴비트,,,,False,,
그늘막모기장,success,목공줄,"목공줄, 절단석, 공구세트, 스패너세트, 그립망치",목공줄,,,,False,,
그라인다,success,굽은노즈플라이어,"굽은노즈플라이어, 옵셋렌치, 플라이어렌치, 전선릴, 스냅링플라이어",굽은노즈플라이어,,,,False,앵글그라인더,False
그라인더,success,스냅링플라이어,"스냅링플라이어, 플라이어렌치, 다이아고날플라이어, 앵글그라인더, 옵셋렌치",앵글그라인더,,,,False,앵글그라인더,True
그라인더,success,스냅링플라이어,"스냅링플라이어, 플라이어렌치, 다이아고날플라이어, 앵글그라인더, 옵셋렌치",앵글그라인더,,,,False,앵글그라인더,True
그라인더 (ACT-100SN),success,조합렌치세트,"조합렌치세트, SDS드릴비트, 전지가위, 보안경, 석고대패",전지가위,,배터리,,False,,
그라인더 1개,success,편구스패너,"편구스패너, 전선릴, 와이어스트리퍼, 쇠지렛대, 굽은노즈플라이어",쇠지렛대,,,,False,,
그라인더 GWS6-100,success,전동공구세트,"전동공구세트, 소켓렌치세트, 공구세트, SDS드릴비트, 기어렌치세트",전동공구세트,,유선,크기: GWS6-100,False,,
그라인더 날,success,앤드컷팅니퍼,"앤드컷팅니퍼, 전선릴, 굽은노즈플라이어, 플라이어렌치, 와이어스트리퍼",앤드컷팅니퍼,,,,False,,
그라인더 날(3m),success,스패너세트,"스패너세트, 전동공구세트, 클램프미터, 기어렌치세트, 육각렌치세트",전동공구세트,,,,False,,
그라인더 옵셋 (4인치),success,앵글그라인더,"앵글그라인더, 다이아고날플라이어, 냉동라쳇렌치, 바이스그립플라이어, 옵셋렌치",옵셋렌치,,,4인치,False,,
그라인더 절단석 (4인치),success,다이아고날플라이어,"다이아고날플라이어, 냉동라쳇렌치, 앵글그라인더, 옵셋렌치, 스냅링플라이어",앵글그라인더,,,4인치,False,,
그라인더 페퍼,success,바이스그립플라이어,"바이스그립플라이어, 다이아고날플라이어, 냉동라쳇렌치, 앵글그라인더, 스냅링플라이어",앵글그라인더,,,,False,,
"그라인더(100mm, 125mm)",success,클램프미터,"클램프미터, 고속절단기, 전동공구세트, 공구세트, 드릴비트세트",고속절단기,,,"100mm, 125mm",False,,
그라인더(4″),success,편구스패너,"편구스패너, 소켓렌치세트, 스패너세트, 라쳇렌치세트, 굽은노즈플라이어",편구스패너,,,4″,True,,
그라인더(4인치 앵글),success,앵글그라인더,"앵글그라인더, 다이아고날플라이어, 스냅링플라이어, 옵셋렌치, 냉동라쳇렌치",앵글그라인더,,,4인치,False,,
그라인더(보쉬),success,앵글그라인더,"앵글그라인더, 다이아고날플라이어, 옵셋렌치, 스냅링플라이어, 냉동라쳇렌치",앵글그라인더,BOSCH,,,False,앵글그라인더,True
그라인더(유선),success,앵글그라인더,"앵글그라인더, 다이아고날플라이어, 냉동라쳇렌치, 바이스그립플라이어, 스냅링플라이어",앵글그라인더,,유선,,False,앵글그라인더,True
그라인더3개,success,편구스패너,"편구스패너, 라쳇렌치세트, 볼렌치세트, 전선릴, 쇠지렛대",편구스패너,,,,False,,
그라인더날,success,전선릴,"전선릴, 와이어스트리퍼, 전동드릴, 편구스패너, 타일컷터",편구스패너,,,,False,,
그라인딩 휠백마,success,끌세트,"끌세트, 스패너세트, 드릴비트세트, 편구스패너, 타일컷터",드릴비트세트,,,,False,,
그립망치,success,그립망치,"그립망치, 돌망치, 빠루망치, 납볼망치, 임팩트드릴",그립망치,,,,False,그립망치,True
그립플라이어,success,스냅링플라이어,"스냅링플라이어, 다이아고날플라이어, 옵셋렌치, 굽은노즈플라이어, 플라이어렌치",스냅링플라이어,,,,False,,
그립플라이어 4개,success,편구스패너,"편구스패너, 라쳇렌치세트, 볼렌치세트, 와이어스트리퍼, 소켓렌치세트",편구스패너,,,,False,,
글로건,success,전선릴,"전선릴, 전동드라이버, 플라이어렌치, 옵셋렌치, 스크레퍼",전선릴,,,,True,글루건,False
글로건 심,success,고무망치,"고무망치, 전선릴, 해머드릴, 전동드릴, 스크레퍼",스크레퍼,,,,False,,
글로건심,success,돌망치,"돌망치, 납볼망치, 그립망치, 빠루망치, 전지가위",돌망치,,,,True,,
글루건,success,글루건,"글루건, 장도리, 니퍼, 줄자, 돌망치",글루건,,,,False,글루건,True
글루건,success,글루건,"글루건, 장도리, 니퍼, 줄자, 돌망치",글루건,,,,False,글루건,True
글루건 1개,success,만능렌치,"만능렌치, 스패너세트, 납볼망치, 그립망치, 빠루망치",만능렌치,,,,True,,
글루건 건,success,전선릴,"전선릴, 와이어스트리퍼, 쇠지렛대, 고무망치, 편구스패너",고무망치,,,,False,,
글루건 심,success,그립망치,"그립망치, 절단석, 돌망치, 빠루망치, 먹통",먹통,,,,False,,
글루건 핫멜트,success,쇠지렛대,"쇠지렛대, 전선릴, 타일컷터, 와이어스트리퍼, 고무망치",쇠지렛대,,,,True,,
글루건&글루스틱,success,글루스틱,"글루스틱, T렌치세트, 기어렌치세트, 공구함세트, 소켓렌치세트",글루스틱,,,,False,글루건,False
글루건(&심),success,냉동라쳇렌치,"냉동라쳇렌치, 다이아고날플라이어, 앤드컷팅니퍼, 옵셋렌치, 스냅링플라이어",냉동라쳇렌치,,,,True,글루건,False
글루건(20W)(RG-20),success,전동공구세트,"전동공구세트, 소켓렌치세트, T렌치세트, 기어렌치세트, 스패너세트",전동공구세트,,,,True,글루건,False
글루건(80W),success,고속절단기,"고속절단기, 전동공구세트, 만능렌치, 강력니퍼, 공구세트",공구세트,,,,False,글루건,False
글루건(AC-280A),success,SDS드릴비트,"SDS드릴비트, 고속절단기, 전동공구세트, 정밀드라이버세트, 공구함세트",공구함세트,,,,False,,
글루건(소모품포함),success,납볼망치,"납볼망치, 그립망치, 만능렌치, 전지가위, 소켓렌치세트",납볼망치,,,,True,,
글루건(심),success,앤드컷팅니퍼,"앤드컷팅니퍼, 냉동라쳇렌치, 버니어캘리퍼스, 옵셋렌치, 다이아고날플라이어",앤드컷팅니퍼,,,,True,,
글루건(전기인두본드접착제),success,전동공구세트,"전동공구세트, 소켓렌치세트, 스패너세트, 드릴비트세트, 공구세트",공구세트,,,,False,,
글루건(플라스틱용기접지),success,타일컷터,"타일컷터, 편구스패너, 소켓렌치세트, 플라이어세트, 라쳇렌치세트",플라이어세트,,,,False,,
글루건+막대본드,success,와이어스트리퍼,"와이어스트리퍼, 편구스패너, 라쳇렌치세트, 볼렌치세트, 전선릴",볼렌치세트,,,,False,,
"글루건, 핫멜트봉",success,쇠지렛대,"쇠지렛대, 해머드릴, 만능렌치, 고무망치, 타일컷터",만능렌치,,,,False,,
글루건/막대본드 추가시 개당 500원,success,충전해머드릴,"충전해머드릴, 와이어스트리퍼, 로터리해머드릴, 타일컷터, 라쳇렌치세트",충전해머드릴,,,,True,,
글루건알,success,와이어스트리퍼,"와이어스트리퍼, 전선릴, 고무망치, 스크레퍼, 편구스패너",와이어스트리퍼,,,,True,,
글루건총,success,드릴비트,"드릴비트, 볼트컷터, 절단석, 석고대패, 공구세트",드릴비트,,,,False,,
글루건펜,success,전지가위,"전지가위, 납볼망치, 카운터싱크, 목공줄, 돌망치",전지가위,,,,True,,
글루스틱,success,글루스틱,"글루스틱, 모종삽, 스패너세트, T렌치세트, 소켓렌치세트",글루스틱,,,,False,글루스틱,True
금속용 절단석,success,철공용드릴비트,"철공용드릴비트, 철공용드릴비트세트, 철판가위, 목공용드릴비트, 공구함세트",철판가위,,,,False,,
기계식드릴(1),success,목공용드릴비트,"목공용드릴비트, 철공용드릴비트, 드릴비트세트, 공구세트, 전동공구세트",드릴비트세트,,,"기계식, 크기 1",False,,
기리세트,success,장도리,"장도리, 볼렌치세트, 다이스세트, 스패너세트, 소켓렌치세트",다이스세트,,,,False,드릴비트세트,False
기리세트 1,success,소켓렌치세트,"소켓렌치세트, 볼렌치세트, 스패너세트, T렌치세트, 기어렌치세트",소켓렌치세트,,,,False,,
기리세트 2,success,볼렌치세트,"볼렌치세트, 소켓렌치세트, T렌치세트, 스패너세트, 기어렌치세트",볼렌치세트,,,,True,,
기리세트(10p),success,기어렌치세트,"기어렌치세트, T렌치세트, 소켓렌치세트, 공구함세트, 육각렌치세트",기어렌치세트,,,10p,False,드릴비트세트,False
기리세트(계양용),success,기어렌치세트,"기어렌치세트, T렌치세트, 소켓렌치세트, 스패너세트, 볼렌치세트",기어렌치세트,계양,,,False,,
"기리세트(드라이버,해머)",success,앤드컷팅니퍼,"앤드컷팅니퍼, 냉동라쳇렌치, 다이아고날플라이어, 옵셋렌치, 버니어캘리퍼스",드라이버,,,,False,,
기리셋,success,장도리,"장도리, 줄자, 납볼망치, 빠루망치, 편구스패너",장도리,,,,True,,
기리셋트,success,편구스패너,"편구스패너, 전선릴, 타일컷터, 스크레퍼, 와이어스트리퍼",스크레퍼,,,,False,드릴비트세트,False
기리셋트 19PCS,success,SDS드릴비트,"SDS드릴비트, 고속절단기, 전동공구세트, 클램프미터, 정밀드라이버세트",전동공구세트,,,,False,,
기리셋트(10),success,소켓렌치세트,"소켓렌치세트, 볼렌치세트, 스패너세트, T렌치세트, 기어렌치세트",소켓렌치세트,,,10,True,,
기리종합세트,success,소켓렌치세트,"소켓렌치세트, 볼렌치세트, 스패너세트, T렌치세트, 기어렌치세트",소켓렌치세트,,,,False,,
기본철물종합세트,success,철공용드릴비트세트,"철공용드릴비트세트, 공구함세트, 철공용드릴비트, 공구세트, 육각렌치세트",공구세트,,,,False,,
기아렌치 1세트,success,라쳇렌치세트,"라쳇렌치세트, 볼렌치세트, 편구스패너, 와이어스트리퍼, 소켓렌치세트",라쳇렌치세트,,,,False,,
기어라쳇 렌치세트(9종),success,냉동라쳇렌치,"냉동라쳇렌치, 다이아고날플라이어, 라쳇렌치세트, 바이스그립플라이어, 앵글그라인더",라쳇렌치세트,,,9종,False,,
기어라쳇렌치 세트,success,라쳇렌치세트,"라쳇렌치세트, 볼렌치세트, 편구스패너, 플라이어렌치, 와이어스트리퍼",라쳇렌치세트,,,,False,,
기어렌치세트,success,기어렌치세트,"기어렌치세트, T렌치세트, 스패너세트, 소켓렌치세트, 전동공구세트",기어렌치세트,,,,False,기어렌치세트,True
기타 일반공구,success,전동공구세트,"전동공구세트, 전지가위, 전동압착기, 육각렌치, 기어렌치세트",전동공구세트,,,,False,,
길이조절 양손 전지가위,success,소켓렌치세트,"소켓렌치세트, 스패너세트, 끌세트, 기어렌치세트, 전지가위",전지가위,,전지,길이조절,False,,
김장매트,success,고무망치,"고무망치, 전동타카, 전선릴, 양용드라이버, 편구스패너",고무망치,,,,True,,
김장매트(대형),success,냉동라쳇렌치,"냉동라쳇렌치, 바이스그립플라이어, 앵글그라인더, 다이아고날플라이어, 버니어캘리퍼스",냉동라쳇렌치,,,대형,True,,
김장매트(중형),success,냉동라쳇렌치,"냉동라쳇렌치, 바이스그립플라이어, 앵글그라인더, 다이아고날플라이어, 앤드컷팅니퍼",냉동라쳇렌치,,,중형,True,,
김장용매트,success,납볼망치,"납볼망치, 전동타카, 만능렌치, 고무망치, 빠루망치",납볼망치,,,,True,,
꼼짝마,success,가스토치,"가스토치, 망치, 스패너, 도끼, 그립망치",그립망치,,,,False,,
끌,success,스패너,"스패너, 도끼, 끌세트, 손타카, 전동드릴",끌세트,,,,False,,
"끌(19,50mm)",success,클램프미터,"클램프미터, 철공용드릴비트, 고속절단기, 철공용드릴비트세트, 목공용드릴비트",철공용드릴비트,,,19.5mm,False,,
끌(19mm),success,클램프미터,"클램프미터, 고속절단기, 철공용드릴비트, 공구세트, 전동공구세트",철공용드릴비트,,,19mm,False,,
끌(22mm),success,클램프미터,"클램프미터, 철공용드릴비트, 고속절단기, 목공용드릴비트, 드릴비트세트",드릴비트세트,,,22mm,False,,
끌(38mm),success,철공용드릴비트,"철공용드릴비트, 클램프미터, 고속절단기, 철공용드릴비트세트, 목공용드릴비트",목공용드릴비트,,,38mm,False,,
끌(50m),success,고속절단기,"고속절단기, 클램프미터, 정밀드라이버세트, 전동압착기, 다림추",다림추,,,길이 50m,False,,
끌(50mm),success,클램프미터,"클램프미터, 고속절단기, 철공용드릴비트, 목공용드릴비트, 정밀드라이버세트",목공용드릴비트,,,50mm,False,,
끌(9m),success,고속절단기,"고속절단기, 클램프미터, 전동압착기, 철공용드릴비트, 끌세트",끌세트,,,9m,False,,
끌세트,success,끌세트,"끌세트, 스패너세트, 소켓렌치세트, T렌치세트, 기어렌치세트",끌세트,,,,False,끌세트,True
끌톱(알미늄 톱대),success,끌세트,"끌세트, 스패너세트, 타일컷터, 편구스패너, 쇠지렛대",타일컷터,,,,False,,
나리온 무선 충전 그라인더,success,충전해머드릴,"충전해머드릴, 냉동라쳇렌치, 다이아고날플라이어, 앤드컷팅니퍼, 옵셋렌치",충전해머드릴,나리온,충전식(무선),,False,앵글그라인더,False
나무 빠루망치,success,육각렌치,"육각렌치, 원형톱, 목공줄, 납볼망치, 만능렌치",납볼망치,,,,False,,
나무기리 셋트 1개,success,스패너세트,"스패너세트, 기어렌치세트, 드릴비트세트, T렌치세트, 소켓렌치세트",드릴비트세트,,,,False,,
나무망치,success,스패너,"스패너, 커터, 빠루망치, 에어건, 장도리",빠루망치,,,,False,,
나무인두,success,편구스패너,"편구스패너, 장도리, 줄자, 육각렌치, 스크레퍼",스크레퍼,,,,False,,
나무톱,success,쇠톱,"쇠톱, 원형톱, 톱, 접톱, 목공용접톱",목공용접톱,,,,False,목공톱,False
나무톱 1개,success,쇠톱,"쇠톱, 원형톱, 목공줄, 스패너세트, 드릴비트세트",원형톱,,,,False,,
나무톱(1),success,스패너세트,"스패너세트, 원형톱, 쇠톱, 끌세트, 소켓렌치세트",원형톱,,,나무용,False,,
나무톱(2),success,스패너세트,"스패너세트, 원형톱, 소켓렌치세트, T렌치세트, 기어렌치세트",원형톱,,,2,False,,
나사,success,장도리,"장도리, 에어건, 커터, 전동타카, 고무망치",장도리,,,,True,,
나사못세트,success,기어렌치세트,"기어렌치세트, 스패너세트, 전지가위, T렌치세트, 공구세트",공구세트,,,,False,,
나사세트,success,다이스세트,"다이스세트, 소켓렌치세트, 볼렌치세트, 스패너세트, 장도리",다이스세트,,,,False,,
나사피스세트,success,소켓렌치세트,"소켓렌치세트, 볼렌치세트, 스패너세트, 다이스세트, 편구스패너",소켓렌치세트,,,,False,,
낙엽 송풍기,success,모종삽,"모종삽, 육각렌치, 글루스틱, 스패너세트, 기어렌치세트",모종삽,,,,False,,
날개페퍼(4″),success,전동공구세트,"전동공구세트, 스패너세트, 기어렌치세트, 공구세트, 드릴비트세트",드릴비트세트,,,4″,False,,
납,success,납볼망치,"납볼망치, 장도리, 절단석, 손타카, 돌망치",납볼망치,,,,False,,
납 인두,success,납볼망치,"납볼망치, 손타카, 절단석, 드릴비트, 임팩트드릴",납볼망치,,,,False,,
납 인두기& 흡입기 등,success,드릴비트세트,"드릴비트세트, 석고대패, 전지가위, 납볼망치, 공구세트",드릴비트세트,,,,False,,
납땜기,success,드릴비트세트,"드릴비트세트, 스패너세트, 타일컷터, 공구세트, 소켓렌치세트",드릴비트세트,,,,False,,
납볼 망치,success,고무망치,"고무망치, 전선릴, 쇠지렛대, 편구스패너, 전동드릴",고무망치,,,,False,,
납볼망치,success,납볼망치,"납볼망치, 전지가위, 돌망치, 빠루망치, 그립망치",납볼망치,,,,False,,
낫,success,에어건,"에어건, 만능렌치, 해머드릴, 줄자, 빠루망치",만능렌치,,,,False,,
냉동라쳇,success,냉동라쳇렌치,"냉동라쳇렌치, 옵셋렌치, 다이아고날플라이어, 스냅링플라이어, 플라이어렌치",냉동라쳇렌치,,,,False,,
네모삽,success,전선릴,"전선릴, 편구스패너, 고무망치, 타일컷터, 와이어스트리퍼",고무망치,,,,False,,
네일헤머,success,전선릴,"전선릴, 와이어스트리퍼, 편구스패너, 전동드라이버, 타일컷터",전동드라이버,,,,False,,
노기스,success,장도리,"장도리, 다이스세트, 커터, 돌망치, 타카",다이스세트,,,,False,버니어캘리퍼스,False
노루발못뽑이,success,타일컷터,"타일컷터, 고압세척기, 편구스패너, 끌세트, 해머드릴",해머드릴,,,,False,,
노루발장도리,success,스패너세트,"스패너세트, 끌세트, T렌치세트, 소켓렌치세트, 목공줄",목공줄,,,,False,,
노즈 플라이어,success,스냅링플라이어,"스냅링플라이어, 다이아고날플라이어, 앵글그라인더, 옵셋렌치, 플라이어렌치",스냅링플라이어,,,,False,,
농구공,success,타일컷터,"타일컷터, 스패너, 카운터싱크, 전선릴, 만능렌치",타일컷터,,,,True,,
눈금자,success,고무망치,"고무망치, 해머드릴, 그립망치, 빠루망치, 만능렌치",고무망치,,,,True,,
뉴 경질 7~8인용 코펠,success,편구스패너,"편구스패너, 소켓렌치세트, 볼렌치세트, 라쳇렌치세트, 전동공구세트",소켓렌치세트,,,,False,,
니퍼,success,니퍼,"니퍼, 줄자, 장도리, 돌망치, 글루건",니퍼,,,,False,니퍼,True
니퍼,success,니퍼,"니퍼, 줄자, 장도리, 돌망치, 글루건",니퍼,,,,False,니퍼,True
니퍼 (150mm),success,클램프미터,"클램프미터, 고속절단기, 강력니퍼, 공구세트, 철공용드릴비트",강력니퍼,,,150mm,False,니퍼,False
니퍼 1개,success,만능렌치,"만능렌치, 그립망치, 빠루망치, 임팩트드릴, 납볼망치",만능렌치,,,,False,,
니퍼 2개,success,손타카,"손타카, 그립망치, 목공줄, 만능렌치, 니퍼",니퍼,,,,False,,
니퍼 5개,success,기어렌치세트,"기어렌치세트, 그립망치, 스패너세트, 만능렌치, T렌치세트",기어렌치세트,,,,True,,
니퍼 6,success,니퍼,"니퍼, 글루건, 다이스세트, 장도리, 손타카",니퍼,,,6,False,,
니퍼 6″,success,강력니퍼,"강력니퍼, 목공줄, 만능렌치, 스패너세트, 기어렌치세트",강력니퍼,,,6인치,False,,
니퍼 6인치,success,와이어스트리퍼,"와이어스트리퍼, 해머드릴, 전선릴, 편구스패너, 고무망치",편구스패너,,,6인치,False,니퍼,False
니퍼 7,success,니퍼,"니퍼, 강력니퍼, 장도리, 건타카, 글루건",니퍼,,,,False,,
니퍼 7'' 2개,success,만능렌치,"만능렌치, 스패너세트, 강력니퍼, 기어렌치세트, 목공줄",강력니퍼,,,7',False,,
니퍼(1),success,니퍼,"니퍼, 만능렌치, 다이스세트, 볼렌치세트, 장도리",니퍼,,,1,False,,
"니퍼(180mm,200mm)",success,클램프미터,"클램프미터, 고속절단기, 철공용드릴비트세트, 철공용드릴비트, 전동공구세트",철공용드릴비트,,,"크기: 180mm, 200mm",False,,
니퍼(2),success,니퍼,"니퍼, 강력니퍼, T렌치세트, 기어렌치세트, 직각자",니퍼,,,2,False,,
니퍼(6#),success,니퍼,"니퍼, 만능렌치, 그립망치, 납볼망치, 임팩트드릴",니퍼,,,6#,False,,
니퍼(6'') 1개,success,만능렌치,"만능렌치, 그립망치, 스패너세트, 니퍼, 목공줄",니퍼,,,6'',False,,
니퍼(6) 3개,success,기어렌치세트,"기어렌치세트, T렌치세트, 소켓렌치세트, 스패너세트, 니퍼",니퍼,,,"6, 3개",False,,
니퍼(6″),success,강력니퍼,"강력니퍼, 만능렌치, 목공줄, 기어렌치세트, 니퍼",니퍼,,,6″,False,,
니퍼(6인치),success,만능렌치,"만능렌치, 니퍼, 빠루망치, 고무망치, 그립망치",니퍼,,,6인치,False,니퍼,True
니퍼(7inch),success,클램프미터,"클램프미터, 드릴비트, 공구세트, 비트세트, 스패너세트",클램프미터,,,7인치,True,,
니퍼(7인치),success,니퍼,"니퍼, 강력니퍼, 만능렌치, 스패너세트, 카운터싱크",니퍼,,,7인치,False,니퍼,True
니퍼(8인치),success,니퍼,"니퍼, 강력니퍼, 만능렌치, 스패너세트, 기어렌치세트",니퍼,,,8인치,False,니퍼,True
"니퍼, 펜치",success,니퍼,"니퍼, 펜치, 목공줄, 줄자, 손타카",니퍼,,,,False,,
니퍼/펜치/플라이어,success,굽은노즈플라이어,"굽은노즈플라이어, 편구스패너, 옵셋렌치, 라쳇렌치세트, 쇠지렛대",굽은노즈플라이어,,,,False,,
니퍼2706,success,니퍼,"니퍼, 강력니퍼, 소켓렌치세트, 양용드라이버, 전지가위",니퍼,,,,False,,
니퍼2개,success,니퍼,"니퍼, 손타카, 목공줄, 만능렌치, 그립망치",니퍼,,,,False,,
니퍼6＂,success,니퍼,"니퍼, 임팩트드릴, 그립망치, 만능렌치, 강력니퍼",니퍼,,,"6""",False,,
니퍼7＂,success,니퍼,"니퍼, 강력니퍼, 임팩트드릴, 만능렌치, 그립망치",니퍼,,,"7""",False,,
니퍼8인치,success,라쳇렌치세트,"라쳇렌치세트, 굽은노즈플라이어, 와이어스트리퍼, 편구스패너, 스크레퍼",스크레퍼,,,8인치,False,,
니퍼빅터,success,앤드컷팅니퍼,"앤드컷팅니퍼, 냉동라쳇렌치, 버니어캘리퍼스, 바이스그립플라이어, 다이아고날플라이어",앤드컷팅니퍼,,,,False,,
닌텐도 게임팩 JUST DANCE,success,송풍기,"송풍기, 해머드릴, 만능렌치, 열화상카메라, 스패너세트",송풍기,,,,True,,
닌텐도 게임팩 동물의 숲,success,와이어스트리퍼,"와이어스트리퍼, 앤드컷팅니퍼, 편구스패너, 플라이어렌치, 굽은노즈플라이어",와이어스트리퍼,,,,True,,
닌텐도 게임팩 마리오와 소닉 2020 도쿄 올림픽,success,전동타카,"전동타카, 전동공구세트, 열화상카메라, 소켓렌치세트, 만능렌치",전동타카,,,,True,,
닌텐도 게임팩 슈퍼마리오 U디럭스,success,앤드컷팅니퍼,"앤드컷팅니퍼, 냉동라쳇렌치, 버니어캘리퍼스, 옵셋렌치, 충전해머드릴",앤드컷팅니퍼,,,,True,,
닌텐도 게임팩 슈퍼마리오 디럭스8,success,충전해머드릴,"충전해머드릴, 앤드컷팅니퍼, 버니어캘리퍼스, 냉동라쳇렌치, 옵셋렌치",충전해머드릴,,,,True,,
닌텐도 게임팩 슈퍼마리오 파티,success,충전해머드릴,"충전해머드릴, 앤드컷팅니퍼, 열화상카메라, 와이어스트리퍼, 전선릴",충전해머드릴,,,,True,,
닌텐도 게임팩 테니스 에이스,success,앤드컷팅니퍼,"앤드컷팅니퍼, 냉동라쳇렌치, 버니어캘리퍼스, 바이스그립플라이어, 충전해머드릴",앤드컷팅니퍼,,,,True,,
닌텐도 게임팩 피파21,success,에어컴프레서,"에어컴프레서, 충전해머드릴, 소켓렌치세트, 편구스패너, 와이어스트리퍼",에어컴프레서,,,,True,,
닌텐도게임칩,success,드릴비트세트,"드릴비트세트, 에어컴프레서, 소켓렌치세트, 스패너세트, 공구세트",공구세트,,,,False,,
닌텐도스위치,success,플라이어렌치,"플라이어렌치, 굽은노즈플라이어, 옵셋렌치, 전동드라이버, 라쳇렌치세트",플라이어렌치,,,,True,,
닐선,success,니퍼,"니퍼, 줄자, 렌치, 에어건, 고무망치",줄자,,,,False,,
다가네드라이버,success,전동드라이버,"전동드라이버, 양용드라이버, 편구스패너, 굽은노즈플라이어, 와이어스트리퍼",전동드라이버,,,,False,,
다기능 안전건타카,success,안전모,"안전모, 안전로프, 보안경, 고속절단기, 전동압착기",안전모,,,,False,,
다기능 탐지기,success,육각렌치세트,"육각렌치세트, 전동압착기, 정밀드라이버세트, 조합렌치세트, 전동공구세트",정밀드라이버세트,,,,False,,
다기능실리콘건,success,실리콘건,"실리콘건, 전동공구세트, 공구함세트, 전자산업용니퍼, 정밀드라이버세트",실리콘건,,,,False,,
다기능안전건타카,success,안전모,"안전모, 안전로프, 보안경, 전동압착기, 전지가위",보안경,,,,False,,
다목적 가위,success,다목적가위,"다목적가위, 공구함, 전지가위, 납볼망치, 고지가위",다목적가위,,,,False,다목적가위,True
다목적 가위,success,다목적가위,"다목적가위, 공구함, 전지가위, 납볼망치, 고지가위",다목적가위,,,,False,다목적가위,True
다목적 가위 P-300,success,고속절단기,"고속절단기, 정밀드라이버세트, SDS드릴비트, 전동공구세트, 공구함세트",고속절단기,,,,False,,
다목적 가위(P-220),success,SDS드릴비트,"SDS드릴비트, 조합렌치세트, 공구함세트, 전동공구세트, 기어렌치세트",공구함세트,,,,False,,
다목적 공구세트,success,공구함세트,"공구함세트, 공구세트, 전동공구세트, 육각렌치세트, 정밀드라이버세트",공구세트,,,,False,,
다목적 드릴비트 세트,success,공구함세트,"공구함세트, 육각렌치세트, 조합렌치세트, 비트세트, 기어렌치세트",비트세트,,,,False,,
다목적 드릴비트(육각),success,기어렌치세트,"기어렌치세트, T렌치세트, 전지가위, 납볼망치, 공구세트",공구세트,,,,False,,
다목적 드릴비트세트,success,공구함세트,"공구함세트, 육각렌치세트, 조합렌치세트, 기어렌치세트, 비트세트",비트세트,,,,False,,
다목적 비트세트,success,비트세트,"비트세트, 공구함세트, 조합렌치세트, 육각렌치세트, T렌치세트",비트세트,,,,False,,
다목적 전지가위(양손),success,다목적가위,"다목적가위, 전지가위, 납볼망치, 공구함, 고지가위",다목적가위,,전지,양손,False,,
다목적가위,success,다목적가위,"다목적가위, 공구함, 전지가위, 납볼망치, 고지가위",다목적가위,,,,False,다목적가위,True
다목적가위(190MM),success,클램프미터,"클램프미터, 전동공구세트, 공구함세트, 육각렌치세트, 공구세트",공구세트,,,190MM,False,,
다목적가위(190mm),success,클램프미터,"클램프미터, 전동공구세트, 공구세트, 철공용드릴비트, 고속절단기",고속절단기,,,190mm,False,,
다목적가위(소),success,다목적가위,"다목적가위, 전지가위, 공구함, 납볼망치, 고지가위",다목적가위,,,,False,,
다목적드릴비트세트,success,공구함세트,"공구함세트, 육각렌치세트, 조합렌치세트, 기어렌치세트, 전동공구세트",공구함세트,,,,False,,
다목적드릴비트세트(100PCS),success,SDS드릴비트,"SDS드릴비트, 정밀드라이버세트, 전동공구세트, 철공용드릴비트세트, 비트세트",철공용드릴비트세트,,,,False,,
다목적드릴비트세트(33PCS),success,SDS드릴비트,"SDS드릴비트, 철공용드릴비트세트, 정밀드라이버세트, 비트세트, 전동공구세트",비트세트,,,,False,,
다목적드릴비트세트(33pcs),success,SDS드릴비트,"SDS드릴비트, 클램프미터, 철공용드릴비트세트, 공구함세트, 정밀드라이버세트",철공용드릴비트세트,,,,False,,
다목적드릴비트세트(50PCS),success,SDS드릴비트,"SDS드릴비트, 정밀드라이버세트, 철공용드릴비트세트, 공구함세트, 전동공구세트",철공용드릴비트세트,,,,False,,
다목적드릴비트세트(TIN-338),success,비트세트,"비트세트, 철공용드릴비트세트, 공구함세트, SDS드릴비트, 정밀드라이버세트",철공용드릴비트세트,,,,False,,
다용도 공구세트,success,공구세트,"공구세트, 전동공구세트, 공구함세트, 정밀드라이버세트, 드릴비트세트",공구세트,,,,False,,
다용도 매직렌치,success,앤드컷팅니퍼,"앤드컷팅니퍼, 충전해머드릴, 옵셋렌치, 전선릴, 와이어스트리퍼",옵셋렌치,,,,False,,
다용도 미니 조명,success,육각렌치세트,"육각렌치세트, 정밀드라이버세트, 고속절단기, 별렌치세트, 라돈측정기",고속절단기,,,,False,,
다용도 전지가위,success,전지가위,"전지가위, 납볼망치, 만능렌치, 소켓렌치세트, 스패너세트",전지가위,,배터리,,False,,
다용도 톱,success,톱,"톱, 쇠톱, 원형톱, 접톱, 목공줄",톱,,,,False,,
다용도가위,success,전지가위,"전지가위, 납볼망치, 만능렌치, 빠루망치, 직각자",만능렌치,,,,False,,
다용도톱,success,쇠톱,"쇠톱, 접톱, 톱, 원형톱, 전정톱",톱,,,,False,,
다운트랜스 2개,success,편구스패너,"편구스패너, 타일컷터, 스패너세트, 만능렌치, 줄자",줄자,,,,False,,
다이아타입 플라이어,success,플라이어렌치,"플라이어렌치, 굽은노즈플라이어, 다이아고날플라이어, 플라이어, 스냅링플라이어",다이아고날플라이어,,,,False,다이아고날플라이어,True
단렌치,success,고무망치,"고무망치, 렌치, 빠루망치, 전선릴, 장도리",렌치,,,,False,,
단면톱,success,접톱,"접톱, 쇠톱, 원형톱, 톱, 절단석",접톱,,,,False,,
단용드라이버(6인치),success,정밀드라이버세트,"정밀드라이버세트, 전동공구세트, 고속절단기, 드라이버세트, 공구세트",드라이버세트,,,6인치,False,,
단일지향 미니마이크,success,편구스패너,"편구스패너, 와이어스트리퍼, 타일컷터, 양용드라이버, 고무망치",편구스패너,,,,True,,
대각커팅니퍼,success,앤드컷팅니퍼,"앤드컷팅니퍼, 버니어캘리퍼스, 냉동라쳇렌치, 바이스그립플라이어, 와이어스트리퍼",앤드컷팅니퍼,,,,False,,
대드라이버,success,양용드라이버,"양용드라이버, 커터, 장도리, 전동드릴, 납볼망치",양용드라이버,,,,False,,
대여용 장바구니 캐리어,success,냉동라쳇렌치,"냉동라쳇렌치, 바이스그립플라이어, 다이아고날플라이어, 앵글그라인더, 버니어캘리퍼스",냉동라쳇렌치,,,,True,,
대일손타카(8mm),success,클램프미터,"클램프미터, 전동공구세트, 공구세트, 드릴비트세트, 고속절단기",드릴비트세트,,,8mm,False,,
대진스프링청소기,success,스프링배관청소기,"스프링배관청소기, 전지가위, 납볼망치, 타일컷터, 육각렌치",스프링배관청소기,,,,False,,
대차,success,전지가위,"전지가위, 스패너, 줄자, 에어건, 손타카",전지가위,,,,True,,
대차(P),success,전지가위,"전지가위, 납볼망치, 전동공구세트, 전동압착기, 만능렌치",전지가위,,,,True,,
대타카(CT-64),success,SDS드릴비트,"SDS드릴비트, 고속절단기, 정밀드라이버세트, 전동공구세트, 공구함세트",SDS드릴비트,,,,True,,
대톱,success,타카,"타카, 돌망치, 장도리, 건타카, 모종삽",타카,,,,True,,
대패,success,대패,"대패, 돌망치, 석고대패, 납볼망치, 공구함",대패,,,,False,대패,True
대형고무대야 2,success,굽은노즈플라이어,"굽은노즈플라이어, 전선릴, 쇠지렛대, 옵셋렌치, 편구스패너",옵셋렌치,,,,False,,
대형줄자(50m),success,클램프미터,"클램프미터, 고속절단기, 전동공구세트, 육각렌치세트, 수평기",육각렌치세트,,,대형줄자(50m),False,,
더블디40,success,소켓렌치세트,"소켓렌치세트, 타일컷터, 볼렌치세트, 스패너세트, 끌세트",볼렌치세트,,,,False,,
덤벨 세트,success,기어렌치세트,"기어렌치세트, T렌치세트, 스패너세트, 조합렌치세트, 공구함세트",공구함세트,,,,False,,
데크트럭,success,드라이버세트,"드라이버세트, 드라이버, 핸드카트, 정밀드라이버세트, 공구세트",핸드카트,,,,False,,
데크트럭(대차),success,드라이버세트,"드라이버세트, 드라이버, T핸드드라이버, 핸드카트, 정밀드라이버세트",핸드카트,,,,False,,
도끼,success,도끼,"도끼, 손타카, 스패너, 빠루망치, 커터",도끼,,,,False,도끼,True
도배 사다리,success,사다리,"사다리, A형사다리, 편구스패너, 육각렌치, 끌세트",사다리,,,,False,,
도배사다리,success,수평기,"수평기, 육각렌치, 다림추, 전지가위, 만능렌치",다림추,,,,False,,
"도스키 톱날, 톱대(300)",success,드릴비트세트,"드릴비트세트, 스패너세트, 목공줄, 기어렌치세트, 소켓렌치세트",드릴비트세트,,,"톱날 포함, 톱대 크기 300",False,,
도청카메라탐지기,success,라돈측정기,"라돈측정기, SDS드릴비트, 전자산업용니퍼, 정밀드라이버세트, 육각렌치세트",라돈측정기,,,,False,,
도청카메라탐지기세트,success,정밀드라이버세트,"정밀드라이버세트, 육각렌치세트, SDS드릴비트, 전동공구세트, 라돈측정기",라돈측정기,,,,False,,
돌 망치,success,타일컷터,"타일컷터, 절단석, 편구스패너, 만능렌치, 고무망치",고무망치,,,,False,,
돌망치,success,돌망치,"돌망치, 그립망치, 납볼망치, 빠루망치, 장도리",돌망치,,,,False,돌망치,True
돌망치,success,돌망치,"돌망치, 그립망치, 납볼망치, 빠루망치, 장도리",돌망치,,,,False,돌망치,True
돌망치 0.9kg,success,클램프미터,"클램프미터, 고속절단기, 직소기, 강력니퍼, 공구세트",강력니퍼,,,0.9kg,False,,
돌망치(고무자루),success,전동타카,"전동타카, 고무망치, 와이어스트리퍼, 전선릴, 토크렌치",고무망치,,,,False,,
돌망치(중 사이즈),success,스패너세트,"스패너세트, 기어렌치세트, 소켓렌치세트, 전동공구세트, 공구세트",스패너세트,,,중 사이즈,True,,
동력예취기,success,전동압착기,"전동압착기, 전지가위, 석고대패, 납볼망치, 강력니퍼",전동압착기,,,,False,,
동커팅기,success,타일컷터,"타일컷터, 만능렌치, 카운터싱크, 납볼망치, 소켓렌치세트",타일컷터,,,,False,,
동파이프 커터,success,드릴비트세트,"드릴비트세트, 끌세트, 드릴비트, 볼트컷터, 목공줄",볼트컷터,,,,False,,
드라이버,success,드라이버,"드라이버, 드라이버세트, T핸드드라이버, 양용드라이버, 핸드카트",드라이버,,,,False,드라이버,True
드라이버 (투명양용),success,드라이버세트,"드라이버세트, 드라이버, T핸드드라이버, 정밀드라이버세트, 핸드카트",드라이버세트,,,투명양용,False,,
드라이버 2개,success,드라이버세트,"드라이버세트, 드라이버, 양용드라이버, 끌세트, 전동드릴",드라이버세트,,,,False,,
드라이버 3개,success,드라이버세트,"드라이버세트, 드라이버, 정밀드라이버세트, T핸드드라이버, 끌세트",드라이버세트,,,,False,,
드라이버 5개,success,드라이버세트,"드라이버세트, 드라이버, 정밀드라이버세트, 전동공구세트, 양용드라이버",드라이버세트,,,,False,,
드라이버 8종세트,success,드라이버세트,"드라이버세트, 정밀드라이버세트, 전동공구세트, 공구세트, 기어렌치세트",드라이버세트,,,,False,,
"드라이버 대(2), 중(1)",success,드라이버세트,"드라이버세트, 드라이버, 정밀드라이버세트, 전동공구세트, 조합렌치세트",드라이버세트,,,,False,,
드라이버 드릴,success,드라이버,"드라이버, 드라이버세트, 충전해머드릴, 전동드라이버, 양용드라이버",드라이버,,,,False,,
드라이버 드릴 비트,success,드라이버세트,"드라이버세트, 드라이버, 정밀드라이버세트, T핸드드라이버, 핸드카트",드라이버세트,,,,False,,
드라이버 비트,success,드라이버세트,"드라이버세트, 드라이버, 양용드라이버, 끌세트, 커터",드라이버,,,,False,,
드라이버 비트 세트,success,드라이버세트,"드라이버세트, 정밀드라이버세트, 드라이버, 전동공구세트, T핸드드라이버",드라이버세트,,,,False,,
드라이버 비트 세트(37PCS),success,드라이버세트,"드라이버세트, 정밀드라이버세트, SDS드릴비트, 충전임팩트드라이버, 고속절단기",드라이버세트,,,,False,,
드라이버 비트 토션비트 110mm,success,전동공구세트,"전동공구세트, 드라이버세트, 고속절단기, 정밀드라이버세트, 클램프미터",정밀드라이버세트,,,드라이버 비트 토션비트 110mm,False,,
"드라이버 비트(대,중,소)",success,드라이버세트,"드라이버세트, 드라이버, 충전해머드릴, 로터리해머드릴, 양용드라이버",드라이버세트,,,,False,,
드라이버 비트세트,success,드라이버세트,"드라이버세트, 정밀드라이버세트, 드라이버, 전동공구세트, 공구세트",드라이버세트,,,,False,,
드라이버 세트,success,드라이버세트,"드라이버세트, 드라이버, 정밀드라이버세트, T핸드드라이버, 핸드카트",드라이버세트,,,,False,,
드라이버 수공구세트,success,드라이버세트,"드라이버세트, 정밀드라이버세트, 전동공구세트, 공구세트, 목공용드릴비트",드라이버세트,,,,False,,
드라이버 십자 단용 8+,success,드라이버세트,"드라이버세트, 정밀드라이버세트, 드라이버, 전동공구세트, T핸드드라이버",드라이버,,,십자 단용 8+,False,,
드라이버 양용,success,전동드라이버,"전동드라이버, 충전해머드릴, 양용드라이버, 드라이버, 드라이버세트",양용드라이버,,,,False,,
"드라이버(-,+)",success,드라이버세트,"드라이버세트, 드라이버, 정밀드라이버세트, T핸드드라이버, 끌세트",드라이버,,,,False,,
드라이버(-자),success,드라이버세트,"드라이버세트, 드라이버, 양용드라이버, 충전해머드릴, 전동드라이버",드라이버,,,,False,,
드라이버(2),success,드라이버세트,"드라이버세트, 드라이버, 정밀드라이버세트, 전동공구세트, 끌세트",드라이버,,,2,False,,
드라이버(2150mm),success,드라이버세트,"드라이버세트, 정밀드라이버세트, 클램프미터, 고속절단기, 드라이버",드라이버,,,2150mm,False,,
드라이버(4),success,드라이버세트,"드라이버세트, 드라이버, 정밀드라이버세트, T핸드드라이버, 핸드카트",드라이버,,,4,False,,
드라이버(대),success,냉동라쳇렌치,"냉동라쳇렌치, 앤드컷팅니퍼, 다이아고날플라이어, 앵글그라인더, 버니어캘리퍼스",냉동라쳇렌치,,,,False,,
드라이버(소),success,드라이버세트,"드라이버세트, 드라이버, 양용드라이버, 충전해머드릴, 전동드릴",드라이버,,,,False,,
드라이버(십자),success,드라이버세트,"드라이버세트, 드라이버, T핸드드라이버, 핸드카트, 정밀드라이버세트",드라이버세트,,,,False,,
"드라이버(십자, 일자 겸용)",success,드라이버세트,"드라이버세트, 드라이버, 로터리해머드릴, 양용드라이버, T핸드드라이버",양용드라이버,,,,False,,
드라이버(양용),success,드라이버세트,"드라이버세트, 드라이버, T핸드드라이버, 핸드카트, 정밀드라이버세트",드라이버세트,,,,False,,
드라이버(양용) 3개,success,드라이버세트,"드라이버세트, 드라이버, 정밀드라이버세트, T핸드드라이버, 핸드카트",드라이버세트,,,"양용, 개수: 3",False,,
드라이버(일자),success,드라이버,"드라이버, 드라이버세트, 충전해머드릴, 전동드라이버, 양용드라이버",드라이버,,,일자,False,,
"드라이버(일자3,십자1)",success,드라이버세트,"드라이버세트, 드라이버, 정밀드라이버세트, T핸드드라이버, 핸드카트",드라이버세트,,,"일자3,십자1",False,,
드라이버(중),success,드라이버세트,"드라이버세트, 드라이버, T핸드드라이버, 핸드카트, 정밀드라이버세트",드라이버,,,,False,,
드라이버(충전),success,드라이버세트,"드라이버세트, 드라이버, T핸드드라이버, 정밀드라이버세트, 핸드카트",드라이버,,충전식,,False,,
드라이버6인치,success,드라이버세트,"드라이버세트, 드라이버, 전동드라이버, 충전해머드릴, 양용드라이버",드라이버,,,6인치,False,,
드라이버8인치,success,드라이버세트,"드라이버세트, 전동드라이버, 드라이버, 양용드라이버, 라쳇렌치세트",드라이버,,,8인치,False,,
드라이버드릴,success,드라이버,"드라이버, 드라이버세트, 전동드릴, 양용드라이버, 해머드릴",전동드릴,,,,False,,
드라이버드릴(2),success,양용드라이버,"양용드라이버, 충전해머드릴, 편구스패너, 와이어스트리퍼, 전동드릴",전동드릴,,,2,False,,
드라이버라체트,success,전동드라이버,"전동드라이버, 플라이어렌치, 라쳇렌치세트, 다이아고날플라이어, 굽은노즈플라이어",라쳇렌치세트,,,,False,,
드라이버류,success,드라이버,"드라이버, 드라이버세트, 양용드라이버, T핸드드라이버, 커터",드라이버,,,,False,,
드라이버비트,success,드라이버,"드라이버, 드라이버세트, T핸드드라이버, 핸드카트, 양용드라이버",드라이버,,,,False,,
드라이버비트 1세트,success,드라이버세트,"드라이버세트, 드라이버, 양용드라이버, 끌세트, 소켓렌치세트",드라이버세트,,,,False,,
드라이버비트5P,success,드라이버세트,"드라이버세트, 드라이버, 정밀드라이버세트, T핸드드라이버, 핸드카트",드라이버세트,,,,False,,
드라이버비트날,success,드라이버세트,"드라이버세트, 드라이버, 양용드라이버, 타일컷터, 전동드릴",드라이버,,,,False,,
드라이버비트세트 33pcs,success,드라이버세트,"드라이버세트, 정밀드라이버세트, 고속절단기, 충전임팩트드라이버, SDS드릴비트",정밀드라이버세트,,,,False,,
드라이버세트,success,드라이버세트,"드라이버세트, 드라이버, 정밀드라이버세트, T핸드드라이버, 끌세트",드라이버세트,,,,False,드라이버세트,True
드라이버세트 10pcs,success,드라이버세트,"드라이버세트, 드라이버, 정밀드라이버세트, T핸드드라이버, 고속절단기",드라이버세트,,,,False,,
드라이버세트(6PCS),success,드라이버세트,"드라이버세트, 정밀드라이버세트, 드라이버, 고속절단기, T핸드드라이버",드라이버세트,,,,False,,
드라이버세트라체트,success,드라이버세트,"드라이버세트, 드라이버, 양용드라이버, 전동드라이버, 와이어스트리퍼",드라이버세트,,,,False,,
드라이버세트라체트 14WAY,success,드라이버세트,"드라이버세트, 드라이버, 로터리해머드릴, 양용드라이버, T핸드드라이버",드라이버세트,,,,False,,
드라이버양용,success,드라이버세트,"드라이버세트, 전동드라이버, 드라이버, 충전해머드릴, 양용드라이버",양용드라이버,,,,False,,
드라이버충전드릴(4개),success,충전해머드릴,"충전해머드릴, 편구스패너, 드라이버세트, 라쳇렌치세트, 로터리해머드릴",드라이버세트,,충전식,4개,False,,
드라이버툴세트,success,드라이버세트,"드라이버세트, 정밀드라이버세트, 드라이버, T핸드드라이버, 전동공구세트",드라이버세트,,,,False,,
드라이브,success,커터,"커터, 전동드릴, 스크레퍼, 타일컷터, 끌세트",전동드릴,,,,False,,
드라이브비트세트,success,SDS드릴비트,"SDS드릴비트, 비트세트, 전동공구세트, 공구함세트, 정밀드라이버세트",비트세트,,,,False,,
드릴,success,드릴비트,"드릴비트, 에어건, 전동드릴, 빠루망치, 해머드릴",전동드릴,,,,False,전동드릴,True
드릴 날 세트,success,소켓렌치세트,"소켓렌치세트, 스패너세트, 편구스패너, 끌세트, 타일컷터",소켓렌치세트,,,,False,,
드릴 비트,success,드릴비트,"드릴비트, 드릴비트세트, 철공용드릴비트, 목공용드릴비트, 볼트컷터",드릴비트,,,,False,,
드릴 비트세트,success,드릴비트세트,"드릴비트세트, 목공용드릴비트, 드릴비트, 공구세트, 철공용드릴비트",드릴비트세트,,,,False,,
드릴(무선),success,편구스패너,"편구스패너, 스패너세트, 끌세트, 스크레퍼, 쇠지렛대",편구스패너,,충전식(무선),,True,충전드릴,False
"드릴(무선14,4V)",success,철공용드릴비트,"철공용드릴비트, 목공용드릴비트, 드릴비트세트, 철공용드릴비트세트, 고속절단기",드릴비트세트,,충전식,14.4V,False,,
드릴(유선),success,드릴비트세트,"드릴비트세트, 드릴비트, 끌세트, 목공용드릴비트, 목공줄",드릴비트,,유선,,False,전동드릴,False
드릴(충전),success,드릴비트세트,"드릴비트세트, 드릴비트, 목공줄, 절단석, 목공용드릴비트",목공용드릴비트,,충전식,,False,,
드릴공구,success,드릴비트,"드릴비트, 드릴비트세트, 목공줄, 목공용드릴비트, 공구세트",드릴비트세트,,,,False,,
드릴기리세트,success,드릴비트세트,"드릴비트세트, 드릴비트, 끌세트, 공구세트, 스패너세트",드릴비트세트,,,,False,,
드릴날 및 드라이버비트 생활공구피스세트,success,정밀드라이버세트,"정밀드라이버세트, 목공용드릴비트, 드라이버세트, 전동공구세트, 드릴비트세트",정밀드라이버세트,,,,True,,
드릴날세트,success,드릴비트세트,"드릴비트세트, 드릴비트, 끌세트, 공구세트, 스패너세트",드릴비트세트,,,,False,,
드릴날세트(SCORE),success,드릴비트세트,"드릴비트세트, 목공용드릴비트, 철공용드릴비트, 공구세트, 철공용드릴비트세트",드릴비트세트,,,,False,,
드릴머신 1개,success,해머드릴,"해머드릴, 만능렌치, 임팩트드릴, 빠루망치, 드릴비트",임팩트드릴,,,,False,,
드릴비트,success,드릴비트,"드릴비트, 드릴비트세트, 절단석, 목공줄, 스패너",드릴비트,,,,False,,
드릴비트 1개,success,드릴비트,"드릴비트, 드릴비트세트, 목공줄, 공구세트, 절단석",드릴비트,,,,False,,
드릴비트 세트,success,드릴비트세트,"드릴비트세트, 공구세트, 공구함세트, 전동공구세트, 기어렌치세트",드릴비트세트,,,,False,드릴비트세트,True
드릴비트 세트(대)(50pcs),success,고속절단기,"고속절단기, 철공용드릴비트세트, 철공용드릴비트, 목공용드릴비트, 클램프미터",철공용드릴비트세트,,,,False,,
드릴비트 세트(중)(33pcs),success,클램프미터,"클램프미터, 철공용드릴비트세트, 고속절단기, 철공용드릴비트, 목공용드릴비트",철공용드릴비트세트,,,,False,,
드릴비트 파우치 세트,success,드릴비트세트,"드릴비트세트, 목공용드릴비트, 공구세트, 전동공구세트, 공구함세트",드릴비트세트,,,,False,,
드릴비트(box),success,드릴비트세트,"드릴비트세트, 드릴비트, 공구세트, 소켓렌치세트, 전동공구세트",드릴비트세트,,,,False,,
드릴비트(기리세트),success,드릴비트세트,"드릴비트세트, 스패너세트, 공구세트, 끌세트, 전동공구세트",드릴비트세트,,,,False,,
드릴비트세트,success,드릴비트세트,"드릴비트세트, 공구세트, 스패너세트, 드릴비트, 끌세트",드릴비트세트,,,,False,드릴비트세트,True
드릴비트세트,success,드릴비트세트,"드릴비트세트, 공구세트, 스패너세트, 드릴비트, 끌세트",드릴비트세트,,,,False,드릴비트세트,True
드릴비트세트다목적,success,드릴비트세트,"드릴비트세트, 공구세트, 공구함세트, 전동공구세트, 기어렌치세트",드릴비트세트,,,,False,,
드릴비트셋3개,success,드릴비트세트,"드릴비트세트, 공구세트, 전동공구세트, 드릴비트, 스패너세트",드릴비트세트,,,,False,,
드릴비트셋트 2개,success,드릴비트세트,"드릴비트세트, 드릴비트, 공구세트, 전동공구세트, 목공용드릴비트",드릴비트세트,,,,False,,
드릴세트,success,드릴비트세트,"드릴비트세트, 드릴비트, 공구세트, 목공줄, 볼트컷터",드릴비트세트,,,,False,,
드릴세트 13pcs,success,철공용드릴비트,"철공용드릴비트, 클램프미터, 목공용드릴비트, 철공용드릴비트세트, 고속절단기",철공용드릴비트세트,,,,False,,
드릴세트 2개,success,드릴비트세트,"드릴비트세트, 드릴비트, 공구세트, 목공줄, 목공용드릴비트",드릴비트세트,,,,False,,
드릴용 드라이버,success,드릴비트세트,"드릴비트세트, 드릴비트, 드라이버세트, 목공용드릴비트, 철공용드릴비트",드릴비트세트,,,,True,,
드릴용 양용 드라이버,success,드릴비트세트,"드릴비트세트, 드라이버세트, 드릴비트, 목공용드릴비트, 철공용드릴비트",드라이버세트,,,,False,,
드릴촉,success,전동드릴,"전동드릴, 드릴비트, 스패너, 손타카, 임팩트드릴",드릴비트,,,,False,,
드릴프레스(13MM),success,철공용드릴비트,"철공용드릴비트, 클램프미터, 고속절단기, 목공용드릴비트, 철공용드릴비트세트",철공용드릴비트,,,13MM,False,,
등대기톱 1개,success,스패너세트,"스패너세트, 원형톱, 목공줄, 모종삽, 절단석",원형톱,,,,False,,
등대긴톱(목공톱),success,원형톱,"원형톱, 쇠톱, 접톱, 목공줄, 스패너세트",목공줄,,,,False,,
등산스틱,success,육각렌치,"육각렌치, 수평기, 모종삽, 글루스틱, 스패너세트",모종삽,,,,False,,
등산용 아이젠 대,success,냉동라쳇렌치,"냉동라쳇렌치, 다이아고날플라이어, 앤드컷팅니퍼, 옵셋렌치, 버니어캘리퍼스",냉동라쳇렌치,,,,True,,
등산용 아이젠 소,success,쇠지렛대,"쇠지렛대, 편구스패너, 타일컷터, 와이어스트리퍼, 전동드릴",쇠지렛대,,,,True,,
등산용 아이젠 중,success,육각렌치,"육각렌치, 타일컷터, 편구스패너, 와이어스트리퍼, 양용드라이버",육각렌치,,,,True,,
디럭스 공구세트,success,소켓렌치세트,"소켓렌치세트, 전동공구세트, 공구세트, 끌세트, 스패너세트",공구세트,,,,False,,
디스크 그라인다4,success,소켓렌치세트,"소켓렌치세트, 라쳇렌치세트, 스패너세트, 볼렌치세트, 편구스패너",소켓렌치세트,,,,True,,
디스크 그라인더,success,버니어캘리퍼스,"버니어캘리퍼스, 다이아고날플라이어, 냉동라쳇렌치, 바이스그립플라이어, 앵글그라인더",앵글그라인더,,,,False,앵글그라인더,True
디스크그라인더,success,다이아고날플라이어,"다이아고날플라이어, 버니어캘리퍼스, 플라이어렌치, 옵셋렌치, 굽은노즈플라이어",다이아고날플라이어,,,,True,,
디스크샌더페파(100방),success,소켓렌치세트,"소켓렌치세트, 전동공구세트, 스패너세트, SDS드릴비트, 고속절단기",고속절단기,,,100방,False,,
디스크샌더페파(240방),success,SDS드릴비트,"SDS드릴비트, 전동공구세트, 육각렌치세트, 고속절단기, 정밀드라이버세트",고속절단기,,,240방,False,,
디월트,success,장도리,"장도리, 공구함, 돌망치, 다이스세트, 납볼망치",장도리,디월트(DeWalt),,,True,,
디월트 DCD709L2,success,SDS드릴비트,"SDS드릴비트, 전동공구세트, 정밀드라이버세트, 소켓렌치세트, 별렌치세트",전동공구세트,디월트(DeWalt),배터리,,False,충전드릴,False
디월트 공구함세트,success,공구함세트,"공구함세트, 기어렌치세트, T렌치세트, 소켓렌치세트, 공구세트",공구함세트,디월트(DeWalt),,,False,공구함세트,True
디월트 전동드릴(전화 문의),success,충전드릴,"충전드릴, 전동공구세트, 전지가위, SDS드릴비트, 드릴비트세트",충전드릴,디월트(DeWalt),,,False,전동드릴,False
디월트 타카,success,전동타카,"전동타카, 토크렌치, 전선릴, 타일컷터, 편구스패너",전동타카,디월트(DeWalt),,,False,건타카,False
디지메틱켈퍼 1개,success,와이어스트리퍼,"와이어스트리퍼, 편구스패너, 타일컷터, 전선릴, 쇠지렛대",와이어스트리퍼,,,,True,,
디지털 멀티미터,success,디지털수평기,"디지털수평기, 전자산업용니퍼, 클램프미터, 멀티테스터, SDS드릴비트",멀티테스터,,,,False,,
디지털멀티메타,success,디지털수평기,"디지털수평기, 전자산업용니퍼, SDS드릴비트, 에어컴프레서, 전동공구세트",디지털수평기,,,,False,,
디지털소음계,success,디지털수평기,"디지털수평기, 전자산업용니퍼, SDS드릴비트, 에어컴프레서, 전동압착기",디지털수평기,,,,False,,
디지털염도계,success,디지털수평기,"디지털수평기, 전자산업용니퍼, SDS드릴비트, 에어컴프레서, 전동공구세트",디지털수평기,,,,False,,
디지털클램프,success,디지털수평기,"디지털수평기, 전자산업용니퍼, SDS드릴비트, 에어컴프레서, 클램프미터",클램프미터,,,,False,,
디지털테스터기,success,디지털수평기,"디지털수평기, 전자산업용니퍼, SDS드릴비트, 에어컴프레서, 보안경",디지털수평기,,,,False,,
땜납,success,쇠지렛대,"쇠지렛대, 편구스패너, 스크레퍼, 플라이어, 끌세트",스크레퍼,,,,False,,
라돈기,success,장도리,"장도리, 돌망치, 글루스틱, 모종삽, 직각자",장도리,,,,True,,
라돈측정기,success,라돈측정기,"라돈측정기, 별렌치세트, 육각렌치세트, 육각렌치, 직각자",라돈측정기,,,,False,라돈측정기,True
라디오 펜치,success,송풍기,"송풍기, 보안경, 전동공구세트, 전지가위, SDS드릴비트",전지가위,,배터리,,False,,
라디오펜지,success,소켓렌치세트,"소켓렌치세트, 전동드릴, 에어컴프레서, 송풍기, 편구스패너",소켓렌치세트,,,,True,,
라디오펜찌,success,전동공구세트,"전동공구세트, 송풍기, 소켓렌치세트, 전지가위, 보안경",전지가위,,배터리,,False,,
라디오펜치,success,송풍기,"송풍기, 전동공구세트, 보안경, 소켓렌치세트, 전지가위",전지가위,,,,False,,
라디오펜치(6#),success,전동공구세트,"전동공구세트, 소켓렌치세트, 기어렌치세트, SDS드릴비트, 스패너세트",전동공구세트,,,,True,,
라인칼라드라이버 4개,success,라쳇렌치세트,"라쳇렌치세트, 편구스패너, 굽은노즈플라이어, 와이어스트리퍼, 볼렌치세트",라쳇렌치세트,,,,False,,
라챗핸들(3/8인치),success,소켓렌치세트,"소켓렌치세트, 스패너세트, 기어렌치세트, T렌치세트, 볼렌치세트",소켓렌치세트,,,3/8인치,False,,
라체트,success,장도리,"장도리, 다이스세트, 돌망치, 볼렌치, 타카",다이스세트,,,,False,,
라체트드라이버,success,카운터싱크,"카운터싱크, 육각렌치, 스패너세트, 볼렌치세트, 소켓렌치세트",볼렌치세트,,,,False,,
라쳇 렌치 소켓 세트,success,라쳇렌치세트,"라쳇렌치세트, 다이아고날플라이어, 플라이어렌치, 옵셋렌치, 굽은노즈플라이어",라쳇렌치세트,,,,False,,
라쳇드라이버 세트,success,소켓렌치세트,"소켓렌치세트, 볼렌치세트, 라쳇렌치세트, 편구스패너, 스패너세트",라쳇렌치세트,,,,False,,
라쳇드라이버세트,success,소켓렌치세트,"소켓렌치세트, 볼렌치세트, 편구스패너, 스패너세트, 라쳇렌치세트",라쳇렌치세트,,,,False,,
라쳇렌치,success,플라이어렌치,"플라이어렌치, 옵셋렌치, 다이아고날플라이어, 스냅링플라이어, 앵글그라인더",옵셋렌치,,,,False,,
라쳇세트3개,success,소켓렌치세트,"소켓렌치세트, 스패너세트, T렌치세트, 기어렌치세트, 볼렌치세트",소켓렌치세트,,,,False,,
라쳇소켓세트,success,라쳇렌치세트,"라쳇렌치세트, 편구스패너, 볼렌치세트, 소켓렌치세트, 스크레퍼",라쳇렌치세트,,,,False,,
라쳇핸들 1개,success,편구스패너,"편구스패너, 와이어스트리퍼, 전선릴, 타일컷터, 쇠지렛대",쇠지렛대,,,,False,,
"라쳇핸들(6,35mm)",success,소켓렌치세트,"소켓렌치세트, 전동공구세트, 스패너세트, 별렌치세트, 드릴비트세트",소켓렌치세트,,,6.35mm,True,,
라쳇핸들(6.35mm),success,전동공구세트,"전동공구세트, 클램프미터, 소켓렌치세트, 스패너세트, 드릴비트세트",전동공구세트,,,6.35mm,True,,
락킹 플라이어,success,다이아고날플라이어,"다이아고날플라이어, 스냅링플라이어, 앵글그라인더, 플라이어렌치, 옵셋렌치",다이아고날플라이어,,,,False,바이스그립플라이어,False
락킹플라이어,success,스냅링플라이어,"스냅링플라이어, 다이아고날플라이어, 옵셋렌치, 앵글그라인더, 플라이어렌치",스냅링플라이어,,,,False,,
락킹플라이어,success,스냅링플라이어,"스냅링플라이어, 다이아고날플라이어, 옵셋렌치, 앵글그라인더, 플라이어렌치",스냅링플라이어,,,,False,,
락킹플라이어 롱노우즈형,success,롱노즈플라이어,"롱노즈플라이어, 바이스그립플라이어, 냉동라쳇렌치, 앵글그라인더, 다이아고날플라이어",롱노즈플라이어,,,,False,,
래칫스크루드라이버세트,success,소켓렌치세트,"소켓렌치세트, 스패너세트, 전동공구세트, 기어렌치세트, T렌치세트",전동공구세트,,,,False,,
랜턴,success,렌치,"렌치, 샌더, 커터, 스크레퍼, 전선릴",렌치,,,,False,LED손전등,False
랜턴(충전식),success,커터,"커터, 양용드라이버, 장도리, 스크레퍼, 줄자",커터,,충전식,,True,,
랜턴(충전용),success,커터,"커터, 장도리, 샌더, 렌치, 스크레퍼",렌치,,충전식,,False,,
러그 캠핑릴선 초슬림 4구 접지 코드릴 연장작업선,success,로터리해머드릴,"로터리해머드릴, 소켓렌치세트, 타일컷터, 편구스패너, 스패너세트",로터리해머드릴,,,,False,,
러비더비(종치기),success,고무망치,"고무망치, 와이어스트리퍼, 전선릴, 양용드라이버, 전동드릴",양용드라이버,,,,False,,
레녹스 쇠톱대 12,success,편구스패너,"편구스패너, 와이어스트리퍼, 쇠지렛대, 앤드컷팅니퍼, 라쳇렌치세트",쇠지렛대,,,,False,,
레이저 거리 측정기,success,레이저거리측정기,"레이저거리측정기, 레이저수평기, 라돈측정기, 적외선온도계, 고속절단기",레이저거리측정기,,,,False,,
레이저 거리측정기,success,레이저거리측정기,"레이저거리측정기, 레이저수평기, 라돈측정기, 적외선온도계, 별렌치세트",레이저거리측정기,,,,False,,
레이저 레벨기,success,레이저수평기,"레이저수평기, 레이저거리측정기, 라돈측정기, 별렌치세트, 볼트컷터",레이저수평기,,,,False,,
레이저 범위 측정기,success,레이저거리측정기,"레이저거리측정기, 레이저수평기, 라돈측정기, 클램프미터, 적외선온도계",레이저거리측정기,,,,False,,
레이저 수평계,success,레이저수평기,"레이저수평기, 레이저거리측정기, 라돈측정기, 별렌치세트, 고속절단기",레이저수평기,,,,False,,
레이저 줄자,success,레이저수평기,"레이저수평기, 열화상카메라, 볼트컷터, 별렌치세트, 볼렌치세트",레이저수평기,,,,False,,
레이저 측정기,success,레이저거리측정기,"레이저거리측정기, 레이저수평기, 라돈측정기, 클램프미터, 적외선온도계",레이저거리측정기,,,,False,,
레이저거리측정기,success,레이저거리측정기,"레이저거리측정기, 레이저수평기, 라돈측정기, 적외선온도계, 별렌치세트",레이저거리측정기,,,,False,,
"레이저레벨기(수평기),삼각대",success,별렌치세트,"별렌치세트, 소켓렌치세트, 스패너세트, 전동공구세트, 볼렌치세트",전동공구세트,,,,False,,
레이저줄자,success,레이저수평기,"레이저수평기, 열화상카메라, 별렌치세트, 볼트컷터, 소켓렌치세트",레이저수평기,,,,False,,
레이저측정기,success,레이저거리측정기,"레이저거리측정기, 레이저수평기, 라돈측정기, 별렌치세트, 적외선온도계",레이저거리측정기,,,,False,,
레이져거리측정기,success,레이저거리측정기,"레이저거리측정기, 라돈측정기, 레이저수평기, 별렌치세트, 육각렌치세트",레이저거리측정기,,,,False,,
레이져거리측정기,success,레이저거리측정기,"레이저거리측정기, 라돈측정기, 레이저수평기, 별렌치세트, 육각렌치세트",레이저거리측정기,,,,False,,
레져용 구명조끼,success,기어렌치세트,"기어렌치세트, 목공줄, 스패너세트, T렌치세트, 전지가위",기어렌치세트,,,,True,,
렌찌(set) 링타입(일제),success,T렌치세트,"T렌치세트, 기어렌치세트, 소켓렌치세트, 스패너세트, 전동공구세트",소켓렌치세트,,,,False,,
렌치,success,렌치,"렌치, 스크레퍼, 고무망치, 전선릴, 플라이어",렌치,,,,False,,
렌치 SET,success,T렌치세트,"T렌치세트, 기어렌치세트, 스패너세트, 끌세트, 소켓렌치세트",T렌치세트,,,,False,,
렌치 세트 접육각 21171,success,기어렌치세트,"기어렌치세트, 전동공구세트, T렌치세트, 소켓렌치세트, 조합렌치세트",소켓렌치세트,,,접육각 21171,False,,
렌치 세트 접육각 21172,success,전동공구세트,"전동공구세트, 별렌치세트, 기어렌치세트, 소켓렌치세트, T렌치세트",소켓렌치세트,,,접육각 21172,False,,
렌치(41mm),success,클램프미터,"클램프미터, 고속절단기, 전동공구세트, 공구세트, 별렌치세트",별렌치세트,,,41mm,False,,
렌치(44mm),success,클램프미터,"클램프미터, 고속절단기, 전동공구세트, 공구세트, 강력니퍼",강력니퍼,,,44mm,False,,
렌치류,success,장도리,"장도리, 모종삽, 빠루망치, 육각렌치, 커터",육각렌치,,,,False,,
렌치세트,success,소켓렌치세트,"소켓렌치세트, 스패너세트, 끌세트, T렌치세트, 기어렌치세트",소켓렌치세트,,,,False,,
렌턴,success,렌치,"렌치, 커터, 샌더, 장도리, 펜치",렌치,,,,False,,
렝가고대,success,옵셋렌치,"옵셋렌치, 플라이어렌치, 굽은노즈플라이어, 전선릴, 플라이어",옵셋렌치,,,,False,,
로겐드라이버,success,와이어스트리퍼,"와이어스트리퍼, 양용드라이버, 편구스패너, 토크렌치, 타일컷터",양용드라이버,,,,False,,
"로보스타(10#,12#)",success,소켓렌치세트,"소켓렌치세트, 볼렌치세트, 기어렌치세트, 스패너세트, T렌치세트",소켓렌치세트,,,"10#, 12#",False,,
로보스터 워터펌프 플라이어,success,워터펌프플라이어,"워터펌프플라이어, 충전해머드릴, 굽은노즈플라이어, 옵셋렌치, 플라이어렌치",워터펌프플라이어,,,,False,,
로보스터 첼라 플라이어,success,냉동라쳇렌치,"냉동라쳇렌치, 다이아고날플라이어, 바이스그립플라이어, 스냅링플라이어, 앵글그라인더",다이아고날플라이어,,,,False,,
로브스터 첼라,success,앤드컷팅니퍼,"앤드컷팅니퍼, 다이아고날플라이어, 냉동라쳇렌치, 옵셋렌치, 플라이어렌치",앤드컷팅니퍼,,,,True,,
로브스터첼라,success,와이어스트리퍼,"와이어스트리퍼, 앤드컷팅니퍼, 전선릴, 편구스패너, 라쳇렌치세트",와이어스트리퍼,,,,True,,
로킹 프라이어,success,다이아고날플라이어,"다이아고날플라이어, 옵셋렌치, 스냅링플라이어, 앤드컷팅니퍼, 플라이어렌치",다이아고날플라이어,,,,False,,
로터리 햄머(스탠리),success,굽은노즈플라이어,"굽은노즈플라이어, 플라이어렌치, 다이아고날플라이어, 스냅링플라이어, 옵셋렌치",굽은노즈플라이어,스탠리,,,True,,
로터리해머,success,로터리해머드릴,"로터리해머드릴, 굽은노즈플라이어, 스냅링플라이어, 다이아고날플라이어, 플라이어렌치",로터리해머드릴,,,,False,,
로터리햄머드릴,success,타일컷터,"타일컷터, 로터리해머드릴, 해머드릴, 쇠지렛대, 와이어스트리퍼",로터리해머드릴,,,,False,,
롱 노우즈,success,롱노즈플라이어,"롱노즈플라이어, 굽은노즈플라이어, 플라이어렌치, 전동드라이버, 라쳇렌치세트",롱노즈플라이어,,,,False,,
롱 노우즈 플라이어,success,앵글그라인더,"앵글그라인더, 바이스그립플라이어, 다이아고날플라이어, 냉동라쳇렌치, 롱노즈플라이어",롱노즈플라이어,,,,False,,
롱 노즈,success,원형톱,"원형톱, 목공줄, T렌치세트, 육각렌치, 빠루망치",T렌치세트,,,,False,,
롱 로우즈 1개,success,스패너세트,"스패너세트, 기어렌치세트, T렌치세트, 소켓렌치세트, 만능렌치",만능렌치,,,,False,,
롱L볼렌치셋트,success,라쳇렌치세트,"라쳇렌치세트, 롱노즈플라이어, 볼렌치세트, 소켓렌치세트, 편구스패너",볼렌치세트,,,,False,,
롱노우즈,success,롱노즈플라이어,"롱노즈플라이어, 양용드라이버, 토크렌치, 렌치, 굽은노즈플라이어",롱노즈플라이어,,,,False,,
롱노우즈 1개,success,스패너세트,"스패너세트, 만능렌치, 빠루망치, 소켓렌치세트, 편구스패너",스패너세트,,,,True,,
롱노우즈 바이스 플라이어,success,롱노즈플라이어,"롱노즈플라이어, 바이스그립플라이어, 앵글그라인더, 냉동라쳇렌치, 다이아고날플라이어",롱노즈플라이어,,,,False,,
롱노우즈 프라이어,success,롱노즈플라이어,"롱노즈플라이어, 다이아고날플라이어, 옵셋렌치, 스냅링플라이어, 플라이어렌치",롱노즈플라이어,,,,False,,
롱노우즈 플라이어,success,롱노즈플라이어,"롱노즈플라이어, 앵글그라인더, 다이아고날플라이어, 냉동라쳇렌치, 바이스그립플라이어",롱노즈플라이어,,,,False,,
롱노우즈 플라이어(6인치),success,롱노즈플라이어,"롱노즈플라이어, 굽은노즈플라이어, 옵셋렌치, 다이아고날플라이어, 플라이어렌치",롱노즈플라이어,,,6인치,False,,
롱노우즈라디오펜치,success,양용드라이버,"양용드라이버, 와이어스트리퍼, 편구스패너, 소켓렌치세트, 전동드릴",소켓렌치세트,,,,False,,
롱노우즈플라이어,success,롱노즈플라이어,"롱노즈플라이어, 앵글그라인더, 다이아고날플라이어, 냉동라쳇렌치, 바이스그립플라이어",롱노즈플라이어,,,,False,,
롱노우즈플라이어 1개,success,롱노즈플라이어,"롱노즈플라이어, 굽은노즈플라이어, 라쳇렌치세트, 플라이어렌치, 옵셋렌치",롱노즈플라이어,,,,False,,
롱노우즈플라이어 8'' 2개,success,편구스패너,"편구스패너, 소켓렌치세트, 라쳇렌치세트, 스패너세트, 볼렌치세트",편구스패너,,,"길이 8'', 수량 2개",True,,
롱노즈,success,빠루망치,"빠루망치, 육각렌치, 장도리, 카운터싱크, 강력니퍼",카운터싱크,,,,False,롱노즈플라이어,False
롱노즈 6,success,소켓렌치세트,"소켓렌치세트, 기어렌치세트, 강력니퍼, T렌치세트, 스패너세트",강력니퍼,,,,False,,
롱노즈 6인치,success,소켓렌치세트,"소켓렌치세트, 스패너세트, 기어렌치세트, 전동공구세트, T렌치세트",소켓렌치세트,,,6인치,False,,
롱노즈 플라이어,success,롱노즈플라이어,"롱노즈플라이어, 다이아고날플라이어, 앵글그라인더, 플라이어렌치, 굽은노즈플라이어",롱노즈플라이어,,,,False,,
롱노즈 플라이어(150mm),success,클램프미터,"클램프미터, 고속절단기, 전동공구세트, 철공용드릴비트, 공구세트",플라이어,,,"롱노즈, 길이 150mm",False,,
롱노즈6',success,소켓렌치세트,"소켓렌치세트, 스패너세트, 별렌치세트, 기어렌치세트, 강력니퍼",강력니퍼,,,,False,,
롱노즈플라이어,success,롱노즈플라이어,"롱노즈플라이어, 다이아고날플라이어, 앵글그라인더, 스냅링플라이어, 옵셋렌치",롱노즈플라이어,,,,False,,
롱로우즈,success,빠루망치,"빠루망치, 장도리, 편구스패너, 육각렌치, 고무망치",빠루망치,,,,True,롱노즈플라이어,False
롱로우즈 2개,success,기어렌치세트,"기어렌치세트, 스패너세트, T렌치세트, 목공줄, 만능렌치",목공줄,,,,False,,
롱로우즈 6″,success,소켓렌치세트,"소켓렌치세트, 편구스패너, 스패너세트, 볼렌치세트, 라쳇렌치세트",소켓렌치세트,,,6인치 롱 로우즈 스패너,True,,
롱로우즈 곡선 45도 11인치(TL),success,고속절단기,"고속절단기, 클램프미터, 육각렌치세트, 라돈측정기, 전동공구세트",고속절단기,,,"롱로우즈, 곡선 45도, 11인치",False,,
롱로우즈(6인치),success,스패너세트,"스패너세트, 소켓렌치세트, 만능렌치, 기어렌치세트, 빠루망치",스패너세트,,,6인치,True,,
롱로우즈(8' 펜치),success,기어렌치세트,"기어렌치세트, 스패너세트, 전동공구세트, T렌치세트, 소켓렌치세트",소켓렌치세트,,,"롱로우즈, 길이 8 인치 펜치",False,,
롱로우즈6,success,소켓렌치세트,"소켓렌치세트, 스패너세트, 기어렌치세트, T렌치세트, 볼렌치세트",소켓렌치세트,,,,True,,
롱로우즈플라이어 4개,success,라쳇렌치세트,"라쳇렌치세트, 굽은노즈플라이어, 플라이어렌치, 옵셋렌치, 편구스패너",플라이어렌치,,,,False,,
롱로즈,success,빠루망치,"빠루망치, 장도리, 육각렌치, 다이스세트, 강력니퍼",빠루망치,,,,True,롱노즈플라이어,False
롱로즈 1개,success,스패너세트,"스패너세트, 소켓렌치세트, 기어렌치세트, T렌치세트, 만능렌치",스패너세트,,,,True,,
롱로즈 2개,success,기어렌치세트,"기어렌치세트, 스패너세트, T렌치세트, 소켓렌치세트, 만능렌치",기어렌치세트,,,,True,,
롱로즈 플라이어 1개,success,편구스패너,"편구스패너, 소켓렌치세트, 스패너세트, 플라이어세트, 볼렌치세트",플라이어세트,,,,False,,
롱로즈 플라이어 2개,success,편구스패너,"편구스패너, 스패너세트, 소켓렌치세트, 볼렌치세트, 플라이어세트",플라이어세트,,,,False,,
롱로즈(1),success,소켓렌치세트,"소켓렌치세트, 볼렌치세트, 스패너세트, T렌치세트, 기어렌치세트",소켓렌치세트,,,,True,,
롱로즈(2),success,소켓렌치세트,"소켓렌치세트, 볼렌치세트, T렌치세트, 기어렌치세트, 스패너세트",소켓렌치세트,,,,True,,
롱로즈(6″),success,스패너세트,"스패너세트, 기어렌치세트, 소켓렌치세트, 전동공구세트, T렌치세트",스패너세트,,,"6""",True,,
롱별렌치세트(T10~T40),success,전동공구세트,"전동공구세트, 정밀드라이버세트, T렌치세트, 고속절단기, 철공용드릴비트세트",T렌치세트,,,T10~T40,False,,
롱볼렌치세트,success,기어렌치세트,"기어렌치세트, T렌치세트, 전동공구세트, 육각렌치세트, 소켓렌치세트",소켓렌치세트,,,,False,,
롱볼렌치세트(9pcs),success,고속절단기,"고속절단기, 육각렌치세트, 전동공구세트, 클램프미터, 기어렌치세트",기어렌치세트,,,,False,,
롱볼렌치셋트(육각렌치),success,전동공구세트,"전동공구세트, 육각렌치세트, 기어렌치세트, T렌치세트, 소켓렌치세트",육각렌치세트,,,,False,,
루미큐브,success,플라이어,"플라이어, 플라이어렌치, 렌치, 라쳇렌치세트, 스크레퍼",플라이어,,,,True,,
루핑루이,success,플라이어렌치,"플라이어렌치, 플라이어, 옵셋렌치, 전선릴, 굽은노즈플라이어",플라이어,,,,False,,
룩스패드43 203스탠드,success,전동공구세트,"전동공구세트, 정밀드라이버세트, SDS드릴비트, 공구세트, 소켓렌치세트",공구세트,,,,False,,
리드선,success,니퍼,"니퍼, 글루건, 장도리, 줄자, 돌망치",줄자,,,,False,,
리베터,success,돌망치,"돌망치, 장도리, 줄자, 빠루망치, 카운터싱크",돌망치,,,,False,,
리베트건,success,글루건,"글루건, 돌망치, 줄자, 니퍼, 장도리",글루건,,,,False,,
리벳건,success,렌치,"렌치, 플라이어, 핀펀치, 전선릴, 스크레퍼",핀펀치,,,,False,,
리벳트건,success,장도리,"장도리, 커터, 고무망치, 빠루망치, 편구스패너",편구스패너,,,,False,,
리튬이온 밧데리,success,충전해머드릴,"충전해머드릴, 끌세트, 고압세척기, 드릴비트세트, 충전드릴",충전드릴,,충전식,,False,,
리튬이온 배터리 충전기,success,배터리팩,"배터리팩, 충전임팩트드라이버, 충전드릴, 전기인두, 충전해머드릴",배터리팩,,충전식(무선),,False,,
리튬충전드릴 1개,success,충전드릴,"충전드릴, 고속절단기, 전동공구세트, 드릴비트세트, 공구세트",충전드릴,,충전식,,False,,
리튬헤머드릴,success,충전해머드릴,"충전해머드릴, 타일컷터, 해머드릴, 고압세척기, 에어컴프레서",해머드릴,,,,False,,
릴 선,success,다이아고날플라이어,"다이아고날플라이어, 옵셋렌치, 냉동라쳇렌치, 앵글그라인더, 플라이어렌치",다이아고날플라이어,,,,True,,
릴 전선(50m),success,고속절단기,"고속절단기, 클램프미터, 전동공구세트, 철공용드릴비트, 목공용드릴비트",고속절단기,,,50m,True,,
릴선,success,렌치,"렌치, 전선릴, 장도리, 스크레퍼, 다이스세트",전선릴,,,,False,,
"릴선 1,530M",success,클램프미터,"클램프미터, 고속절단기, 전동공구세트, 만능렌치, 별렌치세트",클램프미터,,,,True,,
릴선 1개,success,편구스패너,"편구스패너, 만능렌치, 전선릴, 스크레퍼, 장도리",전선릴,,,,False,,
릴선(28M),success,클램프미터,"클램프미터, 고속절단기, SDS드릴비트, 전동공구세트, T렌치세트",클램프미터,,,,True,,
릴선(30M),success,고속절단기,"고속절단기, 클램프미터, 빠루망치, 만능렌치, 전지가위",고속절단기,,,길이 30미터,True,,
릴선(45M),success,고속절단기,"고속절단기, 클램프미터, 전동공구세트, 강력니퍼, 전동압착기",고속절단기,,,,True,,
릴선(48M),success,클램프미터,"클램프미터, 고속절단기, 전동공구세트, 공구세트, 전동압착기",공구세트,,,,False,,
릴선(50M),success,고속절단기,"고속절단기, 클램프미터, 전동공구세트, 공구세트, 전동압착기",고속절단기,,,50M,True,,
릴전선,success,전선릴,"전선릴, 스크레퍼, 플라이어, 굽은노즈플라이어, 렌치",전선릴,,,,False,,
릴전선(50mm),success,클램프미터,"클램프미터, 철공용드릴비트, 고속절단기, 전동공구세트, 목공용드릴비트",고속절단기,,,릴전선 길이 50mm,False,,
릴호스,success,플라이어,"플라이어, 렌치, 전선릴, 스크레퍼, 플라이어렌치",전선릴,,,,False,,
릴호스(20M),success,클램프미터,"클램프미터, 고속절단기, 전동공구세트, SDS드릴비트, 공구세트",공구세트,,,,False,,
링 육각렌치,success,육각렌치,"육각렌치, 편구스패너, 카운터싱크, 소켓렌치세트, 볼렌치세트",육각렌치,,,,False,,
링고리렌치,success,옵셋렌치,"옵셋렌치, 플라이어렌치, 다이아고날플라이어, 스냅링플라이어, 굽은노즈플라이어",옵셋렌치,,,,False,,
링고리세트,success,라쳇렌치세트,"라쳇렌치세트, 편구스패너, 핀펀치, 볼렌치세트, 굽은노즈플라이어",라쳇렌치세트,,,,False,,
링고리셋트,success,플라이어렌치,"플라이어렌치, 굽은노즈플라이어, 옵셋렌치, 라쳇렌치세트, 전동드라이버",라쳇렌치세트,,,,False,,
마끼다 충전해머드릴(무선),success,충전해머드릴,"충전해머드릴, 충전드릴, 전동드릴, 타일컷터, 양용드라이버",충전해머드릴,마끼다,충전식(무선),,False,충전해머드릴,True
마끼다 해머드릴(유선),success,냉동라쳇렌치,"냉동라쳇렌치, 다이아고날플라이어, 앵글그라인더, 옵셋렌치, 스냅링플라이어",냉동라쳇렌치,마키타,유선,,True,해머드릴,False
마끼타 송풍기,success,전동타카,"전동타카, 편구스패너, 만능렌치, 타일컷터, 건타카",만능렌치,마끼다,유선,,False,,
마모된 피스 제거용 비트세트,success,피스제거용비트,"피스제거용비트, 비트세트, 공구함세트, 드릴비트세트, 소켓렌치세트",드릴비트세트,,,,False,,
마모된 피스제거용 비트,success,피스제거용비트,"피스제거용비트, 비트세트, 드릴비트세트, 공구함세트, 스패너세트",피스제거용비트,,,,False,피스제거용비트,True
마사지 매트,success,전선릴,"전선릴, 편구스패너, 커터, 스크레퍼, 와이어스트리퍼",전선릴,,,,True,,
마사지건,success,옵셋렌치,"옵셋렌치, 굽은노즈플라이어, 전선릴, 플라이어렌치, 스냅링플라이어",옵셋렌치,,,,True,,
마스크 1박스,success,방진마스크,"방진마스크, 직각자, 목공줄, 그립망치, 모종삽",방진마스크,,,,False,,
막대본드,success,편구스패너,"편구스패너, 타일컷터, 고무망치, 전선릴, 빠루망치",고무망치,,,,False,,
막삽,success,해머드릴,"해머드릴, 그립망치, 임팩트드릴, 빠루망치, 에어건",그립망치,,,,False,,
막삽(2),success,라쳇렌치세트,"라쳇렌치세트, 옵셋렌치, 앤드컷팅니퍼, 버니어캘리퍼스, 플라이어렌치",앤드컷팅니퍼,,,2,False,,
막줄자,success,해머드릴,"해머드릴, 전동드릴, 전선릴, 고무망치, 쇠지렛대",전선릴,,,,False,,
"막줄자(5,5M)",success,클램프미터,"클램프미터, 고속절단기, 전동공구세트, 육각렌치세트, 목공용드릴비트",육각렌치세트,,,"5mm, 5m",False,,
만능 렌치,success,만능렌치,"만능렌치, 직각자, 납볼망치, 빠루망치, 전지가위",만능렌치,,,,False,,
만능관통기,success,그립망치,"그립망치, 돌망치, 절단석, 고압세척기, 먹통",절단석,,,,False,,
만능드라이버핸들,success,양용드라이버,"양용드라이버, 전동드릴, 만능렌치, 해머드릴, 타일컷터",만능렌치,,,,False,,
만능랜지,success,만능렌치,"만능렌치, 전지가위, 직각자, 스패너세트, 납볼망치",만능렌치,,,,False,,
만능렌지,success,전선릴,"전선릴, 만능렌치, 열화상카메라, 편구스패너, 해머드릴",만능렌치,,,,False,,
만능렌치,success,만능렌치,"만능렌치, 빠루망치, 납볼망치, 임팩트드릴, 그립망치",만능렌치,,,,False,만능렌치,True
만능작업대,success,만능렌치,"만능렌치, 전지가위, 납볼망치, 빠루망치, 임팩트드릴",만능렌치,,,,False,,
만능지렛대,success,만능렌치,"만능렌치, 타일컷터, 전선릴, 편구스패너, 와이어스트리퍼",만능렌치,,,,False,,
만능톱,success,쇠톱,"쇠톱, 원형톱, 접톱, 절단석, 전정톱",원형톱,,,,False,,
만능톱 실톱용 톱날,success,쇠톱,"쇠톱, 원형톱, 접톱, 절단석, 목공줄",원형톱,,,,False,,
만능톱 패키지,success,스패너세트,"스패너세트, 드릴비트세트, 끌세트, 소켓렌치세트, 타일컷터",드릴비트세트,,,,False,,
망원경,success,라돈측정기,"라돈측정기, 레이저거리측정기, 레이저수평기, 별렌치세트, 클램프미터",라돈측정기,,,,True,,
망치,success,망치,"망치, 고무망치, 에어건, 렌치, 스크레퍼",망치,,,,False,망치,True
망치 1개,success,그립망치,"그립망치, 빠루망치, 만능렌치, 에어건, 임팩트드릴",그립망치,,,,False,,
망치 대,success,망치,"망치, 고무망치, 에어건, 해머드릴, 렌치",망치,,,,False,,
"망치 대,중,소",success,망치,"망치, 고무망치, 에어건, 해머드릴, 그립망치",망치,,,"대,중,소",False,,
망치 빠루,success,고무망치,"고무망치, 해머드릴, 망치, 빠루망치, 전동드릴",빠루망치,,,,False,,
망치 소,success,고무망치,"고무망치, 망치, 에어건, 커터, 빠루망치",망치,,,,False,,
망치 장도리,success,전선릴,"전선릴, 플라이어렌치, 굽은노즈플라이어, 와이어스트리퍼, 라쳇렌치세트",전선릴,,,,False,,
망치 중,success,그립망치,"그립망치, 임팩트드릴, 빠루망치, 고무망치, 만능렌치",그립망치,,,,False,,
망치(2),success,볼렌치세트,"볼렌치세트, 소켓렌치세트, 스패너세트, 만능렌치, T렌치세트",만능렌치,,,"크기·무게 등 기타 사양이 없으며, '망치(2)'는 일반적으로 만능렌치의 하나인 크랭크형 망치를 의미할 가능성이 높습니다.",False,,
망치(中),success,전동타카,"전동타카, 건타카, 니퍼, 타카핀, 강력니퍼",강력니퍼,,,,False,,
"망치(노루발o,x)",success,전동타카,"전동타카, 스패너세트, 소켓렌치세트, 만능렌치, 전동공구세트",전동타카,,,,False,,
망치(대),success,냉동라쳇렌치,"냉동라쳇렌치, 옵셋렌치, 플라이어렌치, 앤드컷팅니퍼, 다이아고날플라이어",냉동라쳇렌치,,,,True,,
"망치(대, 중, 소)",success,옵셋렌치,"옵셋렌치, 냉동라쳇렌치, 플라이어렌치, 굽은노즈플라이어, 다이아고날플라이어",옵셋렌치,,,,True,,
"망치(대,소)",success,옵셋렌치,"옵셋렌치, 냉동라쳇렌치, 앤드컷팅니퍼, 플라이어렌치, 다이아고날플라이어",플라이어렌치,,,,False,,
망치(소),success,전동타카,"전동타카, 건타카, 양용드라이버, 고무망치, 강력니퍼",고무망치,,,,False,,
망치(중),success,전동타카,"전동타카, 고무망치, 건타카, 빠루망치, 만능렌치",고무망치,,,,False,,
망치(중형) 2개,success,스패너세트,"스패너세트, 기어렌치세트, T렌치세트, 만능렌치, 목공줄",목공줄,,,"중형, 2개",False,,
망치(함마) 중형,success,전동타카,"전동타카, 빠루망치, 건타카, 만능렌치, 강력니퍼",빠루망치,,,,False,,
"망치, 고무망치",success,고무망치,"고무망치, 망치, 해머드릴, 전선릴, 전동드릴",고무망치,,,,False,,
"망치,장도리",success,망치,"망치, 고무망치, 전선릴, 옵셋렌치, 스냅링플라이어",망치,,,,False,,
망치/함마/장도리,success,옵셋렌치,"옵셋렌치, 충전해머드릴, 앤드컷팅니퍼, 굽은노즈플라이어, 쇠지렛대",쇠지렛대,,,,False,망치,False
망치고데기,success,굽은노즈플라이어,"굽은노즈플라이어, 스냅링플라이어, 옵셋렌치, 충전해머드릴, 쇠지렛대",쇠지렛대,,,,False,,
망치빠루,success,고무망치,"고무망치, 망치, 빠루망치, 전동드릴, 해머드릴",빠루망치,,,,False,,
망치빠루(도규),success,전선릴,"전선릴, 전동드릴, 충전해머드릴, 굽은노즈플라이어, 고무망치",고무망치,,,,False,,
망치펜치,success,전동타카,"전동타카, 토크렌치, 편구스패너, 스크레퍼, 납볼망치",납볼망치,,,,False,,
매직락 KMC-34 5.5M,success,고속절단기,"고속절단기, 클램프미터, 정밀드라이버세트, SDS드릴비트, 전동공구세트",고속절단기,마끼다(Makita),,,False,,
매직렌치,success,전선릴,"전선릴, 전동드라이버, 플라이어렌치, 옵셋렌치, 굽은노즈플라이어",옵셋렌치,,,,False,만능렌치,False
매직만능렌치,success,만능렌치,"만능렌치, 빠루망치, 해머드릴, 타일컷터, 전동드릴",만능렌치,,,,False,,
매트,success,커터,"커터, 손타카, 니퍼, 펜치, 스패너",커터,,,,True,,
매트리스 살균기,success,글루스틱,"글루스틱, 모종삽, 먹통, 목공줄, 고지가위",모종삽,,,,False,,
맥그립 화이바줄자,success,냉동라쳇렌치,"냉동라쳇렌치, 바이스그립플라이어, 앤드컷팅니퍼, 버니어캘리퍼스, 다이아고날플라이어",바이스그립플라이어,,,,False,,
맥그립줄자(5.5m),success,클램프미터,"클램프미터, 고속절단기, 목공용드릴비트, 육각렌치세트, 전동공구세트",전동공구세트,,,줄자 길이 5.5m,False,,
맥그립줄자(7.5m),success,클램프미터,"클램프미터, 고속절단기, 목공용드릴비트, 전동공구세트, 공구세트",공구세트,,,줄자 길이: 7.5m,False,,
멀티 재봉틀,success,목공용접톱,"목공용접톱, 철공용드릴비트세트, 목공용드릴비트, 공구함세트, 드릴비트세트",공구함세트,,,,False,,
멀티고기불판,success,고지가위,"고지가위, 목공줄, 피스제거용비트, 공구세트, 전동공구세트",전동공구세트,,,,False,,
멀티공구세트,success,전동공구세트,"전동공구세트, 조합렌치세트, 멀티테스터, 공구세트, 공구함세트",공구세트,,,,False,,
멀티손타카,success,멀티테스터,"멀티테스터, 전동공구세트, 조합렌치세트, 전동압착기, T렌치세트",멀티테스터,,,,False,,
멀티카터,success,전동공구세트,"전동공구세트, 정밀드라이버세트, 멀티테스터, 공구세트, 전동압착기",멀티테스터,,,,False,,
멀티커터,success,멀티테스터,"멀티테스터, 정밀드라이버세트, 전동공구세트, 공구세트, 조합렌치세트",멀티테스터,,,,False,,
멀티커터날(스매시),success,전동공구세트,"전동공구세트, 소켓렌치세트, 고속절단기, 스패너세트, 멀티테스터",고속절단기,스마토,,,False,,
멀티타카,success,멀티테스터,"멀티테스터, 조합렌치세트, 전동압착기, 전동공구세트, T렌치세트",멀티테스터,,,,False,,
멀티탭,success,탭세트,"탭세트, 멀티테스터, 다림추, 정밀드라이버세트, T렌치세트",탭세트,,,,False,,
멀티테스터,success,멀티테스터,"멀티테스터, 전동압착기, 조합렌치세트, 전동공구세트, T렌치세트",멀티테스터,,,,False,멀티테스터,True
멍키렌치,success,고무망치,"고무망치, 렌치, 스크레퍼, 전선릴, 쇠지렛대",렌치,,,,False,,
멍키스패너,success,굽은노즈플라이어,"굽은노즈플라이어, 플라이어, 플라이어렌치, 스냅링플라이어, 옵셋렌치",옵셋렌치,,,,False,,
메가테스터기,success,만능렌치,"만능렌치, 납볼망치, 그립망치, 타일컷터, 전동압착기",만능렌치,,,,False,,
메리 네지러,success,냉동라쳇렌치,"냉동라쳇렌치, 앤드컷팅니퍼, 다이아고날플라이어, 버니어캘리퍼스, 옵셋렌치",냉동라쳇렌치,,,,True,,
메타보 직소,success,전지가위,"전지가위, 납볼망치, 전동압착기, 전동공구세트, 센터펀치",전지가위,,배터리,,False,,
면줄자,success,만능렌치,"만능렌치, 빠루망치, 그립망치, 납볼망치, 임팩트드릴",만능렌치,,,,False,,
"면줄자(30,50M)",success,클램프미터,"클램프미터, 육각렌치세트, 고속절단기, SDS드릴비트, 전동공구세트",클램프미터,,,"면줄자(30,50M)",False,,
면줄자(50M),success,클램프미터,"클램프미터, 육각렌치세트, SDS드릴비트, 고속절단기, 전동공구세트",고속절단기,,,면줄자(50M),False,,
모두의마블,success,만능렌치,"만능렌치, 해머드릴, 전선릴, 고무망치, 전동드릴",만능렌치,,,,False,,
모종삽,success,모종삽,"모종삽, 장도리, 스패너세트, 글루스틱, 편구스패너",모종삽,,,,False,모종삽,True
모종삽(소형),success,소켓렌치세트,"소켓렌치세트, 스패너세트, 기어렌치세트, T렌치세트, 모종삽",모종삽,,,소형,False,,
목고용쇠톱,success,쇠톱,"쇠톱, 원형톱, 접톱, 목공줄, 절단석",쇠톱,,,,False,,
목공 고무망치,success,목공줄,"목공줄, 고무망치, 빠루망치, 만능렌치, 타일컷터",고무망치,,,,False,,
목공 드릴비트,success,목공용드릴비트,"목공용드릴비트, 목공줄, 드릴비트세트, 철공용드릴비트, 드릴비트",드릴비트,,,,False,,
목공 삼각자,success,목공줄,"목공줄, 스패너세트, 기어렌치세트, T렌치세트, 소켓렌치세트",목공줄,,,,False,,
목공 톱날(대중소),success,쇠톱,"쇠톱, 원형톱, 목공줄, 목공톱, 접톱",목공톱,,,대중소,False,,
목공기리,success,목공줄,"목공줄, 그립망치, 돌망치, 송풍기, 에어타카",목공줄,,,,False,,
목공본드 1개,success,목공줄,"목공줄, 만능렌치, 드릴비트, 그립망치, 빠루망치",목공줄,,,,False,,
목공쇠톱,success,쇠톱,"쇠톱, 원형톱, 접톱, 목공줄, 목공용접톱",쇠톱,,,,False,,
목공용 끌,success,목공용드릴비트,"목공용드릴비트, 목공줄, 드릴비트세트, 철공용드릴비트, 끌세트",끌세트,,,,False,,
목공용 쇠톱,success,목공용접톱,"목공용접톱, 쇠톱, 원형톱, 접톱, 목공용드릴비트",쇠톱,,,,False,,
"목공용 쇠톱(전정톱, 곡선)",success,목공용접톱,"목공용접톱, 쇠톱, 원형톱, 전정톱, 접톱",쇠톱,,,"전정톱, 곡선",False,,
"목공용 쇠톱(전정톱, 직선)",success,목공용접톱,"목공용접톱, 쇠톱, 전정톱, 원형톱, 접톱",쇠톱,,,"목공용, 전정톱, 직선",False,,
목공용 외날톱,success,원형톱,"원형톱, 쇠톱, 접톱, 목공용접톱, 목공줄",목공용접톱,,,,False,,
목공용 접톱,success,목공용접톱,"목공용접톱, 접톱, 쇠톱, 원형톱, 목공줄",목공용접톱,,,,False,목공용접톱,True
목공용 톱,success,목공용접톱,"목공용접톱, 톱, 쇠톱, 접톱, 원형톱",톱,,,,False,,
목공용 톱(소),success,목공용접톱,"목공용접톱, 목공용드릴비트, 쇠톱, 원형톱, 목공줄",원형톱,,,,False,,
목공용 톱(톱자루+날),success,목공용접톱,"목공용접톱, 쇠톱, 원형톱, 목공줄, 드릴비트세트",목공용접톱,,,,False,,
목공용 홀쑈,success,쇠지렛대,"쇠지렛대, 타일컷터, 편구스패너, 와이어스트리퍼, 전선릴",쇠지렛대,,,,False,,
목공용접톱,success,목공용접톱,"목공용접톱, 원형톱, 쇠톱, 목공줄, 목공용드릴비트",목공용접톱,,,,False,,
목공용톱,success,쇠톱,"쇠톱, 목공용접톱, 원형톱, 접톱, 목공톱",목공용접톱,,,,False,,
목공용톱 자루,success,목공용접톱,"목공용접톱, 원형톱, 목공용드릴비트, 쇠톱, 목공줄",목공용접톱,,,,False,,
목공용톱(265MM),success,클램프미터,"클램프미터, 목공용드릴비트, 목공용접톱, 철공용드릴비트세트, 철공용드릴비트",목공용접톱,,,265MM,False,,
목공용톱(5개),success,원형톱,"원형톱, 쇠톱, 기어렌치세트, 목공줄, 목공용접톱",목공용접톱,,,5개,False,,
목공용톱대,success,원형톱,"원형톱, 목공줄, 쇠톱, 모종삽, 스패너세트",원형톱,,,,False,,
목공줄,success,목공줄,"목공줄, 절단석, 그립망치, 드릴비트, 빠루망치",목공줄,,,,False,목공줄,True
목공줄 5380,success,전동공구세트,"전동공구세트, 목공용드릴비트, 공구세트, 고속절단기, 기어렌치세트",목공용드릴비트,,,,False,,
목공줄(200mm),success,클램프미터,"클램프미터, 목공용드릴비트, 철공용드릴비트, 드릴비트세트, 철공용드릴비트세트",목공용드릴비트,,,200mm,False,,
목공클램프 4개,success,전동공구세트,"전동공구세트, 목공용드릴비트, 드릴비트세트, 기어렌치세트, 스패너세트",전동공구세트,,,,True,,
목공톱,success,목공톱,"목공톱, 쇠톱, 원형톱, 왕복톱(레시프로쏘), 목공줄",목공톱,,,,False,,
목공톱 1개,success,원형톱,"원형톱, 목공줄, 목공톱, 쇠톱, 모종삽",목공톱,,,,False,,
목공형쇠톱,success,목공용접톱,"목공용접톱, 쇠톱, 원형톱, 목공줄, 접톱",쇠톱,,,,False,,
목공형쇠톱(전정톱),success,쇠톱,"쇠톱, 원형톱, 목공용접톱, 접톱, 전정톱",전정톱,,,,False,,
목발,success,접톱,"접톱, 쇠톱, 모종삽, 먹통, 커터",모종삽,,,,False,,
목발 보행보조기,success,전지가위,"전지가위, 목공줄, 육각렌치, 육각렌치세트, 직각자",직각자,,,,False,,
목발(대/중/소),success,고무망치,"고무망치, 해머드릴, 양용드라이버, 쇠지렛대, 앤드컷팅니퍼",쇠지렛대,,,,False,,
목재 톱,success,목공용접톱,"목공용접톱, 톱, 목공용드릴비트, 쇠톱, 커터칼",톱,,,,False,,
목재용 직소날,success,목공용드릴비트,"목공용드릴비트, 목공용접톱, 목공줄, 철판가위, 고지가위",목공용접톱,,,,False,,
목재톱,success,목공용접톱,"목공용접톱, 톱, 쇠톱, 접톱, 커터칼",톱,,,,False,,
목톱,success,접톱,"접톱, 쇠톱, 원형톱, 목공톱, 목공줄",목공톱,,,,False,,
몰딩빠루,success,빠루망치,"빠루망치, 만능렌치, 전동드릴, 해머드릴, 임팩트드릴",빠루망치,,,,False,,
못,success,고무망치,"고무망치, 해머드릴, 에어건, 그립망치, 임팩트드릴",고무망치,,,,True,,
몽키,success,렌치,"렌치, 고무망치, 에어건, 커터, 스크레퍼",스크레퍼,,,,False,몽키렌치,False
몽키 06“,success,전선릴,"전선릴, 와이어스트리퍼, 편구스패너, 스크레퍼, 전동드릴",전동드릴,,,,False,,
몽키 08“,success,옵셋렌치,"옵셋렌치, 전선릴, 전동드라이버, 와이어스트리퍼, 편구스패너",옵셋렌치,,,,True,,
몽키 10,success,고무망치,"고무망치, 편구스패너, 만능렌치, 타일컷터, 양용드라이버",양용드라이버,,,,False,,
몽키 10',success,고무망치,"고무망치, 편구스패너, 와이어스트리퍼, 쇠지렛대, 타일컷터",쇠지렛대,,,,False,,
몽키 10“,success,고무망치,"고무망치, 편구스패너, 와이어스트리퍼, 전동드릴, 타일컷터",전동드릴,,,10인치,False,,
몽키 10인치,success,고무망치,"고무망치, 편구스패너, 만능렌치, 몽키렌치, 해머드릴",만능렌치,,,10인치,False,몽키렌치,False
몽키 10＂,success,옵셋렌치,"옵셋렌치, 굽은노즈플라이어, 플라이어렌치, 쇠지렛대, 스냅링플라이어",쇠지렛대,,,10인치,False,,
몽키 12,success,편구스패너,"편구스패너, 양용드라이버, 카운터싱크, 만능렌치, 장도리",만능렌치,,,,False,,
몽키 12“,success,편구스패너,"편구스패너, 고무망치, 스크레퍼, 쇠지렛대, 전선릴",스크레퍼,,,12인치 크기,False,,
몽키 12인치,success,편구스패너,"편구스패너, 고무망치, 몽키렌치, 만능렌치, 양용드라이버",몽키렌치,,,12인치,False,몽키렌치,True
몽키 6',success,편구스패너,"편구스패너, 고무망치, 해머드릴, 쇠지렛대, 만능렌치",만능렌치,,,,False,,
몽키 8',success,편구스패너,"편구스패너, 고무망치, 만능렌치, 스크레퍼, 쇠지렛대",쇠지렛대,,,,False,,
몽키 8인치,success,편구스패너,"편구스패너, 고무망치, 몽키렌치, 만능렌치, 스크레퍼",몽키렌치,,,8인치,False,몽키렌치,True
몽키 8＂,success,편구스패너,"편구스패너, 옵셋렌치, 굽은노즈플라이어, 라쳇렌치세트, 쇠지렛대",쇠지렛대,,,8인치,False,,
몽키 大,success,고무망치,"고무망치, 전선릴, 렌치, 몽키렌치, 해머드릴",몽키렌치,,,,False,,
몽키 小,success,고무망치,"고무망치, 해머드릴, 렌치, 줄자, 에어건",고무망치,,,,True,,
몽키 스패너,success,편구스패너,"편구스패너, 쇠지렛대, 스크레퍼, 굽은노즈플라이어, 전선릴",편구스패너,,,,False,,
몽키 스패너,success,편구스패너,"편구스패너, 쇠지렛대, 스크레퍼, 굽은노즈플라이어, 전선릴",편구스패너,,,,False,,
몽키 스패너 10',success,굽은노즈플라이어,"굽은노즈플라이어, 옵셋렌치, 플라이어렌치, 쇠지렛대, 앤드컷팅니퍼",옵셋렌치,,,10'',False,,
몽키 스패너 10inch,success,편구스패너,"편구스패너, 스패너세트, 타일컷터, 굽은노즈플라이어, 쇠지렛대",편구스패너,,,10인치,True,,
몽키 스패너 10인치,success,편구스패너,"편구스패너, 굽은노즈플라이어, 쇠지렛대, 와이어스트리퍼, 옵셋렌치",편구스패너,,,10인치,False,,
몽키 스패너 12inch,success,편구스패너,"편구스패너, 굽은노즈플라이어, 쇠지렛대, 스패너세트, 만능렌치",편구스패너,,,12인치,True,,
몽키 스패너 12인치,success,굽은노즈플라이어,"굽은노즈플라이어, 편구스패너, 옵셋렌치, 쇠지렛대, 플라이어렌치",옵셋렌치,,,12인치,False,,
몽키 스패너 1개,success,편구스패너,"편구스패너, 만능렌치, 스패너세트, 해머드릴, 타일컷터",스패너세트,,,,False,,
몽키 스패너 8,success,편구스패너,"편구스패너, 소켓렌치세트, 스패너세트, 볼렌치세트, 양용드라이버",스패너세트,,,,False,,
몽키 스패너 8inch,success,편구스패너,"편구스패너, 스패너세트, 만능렌치, 소켓렌치세트, 굽은노즈플라이어",편구스패너,,,8인치,True,,
몽키 스패너 8개,success,스패너세트,"스패너세트, 소켓렌치세트, 만능렌치, 편구스패너, 기어렌치세트",스패너세트,,,,False,,
몽키 스패너10,success,편구스패너,"편구스패너, 와이어스트리퍼, 타일컷터, 쇠지렛대, 소켓렌치세트",편구스패너,,,,False,,
몽키 스패너10',success,다이아고날플라이어,"다이아고날플라이어, 옵셋렌치, 냉동라쳇렌치, 스냅링플라이어, 앤드컷팅니퍼",옵셋렌치,,,,False,,
몽키 스패너8,success,편구스패너,"편구스패너, 소켓렌치세트, 양용드라이버, 볼렌치세트, 쇠지렛대",편구스패너,,,,False,,
몽키 스페너,success,편구스패너,"편구스패너, 쇠지렛대, 스크레퍼, 고무망치, 전선릴",편구스패너,,,,False,,
"몽키 이레가 8″,10″,12″ /스페인",success,볼렌치세트,"볼렌치세트, 전동타카, 라쳇렌치세트, 편구스패너, 소켓렌치세트",라쳇렌치세트,,,"8"", 10"", 12""",False,,
몽키(10,success,편구스패너,"편구스패너, 볼렌치세트, 고무망치, 몽키렌치, 와이어스트리퍼",몽키렌치,,,크기·규격 정보가 부족하여 추출 불가. 입력 '10'은 크기 정보로 해석 가능하나 공구명과 연결되지 않아 specification에는 null 처리,False,,
몽키(10'') 1개,success,만능렌치,"만능렌치, 소켓렌치세트, 편구스패너, 스패너세트, 볼렌치세트",만능렌치,,,10'',False,,
몽키(10) 1개,success,소켓렌치세트,"소켓렌치세트, 만능렌치, 볼렌치세트, 스패너세트, 편구스패너",만능렌치,,,,False,,
몽키(10″),success,편구스패너,"편구스패너, 볼렌치세트, 소켓렌치세트, 만능렌치, 고무망치",만능렌치,,,10″,False,,
몽키(10인치),success,옵셋렌치,"옵셋렌치, 다이아고날플라이어, 냉동라쳇렌치, 앵글그라인더, 스냅링플라이어",옵셋렌치,,,,True,,
몽키(12'') 1개,success,만능렌치,"만능렌치, 스패너세트, 소켓렌치세트, 편구스패너, 그립망치",그립망치,,,12'',False,,
몽키(12) 1개,success,소켓렌치세트,"소켓렌치세트, 만능렌치, 스패너세트, 기어렌치세트, 볼렌치세트",만능렌치,,,,False,,
몽키(12인치),success,고무망치,"고무망치, 편구스패너, 몽키렌치, 만능렌치, 스크레퍼",몽키렌치,,,12인치,False,,
몽키(12인치) 1개,success,만능렌치,"만능렌치, 편구스패너, 스패너세트, 소켓렌치세트, 빠루망치",만능렌치,,,12인치,False,,
몽키(2),success,볼렌치세트,"볼렌치세트, 소켓렌치세트, 편구스패너, 만능렌치, 스패너세트",만능렌치,,,,False,,
몽키(8,success,볼렌치세트,"볼렌치세트, 전동타카, 장도리, 편구스패너, 소켓렌치세트",볼렌치세트,,,,True,,
몽키(8'') 1개,success,만능렌치,"만능렌치, 스패너세트, 기어렌치세트, 그립망치, 원형톱",그립망치,,,8'',False,,
몽키(8인치),success,몽키렌치,"몽키렌치, 편구스패너, 고무망치, 쇠지렛대, 만능렌치",몽키렌치,,,8인치,False,,
몽키(8인치) 1개,success,만능렌치,"만능렌치, 스패너세트, 기어렌치세트, 소켓렌치세트, 목공줄",목공줄,,,8인치,False,,
몽키(대),success,옵셋렌치,"옵셋렌치, 스냅링플라이어, 다이아고날플라이어, 냉동라쳇렌치, 플라이어렌치",옵셋렌치,,,,True,,
몽키(중),success,고무망치,"고무망치, 몽키렌치, 전선릴, 전동타카, 양용드라이버",몽키렌치,,,,False,,
"몽키,렌치,스패너",success,옵셋렌치,"옵셋렌치, 굽은노즈플라이어, 라쳇렌치세트, 플라이어렌치, 편구스패너",플라이어렌치,,,,False,,
"몽키/광폭(34mm,39mm)",success,클램프미터,"클램프미터, 라돈측정기, 고속절단기, 별렌치세트, 전동공구세트",별렌치세트,,,"광폭(34mm, 39mm)",False,,
몽키/렌치/스패너,success,옵셋렌치,"옵셋렌치, 굽은노즈플라이어, 플라이어렌치, 쇠지렛대, 라쳇렌치세트",옵셋렌치,,,,False,,
몽키2개,success,원형톱,"원형톱, 왕복톱(레시프로쏘), 직각자, 줄자, 모종삽",모종삽,,,,False,,
몽키8,success,소켓렌치세트,"소켓렌치세트, 볼렌치세트, 편구스패너, 전동타카, 장도리",소켓렌치세트,,,,False,,
몽키렌치,success,몽키렌치,"몽키렌치, 토크렌치, 핀펀치, 전선릴, 렌치",몽키렌치,,,,False,몽키렌치,True
몽키렌치 (10),success,몽키렌치,"몽키렌치, 볼렌치세트, 토크렌치, 와이어스트리퍼, 라쳇렌치세트",몽키렌치,,,10,False,,
몽키렌치 (8),success,볼렌치세트,"볼렌치세트, 몽키렌치, 토크렌치, 소켓렌치세트, 라쳇렌치세트",몽키렌치,,,8,False,,
몽키렌치(25cm),success,클램프미터,"클램프미터, 기어렌치세트, T렌치세트, 소켓렌치세트, 스패너세트",소켓렌치세트,,,크기: 25cm,False,,
몽키렌치(30cm),success,스패너세트,"스패너세트, 클램프미터, 소켓렌치세트, T렌치세트, 기어렌치세트",소켓렌치세트,,,길이 30cm,False,,
몽키렌치15'' 1개,success,편구스패너,"편구스패너, 볼렌치세트, 와이어스트리퍼, 라쳇렌치세트, 소켓렌치세트",라쳇렌치세트,,,,False,,
몽키스패너,success,플라이어렌치,"플라이어렌치, 굽은노즈플라이어, 전동드라이버, 옵셋렌치, 스냅링플라이어",플라이어렌치,,,,False,몽키렌치,False
몽키스패너 10,success,와이어스트리퍼,"와이어스트리퍼, 라쳇렌치세트, 편구스패너, 전동드라이버, 볼렌치세트",편구스패너,,,크기·규격 등 기타 사양이 명시되지 않았습니다.,False,,
몽키스패너 10',success,냉동라쳇렌치,"냉동라쳇렌치, 다이아고날플라이어, 바이스그립플라이어, 앵글그라인더, 앤드컷팅니퍼",앵글그라인더,,,10'',False,,
몽키스패너 12인치,success,냉동라쳇렌치,"냉동라쳇렌치, 다이아고날플라이어, 옵셋렌치, 스냅링플라이어, 앤드컷팅니퍼",앤드컷팅니퍼,,,12인치,False,,
몽키스패너 1개,success,편구스패너,"편구스패너, 전선릴, 와이어스트리퍼, 스크레퍼, 쇠지렛대",편구스패너,,,,False,,
몽키스패너 200(8),success,소켓렌치세트,"소켓렌치세트, 볼렌치세트, 스패너세트, 편구스패너, 라쳇렌치세트",편구스패너,,,200mm (8인치),False,,
몽키스패너 250(10),success,라쳇렌치세트,"라쳇렌치세트, 볼렌치세트, 와이어스트리퍼, 편구스패너, 소켓렌치세트",편구스패너,,,"250mm, 10개",False,,
몽키스패너 2개,success,편구스패너,"편구스패너, 전선릴, 와이어스트리퍼, 스크레퍼, 쇠지렛대",편구스패너,,,,False,,
몽키스패너 8,success,편구스패너,"편구스패너, 라쳇렌치세트, 볼렌치세트, 와이어스트리퍼, 소켓렌치세트",편구스패너,,,,False,,
몽키스패너 8',success,냉동라쳇렌치,"냉동라쳇렌치, 다이아고날플라이어, 앤드컷팅니퍼, 옵셋렌치, 버니어캘리퍼스",버니어캘리퍼스,,,,False,,
몽키스패너 대,success,옵셋렌치,"옵셋렌치, 굽은노즈플라이어, 플라이어렌치, 전동드라이버, 다이아고날플라이어",플라이어렌치,,,,False,,
"몽키스패너 대,중,소",success,옵셋렌치,"옵셋렌치, 굽은노즈플라이어, 전선릴, 몽키렌치, 앤드컷팅니퍼",몽키렌치,,,"대, 중, 소",False,,
몽키스패너 소,success,쇠지렛대,"쇠지렛대, 굽은노즈플라이어, 플라이어렌치, 옵셋렌치, 전동드라이버",옵셋렌치,,,,False,,
몽키스패너 와이드(10인치),success,바이스그립플라이어,"바이스그립플라이어, 냉동라쳇렌치, 앵글그라인더, 다이아고날플라이어, 롱노즈플라이어",앵글그라인더,,,와이드(10인치),False,,
몽키스패너 와이드(12인치),success,냉동라쳇렌치,"냉동라쳇렌치, 다이아고날플라이어, 바이스그립플라이어, 앤드컷팅니퍼, 앵글그라인더",앤드컷팅니퍼,,,12인치,False,,
몽키스패너 중,success,전선릴,"전선릴, 편구스패너, 와이어스트리퍼, 스크레퍼, 굽은노즈플라이어",편구스패너,,,,False,,
"몽키스패너 중,소",success,전동드릴,"전동드릴, 해머드릴, 고무망치, 전선릴, 편구스패너",편구스패너,,,"중,소",False,,
"몽키스패너(10#,12#)",success,볼렌치세트,"볼렌치세트, 소켓렌치세트, 편구스패너, 와이어스트리퍼, 라쳇렌치세트",편구스패너,,,"10#, 12#",False,,
"몽키스패너(10,12#)",success,볼렌치세트,"볼렌치세트, 라쳇렌치세트, 편구스패너, 와이어스트리퍼, 소켓렌치세트",편구스패너,,,"10,12#",False,,
몽키스패너(10인치),success,바이스그립플라이어,"바이스그립플라이어, 냉동라쳇렌치, 앵글그라인더, 다이아고날플라이어, 스냅링플라이어",앵글그라인더,,,10인치,False,,
몽키스패너(12#),success,와이어스트리퍼,"와이어스트리퍼, 편구스패너, 볼렌치세트, 라쳇렌치세트, 토크렌치",편구스패너,,,12#,False,,
몽키스패너(12인치),success,냉동라쳇렌치,"냉동라쳇렌치, 다이아고날플라이어, 옵셋렌치, 앤드컷팅니퍼, 앵글그라인더",앵글그라인더,,,12인치,False,,
몽키스패너(12인치) 1개,success,편구스패너,"편구스패너, 라쳇렌치세트, 굽은노즈플라이어, 와이어스트리퍼, 볼렌치세트",편구스패너,,,12인치,False,,
몽키스패너(14인치) 1개,success,편구스패너,"편구스패너, 스패너세트, 소켓렌치세트, 만능렌치, 볼렌치세트",편구스패너,,,14인치,False,,
몽키스패너(150mm),success,볼트컷터,"볼트컷터, 클램프미터, 소켓렌치세트, 전동공구세트, 고속절단기",고속절단기,,,150mm,False,,
몽키스패너(15인치),success,옵셋렌치,"옵셋렌치, 앤드컷팅니퍼, 굽은노즈플라이어, 쇠지렛대, 라쳇렌치세트",옵셋렌치,,,15인치,False,,
몽키스패너(2),success,라쳇렌치세트,"라쳇렌치세트, 앤드컷팅니퍼, 냉동라쳇렌치, 바이스그립플라이어, 옵셋렌치",옵셋렌치,,,몽키스패너 (2),False,,
몽키스패너(200mm),success,소켓렌치세트,"소켓렌치세트, 스패너세트, 편구스패너, 볼렌치세트, 볼트컷터",편구스패너,,,200mm,False,,
몽키스패너(250mm 세신),success,클램프미터,"클램프미터, 전동공구세트, 고속절단기, 공구세트, 별렌치세트",별렌치세트,,,250mm,False,몽키렌치,False
몽키스패너(250mm),success,클램프미터,"클램프미터, 전동공구세트, 고속절단기, 스패너세트, 소켓렌치세트",스패너세트,,,250mm,False,,
몽키스패너(260mm),success,클램프미터,"클램프미터, 전동공구세트, 고속절단기, 스패너세트, 소켓렌치세트",스패너세트,,,260mm,False,,
몽키스패너(300mm),success,편구스패너,"편구스패너, 소켓렌치세트, 스패너세트, 볼트컷터, 볼렌치세트",스패너세트,,,300mm,False,,
몽키스패너(308mm),success,편구스패너,"편구스패너, 와이어스트리퍼, 라쳇렌치세트, 볼렌치세트, 소켓렌치세트",편구스패너,,,308mm,False,,
몽키스패너(375mm),success,별렌치세트,"별렌치세트, 소켓렌치세트, 볼렌치세트, 전동공구세트, 스패너세트",별렌치세트,,,375mm,True,,
몽키스패너(450mm),success,클램프미터,"클램프미터, 고속절단기, 전동공구세트, 별렌치세트, 공구세트",별렌치세트,,,450mm,False,,
몽키스패너(8),success,볼렌치세트,"볼렌치세트, 편구스패너, 라쳇렌치세트, 소켓렌치세트, 와이어스트리퍼",편구스패너,,,8,False,,
몽키스패너(8인치),success,냉동라쳇렌치,"냉동라쳇렌치, 앵글그라인더, 다이아고날플라이어, 옵셋렌치, 스냅링플라이어",앵글그라인더,,,8인치,False,,
몽키스패너(8인치) 1개,success,편구스패너,"편구스패너, 스패너세트, 소켓렌치세트, 볼렌치세트, 만능렌치",편구스패너,,,8인치,False,,
몽키스패너(8인치/10인치),success,옵셋렌치,"옵셋렌치, 라쳇렌치세트, 굽은노즈플라이어, 플라이어렌치, 냉동라쳇렌치",플라이어렌치,,,8인치/10인치,False,,
몽키스패너(대),success,냉동라쳇렌치,"냉동라쳇렌치, 다이아고날플라이어, 앵글그라인더, 앤드컷팅니퍼, 옵셋렌치",앵글그라인더,,,,False,,
"몽키스패너(대,중,소)",success,냉동라쳇렌치,"냉동라쳇렌치, 앤드컷팅니퍼, 옵셋렌치, 다이아고날플라이어, 버니어캘리퍼스",옵셋렌치,,,"대, 중, 소",False,,
"몽키스패너(대,중,소) 1개",success,편구스패너,"편구스패너, 와이어스트리퍼, 전선릴, 해머드릴, 볼렌치세트",편구스패너,,,"대, 중, 소",False,,
몽키스패너(소),success,플라이어렌치,"플라이어렌치, 옵셋렌치, 전동드라이버, 앤드컷팅니퍼, 굽은노즈플라이어",앤드컷팅니퍼,,,,False,,
몽키스패너(중),success,냉동라쳇렌치,"냉동라쳇렌치, 앤드컷팅니퍼, 옵셋렌치, 플라이어렌치, 다이아고날플라이어",옵셋렌치,,,,False,,
몽키스패너10',success,냉동라쳇렌치,"냉동라쳇렌치, 바이스그립플라이어, 앵글그라인더, 다이아고날플라이어, 버니어캘리퍼스",앵글그라인더,,,,False,,
몽키스패너10인치,success,옵셋렌치,"옵셋렌치, 다이아고날플라이어, 냉동라쳇렌치, 스냅링플라이어, 플라이어렌치",옵셋렌치,,,10인치,False,,
몽키스패너10인치 1개,success,와이어스트리퍼,"와이어스트리퍼, 편구스패너, 충전해머드릴, 전선릴, 쇠지렛대",편구스패너,,,10인치,False,,
몽키스패너12인치,success,냉동라쳇렌치,"냉동라쳇렌치, 다이아고날플라이어, 앵글그라인더, 옵셋렌치, 스냅링플라이어",앵글그라인더,,,12인치,False,,
몽키스패너6인치 1개,success,편구스패너,"편구스패너, 와이어스트리퍼, 전선릴, 굽은노즈플라이어, 볼렌치세트",편구스패너,,,6인치,False,,
몽키스패너8',success,바이스그립플라이어,"바이스그립플라이어, 냉동라쳇렌치, 앵글그라인더, 다이아고날플라이어, 스냅링플라이어",앵글그라인더,,,,False,,
몽키스패너8인치,success,옵셋렌치,"옵셋렌치, 굽은노즈플라이어, 플라이어렌치, 다이아고날플라이어, 스냅링플라이어",플라이어렌치,,,8인치,False,,
몽키스패너8인치 1개,success,편구스패너,"편구스패너, 와이어스트리퍼, 전선릴, 볼렌치세트, 라쳇렌치세트",편구스패너,,,8인치,False,,
몽키스패터,success,플라이어렌치,"플라이어렌치, 굽은노즈플라이어, 전동드라이버, 옵셋렌치, 앤드컷팅니퍼",플라이어렌치,,,,True,,
몽키스페너,success,플라이어렌치,"플라이어렌치, 굽은노즈플라이어, 전동드라이버, 라쳇렌치세트, 옵셋렌치",옵셋렌치,,,,False,,
몽키스페너(250mm),success,클램프미터,"클램프미터, 고속절단기, 전동공구세트, 공구세트, 드릴비트세트",클램프미터,,,250mm,False,,
몽키스페너(300mm),success,고속절단기,"고속절단기, 클램프미터, 전동공구세트, 강력니퍼, 공구세트",강력니퍼,,,300mm,False,,
몽키스페너(대),success,냉동라쳇렌치,"냉동라쳇렌치, 바이스그립플라이어, 앵글그라인더, 다이아고날플라이어, 옵셋렌치",옵셋렌치,,,,False,,
무선 광택기,success,전동공구세트,"전동공구세트, 송풍기, 에어컴프레서, 소켓렌치세트, 전동압착기",전동공구세트,,충전식,,False,,
무선 드라이버,success,드라이버세트,"드라이버세트, 드라이버, 양용드라이버, 전동드릴, T핸드드라이버",드라이버,,충전식(무선),,False,,
무선 전동 드라이버,success,충전해머드릴,"충전해머드릴, 양용드라이버, 전동드릴, 전동드라이버, 로터리해머드릴",전동드라이버,,충전식(무선),,False,,
무선 전동글루건,success,전동드릴,"전동드릴, 소켓렌치세트, 편구스패너, 와이어스트리퍼, 전동공구세트",전동공구세트,,충전식(무선),,False,,
무선 전동드라이버,success,전동드릴,"전동드릴, 양용드라이버, 충전해머드릴, 전동드라이버, 와이어스트리퍼",전동드라이버,,충전식(무선),,False,,
무선 전동드릴,success,전동드릴,"전동드릴, 전동공구세트, 임팩트드릴, 전지가위, 만능렌치",전동드릴,,충전식(무선),,False,,
무선 컷쏘,success,전동드릴,"전동드릴, 전선릴, 스크레퍼, 편구스패너, 타일컷터",전동드릴,,충전식(무선),,False,,
무선/레이저 거리측정기,success,라돈측정기,"라돈측정기, 전동공구세트, 고속절단기, SDS드릴비트, 정밀드라이버세트",라돈측정기,,,,False,,
무선/전동드릴(드라이버),success,전동공구세트,"전동공구세트, 충전드릴, 충전해머드릴, 전자산업용니퍼, 정밀드라이버세트",충전드릴,,충전식(무선),,False,,
무선/전동타카,success,충전해머드릴,"충전해머드릴, 전동드릴, 전동공구세트, 양용드라이버, 에어컴프레서",전동드릴,,충전식(무선),,False,,
무선그라인더,success,다이아고날플라이어,"다이아고날플라이어, 스냅링플라이어, 앵글그라인더, 옵셋렌치, 냉동라쳇렌치",앵글그라인더,,충전식,,False,,
무선글루건,success,만능렌치,"만능렌치, 소켓렌치세트, 전지가위, 송풍기, 전동공구세트",전동공구세트,,충전식(무선),,False,,
무선드라이버드릴,success,충전해머드릴,"충전해머드릴, 전동드릴, 해머드릴, 양용드라이버, 로터리해머드릴",전동드릴,,충전식(무선),,False,,
무선드릴,success,임팩트드릴,"임팩트드릴, 전지가위, 만능렌치, 전동드릴, 드릴비트",전동드릴,,충전식(무선),,False,충전드릴,False
무선드릴(충전식),success,철공용드릴비트,"철공용드릴비트, 목공용드릴비트, 전동공구세트, 드릴비트세트, 고속절단기",드릴비트세트,,충전식,,False,,
무선소형전기톱세트(고장),success,전동공구세트,"전동공구세트, 전자산업용니퍼, 정밀드라이버세트, 철공용드릴비트, 드릴비트세트",전동공구세트,,충전식,"소형, 무선",False,,
무선안마기,success,전동드릴,"전동드릴, 타일컷터, 편구스패너, 소켓렌치세트, 와이어스트리퍼",전동드릴,,,,True,,
무선예초기,success,전동공구세트,"전동공구세트, 소켓렌치세트, 임팩트드릴, 전지가위, 전동드릴",전동드릴,,충전식(무선),,False,,
무선전동 드라이버,success,드라이버세트,"드라이버세트, 충전해머드릴, 전동드릴, 양용드라이버, 드라이버",전동드릴,,충전식(무선),,False,,
무선전동드라이버,success,전동드릴,"전동드릴, 충전해머드릴, 양용드라이버, 전동드라이버, 와이어스트리퍼",전동드라이버,,충전식(무선),,False,,
무선전동드릴,success,전동드릴,"전동드릴, 임팩트드릴, 전지가위, 전동공구세트, 만능렌치",임팩트드릴,,충전식(무선),,False,충전드릴,False
무선진공청소기,success,스프링배관청소기,"스프링배관청소기, 고속절단기, 전동공구세트, 전자산업용니퍼, 전동압착기",스프링배관청소기,,충전식,,False,,
무선충전글루건,success,편구스패너,"편구스패너, 소켓렌치세트, 만능렌치, 와이어스트리퍼, 전동드릴",전동드릴,,충전식,,False,,
무선충전드릴,success,임팩트드릴,"임팩트드릴, 전동드릴, 만능렌치, 전동공구세트, 전지가위",전동드릴,,충전식(무선),,False,,
무선컷소,success,전지가위,"전지가위, 만능렌치, 전동공구세트, 전동압착기, 임팩트드릴",전동공구세트,,충전식(무선),,False,,
무소음 콤프레샤,success,옵셋렌치,"옵셋렌치, 플라이어렌치, 스냅링플라이어, 다이아고날플라이어, 냉동라쳇렌치",옵셋렌치,,,,True,,
무소음 콤프레셔,success,스냅링플라이어,"스냅링플라이어, 다이아고날플라이어, 옵셋렌치, 플라이어렌치, 앵글그라인더",스냅링플라이어,,,,True,,
무소음콤프레샤,success,와이어스트리퍼,"와이어스트리퍼, 플라이어렌치, 전선릴, 옵셋렌치, 굽은노즈플라이어",와이어스트리퍼,,,,True,,
"무소음콤프레샤(1,5)",success,소켓렌치세트,"소켓렌치세트, 볼렌치세트, 스패너세트, 기어렌치세트, T렌치세트",소켓렌치세트,,,,True,,
무진동중망치,success,전동압착기,"전동압착기, 석고대패, 강력니퍼, 그립망치, 고속절단기",그립망치,,,,False,,
물조리개,success,목공줄,"목공줄, 기어렌치세트, 원형톱, 육각렌치, 스패너",목공줄,,,,True,,
물호수,success,에어타카,"에어타카, 수평기, 육각렌치, 전지가위, 워터펌프플라이어",워터펌프플라이어,,,,False,,
물호스,success,장도리,"장도리, 돌망치, 타카, 다이스세트, 커터",커터,,,,False,,
물호스20M,success,전동공구세트,"전동공구세트, SDS드릴비트, 소켓렌치세트, 클램프미터, 공구세트",공구세트,,,,False,,
미니 공구세트,success,공구세트,"공구세트, 기어렌치세트, 소켓렌치세트, 스패너세트, 전동공구세트",공구세트,,,,False,,
미니 드라이버 세트,success,드라이버세트,"드라이버세트, 정밀드라이버세트, 드라이버, 핸드카트, 전동공구세트",드라이버세트,,,,False,,
미니 무선전동드라이버,success,충전해머드릴,"충전해머드릴, 양용드라이버, 전동드릴, 에어컴프레서, 로터리해머드릴",전동드릴,,충전식(무선),,False,,
미니 손대패,success,절단석,"절단석, 그립망치, 직소기, 손타카, 전동압착기",손타카,,,,False,,
미니 옥집게,success,다이아고날플라이어,"다이아고날플라이어, 냉동라쳇렌치, 스냅링플라이어, 옵셋렌치, 앵글그라인더",앵글그라인더,,,,False,,
미니 전동드릴,success,드릴비트세트,"드릴비트세트, 전동공구세트, 드릴비트, 공구세트, 고속절단기",전동공구세트,,유선,,False,,
미니 컷소,success,직소기,"직소기, 스패너세트, T렌치세트, 빠루망치, 기어렌치세트",직소기,,,,False,,
미니 탈수기,success,고속절단기,"고속절단기, 목공용드릴비트, 직소기, 드릴비트세트, 공구세트",직소기,,,,False,,
미니 톱,success,원형톱,"원형톱, 쇠톱, 스패너세트, 목공줄, 드릴비트세트",원형톱,,,,False,,
미니그라인더,success,앵글그라인더,"앵글그라인더, 스냅링플라이어, 다이아고날플라이어, 플라이어렌치, 옵셋렌치",앵글그라인더,,,,False,,
미니그라인더,success,앵글그라인더,"앵글그라인더, 스냅링플라이어, 다이아고날플라이어, 플라이어렌치, 옵셋렌치",앵글그라인더,,,,False,,
미니노즈플라이어,success,다이아고날플라이어,"다이아고날플라이어, 스냅링플라이어, 옵셋렌치, 플라이어렌치, 굽은노즈플라이어",굽은노즈플라이어,,,,False,,
미니당구대,success,목공줄,"목공줄, 빠루망치, 스패너세트, 드릴비트, 소켓렌치세트",목공줄,,,,False,,
미니드릴,success,절단석,"절단석, 드릴비트, 목공줄, 스패너, 직소기",드릴비트,,,,False,,
미니몽키,success,원형톱,"원형톱, 에어건, 줄자, 커터, 건타카",원형톱,,,,True,,
미니무선전동드릴,success,목공용드릴비트,"목공용드릴비트, 전동공구세트, 철공용드릴비트, 정밀드라이버세트, 드릴비트세트",드릴비트세트,,충전식(무선),,False,,
미니빔프로젝터,success,소켓렌치세트,"소켓렌치세트, 볼렌치세트, 라쳇렌치세트, 에어컴프레서, 플라이어세트",소켓렌치세트,,,,True,,
미니빠루,success,빠루망치,"빠루망치, 줄자, 장도리, 만능렌치, 그립망치",빠루망치,,,,False,,
미니손전등,success,드릴비트세트,"드릴비트세트, 공구세트, 직소기, 전동공구세트, 클램프미터",드릴비트세트,,,,False,,
미니수평,success,수평기,"수평기, 다림추, 직소기, 육각렌치세트, 스패너세트",수평기,,,,False,,
"미니스패너세트(10,12,13,14,17,19mm)",success,클램프미터,"클램프미터, 전동공구세트, 기어렌치세트, 공구세트, T렌치세트",공구세트,,,"지지자리: 10, 12, 13, 14, 17, 19mm",False,,
미니예초기,success,빠루망치,"빠루망치, 소켓렌치세트, 육각렌치, 그립망치, 스패너세트",빠루망치,,,,True,,
미니전동드라이버,success,양용드라이버,"양용드라이버, 전동공구세트, 핸드카트, 드라이버세트, 끌세트",전동공구세트,,,,False,,
미니전동드라이버드릴,success,정밀드라이버세트,"정밀드라이버세트, 드라이버세트, 전동공구세트, T핸드드라이버, 고속절단기",전동공구세트,,,,False,전동드라이버,False
미니전동드릴,success,전동공구세트,"전동공구세트, 정밀드라이버세트, 목공용드릴비트, 드릴비트세트, 고속절단기",정밀드라이버세트,,,,False,,
미러리스카메라,success,와이어스트리퍼,"와이어스트리퍼, 라쳇렌치세트, 전선릴, 스크레퍼, 플라이어렌치",와이어스트리퍼,,,,True,,
미세먼지측정기,success,고속절단기,"고속절단기, 스프링배관청소기, 라돈측정기, 가스토치, 에어타카",라돈측정기,,,,False,,
미장손,success,손타카,"손타카, 절단석, 그립망치, 목공줄, 만능렌치",손타카,,,,True,,
밀워키 M12 BID,success,정밀드라이버세트,"정밀드라이버세트, 드라이버세트, 공구세트, 철공용드릴비트, 전동공구세트",전동공구세트,밀워키(Milwaukee),배터리,,False,충전임팩트드라이버,False
밀워키 M12V CID,success,PVC컷터,"PVC컷터, 충전임팩트드라이버, SDS드릴비트, 철공용드릴비트, 전동공구세트",전동공구세트,밀워키(Milwaukee),배터리,,False,,
밀워키 래치 렌치세트,success,옵셋렌치,"옵셋렌치, 플라이어렌치, 라쳇렌치세트, 냉동라쳇렌치, 다이아고날플라이어",라쳇렌치세트,마끼다,,,False,라쳇렌치세트,True
밀워키 충전해머드릴 M12V CPD,success,고속절단기,"고속절단기, 충전드릴, 충전임팩트드라이버, 정밀드라이버세트, 드라이버세트",충전임팩트드라이버,마키타,배터리,,False,충전해머드릴,False
밀차(대형),success,끌세트,"끌세트, 스패너세트, 편구스패너, 소켓렌치세트, 타일컷터",소켓렌치세트,마끼다,,대형,False,,
바둑/장기,success,타일컷터,"타일컷터, 편구스패너, 쇠지렛대, 고무망치, 전선릴",타일컷터,,,,True,,
바둑판+바둑알+장기알세트,success,소켓렌치세트,"소켓렌치세트, 스패너세트, 기어렌치세트, T렌치세트, 전동공구세트",소켓렌치세트,,,,False,,
바둑판세트,success,공구세트,"공구세트, 기어렌치세트, 공구함세트, T렌치세트, 스패너세트",공구세트,,,,True,,
바리깡,success,에어건,"에어건, 빠루망치, 고무망치, 줄자, 커터",에어건,,,,False,,
바이스,success,장도리,"장도리, 타카, 돌망치, 샌더, 펜치",펜치,,,,False,,
바이스 그립,success,와이어스트리퍼,"와이어스트리퍼, 타일컷터, 편구스패너, 볼렌치세트, 전선릴",편구스패너,,,,False,,
바이스 그립(12인치),success,소켓렌치세트,"소켓렌치세트, 볼렌치세트, 스패너세트, 만능렌치, 편구스패너",볼렌치세트,,,12인치,False,,
바이스 플라이어,success,앵글그라인더,"앵글그라인더, 다이아고날플라이어, 바이스그립플라이어, 스냅링플라이어, 냉동라쳇렌치",바이스그립플라이어,,,,False,바이스그립플라이어,True
바이스 플라이어 10,success,플라이어렌치,"플라이어렌치, 라쳇렌치세트, 전동드라이버, 굽은노즈플라이어, 옵셋렌치",플라이어렌치,,,,False,,
바이스 플라이어 1개,success,다이아고날플라이어,"다이아고날플라이어, 스냅링플라이어, 옵셋렌치, 굽은노즈플라이어, 플라이어렌치",다이아고날플라이어,,,,False,,
바이스 플라이어(락킹 플라이어),success,다이아고날플라이어,"다이아고날플라이어, 냉동라쳇렌치, 바이스그립플라이어, 앵글그라인더, 스냅링플라이어",바이스그립플라이어,,,,False,,
바이스 플라이어8',success,앵글그라인더,"앵글그라인더, 바이스그립플라이어, 냉동라쳇렌치, 다이아고날플라이어, 스냅링플라이어",바이스그립플라이어,,,,False,,
바이스 플레이어,success,전동드라이버,"전동드라이버, 플라이어렌치, 옵셋렌치, 굽은노즈플라이어, 앤드컷팅니퍼",플라이어렌치,,,,False,,
바이스/클램프,success,송풍기,"송풍기, 목공줄, 스패너세트, 기어렌치세트, 소켓렌치세트",송풍기,,,,False,,
바이스그립,success,와이어스트리퍼,"와이어스트리퍼, 토크렌치, 전선릴, 편구스패너, 볼렌치세트",볼렌치세트,,,,False,바이스그립플라이어,False
바이스그립(10인치),success,바이스그립플라이어,"바이스그립플라이어, 냉동라쳇렌치, 다이아고날플라이어, 버니어캘리퍼스, 앵글그라인더",바이스그립플라이어,,,10인치,False,,
바이스그립플라이어,success,바이스그립플라이어,"바이스그립플라이어, 냉동라쳇렌치, 다이아고날플라이어, 앵글그라인더, 스냅링플라이어",바이스그립플라이어,,,,False,,
바이스크립,success,돌망치,"돌망치, 납볼망치, 전지가위, 장도리, 그립망치",그립망치,,,,False,,
바이스크립(10WR),success,전동공구세트,"전동공구세트, 소켓렌치세트, 스패너세트, 기어렌치세트, T렌치세트",전동공구세트,,,,False,,
바이스크립(125mm),success,클램프미터,"클램프미터, 고속절단기, 전동공구세트, 공구세트, 철공용드릴비트",클램프미터,,,125mm,False,,
바이스클립,success,카운터싱크,"카운터싱크, 볼렌치세트, 다이스세트, 장도리, 볼렌치",볼렌치세트,,,,False,,
바이스프라이어,success,스냅링플라이어,"스냅링플라이어, 플라이어렌치, 플라이어, 굽은노즈플라이어, 옵셋렌치",플라이어,,,,False,,
바이스플라이야 10WR(USA),success,전동공구세트,"전동공구세트, 전동압착기, 공구세트, 끌세트, 전지가위",전동공구세트,,유선,,False,,
바이스플라이어,success,스냅링플라이어,"스냅링플라이어, 앵글그라인더, 다이아고날플라이어, 플라이어렌치, 옵셋렌치",스냅링플라이어,,,,False,바이스그립플라이어,False
바이스플라이어,success,스냅링플라이어,"스냅링플라이어, 앵글그라인더, 다이아고날플라이어, 플라이어렌치, 옵셋렌치",스냅링플라이어,,,,False,바이스그립플라이어,False
바이스플라이어 1개,success,굽은노즈플라이어,"굽은노즈플라이어, 플라이어렌치, 스냅링플라이어, 옵셋렌치, 다이아고날플라이어",굽은노즈플라이어,,,,False,,
바이스플라이어(10″),success,라쳇렌치세트,"라쳇렌치세트, 옵셋렌치, 굽은노즈플라이어, 다이아고날플라이어, 플라이어렌치",다이아고날플라이어,,,10″,False,,
바이스플라이어(10인치),success,바이스그립플라이어,"바이스그립플라이어, 앵글그라인더, 다이아고날플라이어, 냉동라쳇렌치, 스냅링플라이어",바이스그립플라이어,,,10인치,False,바이스그립플라이어,True
바이스플라이어(250mm),success,클램프미터,"클램프미터, 고속절단기, 전동공구세트, 드릴비트세트, 공구세트",클램프미터,,,250mm,False,,
바이스플라이어(5WR),success,전동공구세트,"전동공구세트, 소켓렌치세트, 스패너세트, 양용드라이버, 끌세트",양용드라이버,,,,False,,
"바이스플라이어(SM-W10R, 10",success,전동공구세트,"전동공구세트, 소켓렌치세트, 조합렌치세트, 정밀드라이버세트, 전자산업용니퍼",전동공구세트,,유선,,False,,
바이스플라이어(락킹플라이어),success,다이아고날플라이어,"다이아고날플라이어, 앵글그라인더, 스냅링플라이어, 냉동라쳇렌치, 바이스그립플라이어",바이스그립플라이어,,,,False,,
바이스플라이어(락킹플라이어)10',success,바이스그립플라이어,"바이스그립플라이어, 냉동라쳇렌치, 다이아고날플라이어, 앵글그라인더, 앤드컷팅니퍼",바이스그립플라이어,,,10'',False,,
바이스플레아(10인치),success,바이스그립플라이어,"바이스그립플라이어, 냉동라쳇렌치, 다이아고날플라이어, 앵글그라인더, 버니어캘리퍼스",바이스그립플라이어,,,10인치,False,,
박스렌치세트,success,소켓렌치세트,"소켓렌치세트, 기어렌치세트, T렌치세트, 스패너세트, 공구세트",소켓렌치세트,,,,False,,
반려동물 이동장,success,목공톱,"목공톱, 왕복톱(레시프로쏘), 원형톱, 목공줄, 그립망치",목공톱,,,,True,,
발 펌프,success,에어펌프,"에어펌프, 드릴비트세트, 다림추, 철공용드릴비트, 드릴비트",에어펌프,,,,False,,
발펌프,success,에어펌프,"에어펌프, 철공용드릴비트, 목공용드릴비트, 드릴비트세트, 클램프미터",에어펌프,,,,False,,
발펌프,success,에어펌프,"에어펌프, 철공용드릴비트, 목공용드릴비트, 드릴비트세트, 클램프미터",에어펌프,,,,False,,
발펌프(쌍발) SM-FP7-스마토,success,철공용드릴비트,"철공용드릴비트, 철공용드릴비트세트, 목공용드릴비트, 정밀드라이버세트, 고속절단기",고속절단기,스마토(SMATO),,,False,,
발펌프(외발),success,에어펌프,"에어펌프, 철공용드릴비트, 목공용드릴비트, 고속절단기, 드릴비트세트",에어펌프,,,,False,,
밧데리 충전기,success,충전임팩트드라이버,"충전임팩트드라이버, 배터리팩, 충전드릴, 케이블컷터, 전기인두",충전임팩트드라이버,,충전식,,False,,
방구석 방송세트,success,전동공구세트,"전동공구세트, 소켓렌치세트, 기어렌치세트, T렌치세트, SDS드릴비트",전동공구세트,,,,True,,
방구석라이브세트,success,소켓렌치세트,"소켓렌치세트, 스패너세트, 기어렌치세트, T렌치세트, 전동공구세트",소켓렌치세트,,,,True,,
방수돗자리,success,고지가위,"고지가위, 먹통, 전지가위, 목공줄, 수평기",고지가위,,,,False,,
방역기,success,전지가위,"전지가위, 납볼망치, 직각자, 돌망치, 장도리",전지가위,,,,True,,
방역분무기,success,공구세트,"공구세트, 전동공구세트, 전동압착기, 보안경, 전지가위",공구세트,,,,True,,
방역소독기,success,석고대패,"석고대패, 그립망치, 돌망치, 납볼망치, 전동압착기",석고대패,,,,True,,
방역소독기 (무선),success,석고대패,"석고대패, 전동압착기, 그립망치, 돌망치, 납볼망치",석고대패,,무선,,True,,
방역소독기 (유선),success,석고대패,"석고대패, 전동압착기, 그립망치, 에어타카, 전지가위",석고대패,,유선,,True,,
방우형 전선릴 KXGBP-13(1.0530M),success,고속절단기,"고속절단기, SDS드릴비트, 클램프미터, 전동공구세트, 정밀드라이버세트",고속절단기,,,"KXGBP-13, 길이 1.0530M",False,,
방울집게,success,냉동라쳇렌치,"냉동라쳇렌치, 앤드컷팅니퍼, 버니어캘리퍼스, 다이아고날플라이어, 옵셋렌치",옵셋렌치,,,,False,,
방청윤활유,success,만능렌치,"만능렌치, 직각자, 송풍기, 그립망치, 납볼망치",만능렌치,,,,True,,
배관커터,success,타일컷터,"타일컷터, 와이어스트리퍼, 편구스패너, 양용드라이버, 볼렌치세트",타일컷터,,,,False,,
배드민턴 세트,success,T렌치세트,"T렌치세트, 기어렌치세트, 소켓렌치세트, 볼렌치세트, 스패너세트",T렌치세트,,,,True,,
배수구 청소기,success,스프링배관청소기,"스프링배관청소기, 목공줄, 목공용드릴비트, 드릴비트세트, 전동압착기",스프링배관청소기,,,,False,,
배수펌프,success,에어펌프,"에어펌프, 목공용드릴비트, 철공용드릴비트, 철판가위, 클램프미터",에어펌프,,,,False,,
배터리충전기,success,배터리팩,"배터리팩, 충전임팩트드라이버, 전기인두, 충전드릴, 고속절단기",충전드릴,,배터리,,False,,
백마,success,장도리,"장도리, 에어건, 빠루망치, 돌망치, 줄자",장도리,,,,True,,
백마접톱,success,원형톱,"원형톱, 목공용접톱, 쇠톱, 접톱, 목공줄",접톱,,,,False,,
백터스트리퍼,success,와이어스트리퍼,"와이어스트리퍼, 편구스패너, 타일컷터, 스크레퍼, 전선릴",와이어스트리퍼,,,,False,와이어스트리퍼,True
범위측정기,success,라돈측정기,"라돈측정기, 수평기, 육각렌치, 직각자, 육각렌치세트",라돈측정기,,,,False,,
베셀드라이버,success,양용드라이버,"양용드라이버, 와이어스트리퍼, 카운터싱크, 편구스패너, 볼렌치세트",양용드라이버,,,,False,,
벡터 스트리퍼,success,플라이어렌치,"플라이어렌치, 굽은노즈플라이어, 전동드라이버, 스냅링플라이어, 다이아고날플라이어",스냅링플라이어,,,,False,,
벤치,success,다림추,"다림추, 수평기, 탭세트, 테이블톱, 육각렌치",다림추,,,,False,,
벤트노즈플라이어,success,앵글그라인더,"앵글그라인더, 바이스그립플라이어, 다이아고날플라이어, 스냅링플라이어, 냉동라쳇렌치",바이스그립플라이어,,,,False,,
변기 관통기,success,먹통,"먹통, 목공줄, 전지가위, 그립망치, 스프링배관청소기",스프링배관청소기,,,,False,,
별렌치,success,장도리,"장도리, 빠루망치, 만능렌치, 고무망치, 육각렌치",만능렌치,,,,False,,
별렌치 (접이식),success,별렌치세트,"별렌치세트, 소켓렌치세트, 스패너세트, 만능렌치, 기어렌치세트",별렌치세트,,,접이식,False,,
별렌치 세트,success,별렌치세트,"별렌치세트, 기어렌치세트, 육각렌치세트, 전동공구세트, T렌치세트",별렌치세트,,,,False,,
별렌치세트,success,별렌치세트,"별렌치세트, 소켓렌치세트, 기어렌치세트, 스패너세트, 전동공구세트",별렌치세트,,,,False,별렌치세트,True
별렌치세트(접이식),success,별렌치세트,"별렌치세트, 육각렌치세트, 기어렌치세트, 전동공구세트, 라돈측정기",별렌치세트,,,접이식,False,,
보급형 드릴날세트,success,드릴비트세트,"드릴비트세트, 공구세트, 전동공구세트, 목공용드릴비트, 공구함세트",드릴비트세트,,,,False,,
보드게임 (할리갈리외 16종),success,편구스패너,"편구스패너, 소켓렌치세트, 스패너세트, 볼렌치세트, 타일컷터",편구스패너,,,,True,,
보드게임 강아지똥,success,해머드릴,"해머드릴, 커터, 전동드릴, 쇠지렛대, 타일컷터",해머드릴,,,,True,,
보드게임 다빈치코드,success,소켓렌치세트,"소켓렌치세트, 스패너세트, 편구스패너, 볼렌치세트, 타일컷터",소켓렌치세트,,,,True,,
보드게임 사보타지,success,스냅링플라이어,"스냅링플라이어, 앤드컷팅니퍼, 다이아고날플라이어, 굽은노즈플라이어, 플라이어렌치",스냅링플라이어,,,,True,,
보드게임 상어 아일랜드,success,다이아고날플라이어,"다이아고날플라이어, 스냅링플라이어, 플라이어렌치, 앤드컷팅니퍼, 냉동라쳇렌치",다이아고날플라이어,,,,True,,
보드게임 우노,success,편구스패너,"편구스패너, 쇠지렛대, 전선릴, 타일컷터, 전동드릴",편구스패너,,,,True,,
보드게임 젝스님트,success,앤드컷팅니퍼,"앤드컷팅니퍼, 냉동라쳇렌치, 충전해머드릴, 플라이어렌치, 다이아고날플라이어",앤드컷팅니퍼,,,,True,,
보드게임 클루,success,스패너,"스패너, 만능렌치, 편구스패너, 타일컷터, 빠루망치",스패너,,,,True,,
보드게임 텀블링 몽키,success,편구스패너,"편구스패너, 타일컷터, 쇠지렛대, 충전해머드릴, 양용드라이버",편구스패너,,,,True,,
보드게임 할리갈리,success,다이아고날플라이어,"다이아고날플라이어, 냉동라쳇렌치, 스냅링플라이어, 앤드컷팅니퍼, 플라이어렌치",다이아고날플라이어,,,,True,,
보드게임 흔들흔들 해적선,success,로터리해머드릴,"로터리해머드릴, 충전해머드릴, 타일컷터, 편구스패너, 쇠지렛대",로터리해머드릴,,,,True,,
보쉬,success,에어건,"에어건, 커터, 스패너, 타카, 먹통",에어건,보쉬(BOSCH),,,False,,
보쉬 13RE,success,빠루망치,"빠루망치, 만능렌치, 전동타카, 카운터싱크, 타카",전동타카,BOSCH,유선,,False,해머드릴,False
보쉬 GLM 40 거리측정기,success,라돈측정기,"라돈측정기, 고속절단기, SDS드릴비트, 클램프미터, 전동압착기",라돈측정기,보쉬(BOSCH),,,False,레이저거리측정기,False
보쉬 advanced impact 1800,success,전동압착기,"전동압착기, 고속절단기, 전동공구세트, 라돈측정기, SDS드릴비트",전동공구세트,BOSCH,배터리,,False,,
보쉬 거리측정기,success,라돈측정기,"라돈측정기, 육각렌치, 육각렌치세트, 수평기, 만능렌치",라돈측정기,보쉬(BOSCH),,,False,레이저거리측정기,False
보쉬 그라인더(타일절단용),success,다이아고날플라이어,"다이아고날플라이어, 냉동라쳇렌치, 스냅링플라이어, 앵글그라인더, 앤드컷팅니퍼",앵글그라인더,보쉽(BOSCH),,,False,,
보쉬 다목적 드릴비트세트,success,드릴비트세트,"드릴비트세트, 공구함세트, 기어렌치세트, 전동공구세트, 공구세트",드릴비트세트,보쉬(BOSCH),,,False,,
보쉬 무선그라인더,success,냉동라쳇렌치,"냉동라쳇렌치, 앤드컷팅니퍼, 다이아고날플라이어, 옵셋렌치, 스냅링플라이어",냉동라쳇렌치,BOSCH,충전식(무선),,True,앵글그라인더,False
보쉬 비트 세트,success,비트세트,"비트세트, T렌치세트, 기어렌치세트, 스패너세트, 공구함세트",비트세트,보쉬(BOSCH),,,False,,
보쉬 비트세트(100PCS),success,비트세트,"비트세트, SDS드릴비트, 정밀드라이버세트, 고속절단기, 전동공구세트",비트세트,보쉬(BOSCH),,100PCS,False,비트세트,True
보쉬 수공구,success,빠루망치,"빠루망치, 그립망치, 만능렌치, 목공줄, 돌망치",빠루망치,BOSCH,,,False,,
보쉬 수공구세트,success,목공줄,"목공줄, 공구세트, 기어렌치세트, 전동공구세트, 스패너세트",공구세트,보쉬(BOSCH),,,False,공구세트,True
보쉬 스패너 세트,success,스패너세트,"스패너세트, 소켓렌치세트, 기어렌치세트, T렌치세트, 전동공구세트",스패너세트,보쉬(BOSCH),,,False,스패너세트,True
보쉬 열풍기,success,열풍기,"열풍기, 송풍기, 육각렌치, 만능렌치, 가스토치",열풍기,BOSCH,,,False,열풍기,True
보쉬 일반 드릴,success,전지가위,"전지가위, 목공줄, 빠루망치, 납볼망치, 임팩트드릴",임팩트드릴,보쉬(BOSCH),,,False,전동드릴,False
보쉬 임팩드릴,success,해머드릴,"해머드릴, 충전해머드릴, 전동드릴, 전선릴, 와이어스트리퍼",해머드릴,보쉬(BOSCH),,,False,,
보쉬 전기그라인더,success,충전해머드릴,"충전해머드릴, 편구스패너, 전동드릴, 와이어스트리퍼, 타일컷터",전동드릴,보쉬(BOSCH),유선,,False,,
보쉬 전기해머드릴 13RE,success,전동공구세트,"전동공구세트, 고속절단기, 충전드릴, 만능렌치, 끌세트",충전드릴,보쉬(BOSCH),배터리,,False,,
보쉬 전동  드릴,success,전동드릴,"전동드릴, 해머드릴, 전선릴, 편구스패너, 고무망치",전동드릴,보쉬(BOSCH),유선,,False,,
보쉬 전동 그라인더,success,바이스그립플라이어,"바이스그립플라이어, 냉동라쳇렌치, 앵글그라인더, 다이아고날플라이어, 스냅링플라이어",앵글그라인더,보쉬(BOSCH),전동,,False,,
보쉬 전동 드라이버,success,냉동라쳇렌치,"냉동라쳇렌치, 전동드라이버, 앤드컷팅니퍼, 다이아고날플라이어, 충전해머드릴",전동드라이버,보쉬,,,False,전동드라이버,True
보쉬 전동공구세트,success,전동공구세트,"전동공구세트, 공구세트, 기어렌치세트, 스패너세트, 소켓렌치세트",전동공구세트,보쉬,유선,,False,전동공구세트,True
보쉬 전동그라인더,success,냉동라쳇렌치,"냉동라쳇렌치, 바이스그립플라이어, 다이아고날플라이어, 앵글그라인더, 버니어캘리퍼스",앵글그라인더,보쉬(BOSCH),전동,,False,앵글그라인더,True
보쉬 전동드릴세트,success,전동공구세트,"전동공구세트, 드릴비트세트, 목공용드릴비트, 공구세트, 고속절단기",전동공구세트,BOSCH,배터리,,False,,
보쉬 충전 임팩트 드릴/드라이버,success,충전임팩트드라이버,"충전임팩트드라이버, 충전드릴, 배터리팩, 목공용드릴비트, 고속절단기",충전임팩트드라이버,보쉬(BOSCH),충전식(무선),,False,충전임팩트드라이버,True
보쉬 충전 전동드릴,success,충전드릴,"충전드릴, 충전해머드릴, 고속절단기, 충전임팩트드라이버, 임팩트드릴",충전드릴,보쉬(BOSCH),충전식(무선),,False,충전드릴,True
보쉬 충전 해머드릴,success,충전해머드릴,"충전해머드릴, 해머드릴, 와이어스트리퍼, 전동드릴, 전선릴",충전해머드릴,보쉬(BOSCH),충전식,,False,,
보쉬 충전드릴,success,충전드릴,"충전드릴, 충전해머드릴, 해머드릴, 임팩트드릴, 전동드릴",충전드릴,보쉬(BOSCH),충전식(무선),,False,충전드릴,True
보쉬 충전해머,success,충전해머드릴,"충전해머드릴, 옵셋렌치, 스냅링플라이어, 다이아고날플라이어, 앤드컷팅니퍼",충전해머드릴,보쉬(BOSCH),충전식,,False,,
보쉬 충전해머드릴,success,충전해머드릴,"충전해머드릴, 앤드컷팅니퍼, 옵셋렌치, 버니어캘리퍼스, 굽은노즈플라이어",충전해머드릴,보쉬(BOSCH),충전식,,False,충전해머드릴,True
보쉬 충전해머드릴(무선),success,충전해머드릴,"충전해머드릴, 충전드릴, 타일컷터, 전동드릴, 와이어스트리퍼",충전해머드릴,보쉬(BOSCH),충전식(무선),,False,충전해머드릴,True
보쉬 해머드릴,success,충전해머드릴,"충전해머드릴, 해머드릴, 전선릴, 앤드컷팅니퍼, 와이어스트리퍼",해머드릴,보쉬(BOSCH),,,False,해머드릴,True
보쉬 해머드릴(유선),success,냉동라쳇렌치,"냉동라쳇렌치, 옵셋렌치, 다이아고날플라이어, 앤드컷팅니퍼, 버니어캘리퍼스",다이아고날플라이어,보쉬(BOSCH),유선,,False,해머드릴,False
보쉬(100PCS),success,고속절단기,"고속절단기, SDS드릴비트, 클램프미터, 전동공구세트, 정밀드라이버세트",전동공구세트,보쉬(BOSCH),,,False,,
보쉬)해머드릴,success,옵셋렌치,"옵셋렌치, 스냅링플라이어, 다이아고날플라이어, 굽은노즈플라이어, 앤드컷팅니퍼",옵셋렌치,보쉬(BOSCH),,,False,,
보쉬공구세트,success,기어렌치세트,"기어렌치세트, 공구세트, 전동공구세트, 스패너세트, T렌치세트",공구세트,보쉬(BOSCH),,,False,,
보쉬드릴비트세트,success,스패너세트,"스패너세트, 소켓렌치세트, 기어렌치세트, 드릴비트세트, T렌치세트",드릴비트세트,보쉬(BOSCH),,,False,,
보쉬멀티기리세트,success,소켓렌치세트,"소켓렌치세트, 볼렌치세트, 스패너세트, 편구스패너, 기어렌치세트",소켓렌치세트,보쉬(BOSCH),,,False,드릴비트세트,False
보쉬수공구세트,success,전동공구세트,"전동공구세트, 공구세트, 기어렌치세트, 공구함세트, T렌치세트",공구세트,보쉬(BOSCH),,,False,,
보쉬수공구세트,success,전동공구세트,"전동공구세트, 공구세트, 기어렌치세트, 공구함세트, T렌치세트",공구세트,보쉬(BOSCH),,,False,,
보쉬전기드릴,success,충전드릴,"충전드릴, 해머드릴, 만능렌치, 전동드릴, 임팩트드릴",전동드릴,BOSCH,유선,,False,,
보쉬전동공구,success,만능렌치,"만능렌치, 전동타카, 편구스패너, 빠루망치, 육각렌치",전동타카,BOSCH,유선,,False,,
보쉬전동드릴,success,해머드릴,"해머드릴, 전동드릴, 전선릴, 충전해머드릴, 고무망치",전동드릴,보쉬(BOSCH),,,False,전동드릴,True
보쉬진동드릴,success,충전해머드릴,"충전해머드릴, 전선릴, 해머드릴, 앤드컷팅니퍼, 와이어스트리퍼",해머드릴,보쉬(BOSCH),,,False,,
보쉬충전드릴,success,해머드릴,"해머드릴, 임팩트드릴, 그립망치, 빠루망치, 만능렌치",임팩트드릴,보쉬(BOSCH),배터리,,False,충전드릴,False
보쉬충전드릴 1개,success,해머드릴,"해머드릴, 임팩트드릴, 목공줄, 그립망치, 만능렌치",임팩트드릴,보쉬(BOSCH),배터리,,False,,
보쉬해머드릴,success,충전해머드릴,"충전해머드릴, 해머드릴, 전선릴, 옵셋렌치, 굽은노즈플라이어",해머드릴,보쉬(BOSCH),,,False,해머드릴,True
보안경,success,보안경,"보안경, 전지가위, 납볼망치, 안전로프, 임팩트드릴",보안경,,,,False,보안경,True
보안경(고글),success,보안경,"보안경, 임팩트드릴, 전동드릴, 납볼망치, 충전해머드릴",보안경,,,,False,,
보안경(물안경 타입),success,보안경,"보안경, 안전로프, SDS드릴비트, 전동공구세트, 정밀드라이버세트",보안경,,,물안경 타입,False,,
보행 보조기,success,전지가위,"전지가위, T핸드드라이버, 핸드카트, 안전로프, 전동압착기",핸드카트,,,,False,,
보행보조기,success,전지가위,"전지가위, T핸드드라이버, 안전로프, 핸드카트, 에어타카",핸드카트,,,,False,,
보호안경,success,안전모,"안전모, 안전로프, 보안경, 전동압착기, 안전장갑",보안경,,,,False,,
보호안경 1개,success,보안경,"보안경, 안전로프, 직각자, 전동압착기, 정밀드라이버세트",보안경,,,,False,,
보호안경 투명,success,안전모,"안전모, 보안경, 안전로프, 방진마스크, 라돈측정기",보안경,,,,False,,
복사기(팩스),success,SDS드릴비트,"SDS드릴비트, 전지가위, 전동공구세트, 공구세트, 소켓렌치세트",SDS드릴비트,,,,True,,
복쉬수공구세트,success,기어렌치세트,"기어렌치세트, 전동공구세트, 공구세트, 스패너세트, T렌치세트",공구세트,보쉬(BOSCH),,,False,,
복스,success,플라이어,"플라이어, 렌치, 전선릴, 스크레퍼, 편구스패너",플라이어,보쉬(BOSCH),,,False,,
복스 (10개 1세트),success,바이스그립플라이어,"바이스그립플라이어, 냉동라쳇렌치, 버니어캘리퍼스, 다이아고날플라이어, 앤드컷팅니퍼",바이스그립플라이어,보쉬(BOSCH),,10개 1세트,True,,
복스 1세트,success,라쳇렌치세트,"라쳇렌치세트, 앤드컷팅니퍼, 와이어스트리퍼, 버니어캘리퍼스, 전동드라이버",라쳇렌치세트,보쉬(BOSCH),,,False,,
복스 공구세트(46p),success,전동공구세트,"전동공구세트, 고속절단기, 공구세트, 철공용드릴비트, 드릴비트세트",공구세트,보쉬(BOSCH),,,False,,
복스 세트,success,스패너세트,"스패너세트, 소켓렌치세트, 끌세트, T렌치세트, 기어렌치세트",스패너세트,보쉬(BOSCH),,,True,,
복스 세트 1개,success,기어렌치세트,"기어렌치세트, 스패너세트, T렌치세트, 소켓렌치세트, 조합렌치세트",조합렌치세트,보쉬(BOSCH),,,False,,
복스SET 1/2-17pcs(TL-SS11),success,SDS드릴비트,"SDS드릴비트, 고속절단기, 전동공구세트, 전동압착기, 강력니퍼",전동공구세트,,,,False,,
복스Set(15EA) 1개,success,소켓렌치세트,"소켓렌치세트, 전동공구세트, T렌치세트, 기어렌치세트, 조합렌치세트",소켓렌치세트,,,,False,,
복스렌치,success,다이아고날플라이어,"다이아고날플라이어, 플라이어렌치, 옵셋렌치, 냉동라쳇렌치, 스냅링플라이어",옵셋렌치,,,,False,,
복스렌치세트,success,라쳇렌치세트,"라쳇렌치세트, 플라이어렌치, 굽은노즈플라이어, 옵셋렌치, 와이어스트리퍼",라쳇렌치세트,,,,False,,
복스세트,success,편구스패너,"편구스패너, 와이어스트리퍼, 전선릴, 타일컷터, 볼렌치세트",볼렌치세트,,,,False,소켓렌치세트,False
복스세트 1개,success,편구스패너,"편구스패너, 볼렌치세트, 소켓렌치세트, 스패너세트, 타일컷터",볼렌치세트,,,,False,,
복스세트(17pcs),success,클램프미터,"클램프미터, 고속절단기, 센터펀치, 조합렌치세트, T렌치세트",조합렌치세트,,,,False,,
복스세트(20pcs),success,클램프미터,"클램프미터, 직소기, 공구함세트, 육각렌치세트, 전동공구세트",공구함세트,,,,False,,
복스세트(소켓렌치세트),success,소켓렌치세트,"소켓렌치세트, 스패너세트, 볼렌치세트, 편구스패너, 기어렌치세트",소켓렌치세트,보쉬(BOSCH),,,False,,
복스세트(앵글),success,편구스패너,"편구스패너, 볼렌치세트, 소켓렌치세트, 스패너세트, 라쳇렌치세트",볼렌치세트,,,,False,,
복스셋,success,와이어스트리퍼,"와이어스트리퍼, 전선릴, 편구스패너, 타일컷터, 스크레퍼",와이어스트리퍼,,,,False,,
복스셋트,success,굽은노즈플라이어,"굽은노즈플라이어, 플라이어렌치, 라쳇렌치세트, 전동드라이버, 전선릴",라쳇렌치세트,,,,False,,
복스셋트(대),success,냉동라쳇렌치,"냉동라쳇렌치, 바이스그립플라이어, 앵글그라인더, 다이아고날플라이어, 스냅링플라이어",바이스그립플라이어,보쉬(BOSCH),,,False,,
복스소켓렌치세트(20pcs),success,클램프미터,"클램프미터, 육각렌치세트, 전동공구세트, 정밀드라이버세트, 고속절단기",육각렌치세트,보쉬(BOSCH),,,False,,
본드,success,커터,"커터, 에어건, 장도리, 줄자, 샌더",커터,,,,True,,
볼L렌치 세트,success,기어렌치세트,"기어렌치세트, T렌치세트, 볼렌치세트, 소켓렌치세트, 스패너세트",볼렌치세트,,,,False,,
볼드 커터,success,다이아고날플라이어,"다이아고날플라이어, 앤드컷팅니퍼, 플라이어렌치, 굽은노즈플라이어, 스냅링플라이어",앤드컷팅니퍼,,,,False,,
볼렌지세트,success,볼렌치세트,"볼렌치세트, 소켓렌치세트, 다이스세트, 편구스패너, 스패너세트",볼렌치세트,,,,False,,
볼렌치,success,볼렌치,"볼렌치, 토크렌치, 장도리, 볼렌치세트, 전동타카",볼렌치,,,,False,볼렌치,True
볼렌치 세트,success,기어렌치세트,"기어렌치세트, T렌치세트, 볼렌치세트, 소켓렌치세트, 스패너세트",볼렌치세트,,,,False,,
볼렌치 육각,success,볼렌치,"볼렌치, 육각렌치, 볼렌치세트, 수평기, 전동타카",볼렌치,,,,False,,
볼렌치세트,success,볼렌치세트,"볼렌치세트, 소켓렌치세트, 편구스패너, 스패너세트, 라쳇렌치세트",볼렌치세트,,,,False,볼렌치세트,True
볼렌치세트 1개,success,소켓렌치세트,"소켓렌치세트, 스패너세트, 볼렌치세트, 기어렌치세트, T렌치세트",볼렌치세트,,,,False,,
볼렌치세트(8피스),success,볼렌치세트,"볼렌치세트, 소켓렌치세트, 라쳇렌치세트, 스패너세트, 편구스패너",볼렌치세트,,,8피스,False,,
볼렌치세트(9피스),success,소켓렌치세트,"소켓렌치세트, 볼렌치세트, 스패너세트, 라쳇렌치세트, 편구스패너",볼렌치세트,,,9피스,False,,
볼렌치셋,success,와이어스트리퍼,"와이어스트리퍼, 볼렌치세트, 편구스패너, 전선릴, 타일컷터",볼렌치세트,,,,False,,
볼렌치셋트,success,라쳇렌치세트,"라쳇렌치세트, 와이어스트리퍼, 볼렌치세트, 편구스패너, 전선릴",볼렌치세트,,,,False,,
볼렌치셋트1개,success,소켓렌치세트,"소켓렌치세트, 볼렌치세트, 편구스패너, 스패너세트, 타일컷터",볼렌치세트,,,,False,,
볼망치,success,장도리,"장도리, 고무망치, 빠루망치, 만능렌치, 전선릴",고무망치,,,,False,,
볼트 리무버 세트,success,전동공구세트,"전동공구세트, 소켓렌치세트, 볼트컷터, 끌세트, 스패너세트",볼트컷터,,,,False,,
볼트 컷터,success,볼트컷터,"볼트컷터, 드릴비트세트, 드릴비트, 공구세트, 절단석",볼트컷터,,,,False,,
볼트갓다,success,전선릴,"전선릴, 편구스패너, 쇠지렛대, 와이어스트리퍼, 굽은노즈플라이어",전선릴,,,,True,,
볼트갓타,success,건타카,"건타카, 육각렌치, 전동타카, 장도리, 줄자",건타카,,,,False,,
볼트리무버,success,육각렌치,"육각렌치, 줄자, 전지가위, 카운터싱크, 돌망치",돌망치,,,,False,,
볼트리무버 세트,success,기어렌치세트,"기어렌치세트, 전동공구세트, T렌치세트, 공구세트, 스패너세트",공구세트,,,,False,,
볼트리무버세트,success,기어렌치세트,"기어렌치세트, 전동공구세트, 공구세트, 스패너세트, T렌치세트",공구세트,,,,False,,
볼트카타,success,건타카,"건타카, 볼렌치, 타카, 육각렌치, 장도리",건타카,,,,False,볼트컷터,False
볼트캇다,success,옵셋렌치,"옵셋렌치, 플라이어렌치, 스냅링플라이어, 굽은노즈플라이어, 다이아고날플라이어",옵셋렌치,,,,True,,
볼트캇타,success,전동타카,"전동타카, 카운터싱크, 빠루망치, 편구스패너, 볼트컷터",볼트컷터,,,,False,,
볼트캇타(절단기) 18',success,냉동라쳇렌치,"냉동라쳇렌치, 바이스그립플라이어, 앤드컷팅니퍼, 다이아고날플라이어, 버니어캘리퍼스",앤드컷팅니퍼,,,18'',False,,
볼트캇터(18인치),success,편구스패너,"편구스패너, 와이어스트리퍼, 타일컷터, 라쳇렌치세트, 볼렌치세트",볼렌치세트,,,18인치,False,,
볼트커터,success,볼트컷터,"볼트컷터, 편구스패너, 타일컷터, 볼렌치세트, 와이어스트리퍼",볼트컷터,,,,False,볼트컷터,True
볼트커터 14,success,볼트컷터,"볼트컷터, 끌세트, 소켓렌치세트, 볼렌치세트, 편구스패너",볼트컷터,,,14,False,,
볼트커터 18인치,success,볼트컷터,"볼트컷터, 소켓렌치세트, 전동공구세트, 스패너세트, 볼렌치세트",볼트컷터,,,18인치,False,,
볼트커터(12인치),success,드릴비트세트,"드릴비트세트, 볼트컷터, 전동공구세트, 소켓렌치세트, 공구세트",볼트컷터,,,12인치,False,,
볼트컷터,success,볼트컷터,"볼트컷터, 스패너, 드릴비트, 스패너세트, 끌세트",볼트컷터,,,,False,볼트컷터,True
볼트컷터 연질용,success,목공용드릴비트,"목공용드릴비트, 드릴비트세트, 볼트컷터, 공구세트, 철공용드릴비트",볼트컷터,,,연질용,False,,
볼트컷트,success,볼트컷터,"볼트컷터, 스패너, 드릴비트, 카운터싱크, 돌망치",볼트컷터,,,,False,,
볼트클리퍼,success,와이어스트리퍼,"와이어스트리퍼, 편구스패너, 타일컷터, 전선릴, 스크레퍼",편구스패너,,,,False,,
부루마블,success,장도리,"장도리, 전동타카, 빠루망치, 돌망치, 건타카",빠루망치,,,,False,,
부탄가스 히타,success,가스토치,"가스토치, 석고대패, 절단석, 볼트컷터, 강력니퍼",가스토치,,가스,,False,,
부탄가스 히터,success,가스토치,"가스토치, 적외선온도계, 고속절단기, 석고대패, 철공용드릴비트",가스토치,,가스,,False,,
부탄가스토치,success,가스토치,"가스토치, 석고대패, 절단석, 돌망치, 건타카",가스토치,,가스,,False,,
부탄가스히타,success,가스토치,"가스토치, 절단석, 석고대패, 그립망치, 돌망치",가스토치,,가스,,False,,
부탄가스히터,success,가스토치,"가스토치, 석고대패, 볼트컷터, 철공용드릴비트, 공구세트",가스토치,,가스,,False,,
부탄가스히트,success,가스토치,"가스토치, 석고대패, 절단석, 강력니퍼, 볼트컷터",가스토치,,가스,,False,,
분사호수,success,전지가위,"전지가위, 전동압착기, 에어타카, 수평기, 육각렌치",에어타카,,,,False,,
분사호스,success,전지가위,"전지가위, 납볼망치, 소켓렌치세트, 만능렌치, 장도리",전지가위,,,,True,,
분재가위,success,공구함세트,"공구함세트, 직소기, 공구세트, 육각렌치세트, 글루스틱",공구세트,,,,False,,
불법촬영감지카메라,success,SDS드릴비트,"SDS드릴비트, 보안경, 전자산업용니퍼, 임팩트드라이버, 임팩트드릴",SDS드릴비트,,,,True,,
불법카메라 감지기기,success,보안경,"보안경, SDS드릴비트, 전자산업용니퍼, 안전로프, 임팩트드라이버",보안경,,,,True,,
"블록 장난감(해달별, 헬로키티 각 1개)",success,드릴비트세트,"드릴비트세트, 전동공구세트, 기어렌치세트, 스패너세트, 공구세트",공구세트,,,,False,,
블루그라나이트(6MM),success,클램프미터,"클램프미터, 별렌치세트, 전동공구세트, 소켓렌치세트, 육각렌치세트",소켓렌치세트,,,6MM,False,,
블루투스 마이크,success,양용드라이버,"양용드라이버, 와이어스트리퍼, 편구스패너, 전선릴, 앤드컷팅니퍼",양용드라이버,,,,True,,
블루투스 스피커,success,편구스패너,"편구스패너, 볼렌치세트, 타일컷터, 양용드라이버, 소켓렌치세트",편구스패너,,,,True,,
블루투스마이크,success,편구스패너,"편구스패너, 볼렌치세트, 와이어스트리퍼, 스크레퍼, 양용드라이버",편구스패너,,,,True,,
블루투스스피커,success,편구스패너,"편구스패너, 볼렌치세트, 소켓렌치세트, 와이어스트리퍼, 타일컷터",편구스패너,,,,True,,
비트,success,비트세트,"비트세트, 직소기, 타카, 직각자, 장도리",비트세트,,,,False,,
비트 20개,success,비트세트,"비트세트, 직소기, SDS드릴비트, T렌치세트, 드릴비트세트",드릴비트세트,,,,False,,
비트 6개,success,비트세트,"비트세트, T렌치세트, 기어렌치세트, 조합렌치세트, 스패너세트",비트세트,,,,False,,
비트 SDS PLUS 세트,success,SDS드릴비트,"SDS드릴비트, 비트세트, 조합렌치세트, 정밀드라이버세트, 육각렌치세트",비트세트,,,,False,,
비트 SDS PLUS세트,success,SDS드릴비트,"SDS드릴비트, 비트세트, 정밀드라이버세트, 조합렌치세트, 전동공구세트",비트세트,,,,False,,
비트 세트,success,비트세트,"비트세트, T렌치세트, 공구함세트, 조합렌치세트, SDS드릴비트",비트세트,,,,False,,
비트(20pcs)+연결소켓,success,비트세트,"비트세트, SDS드릴비트, 클램프미터, 고속절단기, 정밀드라이버세트",비트세트,,,20개 포함,False,,
비트세트,success,비트세트,"비트세트, T렌치세트, 기어렌치세트, 스패너세트, 공구함세트",비트세트,,,,False,비트세트,True
비트세트,success,비트세트,"비트세트, T렌치세트, 기어렌치세트, 스패너세트, 공구함세트",비트세트,,,,False,비트세트,True
비트세트(기리세트),success,비트세트,"비트세트, T렌치세트, 기어렌치세트, 스패너세트, 소켓렌치세트",비트세트,,,,False,,
비트셋,success,비트세트,"비트세트, T렌치세트, 스패너세트, 드릴비트세트, 직각자",비트세트,,,,False,,
비트셋트 1개,success,비트세트,"비트세트, T렌치세트, 스패너세트, 드릴비트세트, 기어렌치세트",비트세트,,,,False,,
비트홀더,success,다이아고날플라이어,"다이아고날플라이어, 스냅링플라이어, 플라이어렌치, 옵셋렌치, 굽은노즈플라이어",다이아고날플라이어,,,,True,,
빔 프로젝트,success,육각렌치세트,"육각렌치세트, 라돈측정기, 콘크리트드릴비트세트, 공구함세트, 직소기",육각렌치세트,,,,True,,
빔스크린,success,라돈측정기,"라돈측정기, 육각렌치세트, 별렌치세트, 탭세트, SDS드릴비트",라돈측정기,,,,True,,
빔스크린80인치,success,라돈측정기,"라돈측정기, 별렌치세트, 육각렌치세트, 전동공구세트, 정밀드라이버세트",라돈측정기,,,,True,,
빔프로젝터,success,육각렌치세트,"육각렌치세트, 라돈측정기, 레이저수평기, 공구함세트, 별렌치세트",육각렌치세트,,,,True,,
빔프로젝트,success,육각렌치세트,"육각렌치세트, 라돈측정기, 레이저수평기, 공구함세트, 직소기",육각렌치세트,,,,True,,
빔프로젝트 스크린,success,라돈측정기,"라돈측정기, 육각렌치세트, 레이저수평기, 별렌치세트, SDS드릴비트",라돈측정기,,,,True,,
빠루,success,빠루망치,"빠루망치, 만능렌치, 고속절단기, 도끼, 스패너",빠루망치,,,,False,쇠지렛대,False
빠루 망치,success,빠루망치,"빠루망치, 고무망치, 만능렌치, 해머드릴, 전동드릴",빠루망치,,,,False,,
빠루(600mm),success,고속절단기,"고속절단기, 클램프미터, 철공용드릴비트, 정밀드라이버세트, 전동공구세트",고속절단기,,,600mm,False,,
빠루(600mm),success,고속절단기,"고속절단기, 클램프미터, 철공용드릴비트, 정밀드라이버세트, 전동공구세트",고속절단기,,,600mm,False,,
빠루(90cm),success,고속절단기,"고속절단기, 클램프미터, 전동압착기, 정밀드라이버세트, 전동공구세트",고속절단기,,,길이 90cm,False,,
빠루(쇠지렛대),success,굽은노즈플라이어,"굽은노즈플라이어, 옵셋렌치, 쇠지렛대, 전선릴, 플라이어렌치",쇠지렛대,,,,False,,
빠루(스마토),success,전동타카,"전동타카, 건타카, 고무망치, 빠루망치, 전선릴",전동타카,스마토,,,True,,
빠루망치,success,빠루망치,"빠루망치, 만능렌치, 그립망치, 납볼망치, 돌망치",빠루망치,,,,False,빠루망치,True
빠루망치,success,빠루망치,"빠루망치, 만능렌치, 그립망치, 납볼망치, 돌망치",빠루망치,,,,False,빠루망치,True
빠루망치 (중),success,빠루망치,"빠루망치, 만능렌치, 그립망치, 임팩트드릴, 납볼망치",빠루망치,,,,False,,
빠루망치 1개,success,만능렌치,"만능렌치, 빠루망치, 납볼망치, 그립망치, 임팩트드릴",빠루망치,,,,False,,
빠루망치 2개,success,만능렌치,"만능렌치, 빠루망치, 그립망치, 목공줄, 손타카",빠루망치,,,,False,,
빠루망치(1),success,볼렌치세트,"볼렌치세트, 만능렌치, 소켓렌치세트, 빠루망치, 편구스패너",빠루망치,,,1,False,,
빠루망치(450MM),success,클램프미터,"클램프미터, 고속절단기, 전동공구세트, 정밀드라이버세트, 라돈측정기",정밀드라이버세트,,,450MM,False,,
빠루망치(대),success,냉동라쳇렌치,"냉동라쳇렌치, 옵셋렌치, 앤드컷팅니퍼, 다이아고날플라이어, 플라이어렌치",냉동라쳇렌치,,,,True,,
빠루망치(중),success,빠루망치,"빠루망치, 만능렌치, 그립망치, 임팩트드릴, 납볼망치",빠루망치,,,,False,,
빠루망치(중) 1개,success,만능렌치,"만능렌치, 빠루망치, 그립망치, 전동공구세트, 직각자",빠루망치,,,,False,,
빠루망치/냉가망치,success,고무망치,"고무망치, 만능렌치, 타일컷터, 빠루망치, 전선릴",빠루망치,,,,False,,
빨강 사각바구니 2,success,스패너세트,"스패너세트, 소켓렌치세트, 편구스패너, 볼렌치세트, 기어렌치세트",스패너세트,,,,True,,
뺀지 크레인,success,스냅링플라이어,"스냅링플라이어, 굽은노즈플라이어, 옵셋렌치, 다이아고날플라이어, 앤드컷팅니퍼",스냅링플라이어,,,,True,,
뺀찌,success,쇠지렛대,"쇠지렛대, 고무망치, 전선릴, 스크레퍼, 렌치",스크레퍼,,,,False,펜치,False
뺀찌(2508P),success,소켓렌치세트,"소켓렌치세트, 스패너세트, 전동공구세트, 기어렌치세트, T렌치세트",소켓렌치세트,,,,False,,
뺀찌9',success,쇠지렛대,"쇠지렛대, 굽은노즈플라이어, 옵셋렌치, 전선릴, 편구스패너",쇠지렛대,,,,True,,
뺀치,success,망치,"망치, 고무망치, 전선릴, 렌치, 해머드릴",망치,,,,False,펜치,False
뺀치 8인치,success,굽은노즈플라이어,"굽은노즈플라이어, 옵셋렌치, 라쳇렌치세트, 쇠지렛대, 플라이어렌치",쇠지렛대,,,8인치,False,,
사각 캐리어,success,와이어스트리퍼,"와이어스트리퍼, 전선릴, 타일컷터, 편구스패너, 쇠지렛대",전선릴,,,,False,,
사각드라이버,success,양용드라이버,"양용드라이버, 편구스패너, 타일컷터, 스패너, 카운터싱크",양용드라이버,,,,False,,
사각샌더,success,플라이어렌치,"플라이어렌치, 전동드라이버, 굽은노즈플라이어, 옵셋렌치, 다이아고날플라이어",플라이어렌치,,,,True,,
사각캐리어,success,타일컷터,"타일컷터, 편구스패너, 와이어스트리퍼, 전선릴, 스크레퍼",스크레퍼,,,,False,,
사다리,success,사다리,"사다리, A형사다리, 전동드라이버, 굽은노즈플라이어, 플라이어",사다리,,,,False,사다리,True
사다리,success,사다리,"사다리, A형사다리, 전동드라이버, 굽은노즈플라이어, 플라이어",사다리,,,,False,사다리,True
사다리 1개,success,A형사다리,"A형사다리, 사다리, 다림추, 수평기, 끌세트",사다리,,,,False,,
사다리 2개,success,A형사다리,"A형사다리, 사다리, 다림추, 수평기, 끌세트",사다리,,,,False,,
사다리 A형 4단,success,A형사다리,"A형사다리, 사다리, 다림추, 수평기, 끌세트",사다리,,,A형 4단,False,,
사다리 LS 5단,success,A형사다리,"A형사다리, 전동공구세트, 끌세트, 소켓렌치세트, 기어렌치세트",A형사다리,LS,,,False,,
사다리 Ls 7단,success,전동공구세트,"전동공구세트, 끌세트, 기어렌치세트, 소켓렌치세트, 공구세트",소켓렌치세트,LS,,,False,,
사다리 광폭4단,success,A형사다리,"A형사다리, 사다리, 끌세트, 편구스패너, 스패너세트",사다리,,,광폭4단,False,,
사다리(24단),success,A형사다리,"A형사다리, 사다리, 다림추, 수평기, 끌세트",사다리,,,24단,False,,
사다리(2단),success,A형사다리,"A형사다리, 사다리, 다림추, 수평기, 끌세트",사다리,,,2단,False,,
사다리(3단),success,A형사다리,"A형사다리, 사다리, 다림추, 끌세트, 수평기",사다리,,,3단,False,,
사다리(3단/5단),success,A형사다리,"A형사다리, 사다리, 다림추, 철판가위, 수평기",사다리,,,3단/5단,False,,
사다리(4*5단),success,냉동라쳇렌치,"냉동라쳇렌치, 앵글그라인더, 다이아고날플라이어, 옵셋렌치, 플라이어렌치",냉동라쳇렌치,,,4*5단,True,,
"사다리(4,5단)",success,A형사다리,"A형사다리, 사다리, 다림추, 수평기, 철판가위",사다리,,,"4,5단",False,,
사다리(4단),success,사다리,"사다리, 라쳇렌치세트, 굽은노즈플라이어, 플라이어렌치, 전동드라이버",사다리,,,4단,False,,
사다리(5단),success,A형사다리,"A형사다리, 사다리, 다림추, 철판가위, 수평기",사다리,,,5단,False,,
사다리(6단),success,A형사다리,"A형사다리, 사다리, 다림추, 끌세트, 수평기",사다리,,,6단,False,,
사다리(A형 4단),success,사다리,"사다리, A형사다리, 다림추, 끌세트, 편구스패너",A형사다리,,,4단,False,,
사다리(小),success,사다리,"사다리, A형사다리, 끌세트, 다림추, 편구스패너",사다리,,,,False,,
사다리(광폭2단),success,A형사다리,"A형사다리, 사다리, 다림추, 수평기, 끌세트",사다리,,,광폭2단,False,,
사다리(광폭4단),success,A형사다리,"A형사다리, 사다리, 다림추, 수평기, 끌세트",사다리,,,광폭4단,False,,
사다리(길이조절),success,A형사다리,"A형사다리, 사다리, 다림추, 끌세트, 수평기",사다리,,,길이조절,False,,
"사다리(다기능, LS형) LS-5",success,전동공구세트,"전동공구세트, 정밀드라이버세트, 조합렌치세트, 기어렌치세트, SDS드릴비트",조합렌치세트,LS,,LS-5,False,,
사다리(접이식),success,A형사다리,"A형사다리, 사다리, 다림추, 끌세트, 수평기",사다리,,,접이식,False,,
사다리-3단,success,사다리,"사다리, A형사다리, 다림추, 끌세트, 편구스패너",A형사다리,,,,False,,
사다리3단,success,사다리,"사다리, A형사다리, 끌세트, 편구스패너, 다림추",A형사다리,,,,False,,
사다리4단,success,사다리,"사다리, A형사다리, 편구스패너, 끌세트, 타일컷터",사다리,,,,False,,
사다리5단,success,사다리,"사다리, A형사다리, 편구스패너, 끌세트, 타일컷터",사다리,,,,False,,
사다리A형,success,A형사다리,"A형사다리, 사다리, 다림추, 수평기, 끌세트",사다리,,,,False,,
사다리A형 4단,success,A형사다리,"A형사다리, 사다리, 다림추, 끌세트, 수평기",사다리,,,,False,,
사다리류,success,사다리,"사다리, A형사다리, 다림추, 끌세트, 편구스패너",사다리,,,,False,,
사이드커팅니퍼,success,와이어스트리퍼,"와이어스트리퍼, 앤드컷팅니퍼, 충전해머드릴, 전동드라이버, 타일컷터",앤드컷팅니퍼,,,,False,,
사포그라인더,success,냉동라쳇렌치,"냉동라쳇렌치, 바이스그립플라이어, 앵글그라인더, 다이아고날플라이어, 스냅링플라이어",앵글그라인더,,,,False,,
산업용 청소기,success,스프링배관청소기,"스프링배관청소기, 목공용드릴비트, 철공용드릴비트, 전자산업용니퍼, 공구함세트",스프링배관청소기,,,,False,,
삼각각도자,success,스패너세트,"스패너세트, 기어렌치세트, 육각렌치, T렌치세트, 소켓렌치세트",스패너세트,,,,True,,
삼각대,success,스패너세트,"스패너세트, T렌치세트, 수평기, 기어렌치세트, 장도리",수평기,,,,False,,
삼각대 셀카봉,success,스패너세트,"스패너세트, 플라이어세트, 소켓렌치세트, 기어렌치세트, T렌치세트",스패너세트,,,,True,,
삼각대 스크린,success,육각렌치세트,"육각렌치세트, 별렌치세트, 라돈측정기, 정밀드라이버세트, 전동공구세트",정밀드라이버세트,,,,False,,
삼각삽,success,스패너세트,"스패너세트, 편구스패너, 장도리, 모종삽, 육각렌치",모종삽,,,,False,,
삼각자,success,수평기,"수평기, 플라이어세트, T렌치세트, 기어렌치세트, 스패너세트",수평기,,,,False,,
삼각자 1개,success,T렌치세트,"T렌치세트, 기어렌치세트, 스패너세트, 조합렌치세트, 플라이어세트",T렌치세트,,,,True,,
삽,success,장도리,"장도리, 돌망치, 모종삽, 타카, 에어건",모종삽,,,,False,,
삽3개,success,기어렌치세트,"기어렌치세트, T렌치세트, 스패너세트, 조합렌치세트, 공구세트",공구세트,,,,False,,
삽류,success,모종삽,"모종삽, 에어건, 장도리, 빠루망치, 그립망치",모종삽,,,,False,,
상어아일랜드,success,장도리,"장도리, 타카, 육각렌치, 건타카, 펜치",장도리,,,,True,,
샌다,success,샌더,"샌더, 렌치, 장도리, 타카, 건타카",샌더,,,,False,,
샌다(페파용),success,건타카,"건타카, 전동타카, 샌더, 니퍼, 장도리",샌더,,,,False,,
샌더,success,샌더,"샌더, 커터, 렌치, 장도리, 스크레퍼",샌더,,,,False,,
샌더(페파용),success,앤드컷팅니퍼,"앤드컷팅니퍼, 전동드라이버, 플라이어렌치, 버니어캘리퍼스, 와이어스트리퍼",앤드컷팅니퍼,,,,False,,
샌더기,success,전동타카,"전동타카, 토크렌치, 렌치, 장도리, 고무망치",장도리,,,,False,샌더,False
샌더기(B05031),success,볼렌치세트,"볼렌치세트, 소켓렌치세트, SDS드릴비트, 전동공구세트, 별렌치세트",별렌치세트,,,,False,,
샌더기(전동사포기),success,전동타카,"전동타카, 양용드라이버, 고무망치, 타일컷터, 전동드릴",전동드릴,,유선,,False,,
샌딩기,success,커터,"커터, 장도리, 카운터싱크, 샌더, 고무망치",샌더,,,,False,,
샌딩기3개,success,피스제거용비트,"피스제거용비트, 고지가위, 먹통, 목공줄, 스패너세트",피스제거용비트,,,,True,,
샌딩패드 1개,success,드릴비트세트,"드릴비트세트, 목공줄, 드릴비트, 목공용드릴비트, 절단석",절단석,,,,False,,
샌딩페이퍼,success,납볼망치,"납볼망치, 임팩트드릴, 전지가위, 공구함, 보안경",공구함,,,,False,,
생활공구세트,success,전지가위,"전지가위, 육각렌치세트, 고지가위, 기어렌치세트, 전동공구세트",전동공구세트,,,,False,,
생활공구세트A,success,전지가위,"전지가위, 납볼망치, 육각렌치, 전동타카, 소켓렌치세트",소켓렌치세트,,,,False,,
생활공구세트B,success,전지가위,"전지가위, 납볼망치, 소켓렌치세트, 만능렌치, 기어렌치세트",만능렌치,,,,False,,
생활용 공구셋트,success,전지가위,"전지가위, 전동압착기, 전동공구세트, 납볼망치, 기어렌치세트",전동공구세트,,,,False,,
서까래자,success,전선릴,"전선릴, 옵셋렌치, 굽은노즈플라이어, 충전해머드릴, 앤드컷팅니퍼",옵셋렌치,,,,False,,
석재드릴비트세트,success,철공용드릴비트세트,"철공용드릴비트세트, 공구함세트, 드릴비트세트, 목공용드릴비트, 철공용드릴비트",드릴비트세트,,,,False,,
석재용드릴비트,success,목공용드릴비트,"목공용드릴비트, 공구함세트, 철공용드릴비트, 철공용드릴비트세트, 드릴비트세트",목공용드릴비트,,,,False,,
세라믹인두,success,전동드라이버,"전동드라이버, 플라이어렌치, 쇠지렛대, 굽은노즈플라이어, 전선릴",전동드라이버,,,,True,,
세신 가정용 공구 세트,success,공구함세트,"공구함세트, 전동공구세트, 육각렌치세트, 조합렌치세트, 공구세트",공구세트,,,,False,공구세트,True
세신 몽키 스패너 10,success,라쳇렌치세트,"라쳇렌치세트, 와이어스트리퍼, 편구스패너, 굽은노즈플라이어, 플라이어렌치",편구스패너,세신버팔로,,10,False,몽키렌치,False
세신 몽키 스패너 12,success,냉동라쳇렌치,"냉동라쳇렌치, 다이아고날플라이어, 앤드컷팅니퍼, 옵셋렌치, 플라이어렌치",옵셋렌치,세신버팔로,,12,False,몽키렌치,False
세신 몽키 스패너 8,success,라쳇렌치세트,"라쳇렌치세트, 편구스패너, 굽은노즈플라이어, 와이어스트리퍼, 플라이어렌치",편구스패너,세신버팔로,,,False,몽키렌치,False
세신공구세트,success,전동공구세트,"전동공구세트, 공구세트, 기어렌치세트, T렌치세트, 공구함세트",공구세트,null,null,null,False,공구세트,True
세신몽키,success,전동타카,"전동타카, 고무망치, 건타카, 토크렌치, 몽키렌치",몽키렌치,세신버팔로,,,False,몽키렌치,True
세신몽키,success,전동타카,"전동타카, 고무망치, 건타카, 토크렌치, 몽키렌치",몽키렌치,세신버팔로,,,False,몽키렌치,True
세신파이프렌치,success,편구스패너,"편구스패너, 볼렌치세트, 소켓렌치세트, 와이어스트리퍼, 라쳇렌치세트",편구스패너,,,,False,파이프렌치,False
세신펜치8인치 1개,success,소켓렌치세트,"소켓렌치세트, 스패너세트, 볼렌치세트, 기어렌치세트, 만능렌치",스패너세트,,,8인치,False,,
센더,success,렌치,"렌치, 스크레퍼, 전선릴, 플라이어, 커터",스크레퍼,,,,False,,
센더기,success,스크레퍼,"스크레퍼, 편구스패너, 전선릴, 장도리, 끌세트",스크레퍼,,,,False,,
소음계,success,송풍기,"송풍기, 전동압착기, 에어컴프레서, 만능렌치, 그립망치",송풍기,,,,True,,
소켓,success,스패너,"스패너, 손타카, 돌망치, 장도리, 에어건",스패너,,,,True,,
소켓 12개,success,기어렌치세트,"기어렌치세트, 스패너세트, 소켓렌치세트, 공구세트, T렌치세트",소켓렌치세트,,,,False,,
소켓 렌치,success,플라이어렌치,"플라이어렌치, 옵셋렌치, 스냅링플라이어, 굽은노즈플라이어, 다이아고날플라이어",옵셋렌치,,,,False,,
소켓 렌치 세트,success,기어렌치세트,"기어렌치세트, T렌치세트, 소켓렌치세트, 스패너세트, 공구함세트",소켓렌치세트,,,,False,,
소켓 복스 세트,success,소켓렌치세트,"소켓렌치세트, 기어렌치세트, 스패너세트, T렌치세트, 전동공구세트",소켓렌치세트,,,,False,,
소켓&비트세트,success,공구함세트,"공구함세트, 드릴비트세트, 기어렌치세트, T렌치세트, 공구세트",공구세트,,,,False,,
소켓(7종),success,기어렌치세트,"기어렌치세트, 조합렌치세트, T렌치세트, 공구함세트, 소켓렌치세트",소켓렌치세트,,,,False,,
소켓드라이버,success,양용드라이버,"양용드라이버, 편구스패너, 타일컷터, 와이어스트리퍼, 커터",양용드라이버,,,,False,,
소켓런치(북스세트),success,소켓렌치세트,"소켓렌치세트, 스패너세트, 볼렌치세트, 편구스패너, 타일컷터",소켓렌치세트,보쉬(BOSCH),,,False,,
소켓렌치,success,플라이어렌치,"플라이어렌치, 옵셋렌치, 굽은노즈플라이어, 라쳇렌치세트, 스냅링플라이어",라쳇렌치세트,,,,False,,
소켓렌치 set,success,소켓렌치세트,"소켓렌치세트, 기어렌치세트, T렌치세트, 스패너세트, 전동공구세트",소켓렌치세트,,,,False,,
소켓렌치 세트,success,기어렌치세트,"기어렌치세트, T렌치세트, 소켓렌치세트, 스패너세트, 전동공구세트",소켓렌치세트,,,,False,,
소켓렌치 연결봉,success,전동공구세트,"전동공구세트, 드릴비트세트, 정밀드라이버세트, 소켓렌치세트, 전동압착기",소켓렌치세트,,,,False,,
소켓렌치(9pcs),success,클램프미터,"클램프미터, 고속절단기, 전동압착기, 강력니퍼, 전동공구세트",강력니퍼,,,,False,,
소켓렌치(복스세트),success,소켓렌치세트,"소켓렌치세트, 스패너세트, 볼렌치세트, 편구스패너, 기어렌치세트",소켓렌치세트,보쉬(BOSCH),,,False,,
소켓렌치세트,success,소켓렌치세트,"소켓렌치세트, 스패너세트, 기어렌치세트, T렌치세트, 볼렌치세트",소켓렌치세트,,,,False,소켓렌치세트,True
소켓렌치세트(16PCS),success,클램프미터,"클램프미터, SDS드릴비트, 정밀드라이버세트, 전동공구세트, 고속절단기",정밀드라이버세트,,,,False,,
소켓렌치세트(SMATO),success,소켓렌치세트,"소켓렌치세트, 공구함세트, 전동공구세트, 기어렌치세트, T렌치세트",소켓렌치세트,스마토,,,False,소켓렌치세트,True
소켓렌치세트복스세트 16pcs,success,조합렌치세트,"조합렌치세트, 공구함세트, 육각렌치세트, 전동공구세트, 클램프미터",조합렌치세트,,,,False,,
소켓세트,success,T렌치세트,"T렌치세트, 기어렌치세트, 스패너세트, 소켓렌치세트, 공구세트",소켓렌치세트,,,,False,,
소켓셋트 1개,success,소켓렌치세트,"소켓렌치세트, 스패너세트, 편구스패너, 타일컷터, 볼렌치세트",소켓렌치세트,,,,False,,
소타카,success,건타카,"건타카, 타카, 장도리, 전동타카, 에어타카",전동타카,,,,False,,
소타카핀,success,건타카,"건타카, 타카핀, 전동타카, 볼렌치, 토크렌치",타카핀,,,,False,,
소통기,success,전자산업용니퍼,"전자산업용니퍼, 전동압착기, 보안경, 전지가위, 에어컴프레서",전자산업용니퍼,,,,True,,
소프트그립 플라이어,success,다이아고날플라이어,"다이아고날플라이어, 플라이어렌치, 옵셋렌치, 굽은노즈플라이어, 스냅링플라이어",다이아고날플라이어,,,,False,,
소프트그립플라이어,success,다이아고날플라이어,"다이아고날플라이어, 옵셋렌치, 스냅링플라이어, 바이스그립플라이어, 냉동라쳇렌치",다이아고날플라이어,,,,False,,
소형 니퍼,success,타일컷터,"타일컷터, 와이어스트리퍼, 편구스패너, 볼렌치세트, 고무망치",편구스패너,,,,False,,
소형 무선 전동 드라이버 세트,success,정밀드라이버세트,"정밀드라이버세트, T핸드드라이버, 드라이버세트, 전동공구세트, 고속절단기",드라이버세트,,충전식(무선),소형,False,,
소형 무선마이크,success,전동공구세트,"전동공구세트, 소켓렌치세트, 정밀드라이버세트, 전자산업용니퍼, 고속절단기",전동공구세트,,,,True,,
소형 유선 전동드릴,success,전동공구세트,"전동공구세트, 드릴비트세트, 고속절단기, 정밀드라이버세트, 전동압착기",전동공구세트,,유선,,False,,
소형 전동 드라이버,success,드라이버세트,"드라이버세트, 드라이버, 양용드라이버, 정밀드라이버세트, 로터리해머드릴",드라이버,,전동,소형,False,,
소형 플라이어,success,플라이어렌치,"플라이어렌치, 굽은노즈플라이어, 플라이어, 라쳇렌치세트, 스냅링플라이어",플라이어,,,소형,False,,
손 전지가위,success,손타카,"손타카, 전지가위, 납볼망치, 목공줄, 만능렌치",전지가위,,배터리,,False,,
손 타카,success,손타카,"손타카, 목공줄, 절단석, 직각자, 드릴비트",손타카,,,,False,,
손 톱,success,톱,"톱, 전정톱, 쇠톱, 접톱, 커터칼",톱,,,,False,,
손 톱날,success,쇠톱,"쇠톱, 손타카, 접톱, 절단석, 전정톱",손타카,,,,False,,
손대패,success,그립망치,"그립망치, 석고대패, 돌망치, 절단석, 납볼망치",석고대패,,,,False,,
손도끼,success,손타카,"손타카, 절단석, 드릴비트, 다림추, 목공줄",손타카,,,,False,,
손목가드 자석밴드,success,전동드라이버,"전동드라이버, 굽은노즈플라이어, 앤드컷팅니퍼, 쇠지렛대, 라쳇렌치세트",전동드라이버,,배터리,,False,,
손보호기 팡팡,success,보안경,"보안경, 손타카, 목공줄, 전지가위, 드릴비트",손타카,,,,False,,
손보호기팡팡,success,보안경,"보안경, 손타카, 전동압착기, 목공줄, 절단석",손타카,,,,False,,
손수레,success,건타카,"건타카, 전동타카, 장도리, 돌망치, 니퍼",장도리,,,,False,,
손전등,success,LED손전등,"LED손전등, LED투광기, LED작업등, 레이저수평기, 라돈측정기",LED손전등,,,,False,,
손전등,success,LED손전등,"LED손전등, LED투광기, LED작업등, 레이저수평기, 라돈측정기",LED손전등,,,,False,,
손타카,success,손타카,"손타카, 돌망치, 빠루망치, 스패너, 납볼망치",손타카,,,,False,손타카,True
손타카,success,손타카,"손타카, 돌망치, 빠루망치, 스패너, 납볼망치",손타카,,,,False,손타카,True
손타카 (핀제공),success,전동타카,"전동타카, 토크렌치, 건타카, 와이어스트리퍼, 전선릴",전동타카,,,,False,,
손타카 AT-916 (건타카R33),success,전동공구세트,"전동공구세트, 정밀드라이버세트, 드라이버세트, 고속절단기, 안전로프",전동공구세트,,,,False,,
손타카 핀,success,편구스패너,"편구스패너, 전선릴, 핀펀치, 쇠지렛대, 타일컷터",핀펀치,,,,False,,
손타카(&심),success,손타카,"손타카, 빠루망치, 만능렌치, 그립망치, 돌망치",손타카,,,,False,,
손타카(&핀),success,손타카,"손타카, 스패너세트, 만능렌치, 빠루망치, 끌세트",손타카,,,,False,,
손타카(4-10)(R13),success,소켓렌치세트,"소켓렌치세트, 볼렌치세트, 조합렌치세트, 기어렌치세트, 스패너세트",조합렌치세트,,,(4-10)(R13),False,,
손타ка(디월트),success,타일컷터,"타일컷터, 편구스패너, 전선릴, 와이어스트리퍼, 전동드릴",전동드릴,디월트,,,False,,
손타카(침포함),success,손타카,"손타카, 드릴비트, 목공줄, 그립망치, 절단석",손타카,,,,False,,
손타카+핀,success,스패너세트,"스패너세트, 소켓렌치세트, 끌세트, 드릴비트세트, 목공줄",드릴비트세트,,,,False,,
손타카건,success,손타카,"손타카, 커터, 장도리, 빠루망치, 돌망치",손타카,,,,False,,
손타카핀,success,건타카,"건타카, 전동타카, 타카핀, 돌망치, 장도리",타카핀,,,,False,,
손톱,success,전정톱,"전정톱, 쇠톱, 톱, 접톱, 원형톱",접톱,,,,False,,
송곳,success,전지가위,"전지가위, 육각렌치, 수평기, 스패너, 장도리",장도리,,,,False,,
송풍기,success,송풍기,"송풍기, 만능렌치, 스패너, 목공줄, 손타카",송풍기,,,,False,송풍기,True
송풍기 밧데리,success,목공용드릴비트,"목공용드릴비트, 드릴비트세트, 철공용드릴비트, 다림추, 클램프미터",클램프미터,,,,False,,
송풍기(작업후청소기),success,스프링배관청소기,"스프링배관청소기, 목공용드릴비트, 고속절단기, 철공용드릴비트, 철판가위",스프링배관청소기,,,,False,,
송풍기(작업후청소용),success,스프링배관청소기,"스프링배관청소기, 목공용드릴비트, 철공용드릴비트, 고속절단기, 철판가위",스프링배관청소기,,,,True,,
쇠 절단기,success,절단석,"절단석, 목공줄, 드릴비트, 드릴비트세트, 커터칼",절단석,,,,False,,
쇠 톱,success,톱,"톱, 쇠톱, 접톱, 원형톱, 커터칼",쇠톱,,,,False,,
쇠기리,success,스패너,"스패너, 목공줄, 커터, 돌망치, 장도리",스패너,,,,True,,
쇠기리세트(목재),success,목공용접톱,"목공용접톱, 목공용드릴비트, 철공용드릴비트세트, 공구함세트, 드릴비트세트",드릴비트세트,,,,False,,
쇠기리세트(목재용),success,목공용드릴비트,"목공용드릴비트, 목공용접톱, 철공용드릴비트세트, 공구함세트, 드릴비트세트",드릴비트세트,,,,False,,
쇠기리세트(석재),success,공구함세트,"공구함세트, 공구세트, 드릴비트세트, 기어렌치세트, 전동공구세트",공구세트,,,석재,False,,
쇠기리세트(석재용),success,공구함세트,"공구함세트, 드릴비트세트, 철공용드릴비트세트, 공구세트, 목공용드릴비트",공구함세트,,,,False,,
쇠기리세트(철재),success,공구함세트,"공구함세트, 공구세트, 드릴비트세트, 기어렌치세트, 전동공구세트",공구함세트,,,,False,,
쇠기리세트(철재용),success,철공용드릴비트세트,"철공용드릴비트세트, 공구함세트, 목공용드릴비트, 드릴비트세트, 공구세트",드릴비트세트,,,,False,,
쇠줄톱,success,쇠톱,"쇠톱, 접톱, 원형톱, 목공줄, 절단석",쇠톱,,,,False,,
쇠지렛대,success,쇠지렛대,"쇠지렛대, 전선릴, 편구스패너, 굽은노즈플라이어, 타일컷터",쇠지렛대,,,,False,,
쇠지렛대,success,쇠지렛대,"쇠지렛대, 전선릴, 편구스패너, 굽은노즈플라이어, 타일컷터",쇠지렛대,,,,False,,
쇠지렛대(빠루),success,냉동라쳇렌치,"냉동라쳇렌치, 앤드컷팅니퍼, 다이아고날플라이어, 옵셋렌치, 스냅링플라이어",옵셋렌치,,,,False,,
쇠지렛대/빠루,success,쇠지렛대,"쇠지렛대, 충전해머드릴, 앤드컷팅니퍼, 옵셋렌치, 굽은노즈플라이어",쇠지렛대,,,빠르게,False,,
쇠톱,success,쇠톱,"쇠톱, 원형톱, 접톱, 목공줄, 절단석",쇠톱,,,,False,쇠톱,True
쇠톱 (12인치),success,쇠톱,"쇠톱, 원형톱, 목공줄, 스패너세트, 접톱",쇠톱,,,12인치,False,,
쇠톱 1개,success,쇠톱,"쇠톱, 원형톱, 목공줄, 절단석, 스패너세트",쇠톱,,,,False,,
쇠톱 대 1개,success,원형톱,"원형톱, 쇠톱, 목공줄, 절단석, 스패너세트",쇠톱,,,,False,,
쇠톱(1),success,스패너세트,"스패너세트, 원형톱, 소켓렌치세트, 쇠톱, T렌치세트",쇠톱,,,1,False,,
쇠톱(2),success,스패너세트,"스패너세트, T렌치세트, 원형톱, 소켓렌치세트, 기어렌치세트",원형톱,,,2,False,,
쇠톱(날),success,쇠톱,"쇠톱, 원형톱, 목공줄, 접톱, 절단석",쇠톱,,,,False,,
쇠톱(대),success,굽은노즈플라이어,"굽은노즈플라이어, 옵셋렌치, 플라이어렌치, 스냅링플라이어, 다이아고날플라이어",굽은노즈플라이어,,,대,True,,
쇠톱(줄톱),success,쇠톱,"쇠톱, 원형톱, 접톱, 목공줄, 목공톱",쇠톱,,,,False,,
쇠톱2개,success,원형톱,"원형톱, 쇠톱, 목공줄, 절단석, 손타카",쇠톱,,,,False,,
쇠톱날,success,타일컷터,"타일컷터, 그립망치, 빠루망치, 돌망치, 절단석",절단석,,,,False,,
쇠톱날 (12인치),success,스패너세트,"스패너세트, 타일컷터, 소켓렌치세트, 만능렌치, 편구스패너",편구스패너,,,12인치,False,,
쇠톱대,success,모종삽,"모종삽, 편구스패너, 타일컷터, 쇠톱, 원형톱",쇠톱,,,,False,쇠톱,True
쇠톱대(2),success,볼렌치세트,"볼렌치세트, 편구스패너, 라쳇렌치세트, 소켓렌치세트, 타일컷터",타일컷터,,,쇠톱 대 (크기/용도 표시 필요),False,,
숏노즈,success,편구스패너,"편구스패너, 고무망치, 쇠지렛대, 전선릴, 스크레퍼",편구스패너,,,,True,,
수공구 세트,success,공구함세트,"공구함세트, 공구세트, 기어렌치세트, 전동공구세트, 육각렌치세트",공구세트,,,,False,,
수공구세트,success,공구함세트,"공구함세트, 공구세트, 전동공구세트, 기어렌치세트, 드릴비트세트",공구세트,,,,False,,
수공구세트①,success,기어렌치세트,"기어렌치세트, 전동공구세트, 소켓렌치세트, 공구세트, T렌치세트",소켓렌치세트,,,,False,,
수공구세트②,success,전동공구세트,"전동공구세트, 공구함세트, 공구세트, 기어렌치세트, T렌치세트",공구세트,,,,False,,
수동드라이버,success,양용드라이버,"양용드라이버, 편구스패너, 전동드릴, 커터, 타일컷터",양용드라이버,,수동,,False,,
"수동드라이버(대,소)",success,앤드컷팅니퍼,"앤드컷팅니퍼, 충전해머드릴, 전동드라이버, 옵셋렌치, 양용드라이버",양용드라이버,,수동,"대,소",False,,
수동방역소독기,success,전동압착기,"전동압착기, 그립망치, 석고대패, 돌망치, 전지가위",전동압착기,,,,True,,
수동식 휠체어,success,T핸드드라이버,"T핸드드라이버, 핸드카트, 드라이버세트, 다림추, 드라이버",핸드카트,,수동,,False,,
"수동줄자(5,5m)",success,클램프미터,"클램프미터, 고속절단기, 전동공구세트, 목공용드릴비트, 육각렌치세트",목공용드릴비트,,,길이 5.5m,False,,
수동호수 18m,success,클램프미터,"클램프미터, 고속절단기, 철판가위, 전동공구세트, 철공용드릴비트",철공용드릴비트,,,18mm,False,,
수동휠체어,success,T핸드드라이버,"T핸드드라이버, 핸드카트, 드라이버세트, 드라이버, 고압세척기",핸드카트,,,,False,,
수목 전지가위,success,목공용드릴비트,"목공용드릴비트, 목공줄, 고지가위, 전지가위, 철판가위",전지가위,,배터리,,False,,
수블럭,success,절단석,"절단석, 수평기, 손타카, 스패너, 목공줄",절단석,,,,False,,
수블럭(숫자놀이블럭),success,만능렌치,"만능렌치, 스패너세트, 소켓렌치세트, 기어렌치세트, 납볼망치",만능렌치,,,,True,,
수전 코일줄,success,전선릴,"전선릴, 충전해머드릴, 굽은노즈플라이어, 와이어스트리퍼, 전동드라이버",전선릴,,,,False,,
수중펌프,success,에어펌프,"에어펌프, 목공용드릴비트, 클램프미터, 스프링배관청소기, 철공용드릴비트",에어펌프,,,,False,,
수평,success,수평기,"수평기, 다림추, 스패너, 육각렌치, 손타카",수평기,,,,False,,
수평계,success,수평기,"수평기, 육각렌치, 다림추, 전지가위, 스패너세트",수평기,,,,False,수평기,True
수평계 & 레벨기,success,수평기,"수평기, 전동압착기, 전지가위, 조합렌치세트, 전동공구세트",수평기,,,,False,,
수평계(수평자),success,수평기,"수평기, 스패너세트, 기어렌치세트, T렌치세트, 소켓렌치세트",수평기,,,,False,,
수평기,success,수평기,"수평기, 육각렌치, 스패너, 다림추, 전지가위",수평기,,,,False,수평기,True
수평기 1개,success,스패너세트,"스패너세트, 수평기, 만능렌치, 기어렌치세트, T렌치세트",수평기,,,,False,,
수평기300,success,수평기,"수평기, 전동공구세트, 기어렌치세트, 공구세트, 스패너세트",수평기,,,300,False,,
수평대,success,수평기,"수평기, 육각렌치, 스패너, 만능렌치, 장도리",수평기,,,,False,수평기,True
수평대(450mm),success,클램프미터,"클램프미터, 고속절단기, 전동공구세트, 공구세트, 수평기",수평기,,,규격·크기 등 기타 사양: 450mm,False,수평기,True
수평대(600),success,수평기,"수평기, 클램프미터, 육각렌치세트, 전동공구세트, 기어렌치세트",수평기,,,600,False,,
수평대(디월트),success,냉동라쳇렌치,"냉동라쳇렌치, 앤드컷팅니퍼, 바이스그립플라이어, 다이아고날플라이어, 버니어캘리퍼스",다이아고날플라이어,디월트(DeWalt),,,False,수평기,False
수평자,success,장도리,"장도리, 줄자, 돌망치, 직각자, 빠루망치",줄자,,,,False,수평기,False
수평자,success,장도리,"장도리, 줄자, 돌망치, 직각자, 빠루망치",줄자,,,,False,수평기,False
수평자 1개,success,만능렌치,"만능렌치, 스패너세트, 납볼망치, 빠루망치, 직각자",직각자,,,,False,,
수평자(60CM),success,클램프미터,"클램프미터, 고속절단기, 육각렌치세트, 전동공구세트, 수평기",수평기,,,60CM,False,,
수평자3개,success,스패너세트,"스패너세트, 기어렌치세트, T렌치세트, 소켓렌치세트, 납볼망치",스패너세트,,,,True,,
수평측정기,success,라돈측정기,"라돈측정기, 수평기, 육각렌치세트, 육각렌치, 별렌치세트",수평기,,,,False,,
숫돌,success,장도리,"장도리, 모종삽, 커터, 스패너, 돌망치",돌망치,,,,False,,
숯돌,success,목공줄,"목공줄, 타일컷터, 에어건, 커터, 카운터싱크",카운터싱크,,,,False,,
스냅링플라이어세트,success,라쳇렌치세트,"라쳇렌치세트, 플라이어렌치, 굽은노즈플라이어, 다이아고날플라이어, 스냅링플라이어",스냅링플라이어,,,,False,,
스마토 공구세트,success,전동공구세트,"전동공구세트, 공구세트, 공구함세트, 기어렌치세트, 드릴비트세트",공구세트,스마토,,,False,,
스마토 알루미늄 공구가방,success,전동공구세트,"전동공구세트, 공구세트, 철공용드릴비트, 공구함세트, 철공용드릴비트세트",공구함세트,스마토(SMATO),,,False,,
스마트 라돈감지기,success,열화상카메라,"열화상카메라, 육각렌치세트, 기어렌치세트, 직각자, 소켓렌치세트",열화상카메라,,,,False,,
스마트 렌치세트,success,정밀드라이버세트,"정밀드라이버세트, 육각렌치세트, 기어렌치세트, 전동공구세트, T렌치세트",육각렌치세트,,,,False,,
스마트 양구스패너 세트,success,정밀드라이버세트,"정밀드라이버세트, 육각렌치세트, 전동공구세트, 기어렌치세트, 공구함세트",정밀드라이버세트,SMATO,,,False,,
스매쉬 3종 원형톱날,success,소켓렌치세트,"소켓렌치세트, 스패너세트, 편구스패너, 볼렌치세트, 타일컷터",타일컷터,,,,False,,
스위스 밀리터리  수공구세트,success,전동공구세트,"전동공구세트, 공구세트, 공구함세트, 기어렌치세트, 육각렌치세트",공구세트,,,,False,,
스위스 밀리터리 공구,success,소켓렌치세트,"소켓렌치세트, 전동공구세트, 볼렌치세트, 육각렌치, 편구스패너",전동공구세트,,,,False,,
스위스 밀리터리 미니드라이버,success,와이어스트리퍼,"와이어스트리퍼, 라쳇렌치세트, 전동드라이버, 양용드라이버, 굽은노즈플라이어",양용드라이버,,,,False,,
스위스 밀리터리 전동공구세트,success,전동공구세트,"전동공구세트, 공구세트, 소켓렌치세트, 기어렌치세트, T렌치세트",전동공구세트,,,,False,,
스위스 밀리터리 전동드릴 세트,success,철공용드릴비트,"철공용드릴비트, 전동공구세트, 철공용드릴비트세트, 정밀드라이버세트, 공구세트",전동공구세트,,,,False,,
스위스밀리터리  수공구세트,success,전동공구세트,"전동공구세트, 목공용드릴비트, 공구세트, 고속절단기, 철공용드릴비트",공구세트,,,,False,,
스위스밀리터리 공구세트 (전동드릴포함),success,철공용드릴비트,"철공용드릴비트, 철공용드릴비트세트, 정밀드라이버세트, 목공용드릴비트, 전동공구세트",전동공구세트,,전동,,False,,
스위스밀리터리 미니 드라이버 8p,success,드라이버세트,"드라이버세트, 정밀드라이버세트, T핸드드라이버, 드라이버, 고속절단기",드라이버세트,,,,False,,
스위스밀리터리 수공구세트,success,전동공구세트,"전동공구세트, 목공용드릴비트, 공구세트, 고속절단기, 철공용드릴비트",공구세트,,,,False,,
스위스밀리터리 수공구세트,success,전동공구세트,"전동공구세트, 목공용드릴비트, 공구세트, 고속절단기, 철공용드릴비트",공구세트,,,,False,,
스컬킹,success,스패너,"스패너, 돌망치, 커터, 빠루망치, 손타카",손타카,,,,False,,
스크래퍼,success,스크레퍼,"스크레퍼, 편구스패너, 전선릴, 쇠지렛대, 와이어스트리퍼",스크레퍼,,,,False,스크레퍼,True
스크래퍼(헤라),success,냉동라쳇렌치,"냉동라쳇렌치, 바이스그립플라이어, 앵글그라인더, 다이아고날플라이어, 버니어캘리퍼스",냉동라쳇렌치,,,,True,,
스크레이퍼,success,스크레퍼,"스크레퍼, 굽은노즈플라이어, 플라이어렌치, 전동드라이버, 옵셋렌치",스크레퍼,,,,False,,
스크레퍼,success,스크레퍼,"스크레퍼, 편구스패너, 전선릴, 와이어스트리퍼, 고무망치",스크레퍼,,,,False,,
스크루드라이버,success,스크레퍼,"스크레퍼, 양용드라이버, 소켓렌치세트, 스패너세트, 편구스패너",양용드라이버,,,,False,,
스크류 드라이버 비트,success,정밀드라이버세트,"정밀드라이버세트, 전동공구세트, SDS드릴비트, 에어컴프레서, 공구세트",정밀드라이버세트,,,,False,,
스크류 전동 드라이버,success,양용드라이버,"양용드라이버, 충전해머드릴, 전동드라이버, 드라이버세트, 전동드릴",전동드라이버,,,,False,전동드라이버,True
"스크류 전동 드라이버 (예약시 전화주세요 02-2241-5084) 2박3일 1,000원",success,충전해머드릴,"충전해머드릴, 냉동라쳇렌치, 앤드컷팅니퍼, 버니어캘리퍼스, 다이아고날플라이어",충전해머드릴,,충전식,,False,,
스크류드라이버 비트세트,success,비트세트,"비트세트, SDS드릴비트, 정밀드라이버세트, 육각렌치세트, 전동공구세트",비트세트,,,,False,,
스크류드라이버세트,success,정밀드라이버세트,"정밀드라이버세트, 육각렌치세트, 전동공구세트, 공구세트, 기어렌치세트",정밀드라이버세트,,,,False,,
스크류비트 세트,success,육각렌치세트,"육각렌치세트, SDS드릴비트, 공구함세트, 비트세트, 탭세트",비트세트,,,,False,,
스크류세트,success,육각렌치세트,"육각렌치세트, 탭세트, 공구함세트, 공구세트, 기어렌치세트",공구세트,,,,False,,
스크린,success,탭세트,"탭세트, 라돈측정기, SDS드릴비트, 육각렌치세트, 디지털수평기",탭세트,,,,True,,
스킬 함마드릴,success,드릴비트,"드릴비트, 목공줄, 만능렌치, 빠루망치, 절단석",드릴비트,SKIL,,,False,해머드릴,False
스태플,success,돌망치,"돌망치, 장도리, 전지가위, 타카, 스패너",돌망치,,,,True,,
스탠리 수공구세트,success,소켓렌치세트,"소켓렌치세트, 스패너세트, 볼렌치세트, 전동공구세트, 기어렌치세트",소켓렌치세트,,,,False,,
스탠리 전기임팩트드릴,success,충전해머드릴,"충전해머드릴, 끌세트, 전동공구세트, 소켓렌치세트, 에어컴프레서",충전해머드릴,,충전식,,False,,
스탠리 해머드릴,success,앤드컷팅니퍼,"앤드컷팅니퍼, 버니어캘리퍼스, 냉동라쳇렌치, 충전해머드릴, 다이아고날플라이어",충전해머드릴,,,,False,,
스탠리10종 라쳇드라이버,success,바이스그립플라이어,"바이스그립플라이어, 냉동라쳇렌치, 다이아고날플라이어, 앵글그라인더, 버니어캘리퍼스",바이스그립플라이어,,,,False,,
스탠리충전드릴,success,타일컷터,"타일컷터, 만능렌치, 임팩트드릴, 스패너세트, 목공줄",임팩트드릴,,배터리,,False,,
스테이플러 리무버,success,전동드라이버,"전동드라이버, 굽은노즈플라이어, 플라이어렌치, 옵셋렌치, 편구스패너",편구스패너,,,,False,,
"스테플러건(타카), 심(8box)",success,소켓렌치세트,"소켓렌치세트, 기어렌치세트, T렌치세트, 스패너세트, 전동공구세트",전동공구세트,타카,,8box,False,,
스텐 헤라 3',success,냉동라쳇렌치,"냉동라쳇렌치, 다이아고날플라이어, 옵셋렌치, 앤드컷팅니퍼, 스냅링플라이어",옵셋렌치,,,,False,,
스텐 헤라 5',success,냉동라쳇렌치,"냉동라쳇렌치, 옵셋렌치, 앤드컷팅니퍼, 다이아고날플라이어, 버니어캘리퍼스",옵셋렌치,,,,False,,
스텐기리,success,장도리,"장도리, 돌망치, 빠루망치, 카운터싱크, 납볼망치",장도리,,,,True,,
스텐기리 세트 1개,success,기어렌치세트,"기어렌치세트, 스패너세트, T렌치세트, 소켓렌치세트, 전동공구세트",소켓렌치세트,,,,False,,
스텐리 드라이버세트(6PCS),success,정밀드라이버세트,"정밀드라이버세트, 드라이버세트, 고속절단기, 전동공구세트, 목공용드릴비트",드라이버세트,,,,False,,
스텐파이프 커터,success,드릴비트세트,"드릴비트세트, 목공용드릴비트, 철공용드릴비트, 전동공구세트, 공구세트",공구세트,,,,False,,
스텐헤라,success,토크렌치,"토크렌치, 전동타카, 전선릴, 스크레퍼, 고무망치",스크레퍼,,,,False,,
스텐헤라 3,success,볼렌치세트,"볼렌치세트, 전동타카, 소켓렌치세트, 건타카, 기어렌치세트",볼렌치세트,,,,True,,
스텐헤라 5,success,전동타카,"전동타카, 소켓렌치세트, 볼렌치세트, 기어렌치세트, 건타카",전동타카,,,,False,,
스텐헤라(경화형),success,냉동라쳇렌치,"냉동라쳇렌치, 다이아고날플라이어, 바이스그립플라이어, 옵셋렌치, 플라이어렌치",냉동라쳇렌치,,,,True,,
스텐헤라3,success,소켓렌치세트,"소켓렌치세트, 볼렌치세트, 기어렌치세트, T렌치세트, 스패너세트",소켓렌치세트,,,,True,,
스텐헤라5,success,전동타카,"전동타카, 소켓렌치세트, 볼렌치세트, 기어렌치세트, 건타카",전동타카,,,,False,,
스텝 드릴 비트,success,비트세트,"비트세트, 다림추, 드릴비트세트, 드릴비트, 전동공구세트",드릴비트세트,,,,False,,
스텝퍼,success,다림추,"다림추, 끌세트, 스패너, 스패너세트, 손타카",손타카,,,,False,,
스토브,success,스패너,"스패너, 돌망치, 빠루망치, 그립망치, 장도리",스패너,,,,True,,
스트류비트세트,success,스패너세트,"스패너세트, 기어렌치세트, T렌치세트, 소켓렌치세트, 드릴비트세트",드릴비트세트,,,,False,,
스트리퍼,success,장도리,"장도리, 스패너, 전지가위, 커터, 육각렌치",장도리,,,,True,와이어스트리퍼,False
스트립퍼,success,편구스패너,"편구스패너, 스크레퍼, 와이어스트리퍼, 전선릴, 굽은노즈플라이어",와이어스트리퍼,,,,False,,
스팀 청소기,success,스프링배관청소기,"스프링배관청소기, 목공줄, 전동압착기, 타일컷터, 스패너",스프링배관청소기,,,,False,,
스팀 청소기 1개,success,타일컷터,"타일컷터, 해머드릴, 만능렌치, 목공줄, 편구스패너",목공줄,,,,False,,
스팀 해빙기,success,전선릴,"전선릴, 쇠지렛대, 편구스패너, 와이어스트리퍼, 타일컷터",타일컷터,,,,False,,
스팀다리미,success,플라이어렌치,"플라이어렌치, 굽은노즈플라이어, 옵셋렌치, 전선릴, 플라이어",렌치,,,,False,,
스팀해빙기,success,플라이어렌치,"플라이어렌치, 스냅링플라이어, 다이아고날플라이어, 굽은노즈플라이어, 옵셋렌치",플라이어렌치,,,,True,,
스패너,success,스패너,"스패너, 커터, 손타카, 빠루망치, 장도리",스패너,,,,False,스패너,True
스패너,success,스패너,"스패너, 커터, 손타카, 빠루망치, 장도리",스패너,,,,False,스패너,True
스패너 12개),success,다이아고날플라이어,"다이아고날플라이어, 스냅링플라이어, 앵글그라인더, 옵셋렌치, 플라이어렌치",옵셋렌치,,,12개,False,,
스패너 세트,success,기어렌치세트,"기어렌치세트, 스패너세트, T렌치세트, 공구세트, 공구함세트",스패너세트,,,,False,,
스패너 세트 1개,success,스패너세트,"스패너세트, 기어렌치세트, T렌치세트, 전동공구세트, 공구세트",스패너세트,,,,False,,
스패너(100mm),success,클램프미터,"클램프미터, 고속절단기, 전동공구세트, 공구세트, 목공용드릴비트",공구세트,,,100mm,False,,
스패너(200mm),success,클램프미터,"클램프미터, 고속절단기, 드릴비트세트, 철공용드릴비트, 전동공구세트",클램프미터,,,200mm,False,스패너,False
스패너(250mm),success,클램프미터,"클램프미터, 고속절단기, 철공용드릴비트, 전동공구세트, 목공용드릴비트",클램프미터,,,250mm,False,,
스패너(300mm),success,클램프미터,"클램프미터, 고속절단기, 전동공구세트, 드릴비트세트, 드릴비트",클램프미터,,,300mm,False,스패너,False
스패너(3종),success,스패너세트,"스패너세트, 기어렌치세트, T렌치세트, 소켓렌치세트, 전동공구세트",스패너세트,,,,False,,
스패너(450mm),success,클램프미터,"클램프미터, 고속절단기, 철공용드릴비트, 전동공구세트, 목공용드릴비트",클램프미터,,,450mm,False,,
스패너(610mm),success,클램프미터,"클램프미터, 고속절단기, 전동공구세트, 별렌치세트, 공구세트",별렌치세트,,,610mm,False,,
스패너(크기별),success,스패너세트,"스패너세트, 기어렌치세트, 전동공구세트, 소켓렌치세트, 공구세트",스패너세트,,,크기별,False,,
스패너세트,success,스패너세트,"스패너세트, 소켓렌치세트, 기어렌치세트, T렌치세트, 끌세트",스패너세트,,,,False,스패너세트,True
스패너세트(14P),success,전동공구세트,"전동공구세트, 클램프미터, 기어렌치세트, 스패너세트, T렌치세트",스패너세트,,,14P,False,,
스패너세트(14p),success,클램프미터,"클램프미터, 전동공구세트, 고속절단기, 스패너세트, T렌치세트",스패너세트,,,14p,False,,
스패너세트(6P),success,전동공구세트,"전동공구세트, 육각렌치세트, 공구세트, 기어렌치세트, 스패너세트",스패너세트,,,6P,False,,
스패너세트/6PCS,success,전동공구세트,"전동공구세트, 정밀드라이버세트, 스패너세트, 기어렌치세트, 공구세트",스패너세트,,,6PCS,False,,
스패너셋,success,스패너세트,"스패너세트, 스패너, 소켓렌치세트, 만능렌치, 끌세트",스패너세트,,,,False,,
스패너셋트,success,편구스패너,"편구스패너, 타일컷터, 스패너세트, 볼렌치세트, 전선릴",스패너세트,,,,False,,
스패너셋트(10-21) 1개,success,소켓렌치세트,"소켓렌치세트, 볼렌치세트, 편구스패너, 스패너세트, 와이어스트리퍼",스패너세트,,,(10-21),False,,
스페너,success,스패너,"스패너, 커터, 빠루망치, 장도리, 돌망치",스패너,,,,True,,
스페너 세트(6P),success,전동공구세트,"전동공구세트, 정밀드라이버세트, 육각렌치세트, 공구세트, 기어렌치세트",육각렌치세트,,,,False,,
스프레이 스티커 제거제,success,드릴비트세트,"드릴비트세트, 충전드릴, 드릴비트, 목공용드릴비트, 석고대패",드릴비트세트,,,,True,,
스프레이접착제,success,드릴비트,"드릴비트, 드릴비트세트, 가스토치, 볼트컷터, 절단석",드릴비트,,,,True,,
스프링 청소기,success,스프링배관청소기,"스프링배관청소기, 타일컷터, 목공줄, 그립망치, 해머드릴",스프링배관청소기,,,,False,,
스프링청소기,success,스프링배관청소기,"스프링배관청소기, 목공줄, 전동압착기, 전지가위, 공구세트",스프링배관청소기,,,,False,스프링배관청소기,True
"스프링청소기(주방,하수구)",success,스프링배관청소기,"스프링배관청소기, 목공용드릴비트, 전동공구세트, 고속절단기, 목공줄",스프링배관청소기,,,,False,,
스프링청소기20M,success,스프링배관청소기,"스프링배관청소기, 클램프미터, 고속절단기, 목공용드릴비트, 전동공구세트",스프링배관청소기,,,,False,,
스피녀 핸들 1개,success,해머드릴,"해머드릴, 만능렌치, 편구스패너, 타일컷터, 스패너세트",만능렌치,,,,False,,
슬레지해머(함마),success,굽은노즈플라이어,"굽은노즈플라이어, 스냅링플라이어, 플라이어렌치, 다이아고날플라이어, 옵셋렌치",굽은노즈플라이어,,,,True,,
슬립 조인트 프라이어,success,다이아고날플라이어,"다이아고날플라이어, 바이스그립플라이어, 냉동라쳇렌치, 앵글그라인더, 스냅링플라이어",다이아고날플라이어,,,,False,,
시계 드라이버 셋트,success,클램프미터,"클램프미터, 정밀드라이버세트, 전동공구세트, 고속절단기, 소켓렌치세트",정밀드라이버세트,,,,False,,
시계DR세트,success,클램프미터,"클램프미터, T렌치세트, 육각렌치세트, 전동공구세트, 정밀드라이버세트",정밀드라이버세트,,,,False,,
시계드라이버,success,소켓렌치세트,"소켓렌치세트, 끌세트, 양용드라이버, 스패너세트, 전동공구세트",양용드라이버,,,,False,,
시계드라이버 set,success,정밀드라이버세트,"정밀드라이버세트, 전동공구세트, 공구세트, 육각렌치세트, 기어렌치세트",정밀드라이버세트,,,,False,,
시계드라이버 셋,success,소켓렌치세트,"소켓렌치세트, 끌세트, 전동공구세트, 편구스패너, 스패너세트",소켓렌치세트,,,,False,,
시계드라이버(6PC),success,정밀드라이버세트,"정밀드라이버세트, 고속절단기, 전동공구세트, 클램프미터, 철공용드릴비트",정밀드라이버세트,,,,False,,
시계드라이버세트,success,정밀드라이버세트,"정밀드라이버세트, 전동공구세트, 육각렌치세트, 공구세트, 기어렌치세트",정밀드라이버세트,,,,False,,
시계드라이버세트(NO-930),success,정밀드라이버세트,"정밀드라이버세트, 전동공구세트, 별렌치세트, 드라이버세트, 고속절단기",드라이버세트,,,,False,,
실납,success,납볼망치,"납볼망치, 전지가위, 장도리, 임팩트드릴, 빠루망치",납볼망치,,,,False,,
실란트 건,success,그립망치,"그립망치, 임팩트드릴, 해머드릴, 빠루망치, 만능렌치",그립망치,,,,False,,
실리콘 건,success,실리콘건,"실리콘건, 전자산업용니퍼, 비트세트, 공구세트, 피스제거용비트",실리콘건,,,,False,실리콘건,True
실리콘 건,success,실리콘건,"실리콘건, 전자산업용니퍼, 비트세트, 공구세트, 피스제거용비트",실리콘건,,,,False,실리콘건,True
실리콘 건 (카탓형),success,실리콘건,"실리콘건, 전자산업용니퍼, 피스제거용비트, 소켓렌치세트, 임팩트드릴",실리콘건,,,카탓형,False,,
실리콘 건 1개,success,실리콘건,"실리콘건, 전자산업용니퍼, 전동공구세트, 비트세트, 공구세트",실리콘건,,,,False,,
실리콘 기기,success,실리콘건,"실리콘건, 전자산업용니퍼, 철공용드릴비트세트, 철공용드릴비트, 디지털수평기",실리콘건,,,,False,,
실리콘 제거기,success,실리콘건,"실리콘건, 전자산업용니퍼, 에어컴프레서, 피스제거용비트, SDS드릴비트",실리콘건,,,,False,,
실리콘 제거제,success,실리콘건,"실리콘건, 전자산업용니퍼, SDS드릴비트, 피스제거용비트, 공구세트",실리콘건,,,,False,,
실리콘 총,success,실리콘건,"실리콘건, 전자산업용니퍼, 비트세트, 공구세트, 공구함세트",실리콘건,,,,False,,
실리콘건,success,실리콘건,"실리콘건, 전자산업용니퍼, 전지가위, 직소기, 공구세트",실리콘건,,,,False,실리콘건,True
실리콘건,success,실리콘건,"실리콘건, 전자산업용니퍼, 전지가위, 직소기, 공구세트",실리콘건,,,,False,실리콘건,True
실리콘건 1개,success,실리콘건,"실리콘건, 전자산업용니퍼, 전동공구세트, 공구세트, 소켓렌치세트",실리콘건,,,,False,,
실리콘건(&심),success,실리콘건,"실리콘건, 와이어스트리퍼, 전선릴, 편구스패너, 타일컷터",실리콘건,,,,False,,
실리콘건(1),success,실리콘건,"실리콘건, 소켓렌치세트, 별렌치세트, 볼렌치세트, 전동공구세트",실리콘건,,,1,False,,
실리콘건(실리콘x),success,실리콘건,"실리콘건, 전자산업용니퍼, 비트세트, 공구세트, 직소기",실리콘건,,,,False,,
실리콘바이오,success,실리콘건,"실리콘건, 전자산업용니퍼, SDS드릴비트, 비트세트, 공구함세트",실리콘건,,,,False,,
실리콘분사기,success,실리콘건,"실리콘건, 전자산업용니퍼, 비트세트, 직소기, 공구함세트",실리콘건,,,,False,,
실리콘진,success,실리콘건,"실리콘건, 전자산업용니퍼, 비트세트, 직소기, 공구함세트",실리콘건,,,,False,,
실타카,success,건타카,"건타카, 전동타카, 장도리, 타카, 빠루망치",건타카,,,,True,,
실톱,success,절단석,"절단석, 쇠톱, 돌망치, 원형톱, 먹통",쇠톱,,,,False,,
실톱(쇠톱),success,쇠톱,"쇠톱, 원형톱, 목공줄, 절단석, 그립망치",쇠톱,,,,False,,
실톱세트,success,스패너세트,"스패너세트, T렌치세트, 기어렌치세트, 소켓렌치세트, 목공줄",목공줄,,,,False,,
십자 드라이버,success,편구스패너,"편구스패너, 양용드라이버, 드라이버, 드라이버세트, 전동드릴",드라이버,,,,False,,
십자드라이버,success,스패너,"스패너, 편구스패너, 끌세트, 양용드라이버, 스패너세트",양용드라이버,,,,False,,
십자드라이버(15cm),success,클램프미터,"클램프미터, 철공용드릴비트, 목공용드릴비트, 정밀드라이버세트, 고속절단기",정밀드라이버세트,,,길이 15cm,False,,
십자드라이버(대),success,다이아고날플라이어,"다이아고날플라이어, 옵셋렌치, 냉동라쳇렌치, 플라이어렌치, 전동드라이버",전동드라이버,,,대,False,,
"쌍발 발펌프(자전거,공,튜브)",success,철공용드릴비트,"철공용드릴비트, 목공용드릴비트, 자전거펌프, 철판가위, 정밀드라이버세트",자전거펌프,,,,False,,
아나로그 테스터기,success,만능렌치,"만능렌치, 빠루망치, 임팩트드릴, 납볼망치, 그립망치",만능렌치,,,,True,,
아나로그테스터기,success,만능렌치,"만능렌치, 납볼망치, 임팩트드릴, 그립망치, 빠루망치",만능렌치,,,,False,,
아날로그 테스터기,success,만능렌치,"만능렌치, 임팩트드릴, 타일컷터, 해머드릴, 전동드릴",만능렌치,,,,True,,
아이스박스,success,에어타카,"에어타카, 공구세트, 공구함세트, 에어컴프레서, 전지가위",에어타카,,,,True,,
아이스박스 21L,success,에어타카,"에어타카, 공구세트, 공구함세트, 고속절단기, SDS드릴비트",에어타카,,,,True,,
아이스박스(54L),success,고속절단기,"고속절단기, 공구세트, 정밀드라이버세트, 에어타카, 전동공구세트",고속절단기,,,,True,,
아이스쿨러,success,와이어스트리퍼,"와이어스트리퍼, 타일컷터, 전선릴, 편구스패너, 전동타카",와이어스트리퍼,,,,True,,
아임삭 비트세트,success,볼렌치세트,"볼렌치세트, 소켓렌치세트, 편구스패너, 스패너세트, 라쳇렌치세트",볼렌치세트,아임삭,,,False,비트세트,False
아임삭 충전 드릴(무선),success,충전임팩트드라이버,"충전임팩트드라이버, 충전드릴, 배터리팩, 전기인두, 고속절단기",충전드릴,아임삭,충전식(무선),,False,충전드릴,True
아임삭 충전 임팩 드라이버,success,충전해머드릴,"충전해머드릴, 앤드컷팅니퍼, 냉동라쳇렌치, 버니어캘리퍼스, 전동드라이버",충전해머드릴,아임삭,충전식,,False,충전임팩트드라이버,False
아임삭 충전드릴,success,충전해머드릴,"충전해머드릴, 해머드릴, 전동드릴, 전선릴, 충전드릴",충전드릴,아임삭,충전식,,False,충전드릴,True
아임삭 콤보드릴,success,앤드컷팅니퍼,"앤드컷팅니퍼, 옵셋렌치, 다이아고날플라이어, 플라이어렌치, 굽은노즈플라이어",다이아고날플라이어,아임삭,,,False,충전드릴,False
아임삭충전드릴,success,해머드릴,"해머드릴, 전동드릴, 전선릴, 고무망치, 와이어스트리퍼",전동드릴,아임삭,배터리,,False,충전드릴,False
아크용접기,success,육각렌치세트,"육각렌치세트, 목공용접톱, 기어렌치세트, T렌치세트, 공구세트",육각렌치세트,,,,True,,
아크용접기 세트,success,목공용접톱,"목공용접톱, 육각렌치세트, 공구함세트, 플라이어세트, 기어렌치세트",목공용접톱,,,,False,,
아티카 전동 임팩드릴(IP-0909),success,전자산업용니퍼,"전자산업용니퍼, 보안경, SDS드릴비트, 전동공구세트, 정밀드라이버세트",전동공구세트,,전원 방식 목록 중 없음 (null),"임페드 드릴, IP-0909 모델",False,,
아펙슨 손타카 AT-519,success,전동공구세트,"전동공구세트, 보안경, 에어컴프레서, 소켓렌치세트, 전지가위",전지가위,,배터리,,False,,
안면보안경,success,보안경,"보안경, 임팩트드릴, 직각자, 납볼망치, 만능렌치",보안경,,,,False,,
안전그네전신형 (원터치형),success,냉동라쳇렌치,"냉동라쳇렌치, 바이스그립플라이어, 버니어캘리퍼스, 다이아고날플라이어, 앤드컷팅니퍼",버니어캘리퍼스,,,,False,,
안전띠,success,안전로프,"안전로프, 보안경, 안전모, 전지가위, 전동압착기",안전로프,,,,False,,
안전로프,success,안전로프,"안전로프, 보안경, 안전모, 전동압착기, 전지가위",안전로프,,,,False,안전로프,True
안전모,success,안전모,"안전모, 안전로프, 보안경, 전동압착기, 전지가위",안전모,,,,False,안전모,True
알루미늄 클러치 목발,success,타일컷터,"타일컷터, 편구스패너, 쇠지렛대, 모종삽, 굽은노즈플라이어",모종삽,,,,False,,
알루미늄 파이프렌치(250mm),success,철공용드릴비트세트,"철공용드릴비트세트, 철공용드릴비트, 클램프미터, 목공용드릴비트, 철판가위",목공용드릴비트,,,"알루미늄 파이프렌치, 길이 250mm",False,,
알루미늄 파이프렌치(350mm),success,철공용드릴비트,"철공용드릴비트, 철공용드릴비트세트, 클램프미터, 목공용드릴비트, PVC컷터",PVC컷터,,,350mm,False,,
알루미늄 파이프렌치(450mm),success,철공용드릴비트,"철공용드릴비트, 철공용드릴비트세트, 클램프미터, 목공용드릴비트, 고속절단기",목공용드릴비트,,,"알루미늄 파이프렌치, 길이 450mm",False,,
알루미늄파이프렌치,success,에어컴프레서,"에어컴프레서, 끌세트, 공구세트, 소켓렌치세트, 볼트컷터",공구세트,,,,False,,
알미늄 사다리 1개,success,A형사다리,"A형사다리, 끌세트, 스패너세트, 소켓렌치세트, 전동공구세트",A형사다리,,,,False,,
알미늄톱,success,공구함세트,"공구함세트, 직소기, 철공용드릴비트세트, 원형톱, 접톱",원형톱,,,,False,,
알미늄톱(만능톱),success,스패너세트,"스패너세트, 글루스틱, 원형톱, 절단석, 공구함세트",원형톱,,,,False,,
알미늄톱대,success,타일컷터,"타일컷터, 스패너세트, 모종삽, 끌세트, 글루스틱",모종삽,,,,False,,
알패드33 테이블용 스탠드,success,테이블톱,"테이블톱, 전동공구세트, 소켓렌치세트, 기어렌치세트, 공구세트",테이블톱,,,,False,,
암갓다,success,전선릴,"전선릴, 고무망치, 편구스패너, 장도리, 스크레퍼",스크레퍼,,,,False,,
암갓다,success,전선릴,"전선릴, 고무망치, 편구스패너, 장도리, 스크레퍼",스크레퍼,,,,False,,
암갓다(암커터),success,와이어스트리퍼,"와이어스트리퍼, 편구스패너, 타일컷터, 쇠지렛대, 양용드라이버",양용드라이버,,,,False,,
암커터,success,타일컷터,"타일컷터, 편구스패너, 커터, 장도리, 양용드라이버",커터,,,,False,,
암파이프렌치 18,success,전지가위,"전지가위, SDS드릴비트, 기어렌치세트, 소켓렌치세트, 전동공구세트",전지가위,,배터리,18V,False,,
암파이프렌치 18인치,success,소켓렌치세트,"소켓렌치세트, 전동공구세트, 기어렌치세트, 스패너세트, T렌치세트",소켓렌치세트,,,18인치,True,파이프렌치,False
압착기,success,전동압착기,"전동압착기, 직소기, 고압세척기, 끌세트, 손타카",전동압착기,,,,False,,
압착펜치,success,목공줄,"목공줄, 끌세트, 전동압착기, 스패너세트, 전지가위",전동압착기,,,,False,,
압축기 2개,success,전동압착기,"전동압착기, 손타카, 끌세트, 목공줄, 직소기",전동압착기,,,,False,,
앙카드릴,success,고무망치,"고무망치, 해머드릴, 전선릴, 전동드릴, 쇠지렛대",해머드릴,,,,False,,
앙카함마드릴,success,해머드릴,"해머드릴, 전동드릴, 전선릴, 고무망치, 쇠지렛대",해머드릴,,,,False,,
애견 이발기,success,목공톱,"목공톱, 목공줄, 왕복톱(레시프로쏘), 원형톱, 커터",목공톱,,,,True,,
앵글 그라인더,success,앵글그라인더,"앵글그라인더, 다이아고날플라이어, 바이스그립플라이어, 냉동라쳇렌치, 스냅링플라이어",앵글그라인더,,,,False,,
앵글(디스크) 그라인더,success,라쳇렌치세트,"라쳇렌치세트, 굽은노즈플라이어, 편구스패너, 옵셋렌치, 플라이어렌치",옵셋렌치,,,,False,,
앵글그라인다,success,굽은노즈플라이어,"굽은노즈플라이어, 플라이어렌치, 옵셋렌치, 라쳇렌치세트, 스냅링플라이어",옵셋렌치,,,,False,,
앵글그라인더,success,앵글그라인더,"앵글그라인더, 다이아고날플라이어, 스냅링플라이어, 옵셋렌치, 플라이어렌치",앵글그라인더,,,,False,앵글그라인더,True
앵글그라인더(고글 포함),success,라쳇렌치세트,"라쳇렌치세트, 편구스패너, 소켓렌치세트, 볼렌치세트, 굽은노즈플라이어",굽은노즈플라이어,,,,False,,
앵글글라인더,success,앵글그라인더,"앵글그라인더, 스냅링플라이어, 다이아고날플라이어, 옵셋렌치, 플라이어렌치",앵글그라인더,,,,False,,
야외용 탁자,success,테이블톱,"테이블톱, 육각렌치세트, 고지가위, 탭세트, 수평기",테이블톱,,,,False,,
야전삽,success,굽은노즈플라이어,"굽은노즈플라이어, 라쳇렌치세트, 플라이어렌치, 전선릴, 전동드라이버",전동드라이버,,,,False,,
양구스패너,success,양용드라이버,"양용드라이버, 편구스패너, 전선릴, 와이어스트리퍼, 스크레퍼",양용드라이버,,,,False,,
양구스패너(17mm),success,양용드라이버,"양용드라이버, 고무망치, 쇠지렛대, 만능렌치, 편구스패너",편구스패너,,,17mm,False,,
양구스페너 세트,success,기어렌치세트,"기어렌치세트, 전동공구세트, 소켓렌치세트, T렌치세트, 스패너세트",기어렌치세트,,,,True,,
양날드라이버(15cm),success,클램프미터,"클램프미터, 목공용드릴비트, 정밀드라이버세트, 고속절단기, 철공용드릴비트",정밀드라이버세트,,,길이 15cm,False,,
양날톰,success,글루건,"글루건, 니퍼, 커터, 타카, 양용드라이버",타카,,,,False,,
양날톱,success,쇠톱,"쇠톱, 접톱, 원형톱, 목공톱, 전정톱",목공톱,,,,False,,
양날톱(목공용 톱),success,쇠톱,"쇠톱, 원형톱, 접톱, 목공톱, 목공용접톱",목공용접톱,,,,False,,
양동이,success,옵셋렌치,"옵셋렌치, 플라이어렌치, 전선릴, 플라이어, 굽은노즈플라이어",옵셋렌치,,,,True,,
양변기청소기,success,스프링배관청소기,"스프링배관청소기, 고지가위, 목공줄, 목공용드릴비트, 전지가위",스프링배관청소기,,,,False,,
양손 가위,success,손타카,"손타카, 타일컷터, 만능렌치, 편구스패너, 납볼망치",손타카,,,,False,,
양손 대가위,success,전지가위,"전지가위, 손타카, 납볼망치, 충전드릴, 전동압착기",전지가위,,,,False,,
양손 전지가위 / 사진과 다릅니다.,success,육각렌치세트,"육각렌치세트, 기어렌치세트, 목공용접톱, 목공줄, 공구세트",전지가위,,배터리,,False,,
양손 전지가위(전정가위),success,전지가위,"전지가위, 손타카, 납볼망치, 목공줄, 소켓렌치세트",전지가위,,배터리,,False,,
양손가위,success,만능렌치,"만능렌치, 손타카, 납볼망치, 타일컷터, 빠루망치",만능렌치,,,,False,,
양손대가위,success,전지가위,"전지가위, 납볼망치, 손타카, 만능렌치, 임팩트드릴",전지가위,,,,False,,
양손전지가위,success,전지가위,"전지가위, 만능렌치, 소켓렌치세트, 전동공구세트, 스패너세트",전지가위,,배터리,,False,,
양손조경가위,success,만능렌치,"만능렌치, 목공줄, 스패너세트, 손타카, 소켓렌치세트",만능렌치,,,,False,,
양용 드라이버,success,드라이버,"드라이버, 드라이버세트, 양용드라이버, 전동드릴, 전동드라이버",양용드라이버,,,,False,,
양용 드라이버 1개,success,드라이버세트,"드라이버세트, 드라이버, 정밀드라이버세트, 전동공구세트, 양용드라이버",양용드라이버,,,,False,,
양용 드라이버 2개,success,드라이버세트,"드라이버세트, 드라이버, 정밀드라이버세트, 전동공구세트, T핸드드라이버",드라이버세트,,,,False,,
양용D/R,success,양용드라이버,"양용드라이버, 납볼망치, 전동타카, 다이스세트, 만능렌치",양용드라이버,,,,False,,
양용드라이버,success,양용드라이버,"양용드라이버, 와이어스트리퍼, 전동드라이버, 편구스패너, 스크레퍼",양용드라이버,,,,False,,
양용드라이버 D01-150mm,success,고속절단기,"고속절단기, 클램프미터, 정밀드라이버세트, 전동공구세트, 철공용드릴비트",정밀드라이버세트,,,150mm,False,,
양용드라이버2개,success,드라이버세트,"드라이버세트, 정밀드라이버세트, 전동공구세트, 공구세트, 드라이버",드라이버세트,,,,False,,
어댑터,success,에어컴프레서,"에어컴프레서, 끌세트, 전동공구세트, 정밀드라이버세트, 소켓렌치세트",에어컴프레서,,,,True,,
어린이 공구놀이세트,success,기어렌치세트,"기어렌치세트, 스패너세트, T렌치세트, 소켓렌치세트, 공구세트",공구세트,,,,False,,
에아컴프레셔,success,전선릴,"전선릴, 굽은노즈플라이어, 스크레퍼, 플라이어렌치, 플라이어",전선릴,,,,True,,
에어 콤프레셔,success,옵셋렌치,"옵셋렌치, 플라이어렌치, 굽은노즈플라이어, 플라이어, 스냅링플라이어",옵셋렌치,,,,True,,
에어 타카,success,에어건,"에어건, 빠루망치, 만능렌치, 타카, 에어타카",에어타카,,,,False,,
에어건,success,에어건,"에어건, 커터, 빠루망치, 고무망치, 장도리",에어건,,,,False,에어건,True
에어건(청소건),success,스프링배관청소기,"스프링배관청소기, 목공줄, 그립망치, 에어타카, 전지가위",스프링배관청소기,,,,False,,
"에어건(청소건,콤프라샤용)",success,스프링배관청소기,"스프링배관청소기, 고속절단기, 목공용드릴비트, 에어타카, 에어컴프레서",에어컴프레서,,,,False,,
"에어건,에어코일호스",success,와이어스트리퍼,"와이어스트리퍼, 편구스패너, 전선릴, 전동드릴, 충전해머드릴",전동드릴,,에어,,False,,
"에어건,에어호스",success,옵셋렌치,"옵셋렌치, 전선릴, 굽은노즈플라이어, 앤드컷팅니퍼, 전동드릴",옵셋렌치,,에어,,False,,
에어건세트,success,공구세트,"공구세트, 공구함세트, 기어렌치세트, 전동공구세트, T렌치세트",공구세트,,,,False,,
에어게이지,success,전선릴,"전선릴, 옵셋렌치, 고무망치, 굽은노즈플라이어, 쇠지렛대",전선릴,,,,True,,
에어스프레이건,success,옵셋렌치,"옵셋렌치, 스냅링플라이어, 굽은노즈플라이어, 플라이어렌치, 전선릴",옵셋렌치,,,,True,,
"에어스프레이건 세트(건, 페인트통)",success,드릴비트세트,"드릴비트세트, 스패너세트, 소켓렌치세트, 전동공구세트, 에어컴프레서",에어컴프레서,,,,False,,
에어컴프레서,success,에어컴프레서,"에어컴프레서, 소켓렌치세트, 스패너세트, 끌세트, 전동공구세트",에어컴프레서,,,,False,,
에어컴프레셔,success,에어컴프레서,"에어컴프레서, 타일컷터, 에어건, 전선릴, 만능렌치",에어컴프레서,,,,False,,
에어콤푸레샤,success,건타카,"건타카, 전동타카, 다이스세트, 장도리, 모종삽",건타카,,,,False,,
에어콤프레샤,success,전선릴,"전선릴, 옵셋렌치, 스크레퍼, 와이어스트리퍼, 플라이어렌치",전선릴,,,,False,,
에어콤프레셔,success,전선릴,"전선릴, 편구스패너, 와이어스트리퍼, 쇠지렛대, 스크레퍼",전선릴,,,,True,에어컴프레서,False
에어타카,success,에어타카,"에어타카, 에어건, 전지가위, 타카, 돌망치",에어타카,,,,False,에어타카,True
에어타카,success,에어타카,"에어타카, 에어건, 전지가위, 타카, 돌망치",에어타카,,,,False,에어타카,True
에어타카 + 콤프레셔 세트,success,전동공구세트,"전동공구세트, 기어렌치세트, 조합렌치세트, 공구함세트, 소켓렌치세트",소켓렌치세트,,,,False,,
에어타카(6mm),success,고속절단기,"고속절단기, 목공용드릴비트, 공구세트, 클램프미터, 드릴비트세트",목공용드릴비트,,,6mm,False,,
에어타카(I핀),success,에어타카,"에어타카, 전지가위, 건타카, 타카, 에어건",에어타카,,,,False,,
에어타카(ㄷ핀),success,전동타카,"전동타카, 몽키렌치, 핀펀치, 편구스패너, 쇠지렛대",전동타카,,,,False,,
에어타카(가구),success,전동타카,"전동타카, 건타카, 토크렌치, 고무망치, 양용드라이버",전동타카,,유선,가구용,False,,
"에어타카(목재, 콘크리트)",success,콘크리트드릴비트세트,"콘크리트드릴비트세트, 콘크리트용드릴비트, 콘크리트니퍼, 철판가위, 육각렌치세트",콘크리트드릴비트세트,,,,False,,
에어타카(콘크리트),success,콘크리트용드릴비트,"콘크리트용드릴비트, 콘크리트니퍼, 콘크리트드릴비트세트, 플라이어세트, 수평기",콘크리트니퍼,,에어,,False,,
"에어타카(콘트리트, 목재겸용)",success,목공용접톱,"목공용접톱, 목공용드릴비트, 목공줄, 철판가위, 공구함세트",목공용드릴비트,,,,False,,
에어타커,success,에어타카,"에어타카, 스패너, 드릴비트, 에어건, 목공줄",에어건,,,,False,,
에어펌프,success,에어펌프,"에어펌프, 목공용드릴비트, 철공용드릴비트, 고속절단기, 클램프미터",에어펌프,,,,False,에어펌프,True
에어호스,success,에어건,"에어건, 에어타카, 에어컴프레서, 전지가위, 장도리",에어건,,,,False,,
에어호스(자동카플링포함),success,SDS드릴비트,"SDS드릴비트, 에어타카, 전자산업용니퍼, 에어컴프레서, 전지가위",SDS드릴비트,,에어,,True,,
에어호스7.5m,success,전자산업용니퍼,"전자산업용니퍼, 고속절단기, SDS드릴비트, 전동공구세트, 정밀드라이버세트",전자산업용니퍼,,,길이 7.5m,False,,
에코링크,success,돌망치,"돌망치, 장도리, 빠루망치, 카운터싱크, 에어건",카운터싱크,,,,False,,
엑셀가위,success,편구스패너,"편구스패너, 소켓렌치세트, 스패너세트, 장도리, 볼렌치세트",장도리,,,,False,,
엑스본드건,success,편구스패너,"편구스패너, 전선릴, 스크레퍼, 와이어스트리퍼, 타일컷터",타일컷터,,,,False,,
엔진용품,success,드라이버세트,"드라이버세트, 정밀드라이버세트, 드라이버, 철공용드릴비트, 목공용드릴비트",드라이버세트,,,,False,,
엘렌치,success,옵셋렌치,"옵셋렌치, 플라이어, 렌치, 플라이어렌치, 전동드라이버",렌치,,,,False,,
여행용캐리어(20L),success,고속절단기,"고속절단기, 전지가위, 전동공구세트, 정밀드라이버세트, SDS드릴비트",고속절단기,,,,True,,
여행용캐리어(24L),success,고속절단기,"고속절단기, SDS드릴비트, 정밀드라이버세트, T핸드드라이버, 전동공구세트",고속절단기,,,,True,,
연마석(60방),success,수평기,"수평기, 만능렌치, 전동공구세트, 고속절단기, 전지가위",수평기,,,,True,,
연마석(A타입),success,납볼망치,"납볼망치, 전지가위, 직각자, 임팩트드릴, 만능렌치",만능렌치,,,,False,,
연막기,success,전동압착기,"전동압착기, 그립망치, 끌세트, 전지가위, 스패너",전동압착기,,,,False,,
연막소독기,success,석고대패,"석고대패, 그립망치, 돌망치, 전동압착기, 절단석",석고대패,,,,True,,
연장코드선,success,전지가위,"전지가위, 스패너세트, 소켓렌치세트, 납볼망치, T렌치세트",전지가위,,,,True,,
열풍기,success,열풍기,"열풍기, 가스토치, 수평기, 육각렌치, 송풍기",열풍기,,,,False,열풍기,True
열풍기 히팅건,success,냉동라쳇렌치,"냉동라쳇렌치, 다이아고날플라이어, 스냅링플라이어, 옵셋렌치, 플라이어렌치",플라이어렌치,,,,False,,
열풍기 히팅건(유선),success,냉동라쳇렌치,"냉동라쳇렌치, 플라이어렌치, 다이아고날플라이어, 옵셋렌치, 스냅링플라이어",냉동라쳇렌치,,유선,,True,,
열풍기(히팅건),success,냉동라쳇렌치,"냉동라쳇렌치, 다이아고날플라이어, 앤드컷팅니퍼, 스냅링플라이어, 옵셋렌치",냉동라쳇렌치,,,,True,,
열화상카메라,success,열화상카메라,"열화상카메라, 편구스패너, 전선릴, 전동타카, 타일컷터",열화상카메라,,,,False,열화상카메라,True
예초기,success,납볼망치,"납볼망치, 그립망치, 빠루망치, 장도리, 임팩트드릴",납볼망치,,,,True,,
예초기 무?보호대,success,보안경,"보안경, 안전로프, 전지가위, 납볼망치, 석고대패",보안경,,,,False,,
예초기 본체,success,와이어스트리퍼,"와이어스트리퍼, 편구스패너, 타일컷터, 고무망치, 전선릴",와이어스트리퍼,,,,True,,
예초기 안면보호대,success,임팩트드릴,"임팩트드릴, 납볼망치, 만능렌치, 그립망치, 편구스패너",임팩트드릴,,,,True,,
예초기 엔진,success,드라이버세트,"드라이버세트, 드라이버, 정밀드라이버세트, 철공용드릴비트, 고속절단기",드라이버세트,,,,True,,
예초기(전화문의),success,앤드컷팅니퍼,"앤드컷팅니퍼, 충전해머드릴, 옵셋렌치, 전동드라이버, 굽은노즈플라이어",옵셋렌치,,,,False,,
예초기(충전용),success,그립망치,"그립망치, 돌망치, 납볼망치, 전지가위, 임팩트드릴",그립망치,,충전식,,True,,
예초기-나일론 날,success,앤드컷팅니퍼,"앤드컷팅니퍼, 옵셋렌치, 전선릴, 와이어스트리퍼, 충전해머드릴",앤드컷팅니퍼,,,,False,,
예초기류,success,그립망치,"그립망치, 목공줄, 납볼망치, 빠루망치, 돌망치",그립망치,,,,True,,
오링풀러(송곳 세트),success,소켓렌치세트,"소켓렌치세트, 편구스패너, 볼렌치세트, 스패너세트, 타일컷터",소켓렌치세트,,,,False,,
오비탈샌더,success,라쳇렌치세트,"라쳇렌치세트, 옵셋렌치, 굽은노즈플라이어, 플라이어렌치, 와이어스트리퍼",라쳇렌치세트,,,,True,,
오토릴(버튼식) KE-BAR(1.53*20),success,정밀드라이버세트,"정밀드라이버세트, 클램프미터, 전동공구세트, 드릴비트세트, 목공용드릴비트",드릴비트세트,,,KE-BAR(1.53*20),False,,
옥스퍼드 블록,success,편구스패너,"편구스패너, 굽은노즈플라이어, 전동드라이버, 타일컷터, 쇠지렛대",편구스패너,,,,True,,
옥집게,success,옵셋렌치,"옵셋렌치, 스냅링플라이어, 다이아고날플라이어, 플라이어렌치, 굽은노즈플라이어",다이아고날플라이어,,,,False,,
온라인회의세트,success,전자산업용니퍼,"전자산업용니퍼, 테이블톱, 조합렌치세트, 센터펀치, 육각렌치세트",조합렌치세트,,,,False,,
옵세트,success,장도리,"장도리, 다이스세트, 편구스패너, 스크레퍼, 렌치",장도리,,,,True,,
옵셋트날,success,전선릴,"전선릴, 와이어스트리퍼, 편구스패너, 해머드릴, 고무망치",해머드릴,,,,False,,
와우스틱,success,고무망치,"고무망치, 에어건, 장도리, 빠루망치, 만능렌치",고무망치,,,,True,,
와이어 로프 커터,success,타일컷터,"타일컷터, 끌세트, 목공줄, 스패너세트, 소켓렌치세트",목공줄,,,,False,,
와이어 볼트 커터,success,편구스패너,"편구스패너, 타일컷터, 와이어스트리퍼, 쇠지렛대, 전선릴",와이어스트리퍼,,,,False,,
와이어 브러쉬,success,플라이어,"플라이어, 굽은노즈플라이어, 플라이어렌치, 렌치, 핀펀치",핀펀치,,,,False,,
와이어 스트리퍼,success,전동드라이버,"전동드라이버, 굽은노즈플라이어, 플라이어렌치, 옵셋렌치, 와이어스트리퍼",와이어스트리퍼,,,,False,,
와이어 커터,success,타일컷터,"타일컷터, 편구스패너, 와이어스트리퍼, 커터, 쇠지렛대",커터,,,,False,,
와이어니퍼,success,와이어스트리퍼,"와이어스트리퍼, 전선릴, 고무망치, 편구스패너, 스크레퍼",와이어스트리퍼,,,,False,,
와이어브러쉬,success,렌치,"렌치, 고무망치, 몽키렌치, 양용드라이버, 전선릴",전선릴,,,,False,,
와이어스트니퍼,success,와이어스트리퍼,"와이어스트리퍼, 전선릴, 편구스패너, 라쳇렌치세트, 앤드컷팅니퍼",와이어스트리퍼,,,,False,,
와이어컷터,success,목공줄,"목공줄, 그립망치, 타일컷터, 빠루망치, 스패너",타일컷터,,,,False,,
와플팬(소형),success,피스제거용비트,"피스제거용비트, 소켓렌치세트, 볼렌치세트, 에어타카, 목공줄",피스제거용비트,,,,True,,
외날톱,success,접톱,"접톱, 쇠톱, 원형톱, 전정톱, 절단석",쇠톱,,,,False,,
외날톱 1개,success,타일컷터,"타일컷터, 모종삽, 스패너세트, 그립망치, 만능렌치",모종삽,,,,False,,
"외날톱(265mm, 300mm)",success,클램프미터,"클램프미터, 목공용드릴비트, 철공용드릴비트세트, 드릴비트세트, 전동공구세트",드릴비트세트,,,길이 265mm와 300mm,False,,
외낫,success,장도리,"장도리, 돌망치, 에어건, 빠루망치, 타카",장도리,,,,False,,
용접기,success,직소기,"직소기, 글루스틱, T렌치세트, 손타카, 목공줄",손타카,,,,False,,
용접면,success,전선릴,"전선릴, 해머드릴, 전동드릴, 와이어스트리퍼, 고무망치",전선릴,,,,True,,
우레탄 망치 2개,success,석고대패,"석고대패, 절단석, 그립망치, 임팩트드릴, 돌망치",그립망치,,,,False,,
우마,success,고무망치,"고무망치, 에어건, 해머드릴, 렌치, 전동드릴",고무망치,,,,False,,
우마 사다리,success,사다리,"사다리, 굽은노즈플라이어, 플라이어렌치, 전동드라이버, 옵셋렌치",사다리,,,,False,,
우산,success,에어타카,"에어타카, 수평기, 육각렌치, 에어건, 전지가위",에어타카,,,,True,,
운반캐리어,success,편구스패너,"편구스패너, 전동드릴, 전동타카, 양용드라이버, 타일컷터",편구스패너,,,,True,,
워드캡쳐,success,SDS드릴비트,"SDS드릴비트, 스패너세트, 기어렌치세트, T렌치세트, 육각렌치세트",SDS드릴비트,,,,True,,
워킹메다,success,스냅링플라이어,"스냅링플라이어, 다이아고날플라이어, 옵셋렌치, 플라이어렌치, 냉동라쳇렌치",스냅링플라이어,,,,True,,
워킹메타,success,굽은노즈플라이어,"굽은노즈플라이어, 전선릴, 전동드라이버, 옵셋렌치, 플라이어렌치",굽은노즈플라이어,,,,True,,
워터 펌프 플라이어,success,워터펌프플라이어,"워터펌프플라이어, 충전해머드릴, 굽은노즈플라이어, 스냅링플라이어, 옵셋렌치",워터펌프플라이어,,,,False,,
워터펌프 플라이어,success,워터펌프플라이어,"워터펌프플라이어, 충전해머드릴, 스냅링플라이어, 굽은노즈플라이어, 옵셋렌치",워터펌프플라이어,,,,False,,
워터펌프플라이어,success,워터펌프플라이어,"워터펌프플라이어, 충전해머드릴, 굽은노즈플라이어, 옵셋렌치, 플라이어렌치",워터펌프플라이어,,,,False,워터펌프플라이어,True
워터펌프플라이어 12인치,success,워터펌프플라이어,"워터펌프플라이어, 충전해머드릴, 고압세척기, 편구스패너, 굽은노즈플라이어",워터펌프플라이어,,,12인치,False,,
워터펌프플라이어 1개,success,워터펌프플라이어,"워터펌프플라이어, 드릴비트세트, 끌세트, 에어컴프레서, 전동공구세트",워터펌프플라이어,,,,False,,
워터펌프플라이어(첼라),success,워터펌프플라이어,"워터펌프플라이어, 드릴비트세트, 에어컴프레서, 스프링배관청소기, 끌세트",워터펌프플라이어,,,,False,,
원목 바둑판,success,육각렌치,"육각렌치, 목공줄, 수평기, 스패너세트, 절단석",목공줄,,,,False,,
원목 체스판,success,기어렌치세트,"기어렌치세트, T렌치세트, 소켓렌치세트, 공구세트, 전동공구세트",공구세트,,,,False,,
원예가위 1개,success,납볼망치,"납볼망치, 전지가위, 만능렌치, 스패너세트, 소켓렌치세트",전지가위,,,,False,,
원예공구,success,전지가위,"전지가위, 납볼망치, 육각렌치, 빠루망치, 만능렌치",만능렌치,,,,False,,
원예용가위1,success,편구스패너,"편구스패너, 라쳇렌치세트, 볼렌치세트, 소켓렌치세트, 와이어스트리퍼",와이어스트리퍼,,,,False,,
원예용가위2,success,전동공구세트,"전동공구세트, 기어렌치세트, T렌치세트, 공구세트, 공구함세트",공구세트,,,,False,,
원예전지가위,success,전지가위,"전지가위, 납볼망치, 육각렌치, 소켓렌치세트, 기어렌치세트",전지가위,,,,False,,
원터치 육각텐트,success,플라이어렌치,"플라이어렌치, 라쳇렌치세트, 다이아고날플라이어, 굽은노즈플라이어, 냉동라쳇렌치",플라이어렌치,,,,True,,
원터치텐트,success,타일컷터,"타일컷터, 편구스패너, 전선릴, 와이어스트리퍼, 소켓렌치세트",타일컷터,,,,True,,
원형 샌더기,success,쇠지렛대,"쇠지렛대, 모종삽, 스패너세트, 소켓렌치세트, 고지가위",쇠지렛대,,,,True,,
원형 톱 1개,success,기어렌치세트,"기어렌치세트, T렌치세트, 스패너세트, 조합렌치세트, 공구세트",공구세트,,,,False,,
원형샌다,success,전선릴,"전선릴, 라쳇렌치세트, 편구스패너, 굽은노즈플라이어, 쇠지렛대",전선릴,,,,False,,
원형샌더,success,플라이어렌치,"플라이어렌치, 굽은노즈플라이어, 라쳇렌치세트, 옵셋렌치, 전동드라이버",전동드라이버,,,,False,,
원형센더 1개,success,소켓렌치세트,"소켓렌치세트, 편구스패너, 볼렌치세트, 스패너세트, 만능렌치",만능렌치,,,,False,,
원형전기톱,success,전정톱,"전정톱, 원형톱, 철공용드릴비트, 철공용드릴비트세트, 목공용접톱",원형톱,,전원 방식 목록에 없음 (추측: 전원이 필요한 전기 공구일 가능성 높음),,False,,
원형톱,success,원형톱,"원형톱, 쇠톱, 접톱, 목공줄, 절단석",원형톱,,,,False,원형톱,True
원형톱(CS-7CA),success,SDS드릴비트,"SDS드릴비트, 전동공구세트, 정밀드라이버세트, 조합렌치세트, 공구함세트",조합렌치세트,,,,False,,
원형톱마끼다,success,편구스패너,"편구스패너, 타일컷터, 쇠지렛대, 와이어스트리퍼, 스크레퍼",쇠지렛대,마끼다,,,False,원형톱,False
유닉스매직기,success,공구세트,"공구세트, 전동압착기, 전동공구세트, 전지가위, T렌치세트",공구세트,,,,False,,
유리창 로봇청소기,success,스프링배관청소기,"스프링배관청소기, 목공용드릴비트, 클램프미터, 정밀드라이버세트, 철공용드릴비트",스프링배관청소기,,,,False,,
유리창 청소기,success,스프링배관청소기,"스프링배관청소기, 목공용드릴비트, 클램프미터, 목공줄, 철판가위",스프링배관청소기,,,,False,,
유리칼,success,커터칼,"커터칼, 절단석, 목공줄, 쇠톱, 접톱",커터칼,,,,False,,
유리칼 1개,success,커터칼,"커터칼, 목공줄, 절단석, 드릴비트세트, 목공용접톱",커터칼,,,,False,,
유모차,success,건타카,"건타카, 타카, 돌망치, 손타카, 장도리",건타카,,,,True,,
유무선 드릴,success,해머드릴,"해머드릴, 임팩트드릴, 전동드릴, 만능렌치, 빠루망치",전동드릴,,유선,,False,,
유선 그라인더,success,바이스그립플라이어,"바이스그립플라이어, 냉동라쳇렌치, 앵글그라인더, 다이아고날플라이어, 스냅링플라이어",앵글그라인더,,유선,,False,,
유선 그라인더(100m/4인치),success,클램프미터,"클램프미터, 고속절단기, 전동공구세트, 육각렌치세트, 공구세트",고속절단기,,유선,"100m, 4인치",False,,
유선 다용도 톱(직소기),success,드릴비트세트,"드릴비트세트, 스패너세트, 목공줄, 기어렌치세트, 절단석",절단석,,유선,,False,,
유선 드릴,success,해머드릴,"해머드릴, 임팩트드릴, 만능렌치, 빠루망치, 전동드릴",전동드릴,,유선,,False,,
유선 디스크 그라인더,success,바이스그립플라이어,"바이스그립플라이어, 버니어캘리퍼스, 냉동라쳇렌치, 다이아고날플라이어, 앵글그라인더",앵글그라인더,,유선,,False,,
유선 디스크 그라인더,success,바이스그립플라이어,"바이스그립플라이어, 버니어캘리퍼스, 냉동라쳇렌치, 다이아고날플라이어, 앵글그라인더",앵글그라인더,,유선,,False,,
유선 전기톱,success,철공용드릴비트,"철공용드릴비트, 목공용드릴비트, 드릴비트세트, 철공용드릴비트세트, 다림추",철공용드릴비트,,유선,,True,,
유선 전동 드릴,success,임팩트드릴,"임팩트드릴, 전동드릴, 만능렌치, 전지가위, 드릴비트",전동드릴,,유선,,False,,
유선 전동드릴,success,전동드릴,"전동드릴, 임팩트드릴, 만능렌치, 해머드릴, 전지가위",전동드릴,,유선,,False,전동드릴,True
유선 직쏘,success,만능렌치,"만능렌치, 빠루망치, 편구스패너, 타일컷터, 고무망치",만능렌치,,유선,,False,,
유선 컷쏘,success,빠루망치,"빠루망치, 만능렌치, 해머드릴, 그립망치, 에어건",그립망치,,유선,,False,,
유선 해머드릴,success,해머드릴,"해머드릴, 전동드릴, 만능렌치, 임팩트드릴, 고무망치",해머드릴,,유선,,False,,
유선(햄머)전동드릴,success,해머드릴,"해머드릴, 전동드릴, 목공줄, 드릴비트, 임팩트드릴",전동드릴,,유선,,False,,
유선/글루건,success,만능렌치,"만능렌치, 빠루망치, 납볼망치, 임팩트드릴, 전지가위",만능렌치,,,,False,,
유선/전동그라인더,success,냉동라쳇렌치,"냉동라쳇렌치, 바이스그립플라이어, 다이아고날플라이어, 앵글그라인더, 버니어캘리퍼스",앵글그라인더,,유선/전동,,False,,
유선/전동드릴,success,충전드릴,"충전드릴, 전동공구세트, 고속절단기, 임팩트드릴, 드릴비트",전동공구세트,,유선,,False,,
유선/전동드릴세트(수공구세트 포함),success,철공용드릴비트세트,"철공용드릴비트세트, 철공용드릴비트, 목공용드릴비트, 정밀드라이버세트, 공구함세트",철공용드릴비트세트,,유선/전동,수공구세트 포함,False,,
유선/전동일자톱,success,와이어스트리퍼,"와이어스트리퍼, 타일컷터, 편구스패너, 전동드릴, 해머드릴",전동드릴,,유선,,False,,
유선그라인더,success,냉동라쳇렌치,"냉동라쳇렌치, 다이아고날플라이어, 바이스그립플라이어, 앵글그라인더, 스냅링플라이어",앵글그라인더,,유선,,False,,
유선드라이버드릴,success,해머드릴,"해머드릴, 전동드릴, 임팩트드릴, 만능렌치, 빠루망치",전동드릴,,유선,,False,,
유선드릴,success,해머드릴,"해머드릴, 임팩트드릴, 만능렌치, 전동드릴, 빠루망치",전동드릴,,유선,,False,,
유선드릴,success,해머드릴,"해머드릴, 임팩트드릴, 만능렌치, 전동드릴, 빠루망치",전동드릴,,유선,,False,,
유선드릴(대형),success,옵셋렌치,"옵셋렌치, 앤드컷팅니퍼, 충전해머드릴, 라쳇렌치세트, 굽은노즈플라이어",충전해머드릴,,유선,대형,False,,
유선임팩트드릴,success,임팩트드릴,"임팩트드릴, 납볼망치, 만능렌치, 해머드릴, 전지가위",임팩트드릴,,유선,,False,,
유선임팩트드릴(구형),success,SDS드릴비트,"SDS드릴비트, 정밀드라이버세트, 전지가위, 전동공구세트, 전동압착기",SDS드릴비트,,유선,,False,,
유선전기드릴,success,충전드릴,"충전드릴, 전기인두, 배터리팩, 드릴비트, 임팩트드릴",충전드릴,,유선,,False,,
유선전동드릴,success,임팩트드릴,"임팩트드릴, 충전드릴, 전동드릴, 만능렌치, 드릴비트",전동드릴,,유선,,False,전동드릴,True
유선전동드릴,success,임팩트드릴,"임팩트드릴, 충전드릴, 전동드릴, 만능렌치, 드릴비트",전동드릴,,유선,,False,전동드릴,True
유선전동드릴부속품,success,철공용드릴비트,"철공용드릴비트, 목공용드릴비트, 드릴비트세트, 철공용드릴비트세트, 전동공구세트",전동공구세트,,유선,,False,,
유선컷소,success,돌망치,"돌망치, 커터, 만능렌치, 빠루망치, 그립망치",커터,,유선,,False,,
유선컷쏘,success,고무망치,"고무망치, 빠루망치, 커터, 해머드릴, 전동드릴",커터,,유선,,False,,
유선햄머전동드릴,success,해머드릴,"해머드릴, 전동드릴, 타일컷터, 와이어스트리퍼, 만능렌치",전동드릴,,유선,,False,,
유선햄머전동드릴/로터리 해머드릴,success,충전해머드릴,"충전해머드릴, 로터리해머드릴, 해머드릴, 전동드릴, 와이어스트리퍼",로터리해머드릴,,유선,,False,,
"유아용 캠핑의자(여우,토끼,공룡 각 1개씩)",success,왕복톱(레시프로쏘),"왕복톱(레시프로쏘), 원형톱, 그립망치, 목공톱, 목공줄",왕복톱(레시프로쏘),,,,True,,
육각 드라이버 세트,success,드라이버세트,"드라이버세트, 정밀드라이버세트, T핸드드라이버, 드라이버, 전동공구세트",드라이버세트,,,,False,,
육각 렌치,success,직각자,"직각자, 육각렌치, 만능렌치, 돌망치, 납볼망치",육각렌치,,,,False,,
육각 롱볼렌치센트(접이식),success,편구스패너,"편구스패너, 소켓렌치세트, 라쳇렌치세트, 볼렌치세트, 육각렌치",육각렌치,,,"접이식, 롱볼렌치",False,,
육각 볼렌치,success,편구스패너,"편구스패너, 타일컷터, 와이어스트리퍼, 전선릴, 볼렌치세트",볼렌치세트,,,,False,,
육각(볼)렌치,success,만능렌치,"만능렌치, 육각렌치, 빠루망치, 목공줄, 그립망치",육각렌치,,,,False,,
육각드릴세트,success,드릴비트세트,"드릴비트세트, 목공용드릴비트, 공구세트, 공구함세트, 철공용드릴비트",드릴비트세트,,,,False,,
육각렌지,success,육각렌치,"육각렌치, 장도리, 편구스패너, 타일컷터, 모종삽",육각렌치,,,,False,,
육각렌찌,success,육각렌치,"육각렌치, 모종삽, 직각자, 글루스틱, 소켓렌치세트",육각렌치,,,,False,,
육각렌츠세트,success,육각렌치세트,"육각렌치세트, 기어렌치세트, T렌치세트, 소켓렌치세트, 스패너세트",육각렌치세트,,,,False,,
육각렌치,success,육각렌치,"육각렌치, 장도리, 납볼망치, 전지가위, 직각자",육각렌치,,,,False,육각렌치,True
육각렌치 1개,success,육각렌치,"육각렌치, 기어렌치세트, 스패너세트, 직각자, 소켓렌치세트",육각렌치,,,,False,,
육각렌치 8세트,success,기어렌치세트,"기어렌치세트, 육각렌치세트, 소켓렌치세트, T렌치세트, 전동공구세트",육각렌치세트,,,,False,,
육각렌치 세트,success,육각렌치세트,"육각렌치세트, 기어렌치세트, T렌치세트, 공구함세트, 전동공구세트",육각렌치세트,,,,False,,
육각렌치(대),success,냉동라쳇렌치,"냉동라쳇렌치, 다이아고날플라이어, 바이스그립플라이어, 앵글그라인더, 옵셋렌치",옵셋렌치,,,대,False,,
육각렌치(별렌치 포함),success,육각렌치,"육각렌치, 육각렌치세트, 기어렌치세트, 스패너세트, T렌치세트",육각렌치,,,,False,,
육각렌치(소) 1개,success,기어렌치세트,"기어렌치세트, 스패너세트, 육각렌치, 소켓렌치세트, T렌치세트",육각렌치,,,소,False,,
육각렌치Set(15EA) 1개,success,육각렌치세트,"육각렌치세트, 기어렌치세트, 전동공구세트, T렌치세트, 조합렌치세트",육각렌치세트,,,15개 단위,False,,
육각렌치링,success,육각렌치,"육각렌치, 육각렌치세트, 전지가위, 기어렌치세트, 수평기",육각렌치,,,,False,,
육각렌치세트,success,육각렌치세트,"육각렌치세트, 기어렌치세트, T렌치세트, 전동공구세트, 공구세트",육각렌치세트,,,,False,육각렌치세트,True
육각렌치세트(BHW-9),success,전동공구세트,"전동공구세트, 육각렌치세트, 기어렌치세트, 정밀드라이버세트, 소켓렌치세트",육각렌치세트,BHW,,,False,,
육각렌치세트(스텐리),success,육각렌치세트,"육각렌치세트, 기어렌치세트, T렌치세트, 소켓렌치세트, 스패너세트",육각렌치세트,스텐리,,,False,,
육각렌치셋트,success,소켓렌치세트,"소켓렌치세트, 육각렌치, 스패너세트, 기어렌치세트, T렌치세트",육각렌치,,,,False,,
육각링렌치세트,success,기어렌치세트,"기어렌치세트, 육각렌치세트, T렌치세트, 소켓렌치세트, 스패너세트",육각렌치세트,,,,False,,
육각복수세트,success,육각렌치세트,"육각렌치세트, 공구함세트, 공구세트, 기어렌치세트, T렌치세트",육각렌치세트,,,,False,,
육각볼,success,전동압착기,"전동압착기, 송풍기, 스패너, 손타카, 석고대패",전동압착기,,,,True,,
육각볼렌치,success,편구스패너,"편구스패너, 타일컷터, 와이어스트리퍼, 전선릴, 볼렌치세트",볼렌치세트,,,,False,,
육각비트세트,success,육각렌치세트,"육각렌치세트, 공구함세트, 기어렌치세트, T렌치세트, 공구세트",육각렌치세트,,,,False,,
육각접랜치,success,육각렌치,"육각렌치, 육각렌치세트, 직각자, 기어렌치세트, T렌치세트",육각렌치,,,,False,,
육모렌치,success,장도리,"장도리, 돌망치, 빠루망치, 육각렌치, 납볼망치",육각렌치,,,,False,,
윤활방청제,success,전지가위,"전지가위, 전동타카, 납볼망치, 장도리, 돌망치",전지가위,,,,True,,
윤활방향제,success,만능렌치,"만능렌치, 빠루망치, 편구스패너, 납볼망치, 타일컷터",만능렌치,,,,True,,
윤활유,success,플라이어렌치,"플라이어렌치, 옵셋렌치, 전동드라이버, 플라이어, 굽은노즈플라이어",플라이어렌치,,,,True,,
읛찌,success,렌치,"렌치, 플라이어, 핀펀치, 고무망치, 스크레퍼",렌치,,,,True,,
읛치,success,망치,"망치, 렌치, 고무망치, 에어건, 스크레퍼",망치,,,,True,,
이단전지가위,success,전지가위,"전지가위, 전동공구세트, 전동압착기, 납볼망치, 만능렌치",전지가위,,,,False,,
이동식 앰프,success,에어타카,"에어타카, 전지가위, 전자산업용니퍼, 에어컴프레서, SDS드릴비트",에어타카,,,,True,,
이동식 조명등,success,LED손전등,"LED손전등, LED투광기, LED작업등, 라돈측정기, 전기인두",LED작업등,,,,False,,
이동식 충전 앰프,success,충전임팩트드라이버,"충전임팩트드라이버, 충전드릴, 배터리팩, 전기인두, 전자산업용니퍼",충전임팩트드라이버,,충전식(무선),,False,,
이동형 공구함용 공구세트(육각렌치 세트),success,공구함세트,"공구함세트, 전동공구세트, 공구세트, 정밀드라이버세트, 육각렌치세트",공구세트,,,,False,,
이동형 배경시스템,success,육각렌치세트,"육각렌치세트, 전동공구세트, 전동압착기, 정밀드라이버세트, 기어렌치세트",육각렌치세트,,,,True,,
이발기,success,모종삽,"모종삽, 절단석, 목공줄, 스패너, 돌망치",모종삽,,,,True,,
이중사다리,success,A형사다리,"A형사다리, 사다리, 수평기, 다림추, 만능렌치",사다리,,,,False,,
이중실린더펌프(대) 1개,success,드릴비트세트,"드릴비트세트, 목공용드릴비트, 고속절단기, 드릴비트, 전동공구세트",드릴비트세트,,,,True,,
이지스트리퍼,success,전동드라이버,"전동드라이버, 옵셋렌치, 굽은노즈플라이어, 전선릴, 플라이어렌치",전선릴,,,,False,,
인그레이버,success,전선릴,"전선릴, 와이어스트리퍼, 앤드컷팅니퍼, 전동드라이버, 스크레퍼",앤드컷팅니퍼,,,,False,,
인두,success,장도리,"장도리, 타카, 에어건, 건타카, 돌망치",장도리,,,,True,,
인두기,success,장도리,"장도리, 에어건, 돌망치, 전동타카, 고무망치",장도리,,,,True,전기인두,False
인두기(납땜기),success,드릴비트세트,"드릴비트세트, 스패너세트, 공구세트, 목공줄, 소켓렌치세트",드릴비트세트,,,,False,,
인두기(엑소),success,옵셋렌치,"옵셋렌치, 굽은노즈플라이어, 전선릴, 플라이어렌치, 라쳇렌치세트",옵셋렌치,,,,False,,
"인두보조제, 납",success,석고대패,"석고대패, 드릴비트세트, 납볼망치, 목공줄, 절단석",납볼망치,,,,False,,
"인두보조제,납",success,목공줄,"목공줄, 석고대패, 납볼망치, 드릴비트세트, 전지가위",납볼망치,,,,False,,
인두용실납,success,전지가위,"전지가위, 납볼망치, 직소기, 돌망치, 고지가위",납볼망치,,,,False,,
인파이프 렌치,success,파이프렌치,"파이프렌치, 볼트컷터, 드릴비트세트, 드릴비트, 철판가위",파이프렌치,,,,False,,
일반 드릴,success,드릴비트,"드릴비트, 드릴비트세트, 공구세트, 목공줄, 전지가위",드릴비트,,,,False,,
일반 전선릴,success,전선릴,"전선릴, 와이어스트리퍼, 편구스패너, 전동드릴, 타일컷터",전선릴,,,,False,,
일반 전선릴(30m),success,클램프미터,"클램프미터, 고속절단기, 전동공구세트, 전동압착기, 충전드릴",클램프미터,,,"일반 전선릴, 길이 30m",True,,
일반공구세트,success,전동공구세트,"전동공구세트, 공구함세트, 공구세트, 기어렌치세트, 육각렌치세트",공구세트,,,,False,,
일반용공구세트,success,공구함세트,"공구함세트, 전동공구세트, 공구세트, 기어렌치세트, 육각렌치세트",공구세트,,,,False,,
일반톱,success,원형톱,"원형톱, 쇠톱, 돌망치, 목공줄, 전지가위",원형톱,,,,False,,
일자 드라이버,success,드라이버,"드라이버, 드라이버세트, 양용드라이버, 전동드릴, 전동드라이버",드라이버,,,,False,,
일자/십자 드라이버,success,드라이버세트,"드라이버세트, 로터리해머드릴, 양용드라이버, 편구스패너, 전동드릴",양용드라이버,,,,False,,
일자가위,success,전지가위,"전지가위, 목공줄, 납볼망치, 손타카, 직각자",전지가위,,,,False,,
일자겸용 충전드릴,success,충전드릴,"충전드릴, 임팩트드릴, 만능렌치, 고속절단기, 전지가위",충전드릴,,충전식,,False,충전드릴,True
일자겸용충전드릴,success,해머드릴,"해머드릴, 만능렌치, 임팩트드릴, 빠루망치, 목공줄",임팩트드릴,,충전식,,False,,
일자경용 충전드릴,success,충전드릴,"충전드릴, 충전임팩트드라이버, 고속절단기, 충전해머드릴, 임팩트드릴",충전드릴,,충전식(무선),,False,충전드릴,True
일자드라이버,success,양용드라이버,"양용드라이버, 편구스패너, 전동드릴, 와이어스트리퍼, 전동드라이버",전동드라이버,,,,False,,
일자드라이버(대),success,냉동라쳇렌치,"냉동라쳇렌치, 앤드컷팅니퍼, 다이아고날플라이어, 전동드라이버, 옵셋렌치",전동드라이버,,,대,False,,
일자드라이버(중),success,드라이버세트,"드라이버세트, T핸드드라이버, 드라이버, 정밀드라이버세트, 핸드카트",드라이버,,,,False,,
일자십자겸용드라이버,success,편구스패너,"편구스패너, 만능렌치, 전지가위, 소켓렌치세트, 스패너세트",만능렌치,,,,False,,
일자톱,success,원형톱,"원형톱, 쇠톱, 목공줄, 절단석, 접톱",쇠톱,,,,False,,
임팩 드라이버드릴,success,충전해머드릴,"충전해머드릴, 로터리해머드릴, 전동드릴, 와이어스트리퍼, 해머드릴",전동드릴,,,,False,,
임팩 드릴드라이버,success,충전해머드릴,"충전해머드릴, 전동드라이버, 전동드릴, 양용드라이버, 편구스패너",전동드릴,,,,False,,
임팩 렌치,success,냉동라쳇렌치,"냉동라쳇렌치, 다이아고날플라이어, 앤드컷팅니퍼, 바이스그립플라이어, 옵셋렌치",옵셋렌치,,,,False,,
임팩드라이버,success,양용드라이버,"양용드라이버, 편구스패너, 와이어스트리퍼, 전동드릴, 타일컷터",양용드라이버,,,,False,,
임팩드릴,success,전동드릴,"전동드릴, 전선릴, 해머드릴, 와이어스트리퍼, 고무망치",전동드릴,,,,False,,
임팩드릴비트세트,success,전동공구세트,"전동공구세트, 기어렌치세트, 공구세트, 드릴비트세트, 소켓렌치세트",드릴비트세트,,,,False,,
임팩소켓 세트,success,소켓렌치세트,"소켓렌치세트, 기어렌치세트, 전동공구세트, T렌치세트, 스패너세트",소켓렌치세트,,,,False,,
임팩용 철기리 콘크리트기리,success,콘크리트용드릴비트,"콘크리트용드릴비트, 콘크리트드릴비트세트, 철공용드릴비트, 콘크리트니퍼, 철공용드릴비트세트",콘크리트드릴비트세트,,,,False,,
임팩전동드릴,success,전동드릴,"전동드릴, 임팩트드릴, 해머드릴, 만능렌치, 타일컷터",임팩트드릴,,,,False,,
임팩전동드릴(10),success,소켓렌치세트,"소켓렌치세트, 볼렌치세트, 와이어스트리퍼, 편구스패너, 타일컷터",소켓렌치세트,,전동,10,False,,
임팩트 드릴,success,임팩트드릴,"임팩트드릴, 납볼망치, 그립망치, 만능렌치, 빠루망치",임팩트드릴,,,,False,,
"임팩트(해머) 드릴(유선,보쉬)",success,임팩트드릴,"임팩트드릴, 만능렌치, 그립망치, 빠루망치, 납볼망치",임팩트드릴,BOSCH,유선,,False,,
임팩트드라이버,success,임팩트드라이버,"임팩트드라이버, 임팩트드릴, 직각자, 납볼망치, 그립망치",임팩트드라이버,,,,False,임팩트드라이버,True
임팩트드라이버 콤보세트,success,임팩트드라이버,"임팩트드라이버, 소켓렌치세트, 전동공구세트, 기어렌치세트, 임팩트드릴",임팩트드릴,,,,False,,
임팩트드릴,success,임팩트드릴,"임팩트드릴, 납볼망치, 그립망치, 빠루망치, 만능렌치",임팩트드릴,,,,False,,
임팩트드릴(무선),success,전동압착기,"전동압착기, 임팩트드릴, 석고대패, 전동공구세트, 드릴비트세트",임팩트드릴,,충전식,,False,,
임팩트비트소켓세트,success,전동공구세트,"전동공구세트, 기어렌치세트, 공구함세트, 공구세트, T렌치세트",공구세트,,,,False,,
임팩트전동드릴,success,임팩트드릴,"임팩트드릴, 전동공구세트, 임팩트드라이버, 전동압착기, 전지가위",임팩트드릴,,,,False,,
임펙충전드릴(1개),success,전동공구세트,"전동공구세트, 고속절단기, 기어렌치세트, 소켓렌치세트, 정밀드라이버세트",정밀드라이버세트,,배터리,,False,,
임펙트드릴(무선),success,전동공구세트,"전동공구세트, 고속절단기, 전동압착기, 정밀드라이버세트, 목공용드릴비트",정밀드라이버세트,,충전식,,False,,
임펙트드릴(유선),success,전동공구세트,"전동공구세트, 라돈측정기, 고속절단기, 정밀드라이버세트, 클램프미터",정밀드라이버세트,,유선,,False,,
임펙트클러치 2개,success,전동공구세트,"전동공구세트, 스패너세트, 만능렌치, 소켓렌치세트, 기어렌치세트",전동공구세트,,유선,,False,,
자/측정공구,success,납볼망치,"납볼망치, 전지가위, 직각자, 만능렌치, 임팩트드릴",직각자,,,,False,,
자동센터펀치,success,센터펀치,"센터펀치, 전동압착기, 전지가위, 전동공구세트, 보안경",센터펀치,,,,False,,
자동스트리퍼,success,전동드릴,"전동드릴, 편구스패너, 타일컷터, 와이어스트리퍼, 전선릴",와이어스트리퍼,,,,False,,
자동스트립퍼 1개,success,전동공구세트,"전동공구세트, 소켓렌치세트, 스패너세트, 만능렌치, 임팩트드릴",전동공구세트,,,,False,,
자동스패너(大),success,옵셋렌치,"옵셋렌치, 굽은노즈플라이어, 플라이어렌치, 전동드라이버, 스냅링플라이어",옵셋렌치,,,대,False,,
자동스패너(小),success,굽은노즈플라이어,"굽은노즈플라이어, 전동드라이버, 플라이어렌치, 옵셋렌치, 편구스패너",플라이어렌치,,,작은 크기,False,,
자동차 점프스타터,success,드라이버세트,"드라이버세트, 드라이버, 정밀드라이버세트, 고속절단기, T핸드드라이버",드라이버세트,,배터리,,True,,
자동차용 공구,success,드라이버세트,"드라이버세트, 전동공구세트, 공구세트, 정밀드라이버세트, 전동압착기",전동공구세트,,,,False,,
자동차용 공구세트,success,정밀드라이버세트,"정밀드라이버세트, 전동공구세트, 공구세트, 공구함세트, 드라이버세트",공구세트,,,,False,,
자동차점프선,success,드라이버세트,"드라이버세트, 전지가위, 핸드카트, 정밀드라이버세트, 철판가위",드라이버세트,,,,True,,
자동차정비용 공구세트,success,정밀드라이버세트,"정밀드라이버세트, 드라이버세트, 전동공구세트, 공구함세트, 공구세트",공구세트,,,,False,,
자동토치,success,전동압착기,"전동압착기, 그립망치, 직각자, 만능렌치, 임팩트드릴",임팩트드릴,,,,False,,
자물쇠절단기,success,목공용드릴비트,"목공용드릴비트, 목공줄, 고속절단기, 공구세트, 드릴비트세트",고속절단기,,,,False,,
자석 수평자,success,만능렌치,"만능렌치, 직각자, 빠루망치, 그립망치, 납볼망치",직각자,,,,False,,
자석밴드,success,송풍기,"송풍기, 강력니퍼, 전동타카, 줄자, 양용드라이버",강력니퍼,,,,False,,
자석수평,success,납볼망치,"납볼망치, 그립망치, 돌망치, 전지가위, 손타카",납볼망치,,,,True,수평기,False
자석수평-450MM,success,클램프미터,"클램프미터, 철공용드릴비트, 철공용드릴비트세트, 고속절단기, 라돈측정기",클램프미터,,,450MM,False,,
자석수평계,success,전지가위,"전지가위, 납볼망치, 수평기, 직각자, 전동압착기",수평기,,,,False,,
자석줄자,success,전선릴,"전선릴, 전동드릴, 편구스패너, 와이어스트리퍼, 해머드릴",전동드릴,,,,False,,
자야 공구세트,success,만능렌치,"만능렌치, 편구스패너, 해머드릴, 전동드릴, 스패너세트",만능렌치,자야,,,True,,
자야 해머충전드릴,success,해머드릴,"해머드릴, 전동드릴, 임팩트드릴, 만능렌치, 고무망치",임팩트드릴,자야,충전식,,False,,
자야공구세트,success,전동공구세트,"전동공구세트, 기어렌치세트, 공구세트, 스패너세트, T렌치세트",공구세트,자야(JAYA),,,False,,
자전거 공구세트,success,자전거펌프,"자전거펌프, 정밀드라이버세트, T핸드드라이버, 공구세트, 공구함세트",자전거펌프,,,,False,,
자전거 공구세트(몇 개 파트 분실-사진 참고),success,정밀드라이버세트,"정밀드라이버세트, 육각렌치세트, 공구함세트, 전동공구세트, 공구세트",공구세트,,,,False,,
자전거 공기주입기,success,자전거펌프,"자전거펌프, T핸드드라이버, 고속절단기, 정밀드라이버세트, 전동공구세트",자전거펌프,,,,False,,
자전거 관리공구세트,success,자전거펌프,"자전거펌프, 정밀드라이버세트, T핸드드라이버, 공구함세트, 드라이버세트",자전거펌프,,,,False,,
자전거 쌍발펌프(공기주입),success,자전거펌프,"자전거펌프, 철공용드릴비트, 에어펌프, 목공용드릴비트, 고속절단기",자전거펌프,,,,False,,
자전거 에어 펌프,success,자전거펌프,"자전거펌프, 에어펌프, 철공용드릴비트, 철판가위, 정밀드라이버세트",자전거펌프,,,,False,,
자전거 점프,success,점프케이블,"점프케이블, 자전거펌프, 다림추, 수평기, T핸드드라이버",점프케이블,,,,False,,
자전거 정비용 공구세트,success,자전거펌프,"자전거펌프, 정밀드라이버세트, 공구함세트, 육각렌치세트, 철공용드릴비트세트",자전거펌프,,,,False,,
자전거 펌프,success,자전거펌프,"자전거펌프, 에어펌프, 철공용드릴비트, 철판가위, 정밀드라이버세트",자전거펌프,,,,False,자전거펌프,True
자전거공구,success,자전거펌프,"자전거펌프, T핸드드라이버, 핸드카트, 다림추, 정밀드라이버세트",자전거펌프,,,,False,,
자전거공구세트,success,자전거펌프,"자전거펌프, 정밀드라이버세트, T핸드드라이버, 육각렌치세트, 핸드카트",자전거펌프,,,,False,,
자전거공기주입기,success,T핸드드라이버,"T핸드드라이버, 고속절단기, 전동공구세트, 정밀드라이버세트, 공구세트",공구세트,,,,False,,
자전거공기펌프,success,자전거펌프,"자전거펌프, 에어펌프, 철공용드릴비트, 목공용드릴비트, T핸드드라이버",자전거펌프,,,,False,,
자전거관리 공구세트,success,자전거펌프,"자전거펌프, 정밀드라이버세트, T핸드드라이버, 공구함세트, 육각렌치세트",자전거펌프,,,,False,,
자전거관리공구세트,success,자전거펌프,"자전거펌프, 정밀드라이버세트, T핸드드라이버, 육각렌치세트, 공구함세트",자전거펌프,,,,False,,
자전거펌프,success,자전거펌프,"자전거펌프, 에어펌프, T핸드드라이버, 정밀드라이버세트, 철공용드릴비트",자전거펌프,,,,False,자전거펌프,True
작업대 3개,success,공구세트,"공구세트, 전동공구세트, 스패너세트, 기어렌치세트, 소켓렌치세트",공구세트,,,,True,,
작업등,success,전지가위,"전지가위, 납볼망치, 만능렌치, 장도리, 빠루망치",전지가위,,,,True,,
작업등(충전),success,전지가위,"전지가위, 납볼망치, 공구세트, 전동압착기, 목공줄",전동압착기,,충전식,,False,,
작업렌턴,success,카운터싱크,"카운터싱크, 납볼망치, 커터, 전지가위, 빠루망치",카운터싱크,,,,True,,
작업선,success,전지가위,"전지가위, 공구세트, 손타카, 전동압착기, 목공줄",전지가위,,,,True,,
작업연장선 28m,success,클램프미터,"클램프미터, 철공용드릴비트, 철판가위, 고속절단기, 철공용드릴비트세트",클램프미터,,,,True,,
작업용LED,success,공구함세트,"공구함세트, 공구세트, 직소기, 전동압착기, 정밀드라이버세트",공구함세트,,,,True,,
작은 사다리(2단/3단),success,A형사다리,"A형사다리, 사다리, 다림추, 철판가위, 육각렌치세트",사다리,,,"작은 사다리, 2단 또는 3단",False,,
작은 줄자,success,드릴비트,"드릴비트, 목공줄, 절단석, 줄자, 손타카",줄자,,,,False,,
작은톱,success,원형톱,"원형톱, 쇠톱, 접톱, 절단석, 손타카",접톱,,,,False,,
잡톱(대) 1개,success,편구스패너,"편구스패너, 쇠지렛대, 타일컷터, 전선릴, 스크레퍼",스크레퍼,,,대,False,,
장갑 1타스,success,안전장갑,"안전장갑, 공구세트, 드릴비트세트, 전동공구세트, 드릴비트",안전장갑,,,,False,,
장대 감따개,success,절단석,"절단석, 목공줄, 그립망치, 빠루망치, 만능렌치",목공줄,,,,False,,
장도리,success,장도리,"장도리, 돌망치, 빠루망치, 납볼망치, 다이스세트",장도리,,,,False,장도리,True
장도리 450g,success,클램프미터,"클램프미터, 고속절단기, 전동공구세트, 정밀드라이버세트, 공구세트",공구세트,,,,False,,
장도리(망치),success,그립망치,"그립망치, 빠루망치, 만능렌치, 납볼망치, 돌망치",돌망치,,,,False,,
장도리망치,success,납볼망치,"납볼망치, 돌망치, 그립망치, 빠루망치, 직각자",납볼망치,,,,False,,
장바구니,success,전선릴,"전선릴, 전동타카, 렌치, 고무망치, 플라이어",전선릴,,,,True,,
장바구니 캐리어,success,냉동라쳇렌치,"냉동라쳇렌치, 다이아고날플라이어, 옵셋렌치, 스냅링플라이어, 앵글그라인더",냉동라쳇렌치,,,,True,,
저소음컴프레셔(1마력),success,충전해머드릴,"충전해머드릴, 전선릴, 편구스패너, 만능렌치, 쇠지렛대",충전해머드릴,,,,True,,
저울,success,전선릴,"전선릴, 커터, 고무망치, 장도리, 전동드릴",전선릴,,,,True,,
저주파 마사지기,success,와이어스트리퍼,"와이어스트리퍼, 전선릴, 편구스패너, 타일컷터, 쇠지렛대",와이어스트리퍼,,,,True,,
적외선 온도 측정기,success,적외선온도계,"적외선온도계, 라돈측정기, 클램프미터, 고속절단기, 육각렌치세트",적외선온도계,,,,False,,
적외선 온도계,success,적외선온도계,"적외선온도계, 라돈측정기, 고속절단기, 별렌치세트, 직소기",적외선온도계,,,,False,,
적외선 온도계,success,적외선온도계,"적외선온도계, 라돈측정기, 고속절단기, 별렌치세트, 직소기",적외선온도계,,,,False,,
적외선 체온계,success,적외선온도계,"적외선온도계, 라돈측정기, 고속절단기, 별렌치세트, 육각렌치세트",적외선온도계,,,,False,,
전공 드라이버,success,드라이버세트,"드라이버세트, 양용드라이버, 드라이버, 전동드라이버, 충전해머드릴",드라이버,,,,False,,
전공드라이버,success,양용드라이버,"양용드라이버, 편구스패너, 와이어스트리퍼, 스크레퍼, 전동드라이버",전동드라이버,,,,False,,
전공드라이버 4개,success,전동공구세트,"전동공구세트, 공구세트, 정밀드라이버세트, 기어렌치세트, 스패너세트",정밀드라이버세트,,,,False,,
"전공드라이버(+,-)",success,전동공구세트,"전동공구세트, 정밀드라이버세트, 스패너세트, 전동압착기, 소켓렌치세트",정밀드라이버세트,,,,False,,
전공드라이버(롱),success,고속절단기,"고속절단기, 정밀드라이버세트, 전동압착기, 전동공구세트, 전지가위",정밀드라이버세트,,,,False,,
전공드라이버(숏),success,전동공구세트,"전동공구세트, 스패너세트, 정밀드라이버세트, 공구세트, 수평기",정밀드라이버세트,,,,False,,
전공양용 드라이버,success,드라이버세트,"드라이버세트, 드라이버, T핸드드라이버, 정밀드라이버세트, 안전로프",드라이버,,,,False,,
전공양용드라이버,success,드라이버세트,"드라이버세트, 전동공구세트, 정밀드라이버세트, 전동압착기, T핸드드라이버",정밀드라이버세트,,,,False,,
전공절연드라이버,success,타일컷터,"타일컷터, 편구스패너, 양용드라이버, 와이어스트리퍼, 끌세트",양용드라이버,,,,False,,
전기 그라인더,success,충전해머드릴,"충전해머드릴, 전동드라이버, 굽은노즈플라이어, 라쳇렌치세트, 옵셋렌치",충전해머드릴,,,,True,,
전기 납땜인두기,success,충전해머드릴,"충전해머드릴, 타일컷터, 쇠지렛대, 편구스패너, 와이어스트리퍼",충전해머드릴,,충전식,,False,,
전기 드라이버,success,전기인두,"전기인두, 충전임팩트드라이버, 드라이버세트, 드라이버, 배터리팩",드라이버,,,,False,,
전기 리드선,success,전기인두,"전기인두, 충전임팩트드라이버, 철공용드릴비트, 케이블컷터, 충전드릴",전기인두,,,,False,,
전기 릴선,success,전기인두,"전기인두, 전동공구세트, 전동압착기, 충전드릴, 고속절단기",전동공구세트,,,,False,,
전기 샌더,success,전기인두,"전기인두, 충전드릴, 충전임팩트드라이버, 철공용드릴비트, 고속절단기",고속절단기,,,,False,,
전기 인두,success,전기인두,"전기인두, 충전드릴, 충전임팩트드라이버, 전동압착기, 고속절단기",전기인두,,,,False,,
전기 인두기,success,전기인두,"전기인두, 충전드릴, 충전임팩트드라이버, 고속절단기, 전동압착기",전기인두,,,,False,,
전기 인두기 세트,success,전기인두,"전기인두, 철공용드릴비트, 충전임팩트드라이버, 철공용드릴비트세트, 목공용드릴비트",철공용드릴비트세트,,,,False,,
전기 체인톱,success,전기인두,"전기인두, 케이블컷터, 철공용드릴비트, 충전임팩트드라이버, 목공용드릴비트",케이블컷터,,,,False,,
전기 타카,success,전기인두,"전기인두, 충전임팩트드라이버, 철공용드릴비트, 전자산업용니퍼, 배터리팩",전기인두,,,,False,,
전기 테스터기,success,전기인두,"전기인두, 충전임팩트드라이버, 배터리팩, 철공용드릴비트, 전자산업용니퍼",전자산업용니퍼,,,,False,,
전기 해머드릴(16MM),success,철공용드릴비트,"철공용드릴비트, 전기인두, 충전임팩트드라이버, 클램프미터, 목공용드릴비트",충전임팩트드라이버,,배터리,16MM,False,,
전기 해머드릴세트,success,철공용드릴비트,"철공용드릴비트, 목공용드릴비트, 전기인두, 철공용드릴비트세트, 전동공구세트",전동공구세트,,전원 방식 목록 중 없음 (null),,False,,
전기검정기,success,전기인두,"전기인두, 고속절단기, 철공용드릴비트, 충전임팩트드라이버, 전동압착기",전기인두,,,,True,,
전기고속 절단기,success,전기인두,"전기인두, 철공용드릴비트, 고속절단기, 목공용드릴비트, 전동압착기",고속절단기,,,,False,,
전기그라인더,success,전기인두,"전기인두, 충전해머드릴, 끌세트, 전동드릴, 충전드릴",끌세트,,,,False,,
전기그라인더(절단기),success,전기인두,"전기인두, 충전해머드릴, 끌세트, 전동공구세트, 충전드릴",전동공구세트,,,,False,,
전기납땜,success,철공용드릴비트,"철공용드릴비트, 전기인두, 목공용드릴비트, 철공용드릴비트세트, 드릴비트세트",철공용드릴비트,,,,False,,
전기납땜 인두기,success,충전해머드릴,"충전해머드릴, 타일컷터, 편구스패너, 끌세트, 와이어스트리퍼",충전해머드릴,,충전식,,False,,
전기닐선,success,전기인두,"전기인두, 철공용드릴비트, 전자산업용니퍼, 충전드릴, 배터리팩",전자산업용니퍼,,,,False,,
전기닐선1개,success,전기인두,"전기인두, 철공용드릴비트, 전동공구세트, 공구세트, 드릴비트세트",전기인두,,,,False,,
전기대패,success,전기인두,"전기인두, 충전임팩트드라이버, 충전드릴, 배터리팩, 철공용드릴비트",전기인두,,,,False,,
전기대패1개,success,전기인두,"전기인두, 충전드릴, 전동압착기, 고속절단기, 전동공구세트",전기인두,,,,False,,
전기드라이버,success,전기인두,"전기인두, 충전임팩트드라이버, 배터리팩, 충전드릴, 철공용드릴비트",충전임팩트드라이버,,,,False,,
전기드릴,success,전기인두,"전기인두, 철공용드릴비트, 충전드릴, 충전임팩트드라이버, 목공용드릴비트",충전드릴,,충전식,,False,전동드릴,False
전기드릴 / 비트 SET,success,철공용드릴비트,"철공용드릴비트, 전기인두, 철공용드릴비트세트, 목공용드릴비트, 충전임팩트드라이버",철공용드릴비트세트,,,,False,,
전기드릴 1개,success,전기인두,"전기인두, 철공용드릴비트, 목공용드릴비트, 충전드릴, 드릴비트세트",충전드릴,,,,False,,
전기드릴 부속,success,전기인두,"전기인두, 철공용드릴비트, 목공용드릴비트, 드릴비트세트, 충전드릴",충전드릴,,충전식,,False,,
전기드릴 비트,success,전기인두,"전기인두, 철공용드릴비트, 목공용드릴비트, 철공용드릴비트세트, 충전임팩트드라이버",철공용드릴비트,,,,False,,
전기드릴 비트세트,success,철공용드릴비트,"철공용드릴비트, 전기인두, 철공용드릴비트세트, 목공용드릴비트, 드릴비트세트",드릴비트세트,,,,False,,
전기드릴(기리세트 별도),success,전기인두,"전기인두, 철공용드릴비트, 목공용드릴비트, 드릴비트세트, 전동공구세트",전동공구세트,,배터리,,False,,
전기드릴(무선),success,전기인두,"전기인두, 철공용드릴비트, 충전임팩트드라이버, 목공용드릴비트, 케이블컷터",충전임팩트드라이버,,충전식,,False,,
전기드릴(유선),success,전기인두,"전기인두, 철공용드릴비트, 충전임팩트드라이버, 케이블컷터, 목공용드릴비트",철공용드릴비트,,유선,,False,전동드릴,False
전기드릴(해머드릴),success,전기인두,"전기인두, 충전해머드릴, 충전드릴, 워터펌프플라이어, 철공용드릴비트",충전해머드릴,,,,False,,
"전기드릴/비트 SET (예약시 전화주세요 02-2241-5084) 2박3일 2,000원",success,충전해머드릴,"충전해머드릴, 로터리해머드릴, 와이어스트리퍼, 전동드릴, 소켓렌치세트",전동드릴,,,,False,,
전기드릴2,success,전기인두,"전기인두, 철공용드릴비트, 충전임팩트드라이버, 목공용드릴비트, 충전드릴",충전드릴,,충전식,,False,,
전기드릴3개,success,전기인두,"전기인두, 철공용드릴비트, 목공용드릴비트, 철공용드릴비트세트, 드릴비트세트",드릴비트세트,,,,False,,
전기드릴드라이버 3개,success,전기인두,"전기인두, 철공용드릴비트, 목공용드릴비트, 철공용드릴비트세트, 충전임팩트드라이버",철공용드릴비트세트,,,,False,,
전기드릴비트,success,전기인두,"전기인두, 철공용드릴비트, 목공용드릴비트, 충전임팩트드라이버, 충전드릴",전기인두,,,,True,,
전기디스크 그라인더,success,충전해머드릴,"충전해머드릴, 로터리해머드릴, 버니어캘리퍼스, 전동드라이버, 굽은노즈플라이어",전동드라이버,,,,False,,
전기디스크그라인더,success,충전해머드릴,"충전해머드릴, 로터리해머드릴, 전동드라이버, 굽은노즈플라이어, 편구스패너",전동드라이버,,,,False,,
전기릴,success,전기인두,"전기인두, 충전드릴, 만능렌치, 끌세트, 에어컴프레서",충전드릴,,,,False,,
전기릴선,success,전기인두,"전기인두, 전동공구세트, 전동압착기, 충전드릴, 고속절단기",충전드릴,,,,False,전선릴,False
전기릴선,success,전기인두,"전기인두, 전동공구세트, 전동압착기, 충전드릴, 고속절단기",충전드릴,,,,False,전선릴,False
전기릴선  30m,success,전기인두,"전기인두, 클램프미터, 철공용드릴비트, 충전임팩트드라이버, 고속절단기",고속절단기,,,,False,,
전기릴선(20m),success,전기인두,"전기인두, 클램프미터, 철공용드릴비트, 충전임팩트드라이버, 고속절단기",고속절단기,,,,False,,
전기릴선(30M),success,전기인두,"전기인두, 충전임팩트드라이버, 클램프미터, 철공용드릴비트, 케이블컷터",철공용드릴비트,,,길이 30미터,False,,
전기릴선(30m),success,전기인두,"전기인두, 충전임팩트드라이버, 클램프미터, 고속절단기, 철공용드릴비트",철공용드릴비트,,,선길이 30m,False,,
전기릴선(50m),success,전기인두,"전기인두, 철공용드릴비트, 클램프미터, 충전임팩트드라이버, 고속절단기",고속절단기,,,선길이 50m,False,,
전기릴선30M,success,전기인두,"전기인두, 충전임팩트드라이버, 클램프미터, 배터리팩, 고속절단기",고속절단기,,,,False,,
전기물통포트,success,에어펌프,"에어펌프, 전기인두, 케이블컷터, 충전임팩트드라이버, 철공용드릴비트",전기인두,,,,False,,
전기변속지그톱,success,끌세트,"끌세트, 드릴비트세트, 스패너세트, 드릴비트, 전기인두",드릴비트세트,,,,False,,
전기보온물통,success,전기인두,"전기인두, 에어펌프, 충전임팩트드라이버, 스프링배관청소기, 고속절단기",에어펌프,,,,False,,
전기송풍기,success,전기인두,"전기인두, 철공용드릴비트, 충전임팩트드라이버, 배터리팩, 목공용드릴비트",전기인두,,,,True,,
전기연결선,success,전기인두,"전기인두, 케이블컷터, 충전임팩트드라이버, 철공용드릴비트, 배터리팩",케이블컷터,,,,False,,
전기연장선,success,전기인두,"전기인두, 케이블컷터, 충전임팩트드라이버, 배터리팩, 충전드릴",케이블컷터,,,,False,,
전기용접기,success,전기인두,"전기인두, 철공용드릴비트, 전자산업용니퍼, 목공용드릴비트, 클램프미터",전기인두,,,,False,,
전기인두,success,전기인두,"전기인두, 충전드릴, 충전임팩트드라이버, 전동압착기, 전자산업용니퍼",전기인두,,,,False,전기인두,True
전기인두30W,success,전기인두,"전기인두, 충전임팩트드라이버, 충전드릴, 배터리팩, 고속절단기",전기인두,,,30W,False,,
전기임팩드릴 1개,success,전기인두,"전기인두, 전동공구세트, 철공용드릴비트, 목공용드릴비트, 드릴비트세트",드릴비트세트,,,,False,,
전기임펙드릴,success,전기인두,"전기인두, 고속절단기, 충전드릴, 전동압착기, 전동공구세트",충전드릴,,,,False,,
전기임펙트드릴,success,전기인두,"전기인두, 철공용드릴비트, 고속절단기, 전동공구세트, 목공용드릴비트",전기인두,,,,False,,
전기직소,success,전기인두,"전기인두, 충전임팩트드라이버, 배터리팩, 충전드릴, 철공용드릴비트",전기인두,,,,False,,
전기진동드릴,success,전기인두,"전기인두, 철공용드릴비트, 목공용드릴비트, 고속절단기, 충전드릴",충전드릴,,충전식,,False,,
전기체인톱,success,전기인두,"전기인두, 케이블컷터, 철공용드릴비트, 목공용드릴비트, 충전임팩트드라이버",전기인두,,,,False,,
전기타카,success,전기인두,"전기인두, 배터리팩, 충전드릴, 충전임팩트드라이버, 에어타카",에어타카,,,,False,,
전기타카,success,전기인두,"전기인두, 배터리팩, 충전드릴, 충전임팩트드라이버, 에어타카",에어타카,,,,False,,
전기타카ㄷ자못사용,success,전기인두,"전기인두, 충전드릴, 고속절단기, 전동공구세트, 철공용드릴비트",전동공구세트,,,,False,,
전기테스터기,success,전기인두,"전기인두, 충전임팩트드라이버, 배터리팩, 전자산업용니퍼, 충전드릴",전자산업용니퍼,,,,False,,
전기톱,success,전기인두,"전기인두, 철공용드릴비트, 목공용드릴비트, 케이블컷터, 다림추",전기인두,,,,False,,
전기톱(목재절단기),success,목공용드릴비트,"목공용드릴비트, 철공용드릴비트, 철공용드릴비트세트, 목공용접톱, 철판가위",목공용접톱,,,,False,,
전기톱(컷소),success,철공용드릴비트,"철공용드릴비트, 목공용드릴비트, 전기인두, 드릴비트세트, 철공용드릴비트세트",드릴비트세트,,,,False,,
전기플러그 꽂아 쓰는 해머(함마)드릴,success,목공용드릴비트,"목공용드릴비트, 철공용드릴비트, 고속절단기, 전동공구세트, 드릴비트세트",드릴비트세트,,,,False,,
전기피복 탈피기,success,전기인두,"전기인두, 고속절단기, 철공용드릴비트, 충전임팩트드라이버, 전동공구세트",고속절단기,,,,False,,
전기해머드릴,success,충전드릴,"충전드릴, 만능렌치, 드릴비트, 전기인두, 전동압착기",충전드릴,,,,False,해머드릴,False
전기헤머드릴,success,철공용드릴비트,"철공용드릴비트, 목공용드릴비트, 전기인두, 고속절단기, 전동공구세트",전동공구세트,,유선,,False,해머드릴,False
전동 그라인더,success,바이스그립플라이어,"바이스그립플라이어, 냉동라쳇렌치, 앵글그라인더, 다이아고날플라이어, 스냅링플라이어",앵글그라인더,,,,False,,
전동 드라이버,success,전동드라이버,"전동드라이버, 앤드컷팅니퍼, 냉동라쳇렌치, 플라이어렌치, 다이아고날플라이어",전동드라이버,,,,False,전동드라이버,True
전동 드라이버(전동 스크류드라이버),success,드라이버세트,"드라이버세트, 드라이버, 정밀드라이버세트, T핸드드라이버, 전동공구세트",드라이버,,전동,,False,,
전동 드라이버세트,success,드라이버세트,"드라이버세트, 드라이버, 양용드라이버, 끌세트, 전동드라이버",드라이버세트,,전동,,False,,
전동 드릴,success,전동드릴,"전동드릴, 해머드릴, 전선릴, 임팩트드릴, 만능렌치",전동드릴,,,,False,전동드릴,True
전동 드릴 세트,success,드릴비트세트,"드릴비트세트, 전동공구세트, 공구세트, 공구함세트, 목공용드릴비트",전동공구세트,,,,False,,
전동 드릴(충전식),success,전동공구세트,"전동공구세트, 드릴비트세트, 끌세트, 소켓렌치세트, 전동드릴",전동드릴,,배터리,,False,,
전동 드릴드라이버,success,전동드릴,"전동드릴, 양용드라이버, 편구스패너, 끌세트, 충전해머드릴",전동드릴,,,,False,,
전동 무선드릴,success,전동공구세트,"전동공구세트, 전동드릴, 전지가위, 임팩트드릴, 전동압착기",임팩트드릴,,충전식(무선),,False,충전드릴,False
전동 샌딩기,success,전동드라이버,"전동드라이버, 플라이어렌치, 쇠지렛대, 굽은노즈플라이어, 편구스패너",전동드라이버,,유선,,False,,
전동 스크루 드라이버,success,전동드라이버,"전동드라이버, 플라이어렌치, 다이아고날플라이어, 굽은노즈플라이어, 옵셋렌치",전동드라이버,,,,False,,
전동 스크류 드라이버,success,전동드라이버,"전동드라이버, 충전해머드릴, 앤드컷팅니퍼, 양용드라이버, 굽은노즈플라이어",전동드라이버,,,,False,,
전동 임팩트 드릴,success,임팩트드릴,"임팩트드릴, 드릴비트, 만능렌치, 그립망치, 납볼망치",임팩트드릴,,유선,,False,,
전동 커터기(그라인더),success,편구스패너,"편구스패너, 소켓렌치세트, 양용드라이버, 끌세트, 쇠지렛대",양용드라이버,,"전원 방식 목록 중 없음 (유선, 충전식(무선), 수동, 배터리, 에어, 유선/충전식, 충전식, 가스)",,False,,
전동 컷쇼,success,스크레퍼,"스크레퍼, 편구스패너, 타일컷터, 전선릴, 스패너세트",스크레퍼,,,,False,,
전동 톱,success,끌세트,"끌세트, 쇠톱, 스패너세트, 원형톱, 목공줄",원형톱,,유선,,False,,
전동 해머 드릴,success,전동드릴,"전동드릴, 해머드릴, 충전해머드릴, 전선릴, 편구스패너",충전해머드릴,,,,False,,
전동 해머드릴,success,충전해머드릴,"충전해머드릴, 해머드릴, 전동드릴, 전선릴, 와이어스트리퍼",해머드릴,,전동,,False,해머드릴,True
전동 해머드릴,success,충전해머드릴,"충전해머드릴, 해머드릴, 전동드릴, 전선릴, 와이어스트리퍼",해머드릴,,전동,,False,해머드릴,True
전동 휘핑기,success,송풍기,"송풍기, 만능렌치, 편구스패너, 카운터싱크, 스패너세트",송풍기,,유선,,False,,
전동공구,success,전동타카,"전동타카, 편구스패너, 전선릴, 장도리, 납볼망치",전동타카,,,,False,,
전동공구 1개,success,전동공구세트,"전동공구세트, 만능렌치, 납볼망치, 전지가위, 빠루망치",전동공구세트,,유선,,False,,
전동공구 2개,success,전동공구세트,"전동공구세트, 전동압착기, 만능렌치, 공구세트, 기어렌치세트",전동공구세트,,,,False,,
전동공구 풀세트,success,전동공구세트,"전동공구세트, 공구세트, 육각렌치세트, 기어렌치세트, 공구함세트",전동공구세트,,유선,,False,,
전동공구세트,success,전동공구세트,"전동공구세트, 공구세트, 기어렌치세트, T렌치세트, 스패너세트",전동공구세트,,,,False,,
전동공구세트 (보조용품),success,정밀드라이버세트,"정밀드라이버세트, 전동공구세트, 공구함세트, 목공용드릴비트, 공구세트",전동공구세트,,,,False,,
전동공구세트(기리세트),success,전동공구세트,"전동공구세트, 공구세트, 기어렌치세트, 공구함세트, 소켓렌치세트",전동공구세트,,,,False,,
전동그라인더,success,냉동라쳇렌치,"냉동라쳇렌치, 바이스그립플라이어, 앵글그라인더, 다이아고날플라이어, 버니어캘리퍼스",앵글그라인더,,,,False,,
전동드라이버,success,전동드라이버,"전동드라이버, 플라이어렌치, 굽은노즈플라이어, 양용드라이버, 옵셋렌치",전동드라이버,,,,False,전동드라이버,True
전동드라이버,success,전동드라이버,"전동드라이버, 플라이어렌치, 굽은노즈플라이어, 양용드라이버, 옵셋렌치",전동드라이버,,,,False,전동드라이버,True
전동드라이버 (미니)_mini,success,소켓렌치세트,"소켓렌치세트, 스패너세트, 전동공구세트, 기어렌치세트, T렌치세트",전동공구세트,,배터리,미니,False,,
전동드라이버 수공구세트,success,전동공구세트,"전동공구세트, 정밀드라이버세트, 공구세트, 기어렌치세트, 드릴비트세트",정밀드라이버세트,,전동,,False,,
전동드라이버(대),success,냉동라쳇렌치,"냉동라쳇렌치, 앵글그라인더, 다이아고날플라이어, 앤드컷팅니퍼, 옵셋렌치",드라이버,,전동,대,False,,
전동드라이버(마키타 6281D 14.4V),success,드라이버세트,"드라이버세트, 정밀드라이버세트, 고속절단기, 전동공구세트, SDS드릴비트",정밀드라이버세트,마끼다,배터리,,False,,
전동드라이버(보쉬 GDR18V-EC),success,SDS드릴비트,"SDS드릴비트, 전동공구세트, 정밀드라이버세트, 고속절단기, 전자산업용니퍼",정밀드라이버세트,보쉬(BOSCH),배터리,,False,,
전동드라이버(보쉬),success,전동드릴,"전동드릴, 양용드라이버, 편구스패너, 만능렌치, 스크레퍼",양용드라이버,보쉬(BOSCH),유선,,False,전동드라이버,False
전동드라이버(소),success,전동드라이버,"전동드라이버, 양용드라이버, 편구스패너, 전동드릴, 전선릴",전동드라이버,,,,False,,
전동드라이버(해머기능없음),success,충전해머드릴,"충전해머드릴, 양용드라이버, 전동드릴, 와이어스트리퍼, 편구스패너",전동드릴,,,,False,,
전동드라이버3개,success,전동공구세트,"전동공구세트, 정밀드라이버세트, 공구세트, 기어렌치세트, 전동압착기",정밀드라이버세트,,전동,,False,,
전동드라이버용 비트세트,success,전동공구세트,"전동공구세트, 비트세트, 소켓렌치세트, 스패너세트, 기어렌치세트",비트세트,,,,False,,
전동드릴,success,전동드릴,"전동드릴, 해머드릴, 전선릴, 고무망치, 편구스패너",전동드릴,,,,False,전동드릴,True
전동드릴,success,전동드릴,"전동드릴, 해머드릴, 전선릴, 고무망치, 편구스패너",전동드릴,,,,False,전동드릴,True
전동드릴 1개,success,전동드릴,"전동드릴, 임팩트드릴, 해머드릴, 만능렌치, 빠루망치",전동드릴,,,,False,,
전동드릴 2종,success,임팩트드릴,"임팩트드릴, 만능렌치, 해머드릴, 전동드릴, 스패너세트",전동드릴,,,,False,,
전동드릴 및 전동드라이버,success,전동드릴,"전동드릴, 편구스패너, 양용드라이버, 소켓렌치세트, 끌세트",전동드릴,,,,False,,
전동드릴 비트,success,드릴비트,"드릴비트, 임팩트드릴, 드릴비트세트, 만능렌치, 전동공구세트",드릴비트,,전동,,False,,
전동드릴 비트세트,success,전동공구세트,"전동공구세트, 드릴비트세트, 비트세트, SDS드릴비트, 공구세트",드릴비트세트,,,,False,,
전동드릴 세트,success,전동공구세트,"전동공구세트, 드릴비트세트, 공구세트, 끌세트, 기어렌치세트",전동공구세트,,,,False,,
전동드릴(1),success,라쳇렌치세트,"라쳇렌치세트, 옵셋렌치, 굽은노즈플라이어, 전동드라이버, 전선릴",전동드라이버,,,,False,,
전동드릴(계양 DMV-13K),success,고속절단기,"고속절단기, 철공용드릴비트, 정밀드라이버세트, 전동공구세트, 목공용드릴비트",전동공구세트,계양,유선,,False,전동드릴,False
전동드릴(드라이버 사용 불가),success,T핸드드라이버,"T핸드드라이버, 정밀드라이버세트, 충전드릴, 목공용드릴비트, 철공용드릴비트",충전드릴,,유선/충전식,,False,,
전동드릴(무선 오렌지),success,옵셋렌치,"옵셋렌치, 충전해머드릴, 굽은노즈플라이어, 앤드컷팅니퍼, 플라이어렌치",충전해머드릴,,충전식,,False,,
전동드릴(무선),success,전동드릴,"전동드릴, 편구스패너, 전선릴, 라쳇렌치세트, 스크레퍼",전동드릴,,충전식,,False,충전드릴,False
"전동드릴(무선, 충천용)",success,전동공구세트,"전동공구세트, 철공용드릴비트, 드릴비트세트, 목공용드릴비트, 전동압착기",드릴비트세트,,충전식,"전동, 무선, 충천용",False,,
전동드릴(보쉬 GSR14.4-2),success,SDS드릴비트,"SDS드릴비트, 전동공구세트, 정밀드라이버세트, 소켓렌치세트, 전동압착기",SDS드릴비트,보쉬(BOSCH),배터리,,False,충전드릴,False
전동드릴(비트 미포함),success,소켓렌치세트,"소켓렌치세트, 스패너세트, 전동드릴, 끌세트, 드릴비트세트",전동드릴,,,,False,,
전동드릴(소),success,전동드릴,"전동드릴, 전동타카, 전지가위, 임팩트드릴, 소켓렌치세트",전동드릴,,,,False,,
전동드릴(소형),success,라쳇렌치세트,"라쳇렌치세트, 전동드릴, 충전해머드릴, 편구스패너, 굽은노즈플라이어",전동드릴,,,소형,False,,
전동드릴(유?무선),success,전지가위,"전지가위, 임팩트드릴, 만능렌치, 전동드릴, 전동공구세트",전동드릴,,충전식,,False,,
전동드릴(유무선),success,전동드릴,"전동드릴, 라쳇렌치세트, 전동드라이버, 편구스패너, 전선릴",전동드릴,,유선,,False,,
전동드릴(유선),success,전동드릴,"전동드릴, 소켓렌치세트, 전동공구세트, 끌세트, 전지가위",전동드릴,,유선,,False,전동드릴,True
전동드릴(중형),success,라쳇렌치세트,"라쳇렌치세트, 옵셋렌치, 충전해머드릴, 굽은노즈플라이어, 전동드라이버",전동드라이버,,,중형,False,,
전동드릴(충전식 무선),success,전동공구세트,"전동공구세트, 전동드릴, 소켓렌치세트, 충전해머드릴, 에어컴프레서",충전해머드릴,,충전식,,False,,
전동드릴(충전식),success,소켓렌치세트,"소켓렌치세트, 전동공구세트, 전동드릴, 끌세트, 스패너세트",전동드릴,,충전식,,False,충전드릴,False
전동드릴(충전형),success,전동드릴,"전동드릴, 충전해머드릴, 편구스패너, 라쳇렌치세트, 전선릴",충전해머드릴,,충전식,,False,,
전동드릴(콘센트식),success,옵셋렌치,"옵셋렌치, 앵글그라인더, 다이아고날플라이어, 스냅링플라이어, 플라이어렌치",다이아고날플라이어,,유선,,False,,
전동드릴(해머드릴),success,냉동라쳇렌치,"냉동라쳇렌치, 앤드컷팅니퍼, 버니어캘리퍼스, 옵셋렌치, 다이아고날플라이어",버니어캘리퍼스,,,,False,,
전동드릴(햄머드릴),success,쇠지렛대,"쇠지렛대, 충전해머드릴, 굽은노즈플라이어, 전선릴, 옵셋렌치",충전해머드릴,,충전식,,False,,
전동드릴(햄머드릴),success,쇠지렛대,"쇠지렛대, 충전해머드릴, 굽은노즈플라이어, 전선릴, 옵셋렌치",충전해머드릴,,충전식,,False,,
전동드릴1,success,옵셋렌치,"옵셋렌치, 굽은노즈플라이어, 전동드라이버, 스냅링플라이어, 플라이어렌치",전동드라이버,,,,False,,
전동드릴2,success,전동드릴,"전동드릴, 만능렌치, 임팩트드릴, 편구스패너, 해머드릴",전동드릴,,,,False,,
전동드릴공구세트,success,전동공구세트,"전동공구세트, 공구세트, 목공용드릴비트, 드릴비트세트, 고속절단기",드릴비트세트,,전동,,False,,
전동드릴드라이버,success,전동드릴,"전동드릴, 양용드라이버, 임팩트드릴, 전지가위, 편구스패너",전동드릴,,,,False,,
전동드릴드라이버 세트(해머기능없음),success,전동공구세트,"전동공구세트, 정밀드라이버세트, 드릴비트세트, 소켓렌치세트, 끌세트",정밀드라이버세트,,,,False,,
전동드릴드라이버세트,success,전동공구세트,"전동공구세트, 정밀드라이버세트, 드릴비트세트, 공구세트, 기어렌치세트",정밀드라이버세트,,,,False,,
전동드릴비트,success,전지가위,"전지가위, 드릴비트, 전동공구세트, 임팩트드릴, 만능렌치",임팩트드릴,,,,False,,
전동드릴비트 파우치 세트,success,전동공구세트,"전동공구세트, 드릴비트세트, 공구세트, 기어렌치세트, 정밀드라이버세트",드릴비트세트,,전동,,False,,
전동드릴세트,success,전동공구세트,"전동공구세트, 드릴비트세트, 공구세트, 기어렌치세트, 공구함세트",전동공구세트,,,,False,,
전동드릴세트 1개,success,전동공구세트,"전동공구세트, 드릴비트세트, 공구세트, 스패너세트, 소켓렌치세트",드릴비트세트,,전동,,False,,
"전동드릴세트(전동드릴1, 해머드릴1)",success,충전해머드릴,"충전해머드릴, 소켓렌치세트, 전동공구세트, 끌세트, 스패너세트",전동공구세트,,,,False,,
전동드릴키트A(유선),success,전지가위,"전지가위, SDS드릴비트, 전동공구세트, 전동압착기, 임팩트드릴",전동압착기,,유선,,False,,
전동드릴키트B(유선),success,SDS드릴비트,"SDS드릴비트, 전지가위, 전동공구세트, 전동압착기, 정밀드라이버세트",전동공구세트,,유선,,False,,
전동드릴키트C(유선),success,SDS드릴비트,"SDS드릴비트, 전동공구세트, 전지가위, 전동압착기, 정밀드라이버세트",전동공구세트,,유선,,False,,
전동무선드릴,success,전동드릴,"전동드릴, 임팩트드릴, 해머드릴, 전지가위, 만능렌치",임팩트드릴,,충전식(무선),,False,,
전동샌더,success,냉동라쳇렌치,"냉동라쳇렌치, 바이스그립플라이어, 다이아고날플라이어, 앤드컷팅니퍼, 옵셋렌치",드라이버,,,,False,,
전동에어펌프,success,드릴비트세트,"드릴비트세트, 드릴비트, 끌세트, 에어펌프, 고속절단기",에어펌프,,전동,,False,,
전동원형톱,success,원형톱,"원형톱, 쇠톱, 목공줄, 목공톱, 스패너세트",원형톱,,전동,,False,,
전동일자톱,success,전지가위,"전지가위, 납볼망치, 육각렌치, 만능렌치, 돌망치",만능렌치,,,,False,왕복톱(레시프로쏘),False
전동일자톱,success,전지가위,"전지가위, 납볼망치, 육각렌치, 만능렌치, 돌망치",만능렌치,,,,False,왕복톱(레시프로쏘),False
전동임팩드라이버,success,전동공구세트,"전동공구세트, 양용드라이버, 전동압착기, 에어컴프레서, 전지가위",양용드라이버,,전원 방식 없음,,False,,
전동임팩트드릴,success,임팩트드릴,"임팩트드릴, 해머드릴, 전동드릴, 만능렌치, 납볼망치",임팩트드릴,,전동,,False,,
전동직소기톱,success,원형톱,"원형톱, 쇠톱, 목공줄, 접톱, 절단석",절단석,,,,False,,
전동충전드릴,success,임팩트드릴,"임팩트드릴, 드릴비트, 만능렌치, 해머드릴, 전동드릴",전동드릴,,충전식,,False,충전드릴,False
전동충전드릴1,success,전동드릴,"전동드릴, 해머드릴, 편구스패너, 임팩트드릴, 만능렌치",임팩트드릴,,충전식,,False,,
전동충전드릴2,success,전동공구세트,"전동공구세트, 드릴비트세트, 드릴비트, 고속절단기, 공구세트",드릴비트,,충전식,,False,,
전동칼갈이,success,냉동라쳇렌치,"냉동라쳇렌치, 다이아고날플라이어, 옵셋렌치, 플라이어렌치, 스냅링플라이어",플라이어렌치,,,,False,,
전동타카,success,전동타카,"전동타카, 장도리, 건타카, 토크렌치, 전선릴",전동타카,,,,False,전동타카,True
"전동타카, 타카핀세트",success,냉동라쳇렌치,"냉동라쳇렌치, 앤드컷팅니퍼, 버니어캘리퍼스, 바이스그립플라이어, 다이아고날플라이어",다이아고날플라이어,,,,False,,
전동톱,success,원형톱,"원형톱, 쇠톱, 목공줄, 돌망치, 스패너",원형톱,,유선,,False,,
전동펌프,success,에어펌프,"에어펌프, 목공용드릴비트, 고속절단기, 철공용드릴비트, 드릴비트세트",에어펌프,,,,False,,
전동함마드릴,success,전동드릴,"전동드릴, 해머드릴, 임팩트드릴, 만능렌치, 드릴비트",해머드릴,,유선,,False,,
전동해머 드릴세트,success,편구스패너,"편구스패너, 끌세트, 소켓렌치세트, 쇠지렛대, 스패너세트",편구스패너,,전동,,True,,
전동해머드릴,success,충전해머드릴,"충전해머드릴, 전선릴, 앤드컷팅니퍼, 전동드릴, 해머드릴",전동드릴,,,,False,해머드릴,False
전동해머드릴세트,success,전동공구세트,"전동공구세트, 스패너세트, 소켓렌치세트, 끌세트, 기어렌치세트",전동공구세트,,배터리,,False,,
전력측정기,success,전기인두,"전기인두, 라돈측정기, 고속절단기, 전동압착기, 충전임팩트드라이버",라돈측정기,,,,False,,
전선 릴(30M),success,고속절단기,"고속절단기, 클램프미터, 전동공구세트, 충전드릴, 전동압착기",고속절단기,,,길이 30미터,True,,
전선릴,success,전선릴,"전선릴, 스크레퍼, 편구스패너, 전동드릴, 와이어스트리퍼",전선릴,,,,False,전선릴,True
전선릴 20m,success,스패너세트,"스패너세트, 소켓렌치세트, 만능렌치, 전동공구세트, 클램프미터",클램프미터,,,,False,,
전선릴 20미터,success,스패너세트,"스패너세트, 만능렌치, 소켓렌치세트, 수평기, 클램프미터",스패너세트,,,,True,,
전선릴 50M,success,고속절단기,"고속절단기, 클램프미터, 만능렌치, 전동공구세트, 전동압착기",고속절단기,,,50M,True,,
전선릴 접지차단,success,타일컷터,"타일컷터, 스패너세트, 편구스패너, 소켓렌치세트, 끌세트",끌세트,,,,False,,
전선릴 차단기형,success,전동압착기,"전동압착기, 전동공구세트, 스패너세트, 소켓렌치세트, 전지가위",전동압착기,,,,False,,
전선릴(1),success,라쳇렌치세트,"라쳇렌치세트, 옵셋렌치, 굽은노즈플라이어, 전선릴, 플라이어렌치",전선릴,,,1,False,,
전선릴(30M),success,고속절단기,"고속절단기, 클램프미터, 전동공구세트, SDS드릴비트, 충전드릴",고속절단기,,,길이 30미터,True,,
전선릴(30m),success,고속절단기,"고속절단기, 클램프미터, 만능렌치, 전동공구세트, 빠루망치",고속절단기,,,길이 30미터,True,,
"전선릴(접지,차단)",success,편구스패너,"편구스패너, 타일컷터, 스패너세트, 소켓렌치세트, 만능렌치",만능렌치,,,,False,,
전선릴(차단),success,전선릴,"전선릴, 전동타카, 전동드릴, 편구스패너, 타일컷터",전선릴,,,,False,,
전선릴(차단기형),success,옵셋렌치,"옵셋렌치, 굽은노즈플라이어, 플라이어렌치, 다이아고날플라이어, 라쳇렌치세트",라쳇렌치세트,,,,False,,
"전선릴(차단기형, 30m)",success,클램프미터,"클램프미터, 고속절단기, 전동공구세트, 공구세트, 육각렌치세트",클램프미터,,,30m,False,,
전선릴(차단릴),success,만능렌치,"만능렌치, 전동드릴, 그립망치, 타일컷터, 빠루망치",만능렌치,,,,False,,
전선릴2개,success,만능렌치,"만능렌치, 스패너세트, 목공줄, 빠루망치, 납볼망치",만능렌치,,,,True,,
전선용 피복제거기,success,편구스패너,"편구스패너, 전선릴, 와이어스트리퍼, 쇠지렛대, 타일컷터",와이어스트리퍼,,,,False,,
전선코드릴,success,해머드릴,"해머드릴, 임팩트드릴, 전동드릴, 만능렌치, 빠루망치",전동드릴,,,,False,,
전선코드릴(30m),success,고속절단기,"고속절단기, 클램프미터, 충전드릴, 전동공구세트, 목공용드릴비트",고속절단기,,,30m,True,,
전선피복 스트리퍼,success,전동공구세트,"전동공구세트, 전지가위, 스패너세트, 소켓렌치세트, 기어렌치세트",전동공구세트,,,,True,,
전선피복제거기,success,편구스패너,"편구스패너, 전선릴, 와이어스트리퍼, 쇠지렛대, 타일컷터",와이어스트리퍼,,,,False,,
전자자동혈압계,success,클램프미터,"클램프미터, 전기인두, 고속절단기, 충전임팩트드라이버, 충전드릴",클램프미터,,,,True,,
전자저울,success,전기인두,"전기인두, 전자산업용니퍼, 직소기, 전동압착기, 고속절단기",전기인두,,,,False,,
전자현미경,success,라돈측정기,"라돈측정기, 전자산업용니퍼, 클램프미터, 직소기, 전동압착기",라돈측정기,,,,True,,
전정 가위(손가위) 1개,success,스패너세트,"스패너세트, 기어렌치세트, 손타카, T렌치세트, 목공줄",손타카,,,,False,,
전정 가위(양손가위) 1개,success,스패너세트,"스패너세트, 기어렌치세트, 목공줄, T렌치세트, 만능렌치",목공줄,,,,False,,
전정가위,success,전지가위,"전지가위, 납볼망치, 육각렌치, 만능렌치, 빠루망치",전지가위,,,,False,전지가위,True
전정기,success,돌망치,"돌망치, 장도리, 전지가위, 빠루망치, 납볼망치",전지가위,,,,False,,
전정용 목재톱,success,목공용접톱,"목공용접톱, 목공용드릴비트, 톱, 쇠톱, 원형톱",원형톱,,,,False,,
전정톱,success,전정톱,"전정톱, 접톱, 쇠톱, 원형톱, 톱",전정톱,,,,False,전정톱,True
전정톱,success,전정톱,"전정톱, 접톱, 쇠톱, 원형톱, 톱",전정톱,,,,False,전정톱,True
전정톱 (곡선용),success,전정톱,"전정톱, 스패너세트, 원형톱, 쇠톱, 소켓렌치세트",전정톱,,,곡선용,False,,
전정톱(곡선),success,스패너세트,"스패너세트, 전정톱, 다림추, 원형톱, T렌치세트",전정톱,,,곡선,False,,
전정톱(직선형),success,편구스패너,"편구스패너, 타일컷터, 굽은노즈플라이어, 쇠지렛대, 라쳇렌치세트",쇠지렛대,,,,False,,
전지가위,success,전지가위,"전지가위, 납볼망치, 돌망치, 빠루망치, 만능렌치",전지가위,,,,False,전지가위,True
전지가위 1개,success,전지가위,"전지가위, 납볼망치, 만능렌치, 임팩트드릴, 스패너세트",전지가위,,배터리,1개,False,,
전지가위(200MM),success,클램프미터,"클램프미터, 고속절단기, 전동공구세트, SDS드릴비트, 육각렌치세트",육각렌치세트,,,200MM,False,,
전지가위(대),success,충전해머드릴,"충전해머드릴, 전동타카, 와이어스트리퍼, 전선릴, 앤드컷팅니퍼",앤드컷팅니퍼,,,,False,,
전지가위(소),success,전지가위,"전지가위, 석고대패, 납볼망치, 고지가위, 그립망치",전지가위,,배터리,,False,,
전지가위(양손가위),success,전지가위,"전지가위, 납볼망치, 손타카, 목공줄, 직각자",전지가위,,배터리,,False,,
전지가위5개,success,기어렌치세트,"기어렌치세트, 전동공구세트, 소켓렌치세트, 스패너세트, T렌치세트",기어렌치세트,,,,False,,
전지용 양손가위,success,소켓렌치세트,"소켓렌치세트, 스패너세트, 만능렌치, 전동공구세트, 전지가위",전지가위,,배터리,,False,,
전지용 양손가위(대),success,냉동라쳇렌치,"냉동라쳇렌치, 다이아고날플라이어, 앵글그라인더, 옵셋렌치, 바이스그립플라이어",냉동라쳇렌치,,,,True,,
전지용양손가위,success,목공줄,"목공줄, 전지가위, 만능렌치, 스패너세트, 손타카",전지가위,,배터리,,False,,
전지원예가위(P300),success,전동공구세트,"전동공구세트, SDS드릴비트, 전지가위, 정밀드라이버세트, 전동압착기",전지가위,,배터리,P300,False,,
전지원예가위(P350),success,정밀드라이버세트,"정밀드라이버세트, 전동공구세트, SDS드릴비트, 고속절단기, 공구세트",고속절단기,,,,False,,
전지톱,success,접톱,"접톱, 쇠톱, 원형톱, 전정톱, 절단석",전정톱,,,,False,,
전지톱(1),success,편구스패너,"편구스패너, 소켓렌치세트, 스패너세트, 볼렌치세트, 타일컷터",타일컷터,,,,False,,
전톱2개,success,만능렌치,"만능렌치, 손타카, 납볼망치, 스패너세트, 빠루망치",납볼망치,,,,False,,
절단공구,success,절단석,"절단석, 그립망치, 수평기, 목공줄, 전동압착기",절단석,,,,False,,
절단기,success,절단석,"절단석, 돌망치, 그립망치, 손타카, 목공줄",절단석,,,,False,,
절단기(대),success,쇠지렛대,"쇠지렛대, 전선릴, 와이어스트리퍼, 굽은노즈플라이어, 타일컷터",타일컷터,,,,False,,
절단기(중) 1개,success,목공줄,"목공줄, 스패너세트, 절단석, 그립망치, 드릴비트세트",절단석,,,,False,,
절단석,success,절단석,"절단석, 그립망치, 목공줄, 돌망치, 드릴비트",절단석,,,,False,절단석,True
절연공구,success,전지가위,"전지가위, 전동압착기, 납볼망치, 만능렌치, 빠루망치",전지가위,,,,True,,
절연공구세트,success,전동공구세트,"전동공구세트, 공구함세트, 공구세트, 기어렌치세트, 정밀드라이버세트",공구세트,,,,False,,
절연볼트컷터,success,스패너세트,"스패너세트, 만능렌치, 그립망치, 볼트컷터, 전동압착기",볼트컷터,,,,False,,
절연저항계,success,전동압착기,"전동압착기, 고속절단기, 석고대패, 납볼망치, 그립망치",전동압착기,,,,True,,
절연테이프,success,공구세트,"공구세트, 절단석, 볼트컷터, 전동압착기, 드릴비트",공구세트,,,,True,,
점프선,success,점프케이블,"점프케이블, 수평기, 스패너, 다림추, 그립망치",점프케이블,,,,False,점프케이블,True
점프선 (엘라스틱 튜닝 슈팅 점프케이블),success,점프케이블,"점프케이블, 스패너, 끌세트, 다림추, 전동공구세트",점프케이블,,,,False,,
점프선 620A(5M),success,점프케이블,"점프케이블, 클램프미터, 고속절단기, 전동공구세트, 수평기",점프케이블,,,"620A, 5M",False,,
점프선(3.5M),success,점프케이블,"점프케이블, 클램프미터, 고속절단기, 다림추, 수평기",점프케이블,,,길이: 3.5M,False,,
점프선(3M),success,점프케이블,"점프케이블, 클램프미터, 고속절단기, 다림추, 전동공구세트",점프케이블,,,3M,False,점프케이블,True
점프선(3m),success,점프케이블,"점프케이블, 클램프미터, 다림추, 고속절단기, 수평기",점프케이블,,,길이: 3m,False,,
점프스타터,success,스패너,"스패너, 점프케이블, 볼트컷터, 끌세트, 수평기",점프케이블,,,,False,,
점프케이블,success,점프케이블,"점프케이블, 다림추, 수평기, 스패너, 볼트컷터",점프케이블,,,,False,,
접는 톱,success,톱,"톱, 쇠톱, 접톱, 원형톱, 목공용접톱",목공용접톱,,,,False,,
접렌지,success,전선릴,"전선릴, 렌치, 고무망치, 장도리, 스크레퍼",렌치,,,,False,,
접렌치,success,장도리,"장도리, 토크렌치, 빠루망치, 전동타카, 렌치",렌치,,,,False,,
접렌치 1개,success,만능렌치,"만능렌치, 스패너세트, 납볼망치, 빠루망치, 소켓렌치세트",만능렌치,,,,False,,
접별 렌치,success,납볼망치,"납볼망치, 직각자, 전지가위, 공구함, 그립망치",렌치,,,,False,,
접별렌치,success,납볼망치,"납볼망치, 만능렌치, 장도리, 빠루망치, 그립망치",만능렌치,,,,False,,
접육각렌치,success,편구스패너,"편구스패너, 와이어스트리퍼, 볼렌치세트, 타일컷터, 전선릴",볼렌치세트,,,,False,,
접이식 교자상,success,소켓렌치세트,"소켓렌치세트, 스패너세트, T렌치세트, 기어렌치세트, 납볼망치",소켓렌치세트,,,,True,,
접이식 끌차,success,굽은노즈플라이어,"굽은노즈플라이어, 쇠지렛대, 충전해머드릴, 전선릴, 편구스패너",전선릴,,,,False,,
접이식 별육각렌치 세트,success,별렌치세트,"별렌치세트, 육각렌치세트, 전동공구세트, 기어렌치세트, T렌치세트",육각렌치세트,,,접이식,False,,
접이식 사다리,success,A형사다리,"A형사다리, 사다리, 끌세트, 다림추, 스패너세트",사다리,,,,False,,
접이식 쇼핑카트,success,편구스패너,"편구스패너, 타일컷터, 양용드라이버, 전동타카, 와이어스트리퍼",편구스패너,,,,True,,
접이식 안전사다리(4단),success,냉동라쳇렌치,"냉동라쳇렌치, 로터리해머드릴, 충전해머드릴, 굽은노즈플라이어, 전동드라이버",냉동라쳇렌치,,,,True,,
접이식 육각렌치,success,스패너세트,"스패너세트, 기어렌치세트, 소켓렌치세트, T렌치세트, 육각렌치",육각렌치,,,접이식,False,,
접이식 육각렌치 세트,success,육각렌치세트,"육각렌치세트, 공구함세트, 기어렌치세트, T렌치세트, 전동공구세트",육각렌치세트,,,,False,,
접이식 육각렌치세트,success,육각렌치세트,"육각렌치세트, 기어렌치세트, 공구함세트, T렌치세트, 전동공구세트",육각렌치세트,,,접이식,False,육각렌치세트,True
접이식 장바구니 / 캐리어 / 카트,success,냉동라쳇렌치,"냉동라쳇렌치, 바이스그립플라이어, 다이아고날플라이어, 앵글그라인더, 버니어캘리퍼스",냉동라쳇렌치,,,,True,,
접이식 지팡이,success,목공줄,"목공줄, 절단석, 드릴비트세트, 원형톱, 스패너세트",목공줄,,,,False,,
접이식 침대,success,전지가위,"전지가위, 그립망치, 돌망치, 목공줄, T렌치세트",전지가위,,,,True,,
접이식 카트,success,와이어스트리퍼,"와이어스트리퍼, 앤드컷팅니퍼, 전선릴, 라쳇렌치세트, 플라이어렌치",와이어스트리퍼,,,,True,핸드카트,False
접이식 카트,success,와이어스트리퍼,"와이어스트리퍼, 앤드컷팅니퍼, 전선릴, 라쳇렌치세트, 플라이어렌치",와이어스트리퍼,,,,True,핸드카트,False
접이식 카트(구루마),success,전동타카,"전동타카, 와이어스트리퍼, 전선릴, 타일컷터, 토크렌치",전동타카,,,,True,,
접이식 카트(우레탄 바퀴),success,전동타카,"전동타카, 타일컷터, 로터리해머드릴, 충전해머드릴, 와이어스트리퍼",전동타카,,,,True,,
접이식 톱,success,톱,"톱, 쇠톱, 접톱, 원형톱, 스패너세트",접톱,,,,False,접톱,True
접이식 핸드카트,success,전동공구세트,"전동공구세트, 핸드카트, 드릴비트세트, 끌세트, 전지가위",핸드카트,,,,False,,
접이식사다리,success,수평기,"수평기, 스패너세트, 다림추, 끌세트, 육각렌치",다림추,,,,False,,
접이식사다리(가정용A),success,편구스패너,"편구스패너, 소켓렌치세트, 끌세트, 스패너세트, 라쳇렌치세트",편구스패너,,,,True,,
접이식육각렌치,success,소켓렌치세트,"소켓렌치세트, 타일컷터, 볼렌치세트, 편구스패너, 스패너세트",소켓렌치세트,,,,False,,
접이식육각렌치세트,success,기어렌치세트,"기어렌치세트, T렌치세트, 육각렌치세트, 전동공구세트, 공구함세트",육각렌치세트,,,접이식,False,,
접이식카트,success,고지가위,"고지가위, 먹통, 돌망치, 목공줄, 전지가위",고지가위,,,,True,,
접이식톱,success,원형톱,"원형톱, 쇠톱, 접톱, 전정톱, 절단석",접톱,,,,False,,
접이식핸드카트,success,편구스패너,"편구스패너, 타일컷터, 소켓렌치세트, 스패너세트, 끌세트",편구스패너,,,,True,,
접이식휠체어,success,T핸드드라이버,"T핸드드라이버, 핸드카트, 드라이버세트, 고압세척기, 드라이버",T핸드드라이버,,,,True,,
접이식휴대용카트,success,와이어스트리퍼,"와이어스트리퍼, 편구스패너, 로터리해머드릴, 타일컷터, 굽은노즈플라이어",와이어스트리퍼,,,,True,,
접이톱,success,쇠톱,"쇠톱, 접톱, 원형톱, 절단석, 목공줄",접톱,,,,False,,
접이형 사다리 3단,success,사다리,"사다리, A형사다리, 편구스패너, 끌세트, 라쳇렌치세트",사다리,,,,False,,
접지전선닐,success,스패너세트,"스패너세트, 소켓렌치세트, 타일컷터, 목공줄, 드릴비트세트",스패너세트,,,,True,,
접톱,success,접톱,"접톱, 쇠톱, 원형톱, 절단석, 전정톱",접톱,,,,False,접톱,True
접톱,success,접톱,"접톱, 쇠톱, 원형톱, 절단석, 전정톱",접톱,,,,False,접톱,True
접톱 1개,success,목공줄,"목공줄, 스패너세트, 원형톱, 절단석, 쇠톱",쇠톱,,,,False,,
접톱(2),success,스패너세트,"스패너세트, T렌치세트, 기어렌치세트, 소켓렌치세트, 목공줄",목공줄,,,,False,,
접톱(240mm),success,클램프미터,"클램프미터, 목공용드릴비트, 철공용드릴비트세트, 드릴비트세트, 철공용드릴비트",드릴비트세트,,,240mm,False,,
접톱(270mm),success,클램프미터,"클램프미터, 목공용드릴비트, 철공용드릴비트세트, 철공용드릴비트, 드릴비트세트",드릴비트세트,,,270mm,False,,
접톱(접이식 톱),success,스패너세트,"스패너세트, 원형톱, 쇠톱, 목공줄, 모종삽",원형톱,,,,False,,
접톱(치타),success,모종삽,"모종삽, 목공줄, 스패너세트, 타일컷터, 소켓렌치세트",모종삽,,,,False,,
접톱(치타)(2),success,T렌치세트,"T렌치세트, 기어렌치세트, 소켓렌치세트, 스패너세트, 원형톱",원형톱,,,2,False,,
정,success,장도리,"장도리, 커터, 타카, 에어건, 돌망치",장도리,,,,True,,
정공양용 드라이버,success,드라이버세트,"드라이버세트, 드라이버, T핸드드라이버, 정밀드라이버세트, 핸드카트",드라이버,,,,False,,
정밀 드라이버,success,드라이버세트,"드라이버세트, 드라이버, 정밀드라이버세트, T핸드드라이버, 안전로프",정밀드라이버세트,,,,False,,
정밀 드라이버 세트,success,정밀드라이버세트,"정밀드라이버세트, 드라이버세트, 드라이버, 전동공구세트, T핸드드라이버",정밀드라이버세트,,,,False,,
정밀 드라이버 수공구 세트,success,정밀드라이버세트,"정밀드라이버세트, 드라이버세트, 전동공구세트, 목공용드릴비트, 고속절단기",정밀드라이버세트,,,,False,,
정밀 드라이버셋트,success,정밀드라이버세트,"정밀드라이버세트, 드라이버세트, 전동공구세트, 전동압착기, 고속절단기",정밀드라이버세트,,,,False,,
정밀드라이버,success,양용드라이버,"양용드라이버, 빠루망치, 직각자, 스패너, 만능렌치",양용드라이버,,,,False,,
정밀드라이버 3종 세트,success,정밀드라이버세트,"정밀드라이버세트, 전동공구세트, 공구함세트, 조합렌치세트, 기어렌치세트",정밀드라이버세트,,,,False,,
정밀드라이버 세트,success,정밀드라이버세트,"정밀드라이버세트, 전동공구세트, 공구함세트, 공구세트, 기어렌치세트",정밀드라이버세트,,,,False,,
정밀드라이버세트,success,정밀드라이버세트,"정밀드라이버세트, 전동공구세트, 공구세트, 기어렌치세트, 공구함세트",정밀드라이버세트,,,,False,정밀드라이버세트,True
정밀드라이버세트 Q9006P-A(6pcs),success,정밀드라이버세트,"정밀드라이버세트, 고속절단기, 전동공구세트, 충전임팩트드라이버, 클램프미터",정밀드라이버세트,,,,False,,
정밀드라이버세트(6PCS),success,정밀드라이버세트,"정밀드라이버세트, 고속절단기, 전동공구세트, 철공용드릴비트세트, 공구세트",정밀드라이버세트,,,6PCS,False,,
정밀드라이버세트(6개),success,정밀드라이버세트,"정밀드라이버세트, 전동공구세트, 기어렌치세트, 소켓렌치세트, T렌치세트",정밀드라이버세트,,,6개,False,,
정밀드라이버세트2개,success,정밀드라이버세트,"정밀드라이버세트, 전동공구세트, 공구세트, 기어렌치세트, 드릴비트세트",정밀드라이버세트,,,,False,,
정밀드라이버셋트,success,정밀드라이버세트,"정밀드라이버세트, 전동공구세트, 소켓렌치세트, 전동압착기, 스패너세트",정밀드라이버세트,,,,False,,
제사상,success,장도리,"장도리, 글루건, 연마석, 니퍼, 다이스세트",장도리,,,,True,,
제설 및 청소용품,success,스프링배관청소기,"스프링배관청소기, 공구함세트, 고지가위, 목공용드릴비트, 목공줄",스프링배관청소기,,,,False,,
제일타카 F30,success,드라이버세트,"드라이버세트, 정밀드라이버세트, 고속절단기, 전동공구세트, 안전로프",드라이버세트,,,,True,,
제일타카(소),success,전동타카,"전동타카, 건타카, 만능렌치, 전지가위, 납볼망치",전동타카,,유선,,False,,
제일타카(중),success,납볼망치,"납볼망치, 만능렌치, 전지가위, 그립망치, 강력니퍼",납볼망치,,,,True,,
젠가,success,스냅링플라이어,"스냅링플라이어, 옵셋렌치, 다이아고날플라이어, 플라이어렌치, 플라이어",스냅링플라이어,,,,True,,
조각기세트3개,success,육각렌치세트,"육각렌치세트, 플라이어세트, 공구함세트, 기어렌치세트, T렌치세트",공구함세트,,,,False,,
조각도세트,success,육각렌치세트,"육각렌치세트, 기어렌치세트, 공구함세트, T렌치세트, 플라이어세트",공구함세트,,,,False,,
조개갈퀴3발,success,스패너세트,"스패너세트, 원형톱, 기어렌치세트, 목공줄, T렌치세트",스패너세트,,,,True,,
조개갈퀴4발,success,스패너세트,"스패너세트, 기어렌치세트, 목공줄, 원형톱, T렌치세트",스패너세트,,,,True,,
조경 가위,success,목공줄,"목공줄, 스패너세트, 전지가위, 기어렌치세트, 직각자",전지가위,,,,False,,
조경(잔디)가위,success,옵셋렌치,"옵셋렌치, 플라이어렌치, 다이아고날플라이어, 굽은노즈플라이어, 냉동라쳇렌치",다이아고날플라이어,,,,False,,
조경가위,success,목공줄,"목공줄, 전지가위, 스패너세트, 육각렌치, 그립망치",전지가위,,,,False,전지가위,True
조경가위 / 양손가위,success,목공줄,"목공줄, 손타카, 직각자, 만능렌치, 납볼망치",만능렌치,,,,False,,
조립톱,success,원형톱,"원형톱, 쇠톱, 접톱, 모종삽, 절단석",접톱,,,,False,,
조선낫,success,전동타카,"전동타카, 양용드라이버, 건타카, 토크렌치, 렌치",전동타카,,,,False,,
조인트,success,장도리,"장도리, 니퍼, 다이스세트, 줄자, 글루건",다이스세트,,,,False,,
조인트 프라이어,success,다이아고날플라이어,"다이아고날플라이어, 스냅링플라이어, 플라이어렌치, 옵셋렌치, 앵글그라인더",다이아고날플라이어,,,,False,,
"조인트(10인치, 12인치)",success,라쳇렌치세트,"라쳇렌치세트, 편구스패너, 굽은노즈플라이어, 볼렌치세트, 소켓렌치세트",라쳇렌치세트,,,"10인치, 12인치",False,,
조인트(첼라),success,와이어스트리퍼,"와이어스트리퍼, 전선릴, 스크레퍼, 라쳇렌치세트, 토크렌치",스크레퍼,,,,False,,
조인트플라이어,success,스냅링플라이어,"스냅링플라이어, 다이아고날플라이어, 앵글그라인더, 옵셋렌치, 플라이어렌치",스냅링플라이어,,,,False,,
조합런치셋트 1개,success,편구스패너,"편구스패너, 와이어스트리퍼, 볼렌치세트, 소켓렌치세트, 타일컷터",볼렌치세트,,,,False,,
조합렌치,success,납볼망치,"납볼망치, 만능렌치, 전동타카, 장도리, 편구스패너",만능렌치,,,,False,,
조합렌치세트,success,조합렌치세트,"조합렌치세트, T렌치세트, 기어렌치세트, 공구함세트, 전동공구세트",조합렌치세트,,,,False,,
조합렌치세트(13m 제외),success,클램프미터,"클램프미터, 조합렌치세트, 전동공구세트, T렌치세트, 육각렌치세트",조합렌치세트,,,13m 제외,False,,
종합 철기리세트,success,철공용드릴비트세트,"철공용드릴비트세트, 철공용드릴비트, 공구함세트, 철판가위, 공구세트",공구세트,,,,False,,
종합공구세트,success,공구함세트,"공구함세트, 전동공구세트, 공구세트, 정밀드라이버세트, 기어렌치세트",공구세트,,,,False,,
종합공구세트2개,success,전동공구세트,"전동공구세트, 공구함세트, 공구세트, 기어렌치세트, 정밀드라이버세트",공구세트,,,,False,,
종홀소,success,육각렌치,"육각렌치, 장도리, 직각자, 납볼망치, 그립망치",육각렌치,,,,True,,
죠홀슬(스텐딩클램프) 1개,success,만능렌치,"만능렌치, 그립망치, 직각자, 스패너세트, 임팩트드릴",만능렌치,,,,True,,
주먹 드라이버,success,양용드라이버,"양용드라이버, 전동드릴, 쇠지렛대, 고무망치, 해머드릴",양용드라이버,,,,False,,
주먹드라이버,success,양용드라이버,"양용드라이버, 빠루망치, 편구스패너, 고무망치, 타일컷터",양용드라이버,,,,False,,
주먹양용드라이버,success,양용드라이버,"양용드라이버, 목공줄, 만능렌치, 타일컷터, 빠루망치",양용드라이버,,,,False,,
주먹양용드라이버 1개,success,목공줄,"목공줄, 전동공구세트, 만능렌치, 드릴비트, 스패너세트",만능렌치,,,,False,,
주먹조절도라이버,success,양용드라이버,"양용드라이버, 타일컷터, 전동드릴, 편구스패너, 와이어스트리퍼",양용드라이버,,,,False,,
주먹조절드라이버,success,양용드라이버,"양용드라이버, 편구스패너, 타일컷터, 전동드릴, 해머드릴",해머드릴,,,,False,,
줄자,success,줄자,"줄자, 장도리, 빠루망치, 에어건, 만능렌치",줄자,,,,False,줄자,True
줄자 1개,success,목공줄,"목공줄, 스패너세트, 만능렌치, 드릴비트, 줄자",줄자,,,,False,,
줄자 2m,success,클램프미터,"클램프미터, 고속절단기, 전동공구세트, 공구세트, 수평기",공구세트,,,길이 2m,False,,
줄자 3m,success,클램프미터,"클램프미터, 고속절단기, 전동공구세트, 공구세트, 드릴비트세트",공구세트,,,길이 3m,False,,
줄자 3개,success,스패너세트,"스패너세트, 기어렌치세트, T렌치세트, 드릴비트세트, 공구세트",공구세트,,,,False,,
"줄자 5,5m",success,클램프미터,"클램프미터, 고속절단기, 전동공구세트, 공구세트, 목공용드릴비트",공구세트,,,"줄자 길이 5,5m",False,,
줄자 5.5M,success,클램프미터,"클램프미터, 고속절단기, 전동공구세트, 정밀드라이버세트, 철공용드릴비트",클램프미터,,,길이 5.5미터,True,,
줄자 5.5m,success,클램프미터,"클램프미터, 고속절단기, 전동공구세트, 공구세트, 정밀드라이버세트",공구세트,,,줄자 길이 5.5m,False,,
줄자 7.5m,success,클램프미터,"클램프미터, 고속절단기, 철공용드릴비트, 목공용드릴비트, 전동공구세트",클램프미터,,,길이 7.5미터,True,,
줄자 GL-25-75(고무캡),success,전동공구세트,"전동공구세트, 고속절단기, 별렌치세트, 공구세트, 소켓렌치세트",공구세트,,,,False,,
줄자 그립퍼X,success,편구스패너,"편구스패너, 와이어스트리퍼, 소켓렌치세트, 볼렌치세트, 타일컷터",편구스패너,,,,False,,
줄자(1),success,스패너세트,"스패너세트, 소켓렌치세트, T렌치세트, 기어렌치세트, 볼렌치세트",스패너세트,,,,True,,
줄자(10m),success,클램프미터,"클램프미터, 고속절단기, 철판가위, 목공용드릴비트, 전동공구세트",클램프미터,,,길이 10미터,True,,
줄자(2),success,T렌치세트,"T렌치세트, 소켓렌치세트, 기어렌치세트, 스패너세트, 볼렌치세트",T렌치세트,,,,True,,
줄자(2m),success,클램프미터,"클램프미터, 고속절단기, 육각렌치세트, 전동공구세트, 공구세트",공구세트,,,길이 2미터,False,,
줄자(30M),success,클램프미터,"클램프미터, 고속절단기, 철판가위, 전동공구세트, 전동압착기",클램프미터,,,길이 30미터,True,,
줄자(3M),success,클램프미터,"클램프미터, 고속절단기, 목공용드릴비트, 철공용드릴비트, 철공용드릴비트세트",줄자,,,3M,False,,
줄자(3m),success,클램프미터,"클램프미터, 목공용드릴비트, 철공용드릴비트, 고속절단기, 전동공구세트",클램프미터,,,길이 3미터,True,,
줄자(5.5M),success,클램프미터,"클램프미터, 고속절단기, 철공용드릴비트, 목공용드릴비트, 철공용드릴비트세트",클램프미터,,,길이 5.5미터,True,,
줄자(5.5m),success,클램프미터,"클램프미터, 철공용드릴비트, 목공용드릴비트, 고속절단기, 철판가위",클램프미터,,,길이 5.5미터,True,,
줄자(5.5m×25mm),success,클램프미터,"클램프미터, 철공용드릴비트, 철공용드릴비트세트, 목공용드릴비트, 드릴비트세트",클램프미터,,,"길이: 5.5m, 지름: 25mm",True,,
줄자(50M),success,클램프미터,"클램프미터, 고속절단기, 철공용드릴비트, 목공용드릴비트, 철판가위",클램프미터,,,길이 50미터,True,,
줄자(50m),success,클램프미터,"클램프미터, 고속절단기, 철공용드릴비트, 철판가위, 다림추",클램프미터,,,길이 50미터,True,,
줄자(5M),success,클램프미터,"클램프미터, 고속절단기, 전동공구세트, 철공용드릴비트, 목공용드릴비트",클램프미터,,,길이 5미터,True,,
줄자(5M) 1개,success,클램프미터,"클램프미터, 전동공구세트, 공구세트, 고속절단기, 드릴비트세트",공구세트,,,줄자 길이 5M,False,,
"줄자(5M,2M)",success,클램프미터,"클램프미터, 철공용드릴비트, 목공용드릴비트, 고속절단기, 철공용드릴비트세트",클램프미터,,,길이가 5미터와 2미터인 줄자,True,,
줄자(5m),success,클램프미터,"클램프미터, 고속절단기, 전동공구세트, 목공용드릴비트, 공구세트",공구세트,,,길이 5미터,False,줄자,False
줄자(5m) 1개,success,클램프미터,"클램프미터, 전동공구세트, 공구세트, 드릴비트세트, 고속절단기",공구세트,,,줄자 길이 5m 포함,False,,
줄자(5개),success,기어렌치세트,"기어렌치세트, 스패너세트, T렌치세트, 소켓렌치세트, 전동공구세트",기어렌치세트,,,5개,True,,
"줄자(7,5M)",success,클램프미터,"클램프미터, 고속절단기, 철공용드릴비트, 철판가위, 목공용드릴비트",클램프미터,,,길이 7.5미터,True,,
줄자(7.5m),success,클램프미터,"클램프미터, 고속절단기, 철공용드릴비트, 목공용드릴비트, 전동공구세트",클램프미터,,,길이 7.5미터,True,줄자,False
줄자(대형),success,옵셋렌치,"옵셋렌치, 라쳇렌치세트, 다이아고날플라이어, 플라이어렌치, 냉동라쳇렌치",옵셋렌치,,,,True,,
줄자(스텐리),success,와이어스트리퍼,"와이어스트리퍼, 전동타카, 편구스패너, 볼렌치세트, 다이스세트",다이스세트,,,,False,,
줄자(코메론),success,줄자,"줄자, 장도리, 다이스세트, 빠루망치, 전동타카",줄자,코메론,,,False,,
줄자(타이어),success,끌세트,"끌세트, 편구스패너, 스패너세트, 파이프렌치, 전동드릴",전동드릴,,,,False,,
줄자2개,success,목공줄,"목공줄, 스패너세트, 드릴비트세트, 손타카, T렌치세트",목공줄,,,,False,,
줄자5.5M,success,클램프미터,"클램프미터, 고속절단기, 전동공구세트, 정밀드라이버세트, 철공용드릴비트",정밀드라이버세트,,,5.5M,False,,
줄자세트,success,스패너세트,"스패너세트, T렌치세트, 기어렌치세트, 공구세트, 끌세트",공구세트,,,,False,,
줄톱,success,접톱,"접톱, 쇠톱, 원형톱, 목공톱, 전정톱",쇠톱,,,,False,,
줄톱(300mm),success,클램프미터,"클램프미터, 목공용드릴비트, 철공용드릴비트, 드릴비트세트, 원형톱",원형톱,,,300mm,False,,
줄톱(30CM),success,클램프미터,"클램프미터, 목공용드릴비트, 철공용드릴비트세트, 철공용드릴비트, 고속절단기",고속절단기,,,길이 30cm,False,,
줄톱(쇠손잡이),success,쇠톱,"쇠톱, 원형톱, 접톱, 목공줄, 절단석",목공줄,,,,False,,
줌라이트,success,스크레퍼,"스크레퍼, 전선릴, 고무망치, 전동드릴, 편구스패너",스크레퍼,,,,True,,
줌헤드랜턴,success,와이어스트리퍼,"와이어스트리퍼, 양용드라이버, 커터, 편구스패너, 고무망치",와이어스트리퍼,,,,True,,
중망치,success,돌망치,"돌망치, 그립망치, 납볼망치, 전지가위, 빠루망치",돌망치,,,,False,,
중전랜턴,success,니퍼,"니퍼, 커터, 펜치, 전지가위, 글루건",니퍼,,,,True,,
중함마,success,타카,"타카, 전동타카, 장도리, 건타카, 육각렌치",타카,,,,True,,
중해머,success,옵셋렌치,"옵셋렌치, 플라이어렌치, 다이아고날플라이어, 굽은노즈플라이어, 냉동라쳇렌치",옵셋렌치,,,,True,,
중햄머,success,에어건,"에어건, 커터, 고무망치, 빠루망치, 돌망치",고무망치,,,,False,,
쥐꼬리 톱날,success,원형톱,"원형톱, 쇠톱, 왕복톱(레시프로쏘), 접톱, 목공톱",목공톱,,,,False,,
쥐꼬리톱,success,원형톱,"원형톱, 목공톱, 쇠톱, 왕복톱(레시프로쏘), 접톱",접톱,,,,False,,
쥐톱,success,원형톱,"원형톱, 쇠톱, 접톱, 목공톱, 전정톱",접톱,,,,False,,
지갑톱,success,접톱,"접톱, 쇠톱, 원형톱, 절단석, 손타카",쇠톱,,,,False,,
지그톱,success,절단석,"절단석, 목공줄, 손타카, 원형톱, 쇠톱",쇠톱,,,,False,,
지렛대(빠루),success,냉동라쳇렌치,"냉동라쳇렌치, 앤드컷팅니퍼, 다이아고날플라이어, 버니어캘리퍼스, 옵셋렌치",옵셋렌치,,,,False,,
지팡이,success,목공줄,"목공줄, 드릴비트, 절단석, 쇠톱, 스패너",목공줄,,,,False,,
지팡이 보행보조기,success,전지가위,"전지가위, 안전로프, 전동압착기, 정밀드라이버세트, 목공줄",전지가위,,,,True,,
직각자,success,직각자,"직각자, 납볼망치, 만능렌치, 그립망치, 돌망치",직각자,,,,False,,
직각자 1개,success,직각자,"직각자, 스패너세트, 만능렌치, 소켓렌치세트, T렌치세트",직각자,,,1개,False,,
직소,success,직소기,"직소기, 공구함, 글루스틱, 공구함세트, T렌치세트",직소기,,,,False,직소기,True
직소 1개,success,직소기,"직소기, T렌치세트, 스패너세트, 기어렌치세트, 직각자",직소기,,,,False,,
직소 절단용(합판철판),success,철공용드릴비트세트,"철공용드릴비트세트, 목공용접톱, 철공용드릴비트, 목공용드릴비트, 철판가위",철판가위,,,,False,,
"직소(합판, 철판)",success,목공용접톱,"목공용접톱, 철공용드릴비트세트, 직소기, 공구함세트, 목공용드릴비트",직소기,,,,False,,
"직소(합판,철판절단)",success,철공용드릴비트세트,"철공용드릴비트세트, 철공용드릴비트, 목공용접톱, 목공용드릴비트, 철판가위",철판가위,,,,False,,
"직소(힙판, 철판 절단용)",success,철공용드릴비트세트,"철공용드릴비트세트, 목공용드릴비트, 직소기, 목공용접톱, 철공용드릴비트",철공용드릴비트,,,,False,,
직소+날,success,만능렌치,"만능렌치, 빠루망치, 전지가위, 납볼망치, 그립망치",만능렌치,,,,False,,
직소기,success,직소기,"직소기, 공구함세트, 글루스틱, 공구세트, T렌치세트",직소기,,,,False,직소기,True
직소기(GST75BE),success,SDS드릴비트,"SDS드릴비트, 정밀드라이버세트, 철공용드릴비트세트, 비트세트, 전동공구세트",정밀드라이버세트,,,,False,,
직소기(전기왕복톱),success,목공용드릴비트,"목공용드릴비트, 철공용드릴비트, 철공용드릴비트세트, 공구세트, 공구함세트",공구세트,,,,False,,
직소기(카터기),success,직소기,"직소기, 목공용드릴비트, 공구함세트, 공구세트, 목공줄",직소기,,,,False,,
직소기3개,success,T렌치세트,"T렌치세트, 공구함세트, 기어렌치세트, 조합렌치세트, 스패너세트",공구함세트,,,,False,,
직소날,success,빠루망치,"빠루망치, 그립망치, 전지가위, 만능렌치, 돌망치",만능렌치,,,,False,,
직소날,success,빠루망치,"빠루망치, 그립망치, 전지가위, 만능렌치, 돌망치",만능렌치,,,,False,,
직소날 철판용,success,철판가위,"철판가위, 철공용드릴비트, 철공용드릴비트세트, 목공용드릴비트, 고속절단기",고속절단기,,,,False,,
직소날(목재용),success,송풍기,"송풍기, 전지가위, 육각렌치, 고지가위, 목공줄",고지가위,,,,False,,
"직소날(목재용,5P)",success,고속절단기,"고속절단기, 전동공구세트, 육각렌치세트, 기어렌치세트, 드릴비트세트",고속절단기,,,"목재용,5P",False,,
직소날(보쉬),success,빠루망치,"빠루망치, 만능렌치, 고무망치, 납볼망치, 그립망치",빠루망치,BOSCH,,,False,,
직소날(철판용),success,고속절단기,"고속절단기, 송풍기, 철판가위, 수평기, 전동압착기",철판가위,,,,False,,
"직소날(철판용,5P)",success,철공용드릴비트,"철공용드릴비트, 철공용드릴비트세트, 고속절단기, 목공용드릴비트, 클램프미터",고속절단기,,,,False,,
직소절단용(합판철판),success,철공용드릴비트세트,"철공용드릴비트세트, 철공용드릴비트, 목공용드릴비트, 철판가위, 공구함세트",철판가위,,,,False,,
직쏘,success,스패너,"스패너, 커터, 장도리, 에어건, 빠루망치",커터,,,,False,,
진공펌프,success,에어펌프,"에어펌프, 목공용드릴비트, 철공용드릴비트, 고속절단기, 클램프미터",에어펌프,,,,False,,
진동드릴,success,해머드릴,"해머드릴, 전동드릴, 임팩트드릴, 만능렌치, 빠루망치",임팩트드릴,,,,False,,
진동드릴 GSB 10RE,success,전동공구세트,"전동공구세트, SDS드릴비트, 고속절단기, 정밀드라이버세트, 강력니퍼",전동공구세트,,,,False,,
진드기 청소기,success,타일컷터,"타일컷터, 스프링배관청소기, 목공줄, 해머드릴, 만능렌치",스프링배관청소기,,,,False,,
진드기청소기,success,스프링배관청소기,"스프링배관청소기, 목공줄, 전지가위, 전동압착기, 직소기",직소기,,,,False,,
진정톱,success,전정톱,"전정톱, 접톱, 쇠톱, 원형톱, 절단석",전정톱,,,,False,,
진정톱(곡선),success,스패너세트,"스패너세트, 다림추, 끌세트, 원형톱, T렌치세트",원형톱,,,,False,,
짐벌,success,고무망치,"고무망치, 에어건, 전선릴, 렌치, 전동드릴",렌치,,,,False,,
집먼지진드기 청소기,success,스프링배관청소기,"스프링배관청소기, 목공용드릴비트, 고속절단기, 목공줄, 충전드릴",스프링배관청소기,,,,False,,
집진기연동장치 1개,success,전동공구세트,"전동공구세트, 공구세트, 드릴비트세트, 기어렌치세트, 정밀드라이버세트",전동공구세트,,유선,,False,,
집진커버,success,전지가위,"전지가위, 육각렌치세트, 목공줄, 직각자, 납볼망치",전지가위,,,,True,,
집톱,success,목공톱,"목공톱, 쇠톱, 원형톱, 접톱, 왕복톱(레시프로쏘)",목공톱,,,,False,접톱,False
쪽가위,success,모종삽,"모종삽, 편구스패너, 스패너세트, 육각렌치, 장도리",장도리,,,,False,,
쪽가위(다목적가위),success,전지가위,"전지가위, 납볼망치, 기어렌치세트, T렌치세트, 직각자",전지가위,,,,False,,
차단릴,success,그립망치,"그립망치, 절단석, 빠루망치, 목공줄, 돌망치",목공줄,,,,False,,
차단릴선,success,목공줄,"목공줄, 모종삽, 원형톱, 그립망치, 빠루망치",목공줄,,,,False,,
차량 광택기,success,드라이버세트,"드라이버세트, 드라이버, 정밀드라이버세트, 핸드카트, T핸드드라이버",핸드카트,,,,False,,
차량용 공구세트,success,드라이버세트,"드라이버세트, 정밀드라이버세트, 전동공구세트, 공구세트, 드라이버",공구세트,,,,False,,
차량용 에어컴프레셔,success,드라이버세트,"드라이버세트, 드라이버, 에어컴프레서, 끌세트, 핸드카트",에어컴프레서,,,,False,,
차량용 에어펌프,success,에어펌프,"에어펌프, 드라이버세트, 목공용드릴비트, 철공용드릴비트, T핸드드라이버",에어펌프,,,,False,,
차량용 점프선,success,점프케이블,"점프케이블, T핸드드라이버, 드라이버세트, 드라이버, 안전로프",점프케이블,,,,False,,
차량용 진공청소기,success,스프링배관청소기,"스프링배관청소기, 드라이버세트, 고속절단기, 정밀드라이버세트, 목공용드릴비트",스프링배관청소기,,,,False,,
"차량용,가정용 공구세트",success,드라이버세트,"드라이버세트, 정밀드라이버세트, T핸드드라이버, 핸드카트, 드라이버",드라이버세트,,,,False,,
참브러쉬,success,핀펀치,"핀펀치, 플라이어, 플라이어렌치, 렌치, 몽키렌치",핀펀치,,,,True,,
창문 로봇 청소기,success,스프링배관청소기,"스프링배관청소기, 목공용드릴비트, 정밀드라이버세트, 목공줄, 임팩트드라이버",스프링배관청소기,,,,False,,
창문 로봇청소기,success,스프링배관청소기,"스프링배관청소기, 정밀드라이버세트, 목공용드릴비트, 전자산업용니퍼, 임팩트드라이버",스프링배관청소기,,,,False,,
창문로봇청소기,success,스프링배관청소기,"스프링배관청소기, 전자산업용니퍼, 정밀드라이버세트, 목공용드릴비트, 고속절단기",스프링배관청소기,,,,False,,
채혈침,success,먹통,"먹통, 그립망치, 절단석, 돌망치, 목공줄",먹통,,,,False,,
천막,success,수평기,"수평기, 먹통, 고지가위, 돌망치, 육각렌치",수평기,,,,True,,
천체망원경,success,라돈측정기,"라돈측정기, 별렌치세트, 레이저거리측정기, 육각렌치세트, 레이저수평기",라돈측정기,,,,True,,
철공구박스,success,철공용드릴비트세트,"철공용드릴비트세트, 철공용드릴비트, 철판가위, 목공용드릴비트, 드릴비트세트",드릴비트세트,,,,False,,
철공용톱 1개,success,철공용드릴비트세트,"철공용드릴비트세트, 철공용드릴비트, 철판가위, 원형톱, 드릴비트세트",원형톱,,,,False,,
철근갓다,success,타일컷터,"타일컷터, 목공줄, 편구스패너, 소켓렌치세트, 스패너세트",타일컷터,,,,True,,
철근갓다(600mm),success,철공용드릴비트,"철공용드릴비트, 철공용드릴비트세트, 클램프미터, 철판가위, 목공용드릴비트",철공용드릴비트,,,600mm,False,,
철근갓다(대),success,쇠지렛대,"쇠지렛대, 와이어스트리퍼, 타일컷터, 앤드컷팅니퍼, 편구스패너",쇠지렛대,,,,False,,
철근갓다(소),success,철판가위,"철판가위, 목공줄, 육각렌치, 강력니퍼, 석고대패",강력니퍼,,,,False,,
철근절단기,success,철공용드릴비트,"철공용드릴비트, 철공용드릴비트세트, 철판가위, 목공용드릴비트, 목공줄",철판가위,,,,False,,
철근캇타,success,목공줄,"목공줄, 카운터싱크, 스패너세트, 소켓렌치세트, 만능렌치",만능렌치,,,,False,,
철기리,success,철판가위,"철판가위, 철공용드릴비트, 철공용드릴비트세트, 절단석, 직소기",철판가위,,,,False,철공용드릴비트,False
철기리 1세트,success,소켓렌치세트,"소켓렌치세트, 스패너세트, 끌세트, 공구세트, T렌치세트",공구세트,,,,False,,
철기리 세트,success,철공용드릴비트세트,"철공용드릴비트세트, 철공용드릴비트, 공구함세트, 철판가위, 공구세트",공구세트,,,,False,,
철기리세트,success,철공용드릴비트세트,"철공용드릴비트세트, 철공용드릴비트, 철판가위, 공구함세트, 공구세트",공구세트,,,,False,,
철기리셋,success,철공용드릴비트세트,"철공용드릴비트세트, 공구세트, 철판가위, 철공용드릴비트, 공구함세트",철공용드릴비트세트,,,,False,,
철기리피스,success,공구세트,"공구세트, 절단석, 원형톱, 철판가위, 강력니퍼",절단석,,,,False,,
철사뭉치,success,철판가위,"철판가위, 석고대패, 공구세트, 전동압착기, 드릴비트세트",드릴비트세트,,,,False,,
철삽,success,철공용드릴비트세트,"철공용드릴비트세트, 철공용드릴비트, 철판가위, 절단석, 쇠톱",쇠톱,,,,False,,
철자,success,전지가위,"전지가위, 손타카, 목공줄, 스패너, 돌망치",전지가위,,,,True,,
철자 (100cm),success,클램프미터,"클램프미터, 철공용드릴비트, 철판가위, 목공용드릴비트, 철공용드릴비트세트",철판가위,,,100cm,False,,
철재 공구통,success,철공용드릴비트세트,"철공용드릴비트세트, 철판가위, 철공용드릴비트, 목공용드릴비트, 공구함세트",공구함세트,,,,False,,
철재공구통,success,철공용드릴비트세트,"철공용드릴비트세트, 철공용드릴비트, 철판가위, 석고대패, 목공용드릴비트",철공용드릴비트세트,,,,False,,
철재공구함,success,철공용드릴비트세트,"철공용드릴비트세트, 철공용드릴비트, 철판가위, 공구함세트, 석고대패",공구함세트,,,,False,,
철제 헤라,success,냉동라쳇렌치,"냉동라쳇렌치, 다이아고날플라이어, 옵셋렌치, 스냅링플라이어, 앤드컷팅니퍼",옵셋렌치,,,,False,,
철제공구통,success,철판가위,"철판가위, 철공용드릴비트, 철공용드릴비트세트, 목공용드릴비트, 석고대패",철판가위,,,,False,,
철제톱,success,쇠톱,"쇠톱, 원형톱, 접톱, 절단석, 목공줄",쇠톱,,,,False,,
철줄자,success,목공줄,"목공줄, 그립망치, 스패너, 줄자, 빠루망치",줄자,,,,False,,
철직자 5개,success,전동공구세트,"전동공구세트, 기어렌치세트, T렌치세트, 공구세트, 전지가위",공구세트,,,,False,,
철톱,success,손타카,"손타카, 절단석, 스패너, 돌망치, 그립망치",돌망치,,,,False,,
철판가위,success,철판가위,"철판가위, 철공용드릴비트, 목공줄, 다림추, 전지가위",철판가위,,,,False,,
철판가위(평형),success,철판가위,"철판가위, 철공용드릴비트, 철공용드릴비트세트, 목공용드릴비트, 클램프미터",철판가위,,,평형,False,,
철판기리/6MM,success,철공용드릴비트,"철공용드릴비트, 철공용드릴비트세트, 철판가위, 클램프미터, 목공용드릴비트",철공용드릴비트,,,6MM,False,,
철판기리세트,success,철공용드릴비트세트,"철공용드릴비트세트, 철공용드릴비트, 철판가위, 목공용드릴비트, 공구함세트",철공용드릴비트세트,,,,False,,
철판드릴 비트,success,철공용드릴비트,"철공용드릴비트, 목공용드릴비트, 드릴비트세트, 드릴비트, 철공용드릴비트세트",드릴비트,,,,False,,
철판드릴비트,success,철공용드릴비트,"철공용드릴비트, 목공용드릴비트, 드릴비트세트, 드릴비트, 철판가위",드릴비트,,,,False,철공용드릴비트,False
청소기maktec,success,스프링배관청소기,"스프링배관청소기, 목공줄, 충전드릴, 고속절단기, 전지가위",스프링배관청소기,마끼다,,,False,,
청소기연동장치 1개,success,스프링배관청소기,"스프링배관청소기, 소켓렌치세트, 전동공구세트, 타일컷터, 끌세트",스프링배관청소기,,,,False,,
체스,success,테이블톱,"테이블톱, 연마석, 카운터싱크, 다림추, 기어렌치세트",테이블톱,,,,True,,
체온계,success,만능렌치,"만능렌치, 가스토치, 육각렌치, 수평기, 빠루망치",수평기,,,,False,,
체인 커터기,success,목공용드릴비트,"목공용드릴비트, 철판가위, 철공용드릴비트, 드릴비트세트, 전동압착기",목공용드릴비트,,,,False,,
체인렌치(550mm),success,클램프미터,"클램프미터, 철공용드릴비트, 고속절단기, 정밀드라이버세트, 철공용드릴비트세트",클램프미터,,,550mm,False,,
체인톱,success,원형톱,"원형톱, 쇠톱, 목공줄, 스패너, 끌세트",쇠톱,,,,False,,
첼라,success,스크레퍼,"스크레퍼, 전선릴, 렌치, 플라이어, 핀펀치",스크레퍼,,,,True,워터펌프플라이어,False
첼라,success,스크레퍼,"스크레퍼, 전선릴, 렌치, 플라이어, 핀펀치",스크레퍼,,,,True,워터펌프플라이어,False
첼라,success,스크레퍼,"스크레퍼, 전선릴, 렌치, 플라이어, 핀펀치",스크레퍼,,,,True,워터펌프플라이어,False
첼라 / 체널락,success,소켓렌치세트,"소켓렌치세트, 스패너세트, 기어렌치세트, T렌치세트, 볼렌치세트",볼렌치세트,,,,False,,
첼라 10'' 1개,success,소켓렌치세트,"소켓렌치세트, 만능렌치, 편구스패너, 스패너세트, 볼렌치세트",소켓렌치세트,,,10',False,,
"첼라 10,12인치",success,소켓렌치세트,"소켓렌치세트, 볼렌치세트, 스패너세트, 편구스패너, 만능렌치",소켓렌치세트,,,"10,12인치",True,,
첼라 1개,success,편구스패너,"편구스패너, 전선릴, 스크레퍼, 쇠지렛대, 굽은노즈플라이어",편구스패너,,,,True,,
첼라 2개,success,편구스패너,"편구스패너, 스크레퍼, 전선릴, 볼렌치세트, 쇠지렛대",쇠지렛대,,,,False,,
첼라 300,success,소켓렌치세트,"소켓렌치세트, 볼렌치세트, 스패너세트, 편구스패너, 스크레퍼",스크레퍼,,,,False,워터펌프플라이어,False
첼라 300mm,success,별렌치세트,"별렌치세트, 소켓렌치세트, 클램프미터, 스패너세트, 전동공구세트",별렌치세트,,,300mm,True,,
첼라(1),success,볼렌치세트,"볼렌치세트, 스크레퍼, 라쳇렌치세트, 편구스패너, 소켓렌치세트",볼렌치세트,,,,True,,
"첼라(10#,12#)",success,소켓렌치세트,"소켓렌치세트, 기어렌치세트, 조합렌치세트, 볼렌치세트, T렌치세트",소켓렌치세트,,,"10#, 12#",False,,
첼라(10'),success,소켓렌치세트,"소켓렌치세트, 볼렌치세트, 스패너세트, 기어렌치세트, T렌치세트",소켓렌치세트,,,10',True,,
첼라(10) 3개,success,소켓렌치세트,"소켓렌치세트, 스패너세트, 볼렌치세트, 기어렌치세트, T렌치세트",소켓렌치세트,,,,True,,
"첼라(10,12#)",success,소켓렌치세트,"소켓렌치세트, 볼렌치세트, 기어렌치세트, 스패너세트, T렌치세트",소켓렌치세트,,,"10,12#",True,,
첼라(10인치),success,냉동라쳇렌치,"냉동라쳇렌치, 다이아고날플라이어, 옵셋렌치, 앵글그라인더, 플라이어렌치",냉동라쳇렌치,,,,True,,
첼라(12'),success,소켓렌치세트,"소켓렌치세트, 볼렌치세트, T렌치세트, 기어렌치세트, 다이스세트",소켓렌치세트,,,,True,,
첼라(2),success,볼렌치세트,"볼렌치세트, 소켓렌치세트, 스패너세트, T렌치세트, 스크레퍼",볼렌치세트,,,,True,,
첼라(대),success,냉동라쳇렌치,"냉동라쳇렌치, 옵셋렌치, 버니어캘리퍼스, 앤드컷팅니퍼, 플라이어렌치",냉동라쳇렌치,,,,True,,
첼라(소),success,전동타카,"전동타카, 건타카, 전지가위, 육각렌치, 빠루망치",전동타카,,,,True,,
첼라(워터펌프 플라이어),success,워터펌프플라이어,"워터펌프플라이어, 충전해머드릴, 드릴비트세트, 파이프렌치, 끌세트",워터펌프플라이어,,,,False,,
첼라(워터펌프플라이어),success,워터펌프플라이어,"워터펌프플라이어, 충전해머드릴, 굽은노즈플라이어, 라쳇렌치세트, 옵셋렌치",워터펌프플라이어,첼라,,,False,,
첼라(워터펌프플라이어)12',success,워터펌프플라이어,"워터펌프플라이어, 충전해머드릴, 라쳇렌치세트, 옵셋렌치, 굽은노즈플라이어",워터펌프플라이어,,,12'',False,,
첼라(워터펌프플라이어)12'',success,워터펌프플라이어,"워터펌프플라이어, 소켓렌치세트, 충전해머드릴, 볼렌치세트, 에어컴프레서",워터펌프플라이어,첼라,,12,False,,
첼라12',success,스크레퍼,"스크레퍼, 편구스패너, 라쳇렌치세트, 와이어스트리퍼, 전선릴",스크레퍼,,,,True,,
초경 홀쏘,success,스크레퍼,"스크레퍼, 편구스패너, 만능렌치, 고무망치, 전선릴",만능렌치,,,,False,,
초정밀드라이버,success,직각자,"직각자, 전동공구세트, 육각렌치, 전동압착기, 만능렌치",만능렌치,,,,False,,
축구공,success,전동타카,"전동타카, 볼렌치, 전선릴, 빠루망치, 장도리",전동타카,,,,True,,
충전 / 휴대용 에어펌프 / 공기압 주입기,success,충전임팩트드라이버,"충전임팩트드라이버, 에어펌프, 목공용드릴비트, 철공용드릴비트, 충전드릴",에어펌프,,충전식,,False,,
충전 그라인더,success,충전해머드릴,"충전해머드릴, 다이아고날플라이어, 스냅링플라이어, 옵셋렌치, 굽은노즈플라이어",충전해머드릴,,충전식,,False,앵글그라인더,False
충전 드라이버 드릴,success,충전드릴,"충전드릴, 충전임팩트드라이버, 충전해머드릴, 배터리팩, 드라이버세트",충전드릴,,충전식(무선),,False,,
충전 드라이버/렌치,success,충전임팩트드라이버,"충전임팩트드라이버, 충전드릴, 배터리팩, 충전해머드릴, 드라이버세트",충전임팩트드라이버,,충전식(무선),,False,,
충전 드라이버드릴,success,충전드릴,"충전드릴, 충전해머드릴, 충전임팩트드라이버, 드라이버세트, 전동드릴",충전드릴,,충전식(무선),,False,,
충전 드라이버드릴(16V),success,충전임팩트드라이버,"충전임팩트드라이버, 배터리팩, 충전드릴, 전기인두, 고속절단기",충전드릴,,충전식,16V,False,,
충전 드라이버드릴(18V),success,충전임팩트드라이버,"충전임팩트드라이버, 배터리팩, 충전드릴, 전기인두, 고속절단기",충전임팩트드라이버,,배터리,18V,False,,
충전 드릴,success,충전드릴,"충전드릴, 충전임팩트드라이버, 전기인두, 드릴비트, 배터리팩",충전드릴,,충전식(무선),,False,,
충전 드릴 드라이버,success,충전임팩트드라이버,"충전임팩트드라이버, 충전드릴, 배터리팩, 드라이버세트, 전기인두",충전임팩트드라이버,,충전식(무선),,False,,
충전 멀티커터,success,충전임팩트드라이버,"충전임팩트드라이버, 배터리팩, 충전드릴, 전기인두, 멀티테스터",멀티테스터,,,,False,,
충전 무선글루건,success,충전임팩트드라이버,"충전임팩트드라이버, 충전드릴, 배터리팩, 고속절단기, 전기인두",충전임팩트드라이버,,충전식(무선),,False,,
충전 미니 드릴,success,충전임팩트드라이버,"충전임팩트드라이버, 충전드릴, 배터리팩, 목공용드릴비트, 철공용드릴비트",충전임팩트드라이버,,충전식(무선),,False,,
충전 미니 송풍기,success,충전임팩트드라이버,"충전임팩트드라이버, 충전드릴, 목공용드릴비트, 고속절단기, 철공용드릴비트",충전임팩트드라이버,,충전식,,True,,
충전 브로와,success,충전해머드릴,"충전해머드릴, 충전드릴, 전동드릴, 고압세척기, 타일컷터",충전드릴,,충전식,,False,,
충전 송풍기,success,충전임팩트드라이버,"충전임팩트드라이버, 충전드릴, 배터리팩, 전기인두, 철공용드릴비트",충전임팩트드라이버,,충전식,,False,,
충전 스크류 드라이버,success,충전임팩트드라이버,"충전임팩트드라이버, 배터리팩, 충전드릴, 전기인두, 정밀드라이버세트",충전임팩트드라이버,,,,False,,
충전 스크류드라이버,success,충전임팩트드라이버,"충전임팩트드라이버, 배터리팩, 충전드릴, 전기인두, 고속절단기",충전임팩트드라이버,,충전식,,False,,
충전 임팩 드라이버,success,충전드릴,"충전드릴, 충전해머드릴, 충전임팩트드라이버, 드라이버세트, 배터리팩",충전임팩트드라이버,,,,False,,
충전 임팩 전동드릴,success,충전드릴,"충전드릴, 충전임팩트드라이버, 충전해머드릴, 고속절단기, 전동공구세트",충전임팩트드라이버,,충전식(무선),,False,,
충전 임팩드라이버,success,충전임팩트드라이버,"충전임팩트드라이버, 충전드릴, 배터리팩, 전기인두, 고속절단기",충전임팩트드라이버,,,,False,충전임팩트드라이버,True
충전 임팩드릴,success,충전해머드릴,"충전해머드릴, 충전드릴, 전동드릴, 해머드릴, 타일컷터",충전해머드릴,,충전식(무선),,False,,
충전 임팩전동드릴,success,충전드릴,"충전드릴, 충전임팩트드라이버, 고속절단기, 충전해머드릴, 전동공구세트",충전임팩트드라이버,,충전식(무선),,False,,
충전 임팩트 드라이버,success,충전임팩트드라이버,"충전임팩트드라이버, 충전드릴, 배터리팩, 전기인두, 드라이버세트",충전임팩트드라이버,,충전식,,False,,
충전 임팩트 드라이버(Aimsak AI 414M),success,충전임팩트드라이버,"충전임팩트드라이버, 배터리팩, 고속절단기, 충전드릴, 전자산업용니퍼",충전임팩트드라이버,아임삭,배터리,,False,,
충전 전동 드라이버,success,충전임팩트드라이버,"충전임팩트드라이버, 충전드릴, 배터리팩, 충전해머드릴, 전기인두",충전임팩트드라이버,,충전식(무선),,False,,
충전 전동 해머드릴 (무선),success,충전임팩트드라이버,"충전임팩트드라이버, 충전드릴, 전기인두, 배터리팩, 고속절단기",충전임팩트드라이버,,충전식(무선),,False,,
충전 전동그라인더,success,냉동라쳇렌치,"냉동라쳇렌치, 다이아고날플라이어, 바이스그립플라이어, 충전해머드릴, 앵글그라인더",앵글그라인더,,충전식,,False,,
충전 전동드릴,success,충전드릴,"충전드릴, 충전임팩트드라이버, 충전해머드릴, 고속절단기, 전동압착기",충전드릴,,충전식(무선),,False,충전드릴,True
충전 전동드릴(계양),success,충전임팩트드라이버,"충전임팩트드라이버, 충전드릴, 전기인두, 배터리팩, 고속절단기",충전임팩트드라이버,계양,충전식,,False,충전드릴,False
충전 전동드릴(보쉬),success,충전임팩트드라이버,"충전임팩트드라이버, 충전드릴, 배터리팩, 전기인두, 고속절단기",충전임팩트드라이버,보쉬(BOSCH),충전식,,False,충전드릴,False
충전 전동드릴(아임삭),success,충전임팩트드라이버,"충전임팩트드라이버, 충전드릴, 충전해머드릴, 배터리팩, 전기인두",충전드릴,아임삭,충전식,,False,충전드릴,True
충전 콤보 세트,success,충전임팩트드라이버,"충전임팩트드라이버, 배터리팩, 충전드릴, 전기인두, 클램프미터",충전임팩트드라이버,,충전식,,False,,
충전 함마드릴,success,충전드릴,"충전드릴, 충전해머드릴, 임팩트드릴, 전동압착기, 드릴비트",충전해머드릴,,충전식(무선),,False,,
충전 함마드릴 드라이버,success,충전드릴,"충전드릴, 충전임팩트드라이버, 드라이버세트, 드라이버, 배터리팩",충전드릴,,충전식(무선),,False,,
충전 해머 드릴 드라이버,success,충전임팩트드라이버,"충전임팩트드라이버, 충전드릴, 배터리팩, 드라이버세트, 전기인두",충전임팩트드라이버,,충전식(무선),,False,,
충전 해머드릴,success,충전해머드릴,"충전해머드릴, 충전드릴, 해머드릴, 전동드릴, 타일컷터",충전해머드릴,,충전식(무선),,False,충전해머드릴,True
충전 해머드릴 보쉬,success,충전드릴,"충전드릴, 충전해머드릴, 해머드릴, 임팩트드릴, 만능렌치",충전해머드릴,보쉬(BOSCH),충전식(무선),,False,,
충전 해머드릴(콘크리트드릴),success,충전임팩트드라이버,"충전임팩트드라이버, 충전드릴, 철공용드릴비트, 배터리팩, 목공용드릴비트",충전임팩트드라이버,,충전식,,False,,
충전 햄머드릴,success,충전드릴,"충전드릴, 드릴비트, 충전해머드릴, 목공줄, 해머드릴",충전해머드릴,,충전식(무선),,False,,
충전 햄머드릴(18V),success,충전임팩트드라이버,"충전임팩트드라이버, 충전드릴, 목공용드릴비트, 고속절단기, 철공용드릴비트",충전임팩트드라이버,,배터리,18V,False,,
충전 헤머드릴,success,충전해머드릴,"충전해머드릴, 해머드릴, 전동드릴, 타일컷터, 와이어스트리퍼",충전해머드릴,,충전식,,False,충전해머드릴,True
충전공구,success,충전임팩트드라이버,"충전임팩트드라이버, 충전드릴, 배터리팩, 전기인두, 고속절단기",충전임팩트드라이버,,충전식(무선),,False,,
충전그라인더,success,충전해머드릴,"충전해머드릴, 전동드라이버, 옵셋렌치, 굽은노즈플라이어, 다이아고날플라이어",충전해머드릴,,충전식,,False,,
충전기,success,충전임팩트드라이버,"충전임팩트드라이버, 배터리팩, 충전드릴, 전기인두, 클램프미터",충전임팩트드라이버,,,,True,,
충전드라이버,success,충전임팩트드라이버,"충전임팩트드라이버, 충전드릴, 배터리팩, 전기인두, 고속절단기",충전임팩트드라이버,,,,False,전동드라이버,False
충전드라이버 드릴,success,충전임팩트드라이버,"충전임팩트드라이버, 충전드릴, 배터리팩, 전기인두, 목공용드릴비트",충전임팩트드라이버,,충전식(무선),,False,,
충전드라이버(대),success,충전해머드릴,"충전해머드릴, 워터펌프플라이어, 충전드릴, 전동드라이버, 앤드컷팅니퍼",충전드릴,,충전식,대,False,,
충전드라이버(소),success,충전임팩트드라이버,"충전임팩트드라이버, 배터리팩, 충전드릴, 전기인두, 충전해머드릴",충전임팩트드라이버,,,,False,,
충전드라이버(소형),success,충전임팩트드라이버,"충전임팩트드라이버, 배터리팩, 충전드릴, 전기인두, 목공용드릴비트",충전임팩트드라이버,,충전식,소형,False,,
충전드라이버드릴,success,충전드릴,"충전드릴, 충전임팩트드라이버, 충전해머드릴, 고속절단기, 배터리팩",충전임팩트드라이버,,충전식(무선),,False,,
충전드라이버드릴-AIMSAK B25L18DF,success,충전임팩트드라이버,"충전임팩트드라이버, 배터리팩, 충전드릴, 철공용드릴비트, 정밀드라이버세트",충전임팩트드라이버,아임삭,,,False,,
충전드릴,success,충전드릴,"충전드릴, 충전해머드릴, 드릴비트, 임팩트드릴, 전동드릴",충전드릴,,충전식(무선),,False,충전드릴,True
충전드릴 (No. 1),success,충전드릴,"충전드릴, 충전임팩트드라이버, 전동공구세트, 공구세트, 전동압착기",충전드릴,,충전식(무선),,False,,
충전드릴 1개,success,충전드릴,"충전드릴, 드릴비트, 충전임팩트드라이버, 임팩트드릴, 고속절단기",충전드릴,,충전식(무선),,False,,
충전드릴 AD 314(2),success,충전임팩트드라이버,"충전임팩트드라이버, 충전드릴, 배터리팩, 전동공구세트, SDS드릴비트",충전드릴,,충전식,AD 314,False,,
충전드릴 드라이버,success,충전드릴,"충전드릴, 충전임팩트드라이버, 드라이버세트, 드라이버, 고속절단기",충전드릴,,충전식(무선),,False,,
충전드릴 드라이버세트,success,충전임팩트드라이버,"충전임팩트드라이버, 충전드릴, 드라이버세트, 배터리팩, 정밀드라이버세트",충전임팩트드라이버,,,,False,,
충전드릴 세트,success,충전임팩트드라이버,"충전임팩트드라이버, 충전드릴, 배터리팩, 전기인두, 목공용드릴비트",충전임팩트드라이버,,충전식,,False,,
충전드릴(18V),success,충전임팩트드라이버,"충전임팩트드라이버, 충전드릴, 배터리팩, 전기인두, 고속절단기",충전드릴,,충전식,18V,False,,
충전드릴(DD-1801L-2S),success,충전임팩트드라이버,"충전임팩트드라이버, 배터리팩, 충전드릴, 전기인두, PVC컷터",충전드릴,,충전식,,False,,
충전드릴(기리세트 별도),success,충전임팩트드라이버,"충전임팩트드라이버, 충전드릴, 배터리팩, 전기인두, 고속절단기",충전드릴,,충전식,,False,,
충전드릴(무선),success,충전임팩트드라이버,"충전임팩트드라이버, 충전드릴, 배터리팩, 전기인두, 목공용드릴비트",충전임팩트드라이버,,충전식(무선),,False,,
충전드릴(소형),success,충전임팩트드라이버,"충전임팩트드라이버, 충전드릴, 배터리팩, 전기인두, 목공용드릴비트",충전임팩트드라이버,,충전식,소형,False,,
충전드릴14.4,success,충전임팩트드라이버,"충전임팩트드라이버, 충전드릴, 배터리팩, 고속절단기, 클램프미터",충전드릴,,충전식,14.4V,False,,
충전드릴3개,success,충전드릴,"충전드릴, 충전임팩트드라이버, 배터리팩, 고속절단기, 전동공구세트",충전드릴,,충전식,,False,,
충전드릴드라이버,success,충전임팩트드라이버,"충전임팩트드라이버, 충전드릴, 배터리팩, 전기인두, 고속절단기",충전임팩트드라이버,,,,False,,
충전드릴세트,success,충전임팩트드라이버,"충전임팩트드라이버, 충전드릴, 배터리팩, 전기인두, 목공용드릴비트",충전임팩트드라이버,,충전식,,False,,
충전드릴셋트 2개,success,충전드릴,"충전드릴, 충전임팩트드라이버, 배터리팩, 고속절단기, 드릴비트세트",충전드릴,,충전식(무선),,False,,
충전랜턴,success,커터,"커터, 전지가위, 손타카, 스패너, 충전드릴",충전드릴,,충전식,,False,,
충전멀티커터,success,충전임팩트드라이버,"충전임팩트드라이버, 충전드릴, 배터리팩, 전기인두, 고속절단기",고속절단기,,,,False,,
충전브로와,success,충전해머드릴,"충전해머드릴, 충전드릴, 전동드라이버, 옵셋렌치, 굽은노즈플라이어",충전드릴,,충전식(무선),,False,,
충전송풍기,success,충전임팩트드라이버,"충전임팩트드라이버, 배터리팩, 충전드릴, 전기인두, 철공용드릴비트",충전임팩트드라이버,,,,True,송풍기,False
충전송풍기베어툴,success,충전임팩트드라이버,"충전임팩트드라이버, 배터리팩, 충전드릴, 철공용드릴비트, 목공용드릴비트",충전임팩트드라이버,,,,False,,
충전스크류드라이버,success,충전임팩트드라이버,"충전임팩트드라이버, 배터리팩, 충전드릴, 전기인두, 고속절단기",충전임팩트드라이버,,,,False,,
충전식 드라이버 드릴,success,충전임팩트드라이버,"충전임팩트드라이버, 충전드릴, 배터리팩, 드라이버세트, 목공용드릴비트",충전임팩트드라이버,,충전식,,False,,
충전식 드릴 1개,success,충전드릴,"충전드릴, 충전임팩트드라이버, 목공용드릴비트, 철공용드릴비트, 드릴비트세트",충전드릴,,충전식,,False,,
충전식 볼 그립 드라이버,success,충전해머드릴,"충전해머드릴, 다이아고날플라이어, 앤드컷팅니퍼, 굽은노즈플라이어, 전동드라이버",전동드라이버,,충전식,,False,,
충전식 송풍기,success,충전임팩트드라이버,"충전임팩트드라이버, 충전드릴, 배터리팩, 전기인두, 철공용드릴비트",충전임팩트드라이버,,충전식,,True,,
충전식 스크류 드라이버,success,충전임팩트드라이버,"충전임팩트드라이버, 배터리팩, 충전드릴, 정밀드라이버세트, 전기인두",충전임팩트드라이버,,충전식,,False,,
충전식 작업등,success,충전드릴,"충전드릴, 충전임팩트드라이버, 배터리팩, 전동공구세트, 충전해머드릴",충전드릴,,충전식(무선),,False,,
충전식 전기드릴(10.8v),success,충전임팩트드라이버,"충전임팩트드라이버, 전기인두, 배터리팩, 철공용드릴비트, 충전드릴",충전드릴,,충전식,10.8V,False,,
"충전식 전기드릴(18v-2,0Ah, 3,0Ah)",success,충전임팩트드라이버,"충전임팩트드라이버, 전기인두, 배터리팩, 충전드릴, 철공용드릴비트",충전드릴,,충전식,"18v-2,0Ah, 3,0Ah",False,,
충전식 전동드릴,success,충전드릴,"충전드릴, 충전임팩트드라이버, 전기인두, 고속절단기, 배터리팩",충전드릴,,충전식,,False,,
충전식 전동드릴(1),success,충전임팩트드라이버,"충전임팩트드라이버, 충전드릴, 전기인두, 배터리팩, 전동공구세트",충전드릴,,충전식,1,False,,
충전식 전동드릴(2),success,충전임팩트드라이버,"충전임팩트드라이버, 충전드릴, 배터리팩, 전기인두, 전동공구세트",충전드릴,,충전식,2,False,,
충전식 전동드릴(3),success,소켓렌치세트,"소켓렌치세트, 전동공구세트, 충전드릴, 에어컴프레서, 스패너세트",충전드릴,,충전식,3,False,,
충전식 전동드릴A,success,충전임팩트드라이버,"충전임팩트드라이버, 충전드릴, 전기인두, 배터리팩, 고속절단기",충전드릴,,충전식,,False,,
충전식 전동드릴B,success,충전임팩트드라이버,"충전임팩트드라이버, 충전드릴, 배터리팩, 전동공구세트, 고속절단기",충전임팩트드라이버,,충전식(무선),,False,,
충전식 전동톱,success,충전임팩트드라이버,"충전임팩트드라이버, 충전드릴, 배터리팩, 목공용드릴비트, 철공용드릴비트",충전임팩트드라이버,,충전식,,False,,
충전식 타카,success,충전임팩트드라이버,"충전임팩트드라이버, 충전드릴, 배터리팩, 고속절단기, 전기인두",충전임팩트드라이버,,충전식,,False,,
"충전식 타카, 타카핀세트",success,충전드릴,"충전드릴, 전동공구세트, 소켓렌치세트, 드릴비트세트, 공구세트",드릴비트세트,,충전식,,False,,
충전식LED랜턴,success,충전드릴,"충전드릴, 충전임팩트드라이버, 전동압착기, 고속절단기, 전동공구세트",전동공구세트,,충전식,,False,,
충전식드릴 임펙트,success,충전드릴,"충전드릴, 전동공구세트, 드릴비트세트, 고속절단기, 끌세트",충전드릴,,충전식,,False,,
충전식스크류드라이버,success,충전임팩트드라이버,"충전임팩트드라이버, 배터리팩, 충전드릴, 전기인두, 정밀드라이버세트",충전임팩트드라이버,,충전식,,False,,
충전식임펙트드릴,success,충전임팩트드라이버,"충전임팩트드라이버, 충전드릴, 고속절단기, 전동공구세트, 목공용드릴비트",충전임팩트드라이버,,충전식,,False,,
충전식전동드릴,success,충전임팩트드라이버,"충전임팩트드라이버, 충전드릴, 배터리팩, 전기인두, 고속절단기",충전임팩트드라이버,,충전식,,False,,
충전식전동드릴(1),success,충전임팩트드라이버,"충전임팩트드라이버, 충전드릴, 배터리팩, 전기인두, 철공용드릴비트",충전임팩트드라이버,,충전식,,False,,
충전앰팩트드라이버,success,충전임팩트드라이버,"충전임팩트드라이버, 충전드릴, 배터리팩, 전기인두, 고속절단기",충전임팩트드라이버,,충전식,,False,,
충전용 사포기계,success,충전임팩트드라이버,"충전임팩트드라이버, 배터리팩, 충전드릴, 전기인두, 고속절단기",충전임팩트드라이버,,충전식,,False,,
충전용 해머드릴(전동드릴),success,충전임팩트드라이버,"충전임팩트드라이버, 충전드릴, 배터리팩, 전기인두, 목공용드릴비트",충전임팩트드라이버,,충전식,,False,,
충전원형샌더,success,충전해머드릴,"충전해머드릴, 전동드라이버, 다이아고날플라이어, 굽은노즈플라이어, 옵셋렌치",충전해머드릴,,충전식,,False,,
충전임팩,success,충전임팩트드라이버,"충전임팩트드라이버, 충전드릴, 배터리팩, 전기인두, 고속절단기",충전임팩트드라이버,,,,False,,
충전임팩 드라이버,success,충전드릴,"충전드릴, 충전임팩트드라이버, 배터리팩, 충전해머드릴, 드라이버세트",충전임팩트드라이버,,,,False,,
충전임팩드라이버,success,충전임팩트드라이버,"충전임팩트드라이버, 충전드릴, 배터리팩, 전기인두, 고속절단기",충전임팩트드라이버,,,,False,충전임팩트드라이버,True
충전임팩드라이버 18v,success,충전임팩트드라이버,"충전임팩트드라이버, 배터리팩, 충전드릴, 전기인두, 고속절단기",충전임팩트드라이버,,배터리,18V,False,,
충전임팩드라이버 배터리,success,배터리팩,"배터리팩, 충전임팩트드라이버, 충전드릴, 전기인두, 고속절단기",충전임팩트드라이버,,배터리,,False,,
충전임팩드라이버 충전기,success,충전임팩트드라이버,"충전임팩트드라이버, 배터리팩, 충전드릴, 전기인두, 목공용드릴비트",충전임팩트드라이버,,충전식,,False,,
충전임팩드릴세트,success,충전임팩트드라이버,"충전임팩트드라이버, 충전드릴, 배터리팩, 목공용드릴비트, 철공용드릴비트",충전임팩트드라이버,,충전식(무선),,False,,
충전임팩트드릴,success,충전드릴,"충전드릴, 충전임팩트드라이버, 고속절단기, 배터리팩, 전동압착기",충전임팩트드라이버,,충전식(무선),,False,,
충전전동드릴,success,충전드릴,"충전드릴, 충전임팩트드라이버, 고속절단기, 전기인두, 충전해머드릴",충전드릴,,충전식(무선),,False,충전드릴,True
충전줌라이트,success,충전임팩트드라이버,"충전임팩트드라이버, 충전드릴, 전기인두, 배터리팩, 고속절단기",충전임팩트드라이버,,,,False,,
충전컷소 베어툴,success,목공줄,"목공줄, 드릴비트세트, 드릴비트, 목공용드릴비트, 전동공구세트",드릴비트세트,,,,False,,
충전컷소베어툴,success,충전드릴,"충전드릴, 전동압착기, 목공용드릴비트, 드릴비트, 목공줄",충전드릴,,충전식,,False,,
충전컷쏘,success,충전드릴,"충전드릴, 충전해머드릴, 드릴비트, 전동드릴, 임팩트드릴",충전드릴,,충전식(무선),,False,,
충전함마드릴,success,충전드릴,"충전드릴, 충전임팩트드라이버, 고속절단기, 배터리팩, 충전해머드릴",충전해머드릴,,,,False,,
충전함마드릴(디월트),success,충전임팩트드라이버,"충전임팩트드라이버, 충전드릴, 배터리팩, 전기인두, 목공용드릴비트",충전임팩트드라이버,디월트,충전식,,False,충전해머드릴,False
충전함마드릴(충전해머드릴),success,충전드릴,"충전드릴, 충전해머드릴, 충전임팩트드라이버, 배터리팩, 고속절단기",충전해머드릴,,충전식(무선),,False,,
충전함마드릴드라이버,success,충전임팩트드라이버,"충전임팩트드라이버, 충전드릴, 배터리팩, 전기인두, 목공용드릴비트",충전임팩트드라이버,,충전식,,False,,
충전함머드릴,success,충전드릴,"충전드릴, 충전해머드릴, 충전임팩트드라이버, 고속절단기, 드릴비트세트",충전해머드릴,,충전식(무선),,False,,
충전해머드릴,success,충전해머드릴,"충전해머드릴, 전동드릴, 해머드릴, 전선릴, 앤드컷팅니퍼",충전해머드릴,,충전식(무선),,False,충전해머드릴,True
충전해머드릴 보쉬,success,충전해머드릴,"충전해머드릴, 해머드릴, 전동드릴, 전선릴, 타일컷터",충전해머드릴,보쉬(BOSCH),충전식(무선),,False,,
충전해머드릴(GSB 18V-21),success,SDS드릴비트,"SDS드릴비트, 전동공구세트, 고속절단기, 정밀드라이버세트, 충전드릴",충전드릴,,배터리,18V-21,False,,
충전해머드릴(계양),success,충전해머드릴,"충전해머드릴, 냉동라쳇렌치, 앤드컷팅니퍼, 다이아고날플라이어, 버니어캘리퍼스",충전해머드릴,계양,,,False,충전해머드릴,True
"충전해머드릴(계양, 아임삭)",success,충전해머드릴,"충전해머드릴, 냉동라쳇렌치, 앤드컷팅니퍼, 다이아고날플라이어, 옵셋렌치",충전해머드릴,"계양, 아임삭",,,False,,
충전해머드릴(보쉬),success,충전해머드릴,"충전해머드릴, 앤드컷팅니퍼, 와이어스트리퍼, 전동드릴, 충전드릴",충전해머드릴,보쉬,충전식,,False,충전해머드릴,True
충전해머드릴드라이버,success,충전해머드릴,"충전해머드릴, 전동드릴, 충전드릴, 로터리해머드릴, 와이어스트리퍼",충전해머드릴,,충전식(무선),,False,,
충전햄머드릴,success,충전해머드릴,"충전해머드릴, 해머드릴, 타일컷터, 충전드릴, 전동드릴",충전해머드릴,,충전식(무선),,False,충전해머드릴,True
충전햄머드릴(16V MAX),success,충전임팩트드라이버,"충전임팩트드라이버, 고속절단기, 충전드릴, 목공용드릴비트, 클램프미터",충전임팩트드라이버,,배터리,16V MAX,False,,
충전헤지커터,success,충전임팩트드라이버,"충전임팩트드라이버, 충전드릴, 배터리팩, 전기인두, 고속절단기",고속절단기,,,,False,,
층간소음측정기,success,라돈측정기,"라돈측정기, 고속절단기, 송풍기, 전동압착기, 클램프미터",라돈측정기,,,,False,,
침구 및 다목적 살균기,success,고지가위,"고지가위, 먹통, 목공줄, 글루스틱, 그립망치",그립망치,,,,False,,
침구류살균청소기,success,스프링배관청소기,"스프링배관청소기, 고지가위, 목공줄, 목공용드릴비트, 글루스틱",스프링배관청소기,,,,False,,
침구청소기,success,스프링배관청소기,"스프링배관청소기, 에어타카, 전지가위, 목공줄, 직소기",직소기,,,,False,,
카메라,success,열화상카메라,"열화상카메라, SDS드릴비트, 안전로프, 육각렌치세트, 라돈측정기",열화상카메라,,,,False,,
카본손타카,success,타일컷터,"타일컷터, 와이어스트리퍼, 볼렌치세트, 편구스패너, 전동타카",전동타카,,,,False,,
카빙나이프,success,토크렌치,"토크렌치, 전선릴, 플라이어렌치, 라쳇렌치세트, 편구스패너",플라이어렌치,,,,False,,
카타,success,전동타카,"전동타카, 건타카, 타카핀, 니퍼, 타카",타카,,,,False,,
카터기 1개,success,스패너세트,"스패너세트, 목공줄, 만능렌치, 공구세트, 소켓렌치세트",공구세트,,,,False,,
카트,success,타카,"타카, 커터, 장도리, 니퍼, 줄자",커터,,,,False,,
카트(끌차),success,전동드릴,"전동드릴, 전선릴, 쇠지렛대, 편구스패너, 양용드라이버",전동드릴,,,,True,,
칼,success,커터칼,"커터칼, 톱, 검전기, 절단석, 쇠톱",커터칼,,,,False,,
칼갈이,success,플라이어렌치,"플라이어렌치, 굽은노즈플라이어, 옵셋렌치, 플라이어, 전선릴",플라이어,,,,False,,
칼라드라이버 24개,success,소켓렌치세트,"소켓렌치세트, 스패너세트, 편구스패너, 볼렌치세트, 와이어스트리퍼",소켓렌치세트,,,,False,,
캇쏘,success,옵셋렌치,"옵셋렌치, 플라이어렌치, 스냅링플라이어, 굽은노즈플라이어, 플라이어",플라이어,,,,False,,
캇쏘(1),success,옵셋렌치,"옵셋렌치, 플라이어렌치, 굽은노즈플라이어, 전동드라이버, 스냅링플라이어",스냅링플라이어,,,,False,,
캇타,success,렌치,"렌치, 전선릴, 쇠지렛대, 플라이어, 스크레퍼",렌치,,,,True,,
캇타칼 1개,success,편구스패너,"편구스패너, 쇠지렛대, 전선릴, 타일컷터, 스크레퍼",스크레퍼,,,,False,,
"캇타칼, 날, 가위",success,쇠지렛대,"쇠지렛대, 편구스패너, 굽은노즈플라이어, 전선릴, 타일컷터",쇠지렛대,,,,True,,
캇터 1개,success,편구스패너,"편구스패너, 쇠지렛대, 타일컷터, 전선릴, 해머드릴",타일컷터,,,,False,,
캐리어,success,전선릴,"전선릴, 커터, 장도리, 스크레퍼, 고무망치",전선릴,,,,False,,
캘리퍼3개,success,편구스패너,"편구스패너, 스크레퍼, 스패너세트, 소켓렌치세트, 볼렌치세트",편구스패너,,,,True,,
캘리퍼스,success,버니어캘리퍼스,"버니어캘리퍼스, 전선릴, 스크레퍼, 굽은노즈플라이어, 플라이어렌치",버니어캘리퍼스,,,,False,,
캠핑 릴선,success,육각렌치,"육각렌치, 양용드라이버, 전동타카, 와이어스트리퍼, 고무망치",와이어스트리퍼,,,,False,,
캠핑 스텐레스 식기세트25pcs,success,고지가위,"고지가위, 공구함세트, 목공용드릴비트, 육각렌치세트, 철공용드릴비트세트",공구함세트,,,,False,,
캠핑등,success,육각렌치,"육각렌치, 전지가위, 에어건, 돌망치, 납볼망치",육각렌치,,,,True,,
캠핑용 고기 불판,success,고지가위,"고지가위, 에어타카, 목공줄, 목공용드릴비트, 먹통",먹통,,,,False,,
캠핑용 대용량 보조배터리,success,고지가위,"고지가위, 전지가위, 육각렌치세트, 철판가위, 수평기",고지가위,,,,True,,
캠핑용 의자 (신),success,육각렌치세트,"육각렌치세트, 고지가위, 테이블톱, 육각렌치, 다림추",육각렌치세트,,,,True,,
캠핑용 코펠세트,success,육각렌치세트,"육각렌치세트, 전동공구세트, 기어렌치세트, 육각렌치, 수평기",육각렌치세트,,,,False,,
캠핑용 테이블,success,테이블톱,"테이블톱, 육각렌치세트, 고지가위, 에어타카, 수평기",테이블톱,,,,False,,
캠핑웨건,success,플라이어,"플라이어, 쇠지렛대, 굽은노즈플라이어, 전동드라이버, 플라이어렌치",플라이어,,,,True,,
캠핑의자,success,육각렌치,"육각렌치, 양용드라이버, 전지가위, 돌망치, 커터",육각렌치,,,,True,,
캠핑테이블,success,테이블톱,"테이블톱, 고지가위, 육각렌치세트, 수평기, 육각렌치",테이블톱,,,,False,,
캠핑테이블 세트,success,테이블톱,"테이블톱, 육각렌치세트, 고지가위, 공구함세트, 기어렌치세트",테이블톱,,,,False,,
캠핑테이블의자세트,success,테이블톱,"테이블톱, 육각렌치세트, 기어렌치세트, 고지가위, 공구함세트",테이블톱,,,,False,,
커밋 캠핑체어,success,굽은노즈플라이어,"굽은노즈플라이어, 플라이어렌치, 전동드라이버, 쇠지렛대, 옵셋렌치",굽은노즈플라이어,,,,True,,
커터,success,커터,"커터, 타일컷터, 장도리, 스패너, 에어건",커터,,,,False,,
커터/절단공구,success,전동공구세트,"전동공구세트, 드릴비트세트, 공구세트, 스패너세트, 목공줄",드릴비트세트,,,,False,,
커터기,success,목공줄,"목공줄, 절단석, 공구세트, 드릴비트, 스패너",드릴비트,,,,False,,
커터기(소),success,목공줄,"목공줄, 공구세트, 드릴비트세트, 스패너세트, 전지가위",전지가위,,배터리,,False,,
커터칼,success,커터칼,"커터칼, 절단석, 목공줄, 쇠톱, 드릴비트",커터칼,,,,False,커터칼,True
"커터칼, 날, 가위",success,커터칼,"커터칼, 목공줄, 절단석, 드릴비트세트, 쇠톱",커터칼,,,,False,,
커트절단기,success,절단석,"절단석, 목공줄, 스패너세트, 공구세트, 그립망치",절단석,,,,False,,
컴비네이션렌치셋트 1개,success,소켓렌치세트,"소켓렌치세트, 전동공구세트, 조합렌치세트, 스패너세트, 기어렌치세트",조합렌치세트,,,,False,,
컴팩트드라이버 2종 콤보세트,success,소켓렌치세트,"소켓렌치세트, 기어렌치세트, 전동공구세트, 스패너세트, T렌치세트",전동공구세트,,배터리,,False,,
컴프레서,success,에어컴프레서,"에어컴프레서, 끌세트, 스패너세트, 소켓렌치세트, T렌치세트",에어컴프레서,,,,False,,
컷소,success,스패너,"스패너, 그립망치, 손타카, 에어건, 빠루망치",손타카,,,,False,,
컷소 날,success,빠루망치,"빠루망치, 에어건, 만능렌치, 그립망치, 고무망치",만능렌치,,,,False,,
컷소기,success,스패너,"스패너, 절단석, 그립망치, 목공줄, 손타카",절단석,,,,False,,
컷소기(US-400XE),success,공구함세트,"공구함세트, 전동공구세트, 공구세트, SDS드릴비트, 드릴비트세트",공구세트,,,,False,,
컷쏘날 1세트 / 금속용 컷쏘날 1세트,success,소켓렌치세트,"소켓렌치세트, 스패너세트, 드릴비트세트, 볼렌치세트, 끌세트",드릴비트세트,,,,False,,
"컷트절단기(12#,18#)",success,기어렌치세트,"기어렌치세트, 스패너세트, T렌치세트, 드릴비트세트, 소켓렌치세트",드릴비트세트,,,"12#, 18#",False,,
"컷트절단기(12,18#)",success,스패너세트,"스패너세트, 기어렌치세트, 소켓렌치세트, T렌치세트, 목공줄",목공줄,,,"12,18#",False,,
케이블 릴,success,케이블컷터,"케이블컷터, 끌세트, 드릴비트세트, 전동압착기, 철공용드릴비트",케이블컷터,,,,False,,
케이블 릴 선,success,충전해머드릴,"충전해머드릴, 와이어스트리퍼, 타일컷터, 끌세트, 편구스패너",와이어스트리퍼,,,,False,,
케이블릴,success,케이블컷터,"케이블컷터, 끌세트, 충전해머드릴, 고압세척기, 전동드릴",케이블컷터,,,,False,,
케이블릴선,success,끌세트,"끌세트, 전동압착기, 드릴비트세트, 스패너세트, 전동공구세트",드릴비트세트,,,,False,,
케이블릴선(50M) 1개,success,케이블컷터,"케이블컷터, 철공용드릴비트, 클램프미터, 목공용드릴비트, 철공용드릴비트세트",케이블컷터,,,"길이 50미터, 수량 1개",False,,
코너플렉시블(RABO-M 샤프트),success,전동타카,"전동타카, 볼렌치세트, 양용드라이버, 토크렌치, 스크레퍼",양용드라이버,,,,False,,
코드릴,success,전선릴,"전선릴, 굽은노즈플라이어, 옵셋렌치, 스크레퍼, 플라이어렌치",전선릴,,,,False,,
코메론 줄자,success,와이어스트리퍼,"와이어스트리퍼, 전선릴, 앤드컷팅니퍼, 스크레퍼, 쇠지렛대",전선릴,코메론,,,False,줄자,False
코이코 플라이어,success,다이아고날플라이어,"다이아고날플라이어, 옵셋렌치, 플라이어렌치, 스냅링플라이어, 굽은노즈플라이어",굽은노즈플라이어,,,,False,,
코킹건,success,양용드라이버,"양용드라이버, 전선릴, 전동드라이버, 토크렌치, 와이어스트리퍼",양용드라이버,,,,False,,
코팅기,success,전선릴,"전선릴, 타일컷터, 와이어스트리퍼, 편구스패너, 쇠지렛대",전선릴,,,,False,,
코펠,success,타카,"타카, 먹통, 펜치, 스패너, 니퍼",타카,,,,True,,
콘기리,success,장도리,"장도리, 수평기, 육각렌치, 전지가위, 스패너",장도리,,,,True,,
콘기리 3.5mm,success,클램프미터,"클램프미터, 철공용드릴비트, 철공용드릴비트세트, 공구세트, 목공용드릴비트",목공용드릴비트,,,3.5mm,False,,
콘기리 6.5mm,success,클램프미터,"클램프미터, 철공용드릴비트, 철공용드릴비트세트, 전동공구세트, 공구세트",철공용드릴비트,,,6.5mm,False,,
콘크리트 드릴,success,콘크리트용드릴비트,"콘크리트용드릴비트, 콘크리트드릴비트세트, 콘크리트니퍼, 철공용드릴비트, 철판가위",콘크리트용드릴비트,,,,True,,
"콘크리트 드릴 3,0MM 20개",success,콘크리트용드릴비트,"콘크리트용드릴비트, 콘크리트드릴비트세트, 철공용드릴비트, 철공용드릴비트세트, 목공용드릴비트",콘크리트드릴비트세트,,,"3.0MM, 20개",False,,
"콘크리트 드릴 6,5MM 20개",success,콘크리트용드릴비트,"콘크리트용드릴비트, 콘크리트드릴비트세트, 철공용드릴비트, 철공용드릴비트세트, 콘크리트니퍼",콘크리트드릴비트세트,,,"6.5mm, 20개",False,,
콘크리트 드릴 비트(10.0mm),success,콘크리트용드릴비트,"콘크리트용드릴비트, 콘크리트드릴비트세트, 철공용드릴비트, 철공용드릴비트세트, 클램프미터",콘크리트용드릴비트,,,10.0mm,True,,
콘크리트 드릴 비트(4.8mm),success,콘크리트용드릴비트,"콘크리트용드릴비트, 콘크리트드릴비트세트, 철공용드릴비트, 철공용드릴비트세트, 콘크리트니퍼",콘크리트용드릴비트,,,4.8mm,True,,
콘크리트 드릴 비트(6.0mm),success,콘크리트용드릴비트,"콘크리트용드릴비트, 콘크리트드릴비트세트, 철공용드릴비트, 철공용드릴비트세트, 콘크리트니퍼",콘크리트용드릴비트,,,6.0mm,True,,
콘크리트 드릴 비트(6.4mm),success,콘크리트용드릴비트,"콘크리트용드릴비트, 콘크리트드릴비트세트, 철공용드릴비트, 철공용드릴비트세트, 콘크리트니퍼",콘크리트용드릴비트,,,6.4mm,True,,
콘크리트 드릴 비트세트,success,콘크리트드릴비트세트,"콘크리트드릴비트세트, 콘크리트용드릴비트, 콘크리트니퍼, 철공용드릴비트세트, 철공용드릴비트",콘크리트드릴비트세트,,,,False,,
콘크리트 드릴날,success,콘크리트니퍼,"콘크리트니퍼, 콘크리트용드릴비트, 콘크리트드릴비트세트, 드릴비트, 다림추",콘크리트드릴비트세트,,,,False,,
콘크리트 드릴비트,success,콘크리트용드릴비트,"콘크리트용드릴비트, 콘크리트드릴비트세트, 콘크리트니퍼, 철공용드릴비트, 철공용드릴비트세트",콘크리트드릴비트세트,,,,False,,
콘크리트 해머드릴,success,콘크리트니퍼,"콘크리트니퍼, 스패너세트, 드릴비트, 타일컷터, 드릴비트세트",콘크리트니퍼,,,,False,,
콘크리트기리 1세트,success,콘크리트니퍼,"콘크리트니퍼, 콘크리트드릴비트세트, 콘크리트용드릴비트, 플라이어세트, 스패너세트",콘크리트용드릴비트,,,,False,,
콘크리트기리(드릴날),success,콘크리트용드릴비트,"콘크리트용드릴비트, 콘크리트드릴비트세트, 콘크리트니퍼, 공구세트, 철공용드릴비트",콘크리트용드릴비트,,,,False,,
콘크리트기리/6MM,success,콘크리트용드릴비트,"콘크리트용드릴비트, 콘크리트드릴비트세트, 콘크리트니퍼, 육각렌치세트, 클램프미터",콘크리트용드릴비트,,,6MM,True,,
콘크리트기리세트,success,콘크리트드릴비트세트,"콘크리트드릴비트세트, 콘크리트용드릴비트, 콘크리트니퍼, 플라이어세트, 공구함세트",콘크리트드릴비트세트,,,,False,,
콘크리트드릴비트,success,콘크리트용드릴비트,"콘크리트용드릴비트, 콘크리트드릴비트세트, 콘크리트니퍼, 철공용드릴비트, 철판가위",콘크리트용드릴비트,,,,True,,
콘크리트드릴비트 세트,success,콘크리트드릴비트세트,"콘크리트드릴비트세트, 콘크리트용드릴비트, 콘크리트니퍼, 철공용드릴비트세트, 공구함세트",콘크리트드릴비트세트,,,,False,,
콘크리트드릴비트5P,success,콘크리트용드릴비트,"콘크리트용드릴비트, 콘크리트드릴비트세트, 콘크리트니퍼, 철공용드릴비트, 철공용드릴비트세트",콘크리트드릴비트세트,,,5P,False,,
콘크리트드릴세트,success,콘크리트드릴비트세트,"콘크리트드릴비트세트, 콘크리트용드릴비트, 콘크리트니퍼, 철공용드릴비트, 철공용드릴비트세트",콘크리트드릴비트세트,,,,False,,
콘크리트용 못,success,콘크리트용드릴비트,"콘크리트용드릴비트, 콘크리트드릴비트세트, 콘크리트니퍼, 직소기, 절단석",콘크리트니퍼,,,,False,,
콘크리트충전드릴(4개),success,콘크리트드릴비트세트,"콘크리트드릴비트세트, 콘크리트용드릴비트, 콘크리트니퍼, 드릴비트세트, 공구함세트",콘크리트용드릴비트,,충전식,4개,False,,
콘크리트타카,success,콘크리트니퍼,"콘크리트니퍼, 콘크리트드릴비트세트, 콘크리트용드릴비트, 플라이어세트, 수평기",콘크리트용드릴비트,,,,False,,
콘크리트해머드릴(4개),success,굽은노즈플라이어,"굽은노즈플라이어, 플라이어렌치, 라쳇렌치세트, 옵셋렌치, 다이아고날플라이어",다이아고날플라이어,,,"콘크리트 해머 드릴, 4개 세트",False,,
콘트리트드릴비트,success,드릴비트세트,"드릴비트세트, 전동압착기, 드릴비트, 전동공구세트, 목공용드릴비트",목공용드릴비트,,,,False,,
콤비네이션 렌치,success,소켓렌치세트,"소켓렌치세트, 볼렌치세트, 납볼망치, 만능렌치, 타일컷터",소켓렌치세트,,,,False,,
콤비네이션 렌치 세트,success,조합렌치세트,"조합렌치세트, T렌치세트, 기어렌치세트, 공구함세트, 전동공구세트",조합렌치세트,,,,False,,
콤비네이션 렌치 세트(14pcs),success,클램프미터,"클램프미터, 고속절단기, 전동공구세트, 조합렌치세트, 정밀드라이버세트",조합렌치세트,,,14개 구성,False,,
콤비네이션 렌치세트,success,소켓렌치세트,"소켓렌치세트, T렌치세트, 기어렌치세트, 전동공구세트, 스패너세트",소켓렌치세트,,,,False,,
콤비네이션렌치세트 1개,success,소켓렌치세트,"소켓렌치세트, 기어렌치세트, T렌치세트, 스패너세트, 전동공구세트",소켓렌치세트,,,,False,,
콤비레이션렌치,success,소켓렌치세트,"소켓렌치세트, 볼렌치세트, 끌세트, T렌치세트, 납볼망치",소켓렌치세트,,,,False,,
콤비스파나세트,success,볼렌치세트,"볼렌치세트, 소켓렌치세트, 편구스패너, 라쳇렌치세트, 와이어스트리퍼",편구스패너,,,,False,,
콤비스패너,success,라쳇렌치세트,"라쳇렌치세트, 플라이어렌치, 굽은노즈플라이어, 편구스패너, 전동드라이버",편구스패너,,,,False,,
콤비스퍼너(6PC),success,소켓렌치세트,"소켓렌치세트, 전동공구세트, 에어컴프레서, 충전해머드릴, 스패너세트",소켓렌치세트,,,,True,,
콤파스,success,스크레퍼,"스크레퍼, 전선릴, 편구스패너, 플라이어, 렌치",편구스패너,,,,False,,
콤푸레샤,success,건타카,"건타카, 장도리, 전동타카, 다이스세트, 볼렌치세트",건타카,,,,True,,
콤푸레셔,success,스크레퍼,"스크레퍼, 라쳇렌치세트, 전선릴, 편구스패너, 플라이어",스크레퍼,,,,True,,
콤프레샤,success,플라이어,"플라이어, 렌치, 플라이어렌치, 스크레퍼, 굽은노즈플라이어",플라이어,,,,True,,
콤프레샤(2.5HP),success,고속절단기,"고속절단기, 강력니퍼, 전동공구세트, 충전드릴, 정밀드라이버세트",고속절단기,,,,False,,
콤프레서,success,플라이어,"플라이어, 전동드라이버, 스크레퍼, 라쳇렌치세트, 편구스패너",편구스패너,,,,False,,
콤프레셔,success,스냅링플라이어,"스냅링플라이어, 옵셋렌치, 플라이어렌치, 다이아고날플라이어, 굽은노즈플라이어",스냅링플라이어,,,,True,에어컴프레서,False
콤프레셔 / 수리 중입니다.,success,목공줄,"목공줄, 드릴비트세트, 전동공구세트, 스패너세트, 공구세트",공구세트,,,,False,,
콩크리트기리(6m),success,콘크리트용드릴비트,"콘크리트용드릴비트, 콘크리트드릴비트세트, 콘크리트니퍼, 육각렌치세트, 클램프미터",콘크리트드릴비트세트,,,6m,False,,
크로우바,success,건타카,"건타카, 전동타카, 장도리, 타카, 카운터싱크",장도리,,,,False,,
큰 줄자,success,만능렌치,"만능렌치, 강력니퍼, 절단석, 목공줄, 스패너세트",목공줄,,,,False,,
큰톱,success,쇠톱,"쇠톱, 원형톱, 접톱, 절단석, 톱",쇠톱,,,,False,,
클램프,success,스패너,"스패너, 커터, 에어건, 장도리, 타일컷터",스패너,,,,True,,
클램프걸이대 1개,success,굽은노즈플라이어,"굽은노즈플라이어, 충전해머드릴, 편구스패너, 와이어스트리퍼, 전선릴",전선릴,,,,False,,
클램프테스타 1개,success,편구스패너,"편구스패너, 타일컷터, 와이어스트리퍼, 볼렌치세트, 소켓렌치세트",편구스패너,,,,False,,
"타이어 게이지(기본형, 공기압 측정)",success,드라이버세트,"드라이버세트, 고속절단기, 정밀드라이버세트, 클램프미터, 목공용드릴비트",클램프미터,,,,False,,
타이어게이지,success,굽은노즈플라이어,"굽은노즈플라이어, 로터리해머드릴, 충전해머드릴, 쇠지렛대, 옵셋렌치",굽은노즈플라이어,,,,True,,
타일커터기,success,목공줄,"목공줄, 공구세트, 절단석, 목공용드릴비트, 드릴비트",절단석,,,,False,,
타일커터기(500mm),success,철공용드릴비트,"철공용드릴비트, 클램프미터, 목공용드릴비트, 철공용드릴비트세트, 고속절단기",고속절단기,,,500mm,False,,
타지마 줄자 7.5m,success,클램프미터,"클램프미터, 전동공구세트, 고속절단기, 소켓렌치세트, 스패너세트",소켓렌치세트,타지마,,줄자 길이 7.5m,False,줄자,False
타지마줄자,success,충전해머드릴,"충전해머드릴, 해머드릴, 전동드릴, 로터리해머드릴, 전선릴",전선릴,타지마,,,False,줄자,False
타지마줄자(3m),success,클램프미터,"클램프미터, 고속절단기, 전동공구세트, 공구세트, 스패너세트",클램프미터,타지마,,줄자 길이 3m,True,줄자,False
타지마줄자(7.5M),success,클램프미터,"클램프미터, 고속절단기, 전동공구세트, 소켓렌치세트, 스패너세트",소켓렌치세트,타지마,,줄자 길이 7.5M,False,,
타카,success,타카,"타카, 장도리, 돌망치, 손타카, 커터",타카,,,,False,타카,True
타카 1개,success,스패너세트,"스패너세트, 기어렌치세트, T렌치세트, 만능렌치, 전동공구세트",스패너세트,,,,True,,
타카 본체 (타카핀x),success,타카핀,"타카핀, 타카, 전동타카, 소켓렌치세트, 건타카",전동타카,,,,False,,
타카(1자),success,소켓렌치세트,"소켓렌치세트, 스패너세트, T렌치세트, 볼렌치세트, 기어렌치세트",소켓렌치세트,,,,True,,
타카(SMATO AT-519),success,전동공구세트,"전동공구세트, 보안경, 공구세트, 전동타카, 소켓렌치세트",전동타카,스마토,유선,,False,,
타카(ㄷ자),success,플라이어,"플라이어, 플라이어렌치, 핀펀치, 옵셋렌치, 굽은노즈플라이어",굽은노즈플라이어,,,,False,,
타카(소),success,전동타카,"전동타카, 타카, 렌치, 핀펀치, 양용드라이버",타카,,,,False,,
타카(일자),success,전동타카,"전동타카, 핀펀치, 전선릴, 토크렌치, 양용드라이버",전동타카,,,,False,,
타카건,success,건타카,"건타카, 타카, 타카핀, 전동타카, 토크렌치",전동타카,,,,False,,
타카건(손타카),success,전선릴,"전선릴, 쇠지렛대, 양용드라이버, 플라이어렌치, 전동타카",전동타카,,,,False,,
타카심,success,전지가위,"전지가위, 돌망치, 납볼망치, 타카, 장도리",타카,,,,False,,
타카핀,success,타카핀,"타카핀, 건타카, 타카, 전동타카, 돌망치",타카핀,,,,False,타카핀,True
타카핀 8mm,success,클램프미터,"클램프미터, 전동공구세트, 스패너세트, T렌치세트, 별렌치세트",클램프미터,,,8mm,True,,
타카핀 R-13/10mm 2500PCS,success,클램프미터,"클램프미터, 고속절단기, SDS드릴비트, 전동공구세트, 정밀드라이버세트",클램프미터,,,,False,,
타카핀(12mm),success,클램프미터,"클램프미터, 드릴비트세트, 고속절단기, T렌치세트, 스패너세트",클램프미터,,,12mm,True,,
타카핀(1자),success,소켓렌치세트,"소켓렌치세트, 볼렌치세트, 타카핀, 스패너세트, T렌치세트",타카핀,,,1자,False,,
타카핀(ㄷ자),success,핀펀치,"핀펀치, 옵셋렌치, 플라이어, 몽키렌치, 굽은노즈플라이어",핀펀치,,,,False,,
"타카핀(본체, 핀)",success,타카핀,"타카핀, 핀펀치, 소켓렌치세트, 몽키렌치, 볼렌치세트",타카핀,,,,False,,
타카핀/6212,success,볼렌치세트,"볼렌치세트, 전동타카, 소켓렌치세트, 편구스패너, 와이어스트리퍼",전동타카,,,,False,,
타카핀제거기,success,냉동라쳇렌치,"냉동라쳇렌치, 다이아고날플라이어, 옵셋렌치, 앤드컷팅니퍼, 스냅링플라이어",옵셋렌치,,,,False,,
탭 드릴 세트,success,탭세트,"탭세트, 드릴비트세트, 기어렌치세트, 다림추, 육각렌치세트",드릴비트세트,,,,False,,
탱크팡,success,워터펌프플라이어,"워터펌프플라이어, 파이프렌치, 가스토치, 에어컴프레서, 볼트컷터",워터펌프플라이어,,,,False,,
"탱크팡 콤보(콘크리트 못박기용 집게, 손보호기 팡팡)/만능다기능 망치",success,고속절단기,"고속절단기, 목공용드릴비트, 철공용드릴비트, 전동압착기, 공구세트",공구세트,,,,False,,
테스타기(DM-1010),success,SDS드릴비트,"SDS드릴비트, 전동공구세트, 소켓렌치세트, T렌치세트, 정밀드라이버세트",SDS드릴비트,,,,True,,
테스타기(ST-506TR-3),success,전동공구세트,"전동공구세트, 정밀드라이버세트, SDS드릴비트, 고속절단기, 소켓렌치세트",정밀드라이버세트,,,,False,,
테스터,success,커터,"커터, 타카, 스패너, 돌망치, 손타카",커터,,,,False,,
테스터기 1개,success,스패너세트,"스패너세트, 소켓렌치세트, 직각자, T렌치세트, 납볼망치",스패너세트,,,,True,,
테스트,success,납볼망치,"납볼망치, 돌망치, 직각자, 전지가위, 공구함",납볼망치,,,,True,,
테이블,success,테이블톱,"테이블톱, 탭세트, 조합렌치세트, 공구함세트, 육각렌치세트",테이블톱,,,,False,,
테이블 및 의자 1개,success,테이블톱,"테이블톱, 육각렌치세트, 고지가위, 기어렌치세트, 조합렌치세트",테이블톱,,,,False,,
텐트,success,수평기,"수평기, 고지가위, 직소기, 전지가위, 공구함",수평기,,,,True,,
텐트용 실내 매트,success,전동공구세트,"전동공구세트, 전동압착기, 전지가위, 육각렌치세트, 철판가위",전동공구세트,,,,True,,
토션 비트,success,스패너세트,"스패너세트, 소켓렌치세트, 타일컷터, 볼렌치세트, 편구스패너",볼렌치세트,,,,False,,
토이카트 엠버,success,다이아고날플라이어,"다이아고날플라이어, 앵글그라인더, 옵셋렌치, 스냅링플라이어, 냉동라쳇렌치",다이아고날플라이어,,,,True,,
토이카트 폴리,success,전선릴,"전선릴, 편구스패너, 굽은노즈플라이어, 플라이어렌치, 전동드라이버",전선릴,,,,False,,
토치,success,망치,"망치, 고무망치, 에어건, 커터, 렌치",에어건,,,,False,,
토크렌치,success,토크렌치,"토크렌치, 몽키렌치, 전동타카, 전선릴, 와이어스트리퍼",토크렌치,,,,False,토크렌치,True
톱,success,톱,"톱, 쇠톱, 접톱, 전정톱, 원형톱",톱,,,,False,톱,True
톱 1개,success,수평기,"수평기, 손타카, 조합렌치세트, 스패너, 납볼망치",납볼망치,,,,False,,
톱(300mm),success,클램프미터,"클램프미터, 드릴비트세트, 철공용드릴비트, 철공용드릴비트세트, 목공용드릴비트",목공용드릴비트,,,300mm,False,,
톱(350mm),success,클램프미터,"클램프미터, 드릴비트세트, 철공용드릴비트, 목공용드릴비트, 고속절단기",고속절단기,,,350mm,False,,
톱(대),success,플라이어렌치,"플라이어렌치, 스냅링플라이어, 옵셋렌치, 굽은노즈플라이어, 다이아고날플라이어",플라이어렌치,,,,True,,
톱(대형),success,스패너세트,"스패너세트, 끌세트, 쇠톱, 원형톱, 소켓렌치세트",원형톱,,,,False,,
톱(목공용),success,톱,"톱, 목공용접톱, 쇠톱, 접톱, 원형톱",목공용접톱,,,,False,,
톱(소),success,편구스패너,"편구스패너, 스크레퍼, 끌세트, 쇠지렛대, 렌치",쇠지렛대,,,,False,,
톱(소형),success,톱,"톱, 쇠톱, 원형톱, 목공용접톱, 접톱",톱,,,소형,False,,
톱(쇠톱),success,톱,"톱, 쇠톱, 원형톱, 접톱, 목공줄",쇠톱,,,,False,,
톱(외날),success,쇠톱,"쇠톱, 원형톱, 목공줄, 절단석, 접톱",쇠톱,,,,False,,
톱(접이식),success,톱,"톱, 쇠톱, 스패너세트, 끌세트, 원형톱",톱,,,접이식,False,접톱,False
톱(중),success,톱,"톱, 쇠톱, 원형톱, 목공줄, 접톱",톱,,,,False,,
톱(코메론),success,납볼망치,"납볼망치, 스패너, 스패너세트, 목공줄, 빠루망치",목공줄,코메론,,,False,,
톱/낫/삽/원예공구,success,옵셋렌치,"옵셋렌치, 굽은노즈플라이어, 라쳇렌치세트, 플라이어렌치, 다이아고날플라이어",다이아고날플라이어,,,,False,,
톱/전정톱,success,전정톱,"전정톱, 톱, 쇠톱, 원형톱, 접톱",전정톱,,,,False,,
톱1,success,스패너,"스패너, 수평기, 끌세트, 조합렌치세트, 다림추",스패너,,,,True,,
톱270mm),success,클램프미터,"클램프미터, 비트세트, 고속절단기, 공구세트, 별렌치세트",고속절단기,,,270mm,False,,
톱날,success,모종삽,"모종삽, 스패너, 끌세트, 스패너세트, 타일컷터",모종삽,,,,False,,
톱날 교체용,success,타일컷터,"타일컷터, 끌세트, 편구스패너, 스패너세트, 소켓렌치세트",소켓렌치세트,,,,False,,
톱날 철판용,success,목공용드릴비트,"목공용드릴비트, 목공줄, 원형톱, 철판가위, 드릴비트세트",철판가위,,,,False,,
톱날(타지마),success,타일컷터,"타일컷터, 그립망치, 스패너세트, 만능렌치, 절단석",절단석,타지마,,,False,,
톱대,success,타일컷터,"타일컷터, 편구스패너, 커터, 스크레퍼, 스패너",커터,,,,False,,
톱대(알루미늄핸들) 12“,success,소켓렌치세트,"소켓렌치세트, 스패너세트, 볼렌치세트, 편구스패너, 끌세트",편구스패너,,,"12""",False,,
톱대/날 쇠톱대12″ (회전형/헤피티),success,냉동라쳇렌치,"냉동라쳇렌치, 바이스그립플라이어, 앵글그라인더, 다이아고날플라이어, 버니어캘리퍼스",다이아고날플라이어,,,12인치 회전형 헤피티,False,,
톱류,success,쇠톱,"쇠톱, 원형톱, 접톱, 목공줄, 절단석",원형톱,,,,False,,
톱세트 1개,success,스패너세트,"스패너세트, T렌치세트, 기어렌치세트, 소켓렌치세트, 끌세트",끌세트,,,,False,,
톱자루(1)+톱날(2),success,소켓렌치세트,"소켓렌치세트, 스패너세트, T렌치세트, 기어렌치세트, 볼렌치세트",소켓렌치세트,,,,False,,
톱자루+톱날,success,스패너세트,"스패너세트, 목공줄, 끌세트, 쇠톱, 원형톱",원형톱,,,,False,,
툴앤툴 해머드릴 18.5V,success,고속절단기,"고속절단기, 정밀드라이버세트, SDS드릴비트, 전동공구세트, 드릴비트세트",드릴비트세트,,배터리,18.5V,False,,
튜브커터,success,편구스패너,"편구스패너, 파이프렌치, 타일컷터, 쇠지렛대, 와이어스트리퍼",파이프렌치,,,,False,,
튜브커터(파이프커터),success,드릴비트세트,"드릴비트세트, 파이프렌치, 볼트컷터, 드릴비트, 목공용드릴비트",드릴비트세트,,,,True,,
트리머,success,장도리,"장도리, 커터, 스패너, 줄자, 타카",커터,,,,False,,
트리머2개,success,T렌치세트,"T렌치세트, 스패너세트, 기어렌치세트, 조합렌치세트, 전동공구세트",전동공구세트,,배터리,,False,,
트리머셋1개,success,스패너세트,"스패너세트, 소켓렌치세트, T렌치세트, 편구스패너, 기어렌치세트",편구스패너,,,,False,,
틴닝가위,success,타일컷터,"타일컷터, 편구스패너, 만능렌치, 빠루망치, 카운터싱크",타일컷터,,,,False,,
파괴 해머드릴,success,충전해머드릴,"충전해머드릴, 앤드컷팅니퍼, 냉동라쳇렌치, 버니어캘리퍼스, 다이아고날플라이어",충전해머드릴,,,,False,,
파괴드릴,success,해머드릴,"해머드릴, 고무망치, 전동드릴, 전선릴, 임팩트드릴",임팩트드릴,,,,False,,
파괴해머드릴,success,충전해머드릴,"충전해머드릴, 앤드컷팅니퍼, 냉동라쳇렌치, 버니어캘리퍼스, 다이아고날플라이어",충전해머드릴,,,,False,,
파괴햄머드릴,success,충전해머드릴,"충전해머드릴, 쇠지렛대, 와이어스트리퍼, 전선릴, 타일컷터",충전해머드릴,,,,False,,
파라솔세트,success,T렌치세트,"T렌치세트, 스패너세트, 소켓렌치세트, 기어렌치세트, 볼렌치세트",T렌치세트,,,,True,,
파랑 원형바구니 2,success,편구스패너,"편구스패너, 굽은노즈플라이어, 라쳇렌치세트, 쇠지렛대, 와이어스트리퍼",편구스패너,,,,True,,
파쇄햄머,success,에어건,"에어건, 고무망치, 목공줄, 커터, 빠루망치",빠루망치,,,,False,,
파워압축기 1개,success,타일컷터,"타일컷터, 고압세척기, 만능렌치, 편구스패너, 스패너세트",만능렌치,,,,False,,
파워점프케이블,success,육각렌치,"육각렌치, 전지가위, 수평기, 목공줄, 만능렌치",만능렌치,,,,False,,
파워크레인,success,건타카,"건타카, 전동타카, 장도리, 육각렌치, 볼렌치",육각렌치,,,,False,,
파이 프렌치(300MM),success,피스제거용비트,"피스제거용비트, 비트세트, 고지가위, 공구함세트, 클램프미터",비트세트,,,300MM,False,,
파이프 렌치,success,파이프렌치,"파이프렌치, 드릴비트, 볼트컷터, 드릴비트세트, 끌세트",파이프렌치,,,,False,,
파이프 렌치,success,파이프렌치,"파이프렌치, 드릴비트, 볼트컷터, 드릴비트세트, 끌세트",끌세트,,,,False,,
파이프 렌치 10',success,파이프렌치,"파이프렌치, 드릴비트세트, 끌세트, 볼트컷터, 소켓렌치세트",파이프렌치,,,10'',False,,
파이프 렌치 10inch,success,드릴비트세트,"드릴비트세트, 파이프렌치, 고속절단기, 드릴비트, 클램프미터",파이프렌치,,,10인치,False,,
파이프 렌치 12',success,파이프렌치,"파이프렌치, 드릴비트세트, 끌세트, 볼트컷터, 워터펌프플라이어",끌세트,,,12'',False,,
파이프 렌치 12inch,success,파이프렌치,"파이프렌치, 드릴비트세트, 드릴비트, 볼트컷터, 고속절단기",파이프렌치,,,12인치,False,,
파이프 렌치 14',success,파이프렌치,"파이프렌치, 워터펌프플라이어, 라쳇렌치세트, 굽은노즈플라이어, 편구스패너",라쳇렌치세트,,,14인치,False,,
파이프 렌치 14inch,success,파이프렌치,"파이프렌치, 드릴비트세트, 볼트컷터, 드릴비트, 고속절단기",파이프렌치,,,14인치,False,,
파이프 렌치 1개,success,드릴비트세트,"드릴비트세트, 드릴비트, 파이프렌치, 철판가위, 볼트컷터",파이프렌치,,,,False,,
파이프 렌치10',success,파이프렌치,"파이프렌치, 끌세트, 워터펌프플라이어, 드릴비트세트, 볼트컷터",파이프렌치,,,10,False,,
파이프 렌치12',success,파이프렌치,"파이프렌치, 워터펌프플라이어, 굽은노즈플라이어, 라쳇렌치세트, 옵셋렌치",파이프렌치,,,,False,,
파이프 렌치14',success,파이프렌치,"파이프렌치, 워터펌프플라이어, 라쳇렌치세트, 굽은노즈플라이어, 편구스패너",파이프렌치,,,,False,,
파이프 커터,success,파이프렌치,"파이프렌치, 드릴비트세트, 드릴비트, 볼트컷터, 끌세트",볼트컷터,,,,False,,
파이프그립플라이어,success,다이아고날플라이어,"다이아고날플라이어, 스냅링플라이어, 앵글그라인더, 플라이어렌치, 옵셋렌치",다이아고날플라이어,,,,False,,
파이프랜치,success,파이프렌치,"파이프렌치, 끌세트, 편구스패너, 스패너, 전지가위",파이프렌치,,,,False,,
파이프랜치(10inch),success,클램프미터,"클램프미터, 드릴비트세트, 스패너세트, 소켓렌치세트, 전동공구세트",드릴비트세트,,,10인치,False,,
파이프랜치(10세신) 1개,success,소켓렌치세트,"소켓렌치세트, 스패너세트, 기어렌치세트, 만능렌치, 편구스패너",만능렌치,,,10세신,False,,
파이프랜치(12inch),success,클램프미터,"클램프미터, 드릴비트세트, 목공용드릴비트, 철공용드릴비트, 고속절단기",고속절단기,,,12인치,False,,
파이프랜치(12세신) 1개,success,드릴비트세트,"드릴비트세트, 전동공구세트, 기어렌치세트, 스패너세트, 소켓렌치세트",드릴비트세트,,,12세신,True,,
파이프랜치(8inch),success,클램프미터,"클램프미터, 드릴비트세트, 고속절단기, 철공용드릴비트, 목공용드릴비트",고속절단기,,,8인치,False,,
"파이프랜치(대,소)",success,옵셋렌치,"옵셋렌치, 다이아고날플라이어, 플라이어렌치, 굽은노즈플라이어, 냉동라쳇렌치",옵셋렌치,,,,False,,
"파이프랜치(대,중,소)",success,편구스패너,"편구스패너, 파이프렌치, 소켓렌치세트, 볼렌치세트, 스패너세트",파이프렌치,,,"대,중,소",False,,
파이프렌지,success,파이프렌치,"파이프렌치, 플라이어, 핀펀치, 전선릴, 굽은노즈플라이어",파이프렌치,,,,False,,
파이프렌지(10″),success,파이프렌치,"파이프렌치, 편구스패너, 라쳇렌치세트, 소켓렌치세트, 볼렌치세트",파이프렌치,,,10″,False,,
파이프렌찌(알미늄),success,철공용드릴비트,"철공용드릴비트, 공구함세트, 철공용드릴비트세트, 직소기, 공구세트",공구세트,,,,False,,
파이프렌치,success,파이프렌치,"파이프렌치, 렌치, 편구스패너, 핀펀치, 스크레퍼",파이프렌치,,,,False,파이프렌치,True
파이프렌치,success,파이프렌치,"파이프렌치, 렌치, 편구스패너, 핀펀치, 스크레퍼",파이프렌치,,,,False,파이프렌치,True
파이프렌치  14″,success,라쳇렌치세트,"라쳇렌치세트, 파이프렌치, 굽은노즈플라이어, 편구스패너, 옵셋렌치",파이프렌치,,,"14""",False,,
파이프렌치 (10'),success,소켓렌치세트,"소켓렌치세트, 기어렌치세트, T렌치세트, 스패너세트, 파이프렌치",파이프렌치,,,10',False,,
파이프렌치 (12'),success,소켓렌치세트,"소켓렌치세트, 드릴비트세트, 기어렌치세트, 스패너세트, 파이프렌치",파이프렌치,,,12',False,,
파이프렌치 10,success,기어렌치세트,"기어렌치세트, 끌세트, 파이프렌치, 소켓렌치세트, 전동공구세트",파이프렌치,,,10,False,,
파이프렌치 10인치,success,드릴비트세트,"드릴비트세트, 소켓렌치세트, 스패너세트, 전동공구세트, 끌세트",드릴비트세트,,,10인치,False,,
파이프렌치 12,success,파이프렌치,"파이프렌치, 드릴비트세트, 끌세트, 기어렌치세트, 볼트컷터",파이프렌치,,,12,False,,
파이프렌치 12',success,파이프렌치,"파이프렌치, 편구스패너, 소켓렌치세트, 끌세트, 라쳇렌치세트",파이프렌치,,,12'',False,,
파이프렌치 12″,success,라쳇렌치세트,"라쳇렌치세트, 파이프렌치, 굽은노즈플라이어, 편구스패너, 옵셋렌치",파이프렌치,,,12″,False,,
파이프렌치 12인치,success,파이프렌치,"파이프렌치, 소켓렌치세트, 끌세트, 드릴비트세트, 스패너세트",파이프렌치,,,12인치,False,,
파이프렌치 14'' 1개,success,드릴비트세트,"드릴비트세트, 고속절단기, 전동공구세트, 드릴비트, 공구세트",드릴비트,,,파이프렌치 14'',False,,
파이프렌치 14인치,success,드릴비트세트,"드릴비트세트, 소켓렌치세트, 파이프렌치, 스패너세트, 끌세트",파이프렌치,,,14인치,False,,
파이프렌치 18,success,기어렌치세트,"기어렌치세트, 소켓렌치세트, 드릴비트세트, 전동공구세트, 파이프렌치",파이프렌치,,,18,False,,
파이프렌치 18인치,success,전동공구세트,"전동공구세트, 드릴비트세트, 소켓렌치세트, 기어렌치세트, 스패너세트",전동공구세트,,,18인치,True,,
파이프렌치 1개,success,드릴비트세트,"드릴비트세트, 드릴비트, 파이프렌치, 목공줄, 스패너세트",파이프렌치,,,,False,,
파이프렌치 4',success,파이프렌치,"파이프렌치, 소켓렌치세트, 편구스패너, 스패너세트, 끌세트",파이프렌치,,,4'',False,,
파이프렌치 대,success,파이프렌치,"파이프렌치, 전선릴, 전동드릴, 편구스패너, 스크레퍼",파이프렌치,,,,False,,
"파이프렌치 대,중",success,전동드릴,"전동드릴, 만능렌치, 해머드릴, 파이프렌치, 임팩트드릴",파이프렌치,,,"대,중",False,,
"파이프렌치 대,중,소",success,드릴비트,"드릴비트, 만능렌치, 목공줄, 줄자, 임팩트드릴",드릴비트,,,,False,,
파이프렌치 소,success,쇠지렛대,"쇠지렛대, 굽은노즈플라이어, 플라이어렌치, 핀펀치, 파이프렌치",파이프렌치,,,,False,,
파이프렌치 중,success,드릴비트,"드릴비트, 목공줄, 파이프렌치, 드릴비트세트, 임팩트드릴",파이프렌치,,,,False,,
파이프렌치(1),success,파이프렌치,"파이프렌치, 소켓렌치세트, 끌세트, 스패너세트, 볼렌치세트",파이프렌치,,,1,False,,
파이프렌치(10'),success,소켓렌치세트,"소켓렌치세트, 스패너세트, 기어렌치세트, 드릴비트세트, 끌세트",드릴비트세트,,,10',False,,
파이프렌치(10인치),success,굽은노즈플라이어,"굽은노즈플라이어, 옵셋렌치, 스냅링플라이어, 플라이어렌치, 라쳇렌치세트",옵셋렌치,,,10인치,False,,
파이프렌치(12,success,파이프렌치,"파이프렌치, 소켓렌치세트, 기어렌치세트, 드릴비트세트, 끌세트",파이프렌치,,,12,False,,
"파이프렌치(12#,14#)",success,조합렌치세트,"조합렌치세트, 기어렌치세트, 소켓렌치세트, T렌치세트, 드릴비트세트",소켓렌치세트,,,"12#, 14#",False,,
파이프렌치(12'),success,드릴비트세트,"드릴비트세트, 소켓렌치세트, 기어렌치세트, 스패너세트, 파이프렌치",파이프렌치,,,12',False,,
파이프렌치(12),success,기어렌치세트,"기어렌치세트, 소켓렌치세트, T렌치세트, 드릴비트세트, 스패너세트",기어렌치세트,,,12,True,,
"파이프렌치(12,14#)",success,기어렌치세트,"기어렌치세트, 소켓렌치세트, T렌치세트, 조합렌치세트, 스패너세트",기어렌치세트,,,"12,14#",True,,
파이프렌치(12인치),success,드릴비트세트,"드릴비트세트, 파이프렌치, 스패너세트, 소켓렌치세트, 기어렌치세트",파이프렌치,,,12인치,False,,
파이프렌치(14,success,파이프렌치,"파이프렌치, 소켓렌치세트, 드릴비트세트, 기어렌치세트, T렌치세트",파이프렌치,,,14,False,,
파이프렌치(14'),success,드릴비트세트,"드릴비트세트, 파이프렌치, 소켓렌치세트, 스패너세트, 전동공구세트",파이프렌치,,,14',False,,
파이프렌치(14),success,파이프렌치,"파이프렌치, 소켓렌치세트, 볼트컷터, 끌세트, T렌치세트",파이프렌치,,,14,False,,
파이프렌치(14인치),success,드릴비트세트,"드릴비트세트, 클램프미터, 고속절단기, 파이프렌치, 드릴비트",파이프렌치,,,14인치,False,파이프렌치,True
파이프렌치(18),success,T렌치세트,"T렌치세트, 조합렌치세트, 기어렌치세트, 소켓렌치세트, 스패너세트",소켓렌치세트,,,18,False,,
파이프렌치(18인치),success,소켓렌치세트,"소켓렌치세트, 스패너세트, 기어렌치세트, T렌치세트, 끌세트",끌세트,,,18인치,False,,
파이프렌치(2),success,소켓렌치세트,"소켓렌치세트, T렌치세트, 볼렌치세트, 스패너세트, 기어렌치세트",소켓렌치세트,,,,True,,
파이프렌치(300mm),success,클램프미터,"클램프미터, 철공용드릴비트, 목공용드릴비트, 고속절단기, 드릴비트세트",드릴비트세트,,,300mm,False,,
파이프렌치(大),success,플라이어렌치,"플라이어렌치, 옵셋렌치, 굽은노즈플라이어, 핀펀치, 플라이어",플라이어렌치,,,대,False,,
파이프렌치(小),success,파이프렌치,"파이프렌치, 핀펀치, 몽키렌치, 플라이어렌치, 굽은노즈플라이어",파이프렌치,,,작은 크기,False,,
"파이프렌치(대,중,소) 1개",success,드릴비트세트,"드릴비트세트, 전동공구세트, 기어렌치세트, 스패너세트, 공구세트",드릴비트세트,,,"파이프 크기 대, 중, 소 포함",True,,
파이프렌치(대?중?소?),success,임팩트드릴,"임팩트드릴, 빠루망치, 만능렌치, 납볼망치, 전지가위",만능렌치,,,,False,,
파이프렌치(블루텍),success,기어렌치세트,"기어렌치세트, T렌치세트, 전동공구세트, 스패너세트, 소켓렌치세트",기어렌치세트,,,,True,,
파이프렌치10,success,드릴비트세트,"드릴비트세트, 전동공구세트, 소켓렌치세트, 기어렌치세트, 끌세트",드릴비트세트,,,,True,,
파이프렌치12,success,파이프렌치,"파이프렌치, 끌세트, 소켓렌치세트, 볼트컷터, 볼렌치세트",파이프렌치,,,12,False,,
파이프렌치12',success,파이프렌치,"파이프렌치, 라쳇렌치세트, 굽은노즈플라이어, 편구스패너, 옵셋렌치",파이프렌치,,,12,False,,
파이프렌치12'',success,파이프렌치,"파이프렌치, 소켓렌치세트, 끌세트, 드릴비트세트, 편구스패너",파이프렌치,,,12,False,,
파이프렌치12(소),success,파이프렌치,"파이프렌치, 드릴비트세트, 소켓렌치세트, 전동공구세트, 끌세트",파이프렌치,,,12(소),False,,
파이프렌치12인치,success,파이프렌치,"파이프렌치, 소켓렌치세트, 편구스패너, 끌세트, 라쳇렌치세트",파이프렌치,,,12인치,False,,
파이프렌치12＂,success,옵셋렌치,"옵셋렌치, 스냅링플라이어, 다이아고날플라이어, 앵글그라인더, 굽은노즈플라이어",앵글그라인더,,,"12""",False,,
파이프렌치14,success,파이프렌치,"파이프렌치, 소켓렌치세트, 끌세트, 볼트컷터, 드릴비트세트",파이프렌치,,,14,False,,
파이프렌치14',success,파이프렌치,"파이프렌치, 라쳇렌치세트, 편구스패너, 소켓렌치세트, 볼렌치세트",파이프렌치,,,14,False,,
파이프렌치14(대),success,옵셋렌치,"옵셋렌치, 라쳇렌치세트, 굽은노즈플라이어, 플라이어렌치, 전동드라이버",플라이어렌치,,,파이프 크기에 맞는 대형 플라이어,False,,
파이프렌치14인치,success,소켓렌치세트,"소켓렌치세트, 파이프렌치, 끌세트, 볼렌치세트, 편구스패너",파이프렌치,,,14인치,False,,
파이프렌치14＂,success,옵셋렌치,"옵셋렌치, 라쳇렌치세트, 굽은노즈플라이어, 스냅링플라이어, 플라이어렌치",플라이어렌치,,,"14""",False,,
파이프스패너,success,파이프렌치,"파이프렌치, 스패너, 끌세트, 볼트컷터, 드릴비트",파이프렌치,,,,True,,
파이프카타,success,파이프렌치,"파이프렌치, 전동타카, 건타카, 장도리, 편구스패너",파이프렌치,,,,False,,
파이프커터,success,파이프렌치,"파이프렌치, 드릴비트세트, 드릴비트, 볼트컷터, 끌세트",볼트컷터,,,,False,,
파이프커터 22mm,success,클램프미터,"클램프미터, 철공용드릴비트, 목공용드릴비트, 드릴비트세트, 고속절단기",고속절단기,,,22mm,False,,
파이프커팅기,success,파이프렌치,"파이프렌치, 드릴비트세트, 끌세트, 볼트컷터, 드릴비트",볼트컷터,,,,False,,
파이프컷트기,success,드릴비트,"드릴비트, 드릴비트세트, 목공줄, 볼트컷터, 파이프렌치",파이프렌치,,,,False,,
파이프클램프 47개,success,철공용드릴비트,"철공용드릴비트, 드릴비트세트, 목공용드릴비트, 고속절단기, 철판가위",철공용드릴비트,,,,True,,
팬치,success,장도리,"장도리, 커터, 고무망치, 에어건, 렌치",장도리,,,,False,,
팬치(200mm),success,클램프미터,"클램프미터, 드릴비트세트, 공구세트, 고속절단기, 목공용드릴비트",고속절단기,,,200mm,False,,
펀칭기,success,스패너,"스패너, 스패너세트, 납볼망치, 장도리, 만능렌치",만능렌치,,,,False,,
펌프,success,에어펌프,"에어펌프, 드릴비트, 목공용드릴비트, 드릴비트세트, 철공용드릴비트",에어펌프,,,,False,,
페이팅건,success,전선릴,"전선릴, 쇠지렛대, 굽은노즈플라이어, 편구스패너, 플라이어",플라이어,,,,False,,
페인트 롤러,success,플라이어세트,"플라이어세트, 끌세트, 플라이어, 스패너, 편구스패너",플라이어세트,,,,False,,
페인트롤러,success,글루스틱,"글루스틱, 플라이어세트, 스패너, 스패너세트, 송풍기",송풍기,,,,False,,
페인트붓 5개,success,목공용접톱,"목공용접톱, 육각렌치세트, T렌치세트, 기어렌치세트, 스패너세트",목공용접톱,,,,False,,
페인팅 건,success,타일컷터,"타일컷터, 만능렌치, 해머드릴, 편구스패너, 전선릴",전선릴,,,,False,,
페인팅건,success,플라이어,"플라이어, 플라이어렌치, 전선릴, 굽은노즈플라이어, 타일컷터",전선릴,,,,False,,
페인팅건(콤프라샤용),success,냉동라쳇렌치,"냉동라쳇렌치, 앵글그라인더, 바이스그립플라이어, 다이아고날플라이어, 스냅링플라이어",스냅링플라이어,,,,False,,
페파 샌드기,success,피스제거용비트,"피스제거용비트, 먹통, 고지가위, 쇠지렛대, 타카",피스제거용비트,,,,False,,
펜지,success,펜치,"펜치, 렌치, 핀펀치, 플라이어, 파이프렌치",펜치,,,,False,,
펜지(8인치),success,스패너세트,"스패너세트, 펜치, 만능렌치, 기어렌치세트, 소켓렌치세트",펜치,,,8인치,False,,
펜찌,success,펜치,"펜치, 장도리, 스패너, 납볼망치, 타카",펜치,,,,False,,
펜치,success,펜치,"펜치, 타카, 커터, 장도리, 스패너",펜치,,,,False,펜치,True
펜치 1개,success,목공줄,"목공줄, 납볼망치, 전지가위, 직각자, 손타카",손타카,,,,False,,
펜치 2개,success,목공줄,"목공줄, 손타카, 납볼망치, 직각자, 전지가위",전지가위,,,,False,,
펜치 6＂,success,편구스패너,"편구스패너, 스크레퍼, 전선릴, 라쳇렌치세트, 와이어스트리퍼",편구스패너,,,6인치,False,,
펜치 7'' 2개,success,공구세트,"공구세트, 전동공구세트, 기어렌치세트, 스패너세트, 드릴비트세트",공구세트,,,"7'', 2개",True,,
펜치 7＂,success,편구스패너,"편구스패너, 스크레퍼, 볼렌치세트, 소켓렌치세트, 라쳇렌치세트",편구스패너,,,"7""",False,,
펜치(1),success,펜치,"펜치, 납볼망치, 소켓렌치세트, 볼렌치세트, 스패너세트",펜치,,,1,False,,
"펜치(150mm,175mm)",success,클램프미터,"클램프미터, 철공용드릴비트, 공구세트, 철공용드릴비트세트, 고속절단기",클램프미터,,,"150mm, 175mm",False,,
펜치(2),success,T렌치세트,"T렌치세트, 소켓렌치세트, 기어렌치세트, 볼렌치세트, 조합렌치세트",조합렌치세트,,,2,False,,
펜치(6#),success,소켓렌치세트,"소켓렌치세트, 기어렌치세트, T렌치세트, 조합렌치세트, 스패너세트",소켓렌치세트,,,,True,,
펜치(7inch),success,클램프미터,"클램프미터, 공구세트, 육각렌치세트, 기어렌치세트, T렌치세트",클램프미터,,,,False,,
펜치(8'') 1개,success,기어렌치세트,"기어렌치세트, 스패너세트, 목공줄, T렌치세트, 전동공구세트",기어렌치세트,,,펜치 크기 8 인치,True,,
펜치(8) 3개,success,기어렌치세트,"기어렌치세트, 조합렌치세트, T렌치세트, 소켓렌치세트, 스패너세트",기어렌치세트,,,"펜치 크기 8, 총 3개 포함",True,,
펜치(8″),success,기어렌치세트,"기어렌치세트, 스패너세트, 전동공구세트, T렌치세트, 공구세트",기어렌치세트,,,8″,True,,
펜치(8인치),success,기어렌치세트,"기어렌치세트, 스패너세트, T렌치세트, 만능렌치, 공구세트",기어렌치세트,,,8인치,False,펜치,False
펜치(9#),success,소켓렌치세트,"소켓렌치세트, 기어렌치세트, T렌치세트, 조합렌치세트, 스패너세트",소켓렌치세트,,,,True,,
펜치(9인치),success,만능렌치,"만능렌치, 스패너세트, T렌치세트, 기어렌치세트, 소켓렌치세트",만능렌치,,,9인치,False,,
펜치(비압착),success,그립망치,"그립망치, 목공줄, 전동압착기, 스패너세트, 절단석",그립망치,,,,True,,
펜치(소),success,펜치,"펜치, 전지가위, 카운터싱크, 납볼망치, 타카",펜치,,,,False,,
"펜치, 롱노즈",success,펜치,"펜치, 카운터싱크, 전지가위, 육각렌치, 목공줄",펜치,,,,False,,
펜치8',success,소켓렌치세트,"소켓렌치세트, 펜치, 스패너세트, 기어렌치세트, 볼렌치세트",펜치,,,,False,,
펜치세트(3PCS),success,정밀드라이버세트,"정밀드라이버세트, 공구함세트, 육각렌치세트, 전동공구세트, 철공용드릴비트세트",정밀드라이버세트,,,,False,,
평끌 13mm,success,클램프미터,"클램프미터, 고속절단기, 공구세트, 전동공구세트, 드릴비트세트",드릴비트세트,,,13mm,False,,
평끌 25mm,success,클램프미터,"클램프미터, 철공용드릴비트, 드릴비트세트, 공구세트, 철공용드릴비트세트",드릴비트세트,,,25mm,False,,
포르토,success,볼렌치,"볼렌치, 건타카, 장도리, 돌망치, 전동타카",볼렌치,,,,True,,
포스너비트셋트 1개,success,스패너세트,"스패너세트, 소켓렌치세트, 기어렌치세트, T렌치세트, 전동공구세트",소켓렌치세트,,,,False,,
포켓 몽키,success,고무망치,"고무망치, 편구스패너, 쇠지렛대, 커터, 에어건",에어건,,,,False,,
포켓몽키,success,빠루망치,"빠루망치, 고무망치, 에어건, 커터, 만능렌치",빠루망치,,,,True,,
포켓형 목공톱,success,원형톱,"원형톱, 목공톱, 목공줄, 쇠톱, 모종삽",목공톱,,,,False,,
포티스 공구세트(40PCS),success,정밀드라이버세트,"정밀드라이버세트, 철공용드릴비트세트, 고속절단기, 전동공구세트, 공구함세트",공구함세트,,,,False,,
포티스 공구세트(40pcs),success,고속절단기,"고속절단기, 목공용드릴비트, 전동공구세트, 정밀드라이버세트, 클램프미터",전동공구세트,,,,False,,
폴대,success,장도리,"장도리, 렌치, 전동타카, 전선릴, 토크렌치",장도리,,,,False,,
폴라로이드,success,모종삽,"모종삽, 글루스틱, 편구스패너, 볼렌치세트, 스크레퍼",모종삽,,,,True,,
폴라로이드 카메라,success,라돈측정기,"라돈측정기, SDS드릴비트, 육각렌치세트, 열화상카메라, 별렌치세트",열화상카메라,,,,False,,
폴라로이드카메라,success,라쳇렌치세트,"라쳇렌치세트, 열화상카메라, 편구스패너, 전선릴, 와이어스트리퍼",열화상카메라,,,,False,,
폴라로이드카메라(와이드),success,와이어스트리퍼,"와이어스트리퍼, 라쳇렌치세트, 충전해머드릴, 앤드컷팅니퍼, 편구스패너",와이어스트리퍼,,,,True,,
폴라로이드카메라(필름별도),success,열화상카메라,"열화상카메라, 소켓렌치세트, 편구스패너, 볼렌치세트, 별렌치세트",열화상카메라,,,,False,,
프라이어,success,렌치,"렌치, 플라이어, 핀펀치, 스크레퍼, 전선릴",플라이어,,,,False,,
프러그톱 1개,success,편구스패너,"편구스패너, 타일컷터, 와이어스트리퍼, 전선릴, 스크레퍼",스크레퍼,,,,False,,
프레스타어댑터,success,끌세트,"끌세트, 에어컴프레서, 전동공구세트, 드릴비트세트, 정밀드라이버세트",끌세트,,,,True,,
프렌치세트,success,소켓렌치세트,"소켓렌치세트, 볼렌치세트, 스패너세트, T렌치세트, 납볼망치",소켓렌치세트,,,,True,,
프로몽키,success,토크렌치,"토크렌치, 몽키렌치, 건타카, 전동타카, 볼렌치",몽키렌치,,,,False,,
프로몽키(로보스터),success,토크렌치,"토크렌치, 몽키렌치, 와이어스트리퍼, 전동타카, 편구스패너",몽키렌치,,,,False,,
프로자켓줄자 1개,success,편구스패너,"편구스패너, 타일컷터, 와이어스트리퍼, 소켓렌치세트, 볼렌치세트",편구스패너,,,,True,,
프로젝터,success,공구함,"공구함, 장도리, 전지가위, 끌세트, T렌치세트",공구함,,,,True,,
플라스틱공구통,success,공구함세트,"공구함세트, 플라이어세트, 직소기, 전자산업용니퍼, 드릴비트세트",플라이어세트,,,,False,,
플라이어,success,플라이어,"플라이어, 플라이어렌치, 굽은노즈플라이어, 스냅링플라이어, 핀펀치",플라이어,,,,False,플라이어,True
플라이어,success,플라이어,"플라이어, 플라이어렌치, 굽은노즈플라이어, 스냅링플라이어, 핀펀치",플라이어,,,,False,플라이어,True
플라이어 (10인치),success,소켓렌치세트,"소켓렌치세트, 스패너세트, 볼렌치세트, 기어렌치세트, 편구스패너",편구스패너,,,10인치,False,,
플라이어 10'' 1개,success,스패너세트,"스패너세트, 소켓렌치세트, 만능렌치, 편구스패너, 기어렌치세트",편구스패너,,,10',False,,
플라이어 10″,success,라쳇렌치세트,"라쳇렌치세트, 편구스패너, 굽은노즈플라이어, 쇠지렛대, 소켓렌치세트",굽은노즈플라이어,,,10인치,False,,
플라이어(1),success,편구스패너,"편구스패너, 볼렌치세트, 소켓렌치세트, 스패너세트, 라쳇렌치세트",편구스패너,,,,False,,
"플라이어(160mm,200mm)",success,클램프미터,"클램프미터, 공구세트, 전동공구세트, 드릴비트세트, 철공용드릴비트",클램프미터,,,길이 160mm와 200mm,True,,
플라이어(2),success,볼렌치세트,"볼렌치세트, 소켓렌치세트, 스패너세트, 편구스패너, T렌치세트",편구스패너,,,,False,,
플라이어(6인치),success,편구스패너,"편구스패너, 소켓렌치세트, 굽은노즈플라이어, 볼렌치세트, 라쳇렌치세트",굽은노즈플라이어,,,6인치,False,,
플라이어(8″),success,스패너세트,"스패너세트, 소켓렌치세트, 기어렌치세트, 볼렌치세트, 플라이어세트",플라이어세트,,,8″,False,,
플라이어(8인치),success,소켓렌치세트,"소켓렌치세트, 스패너세트, 편구스패너, 볼렌치세트, 기어렌치세트",편구스패너,,,8인치,False,,
플라이어(소),success,플라이어,"플라이어, 편구스패너, 굽은노즈플라이어, 플라이어렌치, 라쳇렌치세트",플라이어,,,,False,,
플라이어(중형) 2개,success,기어렌치세트,"기어렌치세트, 스패너세트, T렌치세트, 플라이어세트, 소켓렌치세트",플라이어세트,,,"중형, 2개",False,,
플라이어(첼라),success,편구스패너,"편구스패너, 플라이어렌치, 굽은노즈플라이어, 전선릴, 전동타카",플라이어렌치,,,,False,,
플라이어10＂,success,옵셋렌치,"옵셋렌치, 플라이어렌치, 스냅링플라이어, 굽은노즈플라이어, 다이아고날플라이어",플라이어렌치,,,10인치,False,,
플라이어6＂,success,플라이어렌치,"플라이어렌치, 굽은노즈플라이어, 옵셋렌치, 스냅링플라이어, 다이아고날플라이어",다이아고날플라이어,,,6인치,False,,
플라이어8',success,앵글그라인더,"앵글그라인더, 옵셋렌치, 플라이어렌치, 스냅링플라이어, 다이아고날플라이어",스냅링플라이어,,,,False,,
플라이어8인치 1개,success,소켓렌치세트,"소켓렌치세트, 스패너세트, 볼렌치세트, 기어렌치세트, 편구스패너",편구스패너,,,8인치,False,,
플라이어8＂,success,앵글그라인더,"앵글그라인더, 옵셋렌치, 스냅링플라이어, 플라이어렌치, 다이아고날플라이어",플라이어렌치,,,8인치,False,,
플라이어세트,success,플라이어세트,"플라이어세트, 스패너세트, 소켓렌치세트, 기어렌치세트, T렌치세트",플라이어세트,,,,False,,
플라이어셋트 8피스,success,소켓렌치세트,"소켓렌치세트, 스패너세트, 볼렌치세트, 라쳇렌치세트, 끌세트",끌세트,,,,False,,
플라토 니퍼,success,니퍼,"니퍼, 토크렌치, 양용드라이버, 장도리, 와이어스트리퍼",니퍼,,,,False,,
플랙시블샤프트,success,다이아고날플라이어,"다이아고날플라이어, 스냅링플라이어, 앵글그라인더, 플라이어렌치, 바이스그립플라이어",다이아고날플라이어,,,,False,,
플러스비트 2날 (14*160),success,소켓렌치세트,"소켓렌치세트, T렌치세트, 스패너세트, 기어렌치세트, 볼렌치세트",볼렌치세트,,,14*160,False,,
플렉서블 비트홀더,success,바이스그립플라이어,"바이스그립플라이어, 냉동라쳇렌치, 다이아고날플라이어, 앵글그라인더, 스냅링플라이어",바이스그립플라이어,,,,False,,
플렉시블 비트홀,success,편구스패너,"편구스패너, 볼렌치세트, 라쳇렌치세트, 별렌치세트, 소켓렌치세트",소켓렌치세트,,,,False,,
플렉시블 비트홀더,success,바이스그립플라이어,"바이스그립플라이어, 다이아고날플라이어, 앵글그라인더, 냉동라쳇렌치, 스냅링플라이어",스냅링플라이어,,,,False,,
플렉시블비트홀더,success,바이스그립플라이어,"바이스그립플라이어, 앵글그라인더, 다이아고날플라이어, 냉동라쳇렌치, 스냅링플라이어",스냅링플라이어,,,,False,,
피스 모듬세트,success,피스제거용비트,"피스제거용비트, T렌치세트, 기어렌치세트, 스패너세트, 전동공구세트",피스제거용비트,,,,False,,
피스 종류별(5종류) 모듬세트,success,피스제거용비트,"피스제거용비트, 기어렌치세트, T렌치세트, 조합렌치세트, 육각렌치세트",조합렌치세트,,,,False,,
피스모듬세트,success,T렌치세트,"T렌치세트, 기어렌치세트, 스패너세트, 소켓렌치세트, 육각렌치세트",소켓렌치세트,,,,False,,
피스제거용비트,success,피스제거용비트,"피스제거용비트, 소켓렌치세트, 스패너세트, T렌치세트, 기어렌치세트",피스제거용비트,,,,False,피스제거용비트,True
피톤치드 연무기,success,안전로프,"안전로프, 전동공구세트, 공구세트, 전동압착기, 강력니퍼",강력니퍼,,,,False,,
핀 마이크,success,핀펀치,"핀펀치, 전선릴, 렌치, 몽키렌치, 전동드릴",핀펀치,,,,False,,
핀셋,success,굽은노즈플라이어,"굽은노즈플라이어, 플라이어렌치, 옵셋렌치, 플라이어, 전선릴",플라이어,,,,False,,
하수구스프링청소기,success,스프링배관청소기,"스프링배관청소기, 목공용드릴비트, 전지가위, 고지가위, 목공줄",스프링배관청소기,,,,False,,
하수구청소기,success,스프링배관청소기,"스프링배관청소기, 고지가위, 전지가위, 에어타카, 목공용드릴비트",스프링배관청소기,,,,False,,
하수청소기(10m),success,스프링배관청소기,"스프링배관청소기, 클램프미터, 목공용드릴비트, 고속절단기, 철판가위",스프링배관청소기,,,길이 10m,False,,
하이스 홀쏘,success,스냅링플라이어,"스냅링플라이어, 다이아고날플라이어, 옵셋렌치, 냉동라쳇렌치, 플라이어렌치",스냅링플라이어,,,,False,,
하이스날,success,장도리,"장도리, 줄자, 다이스세트, 니퍼, 커터",니퍼,,,,False,,
하이스톱날,success,그립망치,"그립망치, 빠루망치, 타일컷터, 만능렌치, 돌망치",만능렌치,,,,False,,
한복 (아이/성인),success,냉동라쳇렌치,"냉동라쳇렌치, 다이아고날플라이어, 앤드컷팅니퍼, 옵셋렌치, 앵글그라인더",냉동라쳇렌치,,,,True,,
함마,success,장도리,"장도리, 공구함, 타카, 돌망치, 육각렌치",돌망치,,,,False,망치,False
함마(中),success,건타카,"건타카, 전지가위, 전동타카, 납볼망치, 돌망치",돌망치,,,,False,,
함마(대),success,옵셋렌치,"옵셋렌치, 굽은노즈플라이어, 전선릴, 플라이어렌치, 쇠지렛대",쇠지렛대,,,,False,,
함마(무진동 망치),success,석고대패,"석고대패, 그립망치, 전동압착기, 절단석, 강력니퍼",그립망치,,,,False,,
함마기리 1개,success,스패너세트,"스패너세트, 기어렌치세트, T렌치세트, 목공줄, 납볼망치",납볼망치,,,,False,,
함마드릴,success,만능렌치,"만능렌치, 임팩트드릴, 빠루망치, 드릴비트, 전동드릴",임팩트드릴,,,,False,해머드릴,False
함마드릴 10.8V,success,고속절단기,"고속절단기, 전동공구세트, 전동압착기, 정밀드라이버세트, 공구세트",전동압착기,,배터리,,False,,
함마드릴 18V,success,전동공구세트,"전동공구세트, 고속절단기, 공구세트, 정밀드라이버세트, 드라이버세트",드라이버세트,,배터리,,False,,
함마드릴 1개,success,해머드릴,"해머드릴, 만능렌치, 임팩트드릴, 전동드릴, 빠루망치",해머드릴,,,,False,,
함마드릴(경량) 1개,success,드릴비트세트,"드릴비트세트, 공구세트, 전동공구세트, 공구함세트, 목공용드릴비트",목공용드릴비트,,,경량,False,,
함마드릴(소),success,전동타카,"전동타카, 소켓렌치세트, 양용드라이버, 타일컷터, 편구스패너",전동타카,,,,False,,
함마드릴(중),success,전동공구세트,"전동공구세트, 드릴비트세트, 공구세트, 전동압착기, 전지가위",드릴비트세트,,,,False,,
함마드릴220v(10m),success,고속절단기,"고속절단기, 철공용드릴비트, 목공용드릴비트, 정밀드라이버세트, 전동공구세트",철공용드릴비트,,,,False,,
함마드릴비트,success,드릴비트,"드릴비트, 전동공구세트, 공구세트, 드릴비트세트, 목공용드릴비트",드릴비트,,,,False,,
함마전동드릴,success,드릴비트,"드릴비트, 전동공구세트, 만능렌치, 공구세트, 임팩트드릴",임팩트드릴,,유선,,False,,
함마전동드릴(보쉬),success,전동공구세트,"전동공구세트, 드릴비트세트, 목공용드릴비트, 공구세트, 끌세트",전동공구세트,보쉬,,,False,,
함마전동드릴(스킬),success,철공용드릴비트,"철공용드릴비트, 목공용드릴비트, 전동공구세트, 드릴비트세트, 공구세트",전동공구세트,SKIL,유선,,False,,
함마전동드릴세트(유선),success,철공용드릴비트,"철공용드릴비트, 철공용드릴비트세트, 목공용드릴비트, 정밀드라이버세트, 전동공구세트",전동공구세트,,유선,,False,,
함머드릴,success,전동드릴,"전동드릴, 해머드릴, 전선릴, 고무망치, 타일컷터",해머드릴,,,,False,,
함석가위,success,전지가위,"전지가위, 공구세트, 목공줄, 납볼망치, 스패너세트",전지가위,,,,False,철판가위,False
함석가위 1개,success,납볼망치,"납볼망치, 스패너세트, 전지가위, 만능렌치, 소켓렌치세트",전지가위,,,,False,,
핫매트봉,success,드릴비트,"드릴비트, 에어타카, 피스제거용비트, 충전드릴, 목공줄",드릴비트,,,,False,,
핫멜트 건,success,해머드릴,"해머드릴, 만능렌치, 에어건, 쇠지렛대, 고무망치",에어건,,,,False,,
핫멜트 글루건,success,쇠지렛대,"쇠지렛대, 전선릴, 타일컷터, 고무망치, 해머드릴",고무망치,,,,False,,
핫멜트건,success,쇠지렛대,"쇠지렛대, 에어건, 해머드릴, 고무망치, 만능렌치",에어건,,,,False,,
핫멜트건(글루건),success,쇠지렛대,"쇠지렛대, 에어건, 만능렌치, 가스토치, 타일컷터",에어건,,,,False,,
핫멜트건40W,success,고속절단기,"고속절단기, 충전드릴, 만능렌치, 목공용드릴비트, 드릴비트",고속절단기,,,,False,,
핫멜트건심,success,만능렌치,"만능렌치, 에어타카, 쇠지렛대, 에어건, 빠루망치",에어건,,,,False,,
핫멜트그루건,success,쇠지렛대,"쇠지렛대, 전선릴, 고무망치, 해머드릴, 타일컷터",고무망치,,,,False,,
핫멜트글루건,success,쇠지렛대,"쇠지렛대, 만능렌치, 고무망치, 에어건, 해머드릴",에어건,,,,False,,
핫멜트알,success,쇠지렛대,"쇠지렛대, 고무망치, 전선릴, 에어건, 해머드릴",에어건,,,,False,,
핫멜트진,success,쇠지렛대,"쇠지렛대, 전선릴, 고무망치, 타일컷터, 해머드릴",고무망치,,,,False,,
항공 가위,success,전동공구세트,"전동공구세트, 공구세트, 전동압착기, 드라이버세트, 안전로프",전동공구세트,,,,True,,
항공가위,success,전동공구세트,"전동공구세트, 양용드라이버, 드라이버세트, 에어컴프레서, 전동드릴",전동공구세트,,,,True,,
"항공가위,전지가위",success,전동공구세트,"전동공구세트, 전동압착기, 공구세트, 전지가위, 정밀드라이버세트",전지가위,,배터리,,False,,
해라,success,커터,"커터, 고무망치, 전동드릴, 해머드릴, 스크레퍼",스크레퍼,,,,False,,
해머,success,커터,"커터, 장도리, 에어건, 렌치, 고무망치",고무망치,,,,False,,
해머 드릴,success,해머드릴,"해머드릴, 전동드릴, 전선릴, 고무망치, 편구스패너",해머드릴,,,,False,,
해머 전동 드릴세트,success,드릴비트세트,"드릴비트세트, 전동공구세트, 끌세트, 스패너세트, 소켓렌치세트",전동공구세트,,,,False,,
해머(0.9KG),success,고속절단기,"고속절단기, 클램프미터, 정밀드라이버세트, SDS드릴비트, 전동공구세트",정밀드라이버세트,,,0.9KG,False,,
해머(중),success,전선릴,"전선릴, 와이어스트리퍼, 스크레퍼, 고무망치, 쇠지렛대",쇠지렛대,,,,False,,
해머드릴,success,해머드릴,"해머드릴, 전동드릴, 고무망치, 전선릴, 임팩트드릴",해머드릴,,,,False,해머드릴,True
해머드릴 드라이버,success,양용드라이버,"양용드라이버, 전동드릴, 해머드릴, 충전해머드릴, 타일컷터",충전해머드릴,,,,False,,
해머드릴 비트 세트(철재),success,소켓렌치세트,"소켓렌치세트, 스패너세트, 드릴비트세트, 전동공구세트, 기어렌치세트",드릴비트세트,,,철재,False,,
해머드릴 비트 세트(콘크리트),success,콘크리트드릴비트세트,"콘크리트드릴비트세트, 콘크리트용드릴비트, 콘크리트니퍼, 철공용드릴비트세트, 철공용드릴비트",콘크리트드릴비트세트,,,,False,,
해머드릴 세트,success,스패너세트,"스패너세트, 소켓렌치세트, 끌세트, 드릴비트세트, 기어렌치세트",드릴비트세트,,,,False,,
해머드릴 유선,success,해머드릴,"해머드릴, 임팩트드릴, 만능렌치, 그립망치, 빠루망치",해머드릴,,유선,,False,,
해머드릴(2),success,편구스패너,"편구스패너, 와이어스트리퍼, 볼렌치세트, 라쳇렌치세트, 전선릴",볼렌치세트,,,2,False,,
해머드릴(계양),success,냉동라쳇렌치,"냉동라쳇렌치, 앤드컷팅니퍼, 다이아고날플라이어, 옵셋렌치, 앵글그라인더",다이아고날플라이어,계양,,,False,,
해머드릴(대),success,냉동라쳇렌치,"냉동라쳇렌치, 앤드컷팅니퍼, 버니어캘리퍼스, 다이아고날플라이어, 바이스그립플라이어",다이아고날플라이어,,,,False,,
해머드릴(무선),success,냉동라쳇렌치,"냉동라쳇렌치, 다이아고날플라이어, 앵글그라인더, 옵셋렌치, 앤드컷팅니퍼",다이아고날플라이어,,충전식(무선),,False,,
"해머드릴(무선, 충천용)",success,충전해머드릴,"충전해머드릴, 편구스패너, 쇠지렛대, 타일컷터, 전동드릴",충전해머드릴,,충전식(무선),충천용,False,,
해머드릴(보쉬),success,앤드컷팅니퍼,"앤드컷팅니퍼, 냉동라쳇렌치, 옵셋렌치, 충전해머드릴, 버니어캘리퍼스",충전해머드릴,보쉬,,,False,해머드릴,False
해머드릴(유선),success,냉동라쳇렌치,"냉동라쳇렌치, 앤드컷팅니퍼, 옵셋렌치, 다이아고날플라이어, 버니어캘리퍼스",냉동라쳇렌치,,유선,,True,해머드릴,False
해머드릴(콘크리트 타공용),success,타일컷터,"타일컷터, 로터리해머드릴, 편구스패너, 충전해머드릴, 끌세트",충전해머드릴,,,,False,,
해머드릴비트 세트,success,드릴비트세트,"드릴비트세트, 스패너세트, 전동공구세트, 소켓렌치세트, 기어렌치세트",드릴비트세트,,,,False,,
해머드릴세트,success,스패너세트,"스패너세트, 목공줄, 소켓렌치세트, 드릴비트세트, 기어렌치세트",드릴비트세트,,,,False,,
해머망치,success,옵셋렌치,"옵셋렌치, 플라이어렌치, 굽은노즈플라이어, 전선릴, 앤드컷팅니퍼",옵셋렌치,,,,False,,
해빙/용접기,success,육각렌치세트,"육각렌치세트, 기어렌치세트, 목공용접톱, 공구함세트, 공구세트",공구세트,,,,False,,
해빙기,success,장도리,"장도리, 빠루망치, 스패너, 에어건, 커터",커터,,,,False,,
해빙기(ROKO-3300),success,전동공구세트,"전동공구세트, 정밀드라이버세트, 고속절단기, 공구세트, 목공용드릴비트",고속절단기,,,,False,,
핸드 그라인더,success,앵글그라인더,"앵글그라인더, 다이아고날플라이어, 냉동라쳇렌치, 스냅링플라이어, 옵셋렌치",앵글그라인더,,,,False,,
핸드 그라인더 1개,success,편구스패너,"편구스패너, 굽은노즈플라이어, 충전해머드릴, 쇠지렛대, 로터리해머드릴",쇠지렛대,,,,False,,
핸드 드라이버,success,드라이버세트,"드라이버세트, 드라이버, 핸드카트, T핸드드라이버, 정밀드라이버세트",드라이버,,,,False,,
핸드그라인더,success,앵글그라인더,"앵글그라인더, 다이아고날플라이어, 스냅링플라이어, 냉동라쳇렌치, 옵셋렌치",앵글그라인더,,,,False,,
핸드그라인더+날,success,로터리해머드릴,"로터리해머드릴, 굽은노즈플라이어, 충전해머드릴, 편구스패너, 전동드라이버",로터리해머드릴,,,,False,,
핸드드라이버,success,T핸드드라이버,"T핸드드라이버, 핸드카트, 드라이버, 드라이버세트, 정밀드라이버세트",드라이버,,,,False,,
핸드드릴,success,전동드릴,"전동드릴, 해머드릴, 임팩트드릴, 손타카, 드릴비트",전동드릴,,,,False,,
핸드드릴 1개,success,드릴비트,"드릴비트, 손타카, 임팩트드릴, 해머드릴, 목공줄",임팩트드릴,,,,False,,
핸드믹서,success,핸드카트,"핸드카트, 에어컴프레서, 전자산업용니퍼, SDS드릴비트, 정밀드라이버세트",핸드카트,,,,False,,
핸드사포,success,전지가위,"전지가위, 납볼망치, 손타카, 전동압착기, 돌망치",전지가위,,,,False,,
핸드소켓렌치세트32pcs,success,클램프미터,"클램프미터, 정밀드라이버세트, SDS드릴비트, 고속절단기, 충전임팩트드라이버",정밀드라이버세트,,,,False,,
핸드카,success,핸드카트,"핸드카트, 손타카, 커터, 납볼망치, 전지가위",핸드카트,,,,False,,
핸드카,success,핸드카트,"핸드카트, 손타카, 커터, 납볼망치, 전지가위",핸드카트,,,,False,,
핸드카 철제바구니,success,핸드카트,"핸드카트, 전지가위, 전동압착기, 납볼망치, 손타카",핸드카트,,,,False,,
핸드카트,success,핸드카트,"핸드카트, 드라이버, 손타카, 드라이버세트, 커터",핸드카트,,,,False,핸드카트,True
핸드타카,success,핸드카트,"핸드카트, 손타카, 다림추, 전지가위, 공구세트",손타카,,,,False,,
핸드타카건,success,핸드카트,"핸드카트, 편구스패너, 타일컷터, 끌세트, 양용드라이버",핸드카트,,,,False,,
핸드탭세트,success,탭세트,"탭세트, 정밀드라이버세트, 기어렌치세트, 다림추, 육각렌치세트",탭세트,,,,False,,
핸드톱,success,손타카,"손타카, 원형톱, 쇠톱, 접톱, 목공줄",손타카,,,,False,,
핸드펌프,success,에어펌프,"에어펌프, 철공용드릴비트, 목공용드릴비트, 클램프미터, 핸드카트",에어펌프,,,,False,,
핸드펌프 SM-HP5(초고압용),success,충전임팩트드라이버,"충전임팩트드라이버, 철공용드릴비트, 배터리팩, 고속절단기, 정밀드라이버세트",정밀드라이버세트,,,,False,,
핸드형 타일커터,success,핸드카트,"핸드카트, 정밀드라이버세트, T핸드드라이버, 목공용드릴비트, 전동공구세트",핸드카트,,,,False,,
핸디덤프카트,success,편구스패너,"편구스패너, 와이어스트리퍼, 양용드라이버, 카운터싱크, 타일컷터",양용드라이버,,,,False,,
핸디클램프,success,충전해머드릴,"충전해머드릴, 편구스패너, 타일컷터, 굽은노즈플라이어, 쇠지렛대",쇠지렛대,,,,False,,
햄머 드릴,success,쇠지렛대,"쇠지렛대, 에어건, 목공줄, 해머드릴, 고무망치",해머드릴,,,,False,,
햄머드릴,success,해머드릴,"해머드릴, 쇠지렛대, 고무망치, 에어건, 전동드릴",해머드릴,,,,False,,
햄머드릴 1개,success,목공줄,"목공줄, 해머드릴, 에어건, 드릴비트, 쇠지렛대",해머드릴,,,,False,,
햄머드릴세트,success,쇠지렛대,"쇠지렛대, 목공줄, 타일컷터, 에어건, 먹통",쇠지렛대,,,,True,,
헤나,success,렌치,"렌치, 니퍼, 타카, 장도리, 줄자",렌치,,,,True,,
헤드셋 마이크,success,앤드컷팅니퍼,"앤드컷팅니퍼, 냉동라쳇렌치, 버니어캘리퍼스, 충전해머드릴, 옵셋렌치",앤드컷팅니퍼,,,,True,,
헤라,success,전선릴,"전선릴, 렌치, 고무망치, 전동드릴, 옵셋렌치",전선릴,,,,True,,
헤라 3인치,success,옵셋렌치,"옵셋렌치, 냉동라쳇렌치, 다이아고날플라이어, 앤드컷팅니퍼, 스냅링플라이어",다이아고날플라이어,,,3인치,False,스크레퍼,False
헤라 5인치,success,옵셋렌치,"옵셋렌치, 냉동라쳇렌치, 다이아고날플라이어, 앤드컷팅니퍼, 플라이어렌치",다이아고날플라이어,,,5인치,False,스크레퍼,False
헤어고데기,success,플라이어렌치,"플라이어렌치, 옵셋렌치, 굽은노즈플라이어, 앤드컷팅니퍼, 스냅링플라이어",굽은노즈플라이어,,,,False,,
헤어드라이기,success,전정톱,"전정톱, 목공줄, 글루스틱, 모종삽, 타일컷터",전정톱,,,,True,,
헤어롤세트,success,글루스틱,"글루스틱, 모종삽, 목공줄, 스패너세트, 타일컷터",모종삽,,,,False,,
헤어아이론,success,글루스틱,"글루스틱, 모종삽, 목공줄, 먹통, 직각자",글루스틱,,,,False,,
헤지커터,success,타일컷터,"타일컷터, 와이어스트리퍼, 편구스패너, 양용드라이버, 스크레퍼",스크레퍼,,,,False,,
헨디줄자 6개,success,편구스패너,"편구스패너, 볼렌치세트, 소켓렌치세트, 와이어스트리퍼, 타일컷터",소켓렌치세트,,,,False,,
현대오피스 A4코팅기,success,소켓렌치세트,"소켓렌치세트, 에어컴프레서, 라쳇렌치세트, 볼렌치세트, 충전해머드릴",소켓렌치세트,,,,True,,
혈당계,success,고압세척기,"고압세척기, 클램프미터, 전지가위, 전동압착기, 납볼망치",고압세척기,,,,True,,
혈당시험지,success,전선릴,"전선릴, 편구스패너, 충전해머드릴, 스크레퍼, 와이어스트리퍼",전선릴,,,,True,,
호미,success,장도리,"장도리, 에어건, 줄자, 커터, 돌망치",커터,,,,False,,
호삽,success,전선릴,"전선릴, 스크레퍼, 플라이어, 편구스패너, 렌치",스크레퍼,,,,False,,
호수닐선(물청소용),success,스프링배관청소기,"스프링배관청소기, 목공용드릴비트, 에어타카, 공구함세트, 고지가위",스프링배관청소기,,,,False,,
호수코드릴,success,목공줄,"목공줄, 목공용드릴비트, 에어타카, 전지가위, 드릴비트",목공용드릴비트,,,,False,,
호스,success,커터,"커터, 장도리, 에어건, 스패너, 렌치",커터,,,,True,,
호스(컴프레서),success,에어컴프레서,"에어컴프레서, SDS드릴비트, 전동공구세트, 정밀드라이버세트, 기어렌치세트",에어컴프레서,,,,False,,
호스릴,success,플라이어렌치,"플라이어렌치, 플라이어, 옵셋렌치, 굽은노즈플라이어, 전선릴",전선릴,,,,False,,
호스릴,success,플라이어렌치,"플라이어렌치, 플라이어, 옵셋렌치, 굽은노즈플라이어, 전선릴",전선릴,,,,False,,
호스릴(20m),success,클램프미터,"클램프미터, 전동공구세트, 공구세트, 스패너세트, 기어렌치세트",클램프미터,,,,False,,
호스릴선,success,토크렌치,"토크렌치, 와이어스트리퍼, 다이스세트, 전선릴, 볼렌치세트",전선릴,,,,False,,
혼합드릴비트 2개,success,전동공구세트,"전동공구세트, 드릴비트세트, 조합렌치세트, 공구세트, 기어렌치세트",드릴비트세트,,,,False,,
홀쏘(3종),success,소켓렌치세트,"소켓렌치세트, 스패너세트, 기어렌치세트, 볼렌치세트, 모종삽",모종삽,,,,False,,
홀형 별비트,success,별렌치세트,"별렌치세트, 연마석, 모종삽, 소켓렌치세트, 편구스패너",별렌치세트,,,,False,,
화신가위,success,빠루망치,"빠루망치, 납볼망치, 만능렌치, 장도리, 돌망치",장도리,,,,False,,
화이바 빠루망치,success,전선릴,"전선릴, 옵셋렌치, 와이어스트리퍼, 굽은노즈플라이어, 플라이어렌치",플라이어렌치,,,,False,,
화이트보드 피켓,success,스패너세트,"스패너세트, 전지가위, 소켓렌치세트, 송풍기, 전동공구세트",스패너세트,,,,True,,
확대경 1개,success,라돈측정기,"라돈측정기, 직각자, 육각렌치세트, 별렌치세트, 기어렌치세트",라돈측정기,,,,True,,
확성기,success,장도리,"장도리, 스크레퍼, 전선릴, 편구스패너, 고무망치",스크레퍼,,,,False,,
확성기(강의용 무선 마이크),success,전동공구세트,"전동공구세트, 에어컴프레서, 전동드릴, 소켓렌치세트, 양용드라이버",전동공구세트,,,,True,,
회로시험기,success,정밀드라이버세트,"정밀드라이버세트, 클램프미터, 전동압착기, 고속절단기, 전동공구세트",전동공구세트,,,,False,,
후레쉬,success,고무망치,"고무망치, 에어건, 커터, 돌망치, 장도리",고무망치,,,,True,,
후쿠메타,success,건타카,"건타카, 전동타카, 볼렌치, 타카핀, 장도리",전동타카,,,,False,,
후크 커터칼,success,타일컷터,"타일컷터, 편구스패너, 쇠지렛대, 절단석, 커터",커터,,,,False,,
후크메타,success,건타카,"건타카, 전동타카, 장도리, 빠루망치, 볼렌치",건타카,,,,True,,
휠체어,success,핸드카트,"핸드카트, T핸드드라이버, 드라이버, 드라이버세트, 커터",핸드카트,,,,False,,
휴대용 / 차량용 / 캠핑용 냉장고,success,정밀드라이버세트,"정밀드라이버세트, 핸드카트, 공구함세트, 전동공구세트, 목공용드릴비트",정밀드라이버세트,,,,True,,
휴대용 5단 사다리,success,A형사다리,"A형사다리, 사다리, 다림추, 철판가위, 전동공구세트",사다리,,,,False,,
휴대용 개인용 저주파자극기,success,전동공구세트,"전동공구세트, 전동압착기, 공구세트, 고속절단기, 정밀드라이버세트",정밀드라이버세트,,,,False,,
휴대용 공구세트,success,공구함세트,"공구함세트, 공구세트, 정밀드라이버세트, 전동공구세트, 드릴비트세트",공구세트,,,,False,,
휴대용 기가폰,success,전동공구세트,"전동공구세트, 전자산업용니퍼, 소켓렌치세트, 공구세트, 전지가위",공구세트,,,,False,,
휴대용 미세먼지측정기,success,스프링배관청소기,"스프링배관청소기, 고속절단기, 배터리팩, 전동공구세트, 정밀드라이버세트",스프링배관청소기,,,,True,,
휴대용 미싱기,success,전지가위,"전지가위, 납볼망치, 공구함, 보안경, 장도리",전지가위,,배터리,,False,,
휴대용 버너,success,목공용드릴비트,"목공용드릴비트, 드릴비트세트, 공구세트, 목공줄, 공구함세트",목공용드릴비트,,,,False,,
휴대용 사다리(3단),success,A형사다리,"A형사다리, 사다리, 다림추, 철판가위, 육각렌치세트",사다리,,,"휴대용, 3단",False,,
휴대용 소음 측정기,success,클램프미터,"클램프미터, 고속절단기, 정밀드라이버세트, SDS드릴비트, 전동압착기",클램프미터,,,,True,,
휴대용공구세트,success,공구함세트,"공구함세트, 공구세트, 전동공구세트, 정밀드라이버세트, 육각렌치세트",공구세트,,,,False,,
휴대용에어펌프,success,에어펌프,"에어펌프, 목공용드릴비트, 철공용드릴비트, 고속절단기, 드릴비트세트",에어펌프,,,,False,,
휴대용유모차,success,정밀드라이버세트,"정밀드라이버세트, 공구함세트, 공구세트, 전동공구세트, 핸드카트",핸드카트,,,,False,,
휴대용육각렌치,success,기어렌치세트,"기어렌치세트, 소켓렌치세트, 전동공구세트, 스패너세트, T렌치세트",소켓렌치세트,,,,False,,
흙손,success,손타카,"손타카, 고지가위, 원형톱, 절단석, 육각렌치",손타카,,,,True,,
힐티기리6mm,success,라쳇렌치세트,"라쳇렌치세트, 볼렌치세트, 소켓렌치세트, 편구스패너, 와이어스트리퍼",라쳇렌치세트,,,6mm,False,,
